customer_id,name,city,state,signup_date,care_plus
C100000,Steven Rathore,Kolkata,WB,2024-04-26,N
C100001,Payal Nair,Nagpur,MH,2024-07-06,N
C100002,Varun Chatterjee,Visakhapatnam,AP,2023-09-10,Y
C100003,Steven Bhatia,Lucknow,UP,2024-02-22,Y
C100004,Tarun Chatterjee,Bengaluru,KA,2023-01-29,N
C100005,Daniel Agarwal,Nagpur,MH,2023-04-05,Y
C100006,Zoya Naidu,Nagpur,MH,2023-07-05,Y
C100007,Krishna Kulkarni,Mumbai,MH,2024-07-08,Y
C100008,Thomas Menon,Dehradun,UK,2024-04-11,N
C100009,Komal Rao,Chandigarh,CH,2024-11-04,N
C100010,Manpreet Mehta,Chennai,TN,2023-06-14,Y
C100011,Kavya Banerjee,Ahmedabad,GJ,2023-03-15,N
C100012,Farah Mishra,Vadodara,GJ,2023-03-05,Y
C100013,Reyansh Qureshi,Thiruvananthapuram,KL,2024-05-14,N
C100014,Nisha Roy,Ahmedabad,GJ,2022-07-18,Y
C100015,Aadhya Mittal,Ahmedabad,GJ,2024-07-06,N
C100016,Imran Goyal,Surat,GJ,2023-08-30,N
C100017,Arjun Desai,Chandigarh,CH,2024-11-09,Y
C100018,Geeta Rathore,Thiruvananthapuram,KL,2024-02-20,Y
C100019,Imran Deshpande,Bhopal,MP,2023-12-30,N
C100020,Zaid Varghese,Bengaluru,KA,2024-10-21,N
C100021,Sukhwinder Arora,Visakhapatnam,AP,2023-10-18,Y
C100022,Isha Mukherjee,Bhopal,MP,2024-06-07,N
C100023,Sneha Gupta,Patna,BR,2024-05-30,Y
C100024,Sai Mathew,Raipur,CG,2023-02-05,N
C100025,Komal Chauhan,Mysuru,KA,2024-05-17,N
C100026,Tenzin Kaur,Delhi,DL,2022-12-06,Y
C100027,Meera Bansal,Guwahati,AS,2022-12-05,N
C100028,Varun Chatterjee,Dehradun,UK,2023-05-25,N
C100029,Imran Das,Hyderabad,TS,2023-03-08,N
C100030,Ritika Fernandes,Mysuru,KA,2023-03-21,N
C100031,Arjun Kumar,Ranchi,JH,2024-05-14,Y
C100032,Lobsang Reddy,Lucknow,UP,2023-01-04,Y
C100033,Jaspreet Qureshi,Jaipur,RJ,2023-05-08,N
C100034,Siddharth Desai,Gurugram,HR,2022-12-20,N
C100035,Reyansh Bansal,Ahmedabad,GJ,2024-12-13,N
C100036,Vihaan Jadhav,Mumbai,MH,2022-08-16,N
C100037,Gurpreet Iyer,Jaipur,RJ,2024-10-23,Y
C100038,Zoya Roy,Thiruvananthapuram,KL,2023-11-05,N
C100039,Payal Sandhu,Surat,GJ,2022-11-17,Y
C100040,Ayaan Bansal,Surat,GJ,2022-11-10,N
C100041,Ankit Singh,Nagpur,MH,2024-09-03,Y
C100042,Yash Iyer,Raipur,CG,2024-10-12,N
C100043,Manish Sen,Surat,GJ,2023-06-08,Y
C100044,Kavya Siddiqui,Nagpur,MH,2024-07-05,N
C100045,Karan Kumar,Ranchi,JH,2023-07-17,Y
C100046,Lobsang Ansari,Noida,UP,2023-07-28,N
C100047,Sneha Mittal,Bhubaneswar,OR,2022-11-12,N
C100048,Kunal Joshi,Guwahati,AS,2024-10-27,N
C100049,Ankit Sethi,Kochi,KL,2024-04-13,N
C100050,Aarav Kumar,Bhopal,MP,2022-12-13,Y
C100051,Kavya Saxena,Raipur,CG,2023-02-01,N
C100052,Rajat Sharma,Kochi,KL,2022-07-18,Y
C100053,Mohammed Mehta,Surat,GJ,2024-10-13,Y
C100054,Krishna Verma,Gurugram,HR,2023-11-03,Y
C100055,Yash Jadhav,Dehradun,UK,2024-09-14,N
C100056,Farah Bansal,Bhopal,MP,2022-08-30,Y
C100057,Divya Mukherjee,Gurugram,HR,2022-10-04,Y
C100058,Tanvi Patel,Vadodara,GJ,2024-08-20,Y
C100059,Kabir Kaur,Bengaluru,KA,2024-11-24,N
C100060,Vihaan Kulkarni,Bhopal,MP,2023-05-24,Y
C100061,Faisal Agarwal,Lucknow,UP,2023-02-18,N
C100062,Dev Tiwari,Kochi,KL,2022-09-07,Y
C100063,Ishaan Kapoor,Delhi,DL,2024-04-30,Y
C100064,Suresh Patel,Chennai,TN,2022-09-04,N
C100065,Suresh Deshpande,Kolkata,WB,2023-10-06,Y
C100066,Thomas Menon,Bhubaneswar,OR,2022-11-01,N
C100067,Manish Shinde,Hyderabad,TS,2024-03-08,N
C100068,Ananya Varghese,Kolkata,WB,2023-07-12,N
C100069,Suresh Rao,Hyderabad,TS,2024-10-07,N
C100070,Payal Reddy,Kolkata,WB,2024-08-21,N
C100071,Deepak Malhotra,Raipur,CG,2024-01-01,N
C100072,Sameer Desai,Dehradun,UK,2022-10-09,N
C100073,Sai Pillai,Bhubaneswar,OR,2023-10-08,N
C100074,Aditya Singh,Patna,BR,2022-12-02,N
C100075,Priya Tiwari,Chennai,TN,2024-07-30,Y
C100076,Riya Reddy,Kochi,KL,2022-09-16,N
C100077,Pranav Rao,Coimbatore,TN,2024-02-16,Y
C100078,Vivaan D'Souza,Gurugram,HR,2023-10-11,Y
C100079,Harsh Singh,Vadodara,GJ,2024-02-04,Y
C100080,Tanvi Rao,Patna,BR,2024-05-09,N
C100081,Abhishek Mittal,Bhopal,MP,2024-07-26,N
C100082,Riya Agarwal,Ranchi,JH,2023-11-03,N
C100083,Nikhil Desai,Patna,BR,2023-06-27,N
C100084,Aishwarya Das,Bhubaneswar,OR,2024-09-18,N
C100085,Isha Dutta,Noida,UP,2022-09-16,Y
C100086,Payal Ansari,Kolkata,WB,2023-06-14,Y
C100087,Ayaan Arora,Patna,BR,2024-09-13,N
C100088,Tanvi Yadav,Vadodara,GJ,2023-11-23,Y
C100089,Farah Gupta,Hyderabad,TS,2024-07-26,N
C100090,Dev Verma,Dehradun,UK,2024-03-29,N
C100091,Aishwarya Roy,Noida,UP,2024-07-14,Y
C100092,Arjun Sheikh,Ranchi,JH,2022-08-17,Y
C100093,Lobsang Chatterjee,Visakhapatnam,AP,2024-02-14,N
C100094,Farah Varghese,Jaipur,RJ,2023-08-20,N
C100095,Farah Agarwal,Pune,MH,2022-09-30,N
C100096,Megha Dhillon,Dehradun,UK,2023-09-13,N
C100097,Faisal Khan,Noida,UP,2023-04-04,Y
C100098,Vivaan Qureshi,Coimbatore,TN,2024-06-02,N
C100099,Sai Gill,Ranchi,JH,2024-02-24,N
C100100,Nikhil Jain,Chennai,TN,2024-10-02,N
C100101,Kabir Gill,Jaipur,RJ,2024-07-31,N
C100102,Mohammed Mehta,Bengaluru,KA,2024-06-23,N
C100103,Manpreet Bhatia,Ahmedabad,GJ,2022-10-15,N
C100104,Geeta Pawar,Kolkata,WB,2024-04-06,Y
C100105,Megha Patil,Ranchi,JH,2024-08-30,N
C100106,Payal Dhillon,Patna,BR,2023-01-31,Y
C100107,Simran Jadhav,Jaipur,RJ,2023-11-19,N
C100108,Lakshmi Reddy,Ranchi,JH,2024-03-21,N
C100109,Yash Mittal,Ranchi,JH,2023-10-08,Y
C100110,Aarav Arora,Kolkata,WB,2022-08-20,N
C100111,Daniel Iyer,Bhopal,MP,2023-06-26,N
C100112,Suresh Jadhav,Hyderabad,TS,2023-03-05,N
C100113,Zaid Siddiqui,Nagpur,MH,2022-12-13,N
C100114,Arjun Pereira,Dehradun,UK,2024-08-17,N
C100115,Shreya Rao,Indore,MP,2023-03-25,N
C100116,Reyansh Jadhav,Indore,MP,2022-07-27,N
C100117,Dev Sen,Gurugram,HR,2023-09-23,N
C100118,Payal Ansari,Ahmedabad,GJ,2022-12-11,Y
C100119,Deepak Singh,Patna,BR,2024-01-03,N
C100120,Swati Gaikwad,Visakhapatnam,AP,2024-06-16,N
C100121,Ishaan Sharma,Hyderabad,TS,2023-12-01,Y
C100122,Om Varghese,Guwahati,AS,2024-04-25,N
C100123,Steven Trivedi,Mysuru,KA,2024-10-07,N
C100124,Geeta Sharma,Indore,MP,2024-03-27,Y
C100125,Ramesh Trivedi,Kochi,KL,2023-05-13,N
C100126,Kunal Pillai,Ahmedabad,GJ,2023-08-01,Y
C100127,Nisha Sandhu,Guwahati,AS,2024-01-09,N
C100128,Diya Dutta,Lucknow,UP,2023-12-05,Y
C100129,Ishaan Bansal,Kochi,KL,2022-09-27,N
C100130,Tanvi Menon,Bhopal,MP,2022-11-01,N
C100131,Krishna Shinde,Lucknow,UP,2024-05-11,N
C100132,Ishaan Khan,Chandigarh,CH,2023-02-15,N
C100133,Sukhwinder Singh,Ranchi,JH,2024-07-11,Y
C100134,Bhavna Shinde,Noida,UP,2024-08-28,N
C100135,Saanvi Mittal,Jaipur,RJ,2024-02-01,N
C100136,Varun Pawar,Vadodara,GJ,2023-03-29,N
C100137,Isha Joshi,Raipur,CG,2023-01-05,Y
C100138,Kavya Mittal,Ranchi,JH,2023-11-07,N
C100139,Tanvi Shinde,Nashik,MH,2024-04-04,Y
C100140,Geeta Singh,Lucknow,UP,2022-08-09,N
C100141,Kunal Chatterjee,Nashik,MH,2024-11-03,N
C100142,Reyansh Banerjee,Chennai,TN,2024-08-02,N
C100143,Mohammed Varghese,Guwahati,AS,2024-10-29,N
C100144,Rajat Khanna,Visakhapatnam,AP,2023-03-24,N
C100145,Om Deshpande,Visakhapatnam,AP,2023-03-04,N
C100146,Reyansh Gaikwad,Raipur,CG,2023-03-29,Y
C100147,Ramesh Desai,Lucknow,UP,2023-04-20,N
C100148,Swati Agarwal,Mysuru,KA,2024-05-30,Y
C100149,Neha Mukherjee,Indore,MP,2024-04-02,Y
C100150,Sai Patil,Delhi,DL,2023-03-15,N
C100151,Sukhwinder Shinde,Chennai,TN,2022-08-14,N
C100152,Komal Bhatt,Ahmedabad,GJ,2024-01-06,Y
C100153,Steven Mishra,Guwahati,AS,2023-06-06,Y
C100154,Aarav Pandey,Vadodara,GJ,2022-10-09,N
C100155,Rajat Shinde,Guwahati,AS,2023-01-30,Y
C100156,Riya Trivedi,Ranchi,JH,2024-01-02,N
C100157,Vivaan Chatterjee,Visakhapatnam,AP,2023-11-25,N
C100158,Rajat Mehta,Bhopal,MP,2023-01-16,N
C100159,Pranav Joshi,Delhi,DL,2024-07-26,Y
C100160,Sneha Gaikwad,Chennai,TN,2024-07-05,N
C100161,Thomas Sethi,Coimbatore,TN,2022-09-30,N
C100162,Dev Yadav,Lucknow,UP,2024-07-02,N
C100163,Jaspreet Rathore,Mumbai,MH,2022-10-15,N
C100164,Gurpreet George,Indore,MP,2024-06-08,N
C100165,Vivaan Naidu,Ranchi,JH,2023-06-17,N
C100166,Megha Dutta,Visakhapatnam,AP,2024-01-22,N
C100167,Lobsang Chatterjee,Mumbai,MH,2023-11-01,N
C100168,Karan Naidu,Nashik,MH,2023-03-16,N
C100169,Pranav Das,Ranchi,JH,2024-10-14,N
C100170,Kunal Varghese,Chandigarh,CH,2024-02-03,N
C100171,Harpreet Mishra,Gurugram,HR,2022-10-05,N
C100172,Vihaan Chatterjee,Kolkata,WB,2023-09-21,Y
C100173,Lakshmi Das,Coimbatore,TN,2024-10-11,N
C100174,Simran Verma,Bhubaneswar,OR,2024-01-12,Y
C100175,Joseph Dhillon,Kolkata,WB,2022-09-08,N
C100176,Deepak Pereira,Hyderabad,TS,2022-07-23,N
C100177,Shreya Jadhav,Visakhapatnam,AP,2022-12-11,Y
C100178,Sai Jadhav,Chandigarh,CH,2023-04-23,N
C100179,Tarun Pawar,Visakhapatnam,AP,2022-09-21,N
C100180,Simran Mukherjee,Jaipur,RJ,2024-01-17,N
C100181,Sunita Jadhav,Thiruvananthapuram,KL,2023-08-03,N
C100182,Divya Khan,Mysuru,KA,2024-05-11,N
C100183,Thomas Agarwal,Guwahati,AS,2023-03-08,N
C100184,Zaid Nair,Bengaluru,KA,2024-04-01,Y
C100185,Abhishek Siddiqui,Chennai,TN,2024-02-04,N
C100186,Abhishek Sen,Lucknow,UP,2024-02-10,Y
C100187,Saanvi Mehta,Nashik,MH,2023-11-06,N
C100188,Rajat Bhatt,Surat,GJ,2023-06-11,Y
C100189,Arjun Sen,Visakhapatnam,AP,2022-11-18,N
C100190,Rajat Verma,Kolkata,WB,2024-08-13,N
C100191,Ankit Pillai,Thiruvananthapuram,KL,2023-02-05,Y
C100192,Vivaan Yadav,Ahmedabad,GJ,2023-02-12,Y
C100193,Manish Chauhan,Guwahati,AS,2024-02-06,N
C100194,Sneha Kumar,Delhi,DL,2023-05-18,Y
C100195,Karan Gill,Nagpur,MH,2023-06-23,N
C100196,Thomas Arora,Chennai,TN,2024-02-04,N
C100197,Payal Roy,Noida,UP,2024-11-08,N
C100198,Saanvi Chopra,Vadodara,GJ,2023-12-01,N
C100199,Manish Menon,Jaipur,RJ,2022-08-11,N
C100200,Ramesh Pandey,Jaipur,RJ,2024-08-29,Y
C100201,Meera Patel,Gurugram,HR,2022-09-20,N
C100202,Kabir Trivedi,Surat,GJ,2024-10-11,N
C100203,Tarun Gupta,Indore,MP,2024-11-21,N
C100204,Sameer Bansal,Surat,GJ,2023-03-13,Y
C100205,Megha Chauhan,Guwahati,AS,2024-02-12,Y
C100206,Imran George,Nagpur,MH,2024-08-11,Y
C100207,Tenzin Kapoor,Lucknow,UP,2024-11-11,N
C100208,Tenzin Menon,Chandigarh,CH,2023-11-08,N
C100209,Ishaan Jadhav,Jaipur,RJ,2022-10-26,Y
C100210,Karan Fernandes,Bengaluru,KA,2022-10-01,N
C100211,Sukhwinder Gill,Patna,BR,2022-10-29,N
C100212,Krishna Mittal,Noida,UP,2024-02-06,Y
C100213,Shreya Pillai,Jaipur,RJ,2023-10-01,Y
C100214,Daniel Chatterjee,Bhopal,MP,2023-10-30,Y
C100215,Joseph Verma,Jaipur,RJ,2023-08-07,N
C100216,Riya Khan,Lucknow,UP,2023-10-30,Y
C100217,Pranav Menon,Gurugram,HR,2023-12-22,N
C100218,Zaid Sharma,Bengaluru,KA,2024-01-17,N
C100219,Arjun Pillai,Nagpur,MH,2023-12-31,N
C100220,Vihaan Arora,Delhi,DL,2024-10-01,N
C100221,Imran Qureshi,Coimbatore,TN,2022-10-19,N
C100222,Geeta Jadhav,Mysuru,KA,2023-06-01,Y
C100223,Om Khanna,Pune,MH,2023-10-30,N
C100224,Nisha Jain,Guwahati,AS,2023-04-08,Y
C100225,Arjun Ansari,Delhi,DL,2023-02-28,N
C100226,Nisha Fernandes,Bhubaneswar,OR,2024-04-15,Y
C100227,Varun Sheikh,Bhubaneswar,OR,2024-01-05,N
C100228,Ankit Dhillon,Thiruvananthapuram,KL,2024-04-18,N
C100229,Bhavna Gaikwad,Indore,MP,2023-05-31,Y
C100230,Reyansh Khan,Nagpur,MH,2023-02-17,Y
C100231,Ayaan Ansari,Ranchi,JH,2023-04-08,N
C100232,Sukhwinder Kulkarni,Noida,UP,2023-04-19,N
C100233,Rajat Deshpande,Indore,MP,2024-08-31,N
C100234,Simran Iyer,Indore,MP,2022-07-26,Y
C100235,Ritika Patil,Jaipur,RJ,2023-07-05,Y
C100236,Kavya Tiwari,Ahmedabad,GJ,2023-07-31,Y
C100237,Vikram Siddiqui,Kolkata,WB,2024-09-14,N
C100238,Ankit Malhotra,Kolkata,WB,2024-07-12,Y
C100239,Priya Ghosh,Pune,MH,2023-04-06,N
C100240,Sneha Mehta,Bengaluru,KA,2024-05-26,Y
C100241,Swati Dhillon,Dehradun,UK,2023-12-27,N
C100242,Megha Arora,Noida,UP,2024-12-20,N
C100243,Farah Trivedi,Hyderabad,TS,2023-08-26,N
C100244,Gurpreet Mishra,Patna,BR,2024-05-03,N
C100245,Joseph Srivastava,Delhi,DL,2022-07-16,N
C100246,Tanvi Khan,Kochi,KL,2023-07-23,Y
C100247,Kavya Sethi,Ranchi,JH,2024-08-04,N
C100248,Ankit Kaur,Bhopal,MP,2024-01-12,Y
C100249,Tanvi Kapoor,Vadodara,GJ,2024-08-30,Y
C100250,Sneha Naidu,Patna,BR,2023-05-15,Y
C100251,Megha Gupta,Noida,UP,2023-01-04,N
C100252,Rajat Kapoor,Thiruvananthapuram,KL,2024-02-27,Y
C100253,Riya Jain,Guwahati,AS,2024-11-30,N
C100254,Swati Deshpande,Surat,GJ,2023-10-26,N
C100255,Tenzin George,Visakhapatnam,AP,2024-11-12,N
C100256,Steven Kapoor,Delhi,DL,2023-06-19,Y
C100257,Manpreet Menon,Thiruvananthapuram,KL,2023-04-15,N
C100258,Ankit Sharma,Lucknow,UP,2023-03-09,N
C100259,Zoya Joshi,Chandigarh,CH,2022-10-29,N
C100260,Sai Fernandes,Chennai,TN,2024-04-23,N
C100261,Rahul Srivastava,Lucknow,UP,2024-10-18,N
C100262,Kabir Pereira,Pune,MH,2023-07-01,N
C100263,Manish Mishra,Indore,MP,2023-06-24,N
C100264,Reyansh Patil,Pune,MH,2024-01-26,N
C100265,Deepak Reddy,Ahmedabad,GJ,2023-08-30,Y
C100266,Sukhwinder Saxena,Bhubaneswar,OR,2024-09-21,N
C100267,Komal Siddiqui,Jaipur,RJ,2023-04-03,Y
C100268,Divya Rathore,Surat,GJ,2023-11-16,N
C100269,Divya Srivastava,Jaipur,RJ,2023-07-10,N
C100270,Karan Mukherjee,Delhi,DL,2022-09-29,N
C100271,Harsh Siddiqui,Thiruvananthapuram,KL,2024-09-10,N
C100272,Siddharth Yadav,Patna,BR,2024-08-11,N
C100273,Joseph Bhatt,Hyderabad,TS,2023-03-22,N
C100274,Imran Srivastava,Vadodara,GJ,2022-09-26,N
C100275,Rajat Arora,Chennai,TN,2022-11-05,Y
C100276,Deepak Rao,Jaipur,RJ,2023-05-10,Y
C100277,Diya Kaur,Hyderabad,TS,2022-12-10,N
C100278,Arjun Agarwal,Bhopal,MP,2024-05-24,N
C100279,Diya Patil,Guwahati,AS,2024-01-24,N
C100280,Lobsang Mehta,Delhi,DL,2023-02-07,N
C100281,Payal Bhatia,Nagpur,MH,2023-04-21,Y
C100282,Imran Patel,Mumbai,MH,2024-11-06,N
C100283,Simran Khanna,Nagpur,MH,2023-10-19,N
C100284,Lobsang Gill,Raipur,CG,2024-07-14,N
C100285,Kavya Khanna,Noida,UP,2024-09-29,N
C100286,Yash D'Souza,Jaipur,RJ,2023-10-11,Y
C100287,Harpreet Patel,Delhi,DL,2024-12-06,Y
C100288,Jaspreet Menon,Hyderabad,TS,2023-01-14,N
C100289,Lobsang Verma,Gurugram,HR,2022-12-09,N
C100290,Ritika Sethi,Patna,BR,2022-11-08,N
C100291,Kavya Desai,Ahmedabad,GJ,2024-01-10,N
C100292,Suresh Chopra,Kolkata,WB,2024-10-04,N
C100293,Diya Ansari,Bhopal,MP,2022-09-13,Y
C100294,Aditya Rao,Vadodara,GJ,2023-07-04,N
C100295,Neha Goyal,Nashik,MH,2024-11-10,Y
C100296,Siddharth Nair,Noida,UP,2022-07-26,N
C100297,Priya Verma,Patna,BR,2024-06-19,Y
C100298,Komal Pawar,Nashik,MH,2023-04-18,N
C100299,Rohit Menon,Raipur,CG,2023-09-05,N
C100300,Payal Chatterjee,Nagpur,MH,2023-09-04,Y
C100301,Pranav Yadav,Ranchi,JH,2023-12-29,Y
C100302,Rohit Pereira,Ahmedabad,GJ,2023-06-11,N
C100303,Jaspreet Pandey,Guwahati,AS,2024-08-20,N
C100304,Tenzin D'Souza,Kolkata,WB,2024-07-12,Y
C100305,Swati Jain,Nashik,MH,2022-07-16,N
C100306,Divya Reddy,Bhubaneswar,OR,2024-07-03,N
C100307,Dev Khan,Bengaluru,KA,2023-10-19,N
C100308,Aadhya Sheikh,Nagpur,MH,2024-05-19,N
C100309,Ayaan Yadav,Mysuru,KA,2023-03-30,N
C100310,Vivaan Varghese,Visakhapatnam,AP,2023-12-19,N
C100311,Reyansh Arora,Jaipur,RJ,2023-10-14,Y
C100312,Pranav D'Souza,Ranchi,JH,2024-12-17,N
C100313,Abhishek Shah,Thiruvananthapuram,KL,2023-01-10,N
C100314,Aditya Desai,Surat,GJ,2024-09-14,N
C100315,Om Malhotra,Ahmedabad,GJ,2024-09-03,Y
C100316,Tarun Khan,Jaipur,RJ,2024-05-29,N
C100317,Nikhil Khan,Chandigarh,CH,2023-10-16,N
C100318,Isha Nair,Patna,BR,2023-12-24,Y
C100319,Vivaan Chatterjee,Jaipur,RJ,2023-05-22,N
C100320,Rajat Gill,Kolkata,WB,2022-10-24,Y
C100321,Suresh Roy,Patna,BR,2024-10-14,N
C100322,Rajat Bhatia,Delhi,DL,2022-11-18,N
C100323,Sameer Shah,Patna,BR,2023-07-27,Y
C100324,Gurpreet Pandey,Kolkata,WB,2024-01-27,Y
C100325,Ramesh Deshpande,Kolkata,WB,2023-03-07,N
C100326,Komal Mukherjee,Ahmedabad,GJ,2024-11-17,N
C100327,Krishna Mittal,Kolkata,WB,2022-12-28,N
C100328,Yash Shah,Chennai,TN,2023-11-24,N
C100329,Rajat Malhotra,Surat,GJ,2024-05-09,N
C100330,Karan Varghese,Pune,MH,2024-09-02,Y
C100331,Kunal Reddy,Mysuru,KA,2022-11-05,Y
C100332,Ishaan Trivedi,Pune,MH,2022-12-10,N
C100333,Zaid Kaur,Guwahati,AS,2024-03-22,N
C100334,Ankit Shinde,Patna,BR,2024-03-12,N
C100335,Abhishek Desai,Hyderabad,TS,2024-06-30,Y
C100336,Reyansh Pereira,Bengaluru,KA,2024-08-16,N
C100337,Aishwarya Kaur,Pune,MH,2024-04-26,N
C100338,Tanvi D'Souza,Vadodara,GJ,2023-03-22,Y
C100339,Rajat Bhatt,Guwahati,AS,2022-12-19,Y
C100340,Dev Mehta,Surat,GJ,2023-05-16,N
C100341,Megha Shinde,Jaipur,RJ,2023-05-23,N
C100342,Steven Menon,Ahmedabad,GJ,2023-03-06,Y
C100343,Vikram Iyer,Bengaluru,KA,2023-09-23,Y
C100344,Amit Patel,Jaipur,RJ,2023-05-27,N
C100345,Rohit Iyer,Nagpur,MH,2024-10-12,Y
C100346,Tenzin Patil,Dehradun,UK,2024-10-23,Y
C100347,Vikram Ghosh,Bhopal,MP,2024-02-28,N
C100348,Ritika Khan,Thiruvananthapuram,KL,2022-09-15,N
C100349,Abhishek Sethi,Kolkata,WB,2023-10-18,N
C100350,Nisha Kaur,Nagpur,MH,2024-11-27,Y
C100351,Imran Gill,Surat,GJ,2024-07-28,N
C100352,Rajat Deshpande,Jaipur,RJ,2023-06-09,N
C100353,Pooja George,Raipur,CG,2024-09-01,N
C100354,Ramesh George,Pune,MH,2024-10-22,N
C100355,Daniel Naidu,Delhi,DL,2024-12-01,Y
C100356,Manpreet Sandhu,Ahmedabad,GJ,2023-05-31,N
C100357,Sunita Yadav,Kolkata,WB,2022-12-04,Y
C100358,Simran Bose,Patna,BR,2024-11-29,Y
C100359,Kavya Yadav,Indore,MP,2024-09-08,N
C100360,Farah Fernandes,Surat,GJ,2023-01-07,N
C100361,Reyansh Dhillon,Ahmedabad,GJ,2022-11-19,N
C100362,Aadhya Bhatt,Chandigarh,CH,2023-03-03,Y
C100363,Shreya Deshpande,Bhubaneswar,OR,2024-02-02,N
C100364,Farah Srivastava,Noida,UP,2023-01-12,N
C100365,Riya Tiwari,Ahmedabad,GJ,2024-09-02,N
C100366,Harpreet Agarwal,Patna,BR,2023-05-26,Y
C100367,Zoya Patil,Noida,UP,2023-07-25,N
C100368,Zoya Banerjee,Mysuru,KA,2023-06-02,Y
C100369,Nikhil Bansal,Bhopal,MP,2024-04-24,N
C100370,Farah Sharma,Surat,GJ,2023-01-26,Y
C100371,Ananya Ghosh,Gurugram,HR,2023-12-16,Y
C100372,Jaspreet Malhotra,Ahmedabad,GJ,2023-05-14,Y
C100373,Deepak Gaikwad,Visakhapatnam,AP,2024-07-22,N
C100374,Sameer Malhotra,Chandigarh,CH,2024-05-05,Y
C100375,Krishna Shinde,Mysuru,KA,2024-09-12,N
C100376,Ayaan Iyer,Jaipur,RJ,2022-10-28,N
C100377,Ritika Sharma,Nagpur,MH,2024-10-10,N
C100378,Aditya Chauhan,Jaipur,RJ,2023-09-12,N
C100379,Vivaan Khanna,Pune,MH,2023-04-23,Y
C100380,Amit Dhillon,Coimbatore,TN,2023-04-24,N
C100381,Deepak Kapoor,Chandigarh,CH,2024-05-06,N
C100382,Om Kulkarni,Coimbatore,TN,2022-10-13,N
C100383,Nikhil Dutta,Chennai,TN,2024-05-06,N
C100384,Jaspreet Gupta,Visakhapatnam,AP,2024-11-17,N
C100385,Mohammed Siddiqui,Hyderabad,TS,2023-01-18,N
C100386,Pooja Mittal,Patna,BR,2023-06-07,Y
C100387,Isha Mathew,Vadodara,GJ,2023-09-04,Y
C100388,Jaspreet Kaur,Ahmedabad,GJ,2024-07-15,N
C100389,Aarav Mittal,Mumbai,MH,2024-04-03,N
C100390,Megha Jadhav,Thiruvananthapuram,KL,2022-11-18,Y
C100391,Swati Banerjee,Gurugram,HR,2023-07-09,N
C100392,Imran Yadav,Pune,MH,2023-12-18,N
C100393,Gurpreet Deshpande,Vadodara,GJ,2022-07-23,N
C100394,Sai Bose,Surat,GJ,2022-10-15,Y
C100395,Pooja Ansari,Patna,BR,2022-07-21,N
C100396,Steven Pandey,Bengaluru,KA,2023-03-03,N
C100397,Lakshmi Rao,Patna,BR,2024-08-15,N
C100398,Sukhwinder Iyer,Patna,BR,2024-08-05,Y
C100399,Sukhwinder Mathew,Chandigarh,CH,2024-09-20,Y
C100400,Reyansh Dhillon,Gurugram,HR,2024-05-21,N
C100401,Ayaan Kulkarni,Guwahati,AS,2023-07-08,N
C100402,Manish Bhatia,Thiruvananthapuram,KL,2024-07-03,N
C100403,Aditya Bhatt,Noida,UP,2023-02-06,N
C100404,Aditya Rathore,Bhopal,MP,2023-02-10,Y
C100405,Sukhwinder Naidu,Gurugram,HR,2024-08-31,N
C100406,Bhavna Tiwari,Guwahati,AS,2023-02-25,N
C100407,Harpreet Gaikwad,Noida,UP,2023-11-03,N
C100408,Harsh Shah,Thiruvananthapuram,KL,2024-10-16,Y
C100409,Thomas Roy,Chennai,TN,2022-08-05,N
C100410,Simran Siddiqui,Chandigarh,CH,2023-01-14,N
C100411,Yash Shinde,Bengaluru,KA,2023-04-25,N
C100412,Suresh Sethi,Noida,UP,2023-07-13,N
C100413,Joseph Pereira,Gurugram,HR,2023-12-11,N
C100414,Priya Iyer,Ranchi,JH,2024-02-13,N
C100415,Karan Iyer,Kolkata,WB,2024-06-19,Y
C100416,Om Chauhan,Noida,UP,2023-10-21,N
C100417,Pooja Deshpande,Hyderabad,TS,2022-08-21,N
C100418,Shreya Pillai,Indore,MP,2022-11-30,Y
C100419,Swati Joshi,Gurugram,HR,2023-01-01,Y
C100420,Sukhwinder Agarwal,Mumbai,MH,2024-04-12,Y
C100421,Faisal Malhotra,Bhopal,MP,2022-08-27,N
C100422,Megha Sandhu,Jaipur,RJ,2022-12-14,Y
C100423,Sunita D'Souza,Guwahati,AS,2023-07-06,N
C100424,Simran Siddiqui,Mysuru,KA,2022-11-20,Y
C100425,Zaid Naidu,Hyderabad,TS,2023-11-08,Y
C100426,Jaspreet Bansal,Vadodara,GJ,2023-03-05,Y
C100427,Farah Kulkarni,Kolkata,WB,2023-07-09,Y
C100428,Rohit Chopra,Chennai,TN,2024-10-30,Y
C100429,Anjali Iyer,Raipur,CG,2023-04-19,Y
C100430,Ritika Pawar,Jaipur,RJ,2024-06-20,Y
C100431,Aditya Mittal,Bengaluru,KA,2023-09-15,N
C100432,Megha Gaikwad,Mumbai,MH,2024-12-13,Y
C100433,Payal Chauhan,Coimbatore,TN,2024-09-22,N
C100434,Divya Ghosh,Lucknow,UP,2023-05-27,N
C100435,Anjali Patil,Dehradun,UK,2022-12-28,N
C100436,Zoya Sheikh,Dehradun,UK,2023-02-18,N
C100437,Aadhya Kulkarni,Kolkata,WB,2024-07-30,Y
C100438,Sukhwinder Varghese,Raipur,CG,2023-09-29,N
C100439,Tenzin Bhatt,Lucknow,UP,2024-08-07,N
C100440,Ananya Pillai,Vadodara,GJ,2023-08-07,Y
C100441,Lobsang Mehta,Guwahati,AS,2024-02-25,N
C100442,Sunita Menon,Kochi,KL,2022-11-15,Y
C100443,Daniel Joshi,Nashik,MH,2023-05-25,N
C100444,Ananya Gupta,Nagpur,MH,2024-07-16,Y
C100445,Gurpreet Varghese,Ranchi,JH,2022-11-20,N
C100446,Swati Chatterjee,Dehradun,UK,2024-07-15,Y
C100447,Sunita Sharma,Hyderabad,TS,2024-07-28,Y
C100448,Vihaan Verma,Bhubaneswar,OR,2023-03-14,N
C100449,Lobsang Dhillon,Pune,MH,2024-03-23,N
C100450,Mohammed Nair,Vadodara,GJ,2023-06-30,N
C100451,Siddharth Kumar,Kolkata,WB,2024-03-06,N
C100452,Kunal Rao,Mumbai,MH,2024-10-30,N
C100453,Aadhya Bhatia,Lucknow,UP,2024-03-22,Y
C100454,Neha Yadav,Kolkata,WB,2024-12-23,N
C100455,Mohammed Mishra,Hyderabad,TS,2023-07-22,N
C100456,Sameer Jadhav,Vadodara,GJ,2022-08-21,Y
C100457,Mohammed Rathore,Noida,UP,2023-04-12,N
C100458,Kunal Pandey,Surat,GJ,2024-08-22,N
C100459,Jaspreet Siddiqui,Nashik,MH,2023-09-21,Y
C100460,Anjali Mukherjee,Mysuru,KA,2023-10-27,Y
C100461,Tarun Kumar,Mumbai,MH,2022-12-07,Y
C100462,Neha Yadav,Guwahati,AS,2024-02-12,N
C100463,Pooja Kumar,Nashik,MH,2023-07-09,N
C100464,Mohammed Joshi,Chennai,TN,2023-05-27,Y
C100465,Anjali Yadav,Delhi,DL,2023-11-16,Y
C100466,Ayaan Banerjee,Delhi,DL,2024-10-21,N
C100467,Lakshmi Mittal,Indore,MP,2022-10-29,N
C100468,Sunita Gill,Kochi,KL,2022-08-21,Y
C100469,Geeta D'Souza,Kochi,KL,2024-12-13,Y
C100470,Vikram Rathore,Mumbai,MH,2024-09-23,Y
C100471,Mohammed Srivastava,Raipur,CG,2024-01-02,N
C100472,Sai Tiwari,Patna,BR,2023-02-12,N
C100473,Payal Iyer,Lucknow,UP,2023-11-06,N
C100474,Daniel Joshi,Dehradun,UK,2023-04-06,Y
C100475,Aditya Sen,Ahmedabad,GJ,2024-12-09,N
C100476,Kunal Jain,Gurugram,HR,2024-01-28,N
C100477,Jaspreet Sheikh,Chennai,TN,2024-09-22,N
C100478,Tanvi Goyal,Mysuru,KA,2024-03-02,Y
C100479,Vihaan Sen,Thiruvananthapuram,KL,2023-03-30,N
C100480,Tarun Mukherjee,Bhubaneswar,OR,2023-06-17,N
C100481,Anjali Sharma,Visakhapatnam,AP,2022-11-22,Y
C100482,Sneha Sen,Dehradun,UK,2023-10-13,Y
C100483,Om Srivastava,Delhi,DL,2023-01-18,Y
C100484,Imran Fernandes,Mumbai,MH,2024-08-10,N
C100485,Ishaan Chatterjee,Bengaluru,KA,2023-12-18,N
C100486,Kabir Bansal,Chandigarh,CH,2024-03-26,N
C100487,Tenzin Pereira,Ahmedabad,GJ,2024-12-09,N
C100488,Tarun Pawar,Chennai,TN,2023-04-28,N
C100489,Harpreet Mathew,Coimbatore,TN,2024-01-22,Y
C100490,Sneha Sethi,Gurugram,HR,2024-04-11,N
C100491,Komal Kaur,Nashik,MH,2023-11-28,N
C100492,Lobsang Sethi,Chandigarh,CH,2023-05-14,N
C100493,Shreya Singh,Gurugram,HR,2023-05-12,Y
C100494,Daniel Varghese,Bhubaneswar,OR,2022-11-17,Y
C100495,Daniel Ansari,Coimbatore,TN,2024-10-28,N
C100496,Steven Malhotra,Raipur,CG,2024-06-06,N
C100497,Karan Ghosh,Nagpur,MH,2023-07-21,N
C100498,Steven Dutta,Vadodara,GJ,2024-03-12,Y
C100499,Deepak Rathore,Kolkata,WB,2024-05-31,Y
C100500,Megha Yadav,Dehradun,UK,2024-10-11,N
C100501,Bhavna Tiwari,Bhubaneswar,OR,2024-12-22,N
C100502,Meera Reddy,Thiruvananthapuram,KL,2023-07-10,N
C100503,Harsh Yadav,Nashik,MH,2023-08-22,Y
C100504,Ayaan Joshi,Hyderabad,TS,2023-12-08,N
C100505,Arjun Banerjee,Guwahati,AS,2023-01-13,N
C100506,Arjun Joshi,Kochi,KL,2024-01-31,N
C100507,Sukhwinder Pillai,Noida,UP,2022-11-08,N
C100508,Ankit Mishra,Lucknow,UP,2022-12-12,N
C100509,Ramesh Jadhav,Ranchi,JH,2023-11-07,N
C100510,Varun Bansal,Chandigarh,CH,2023-12-11,Y
C100511,Tarun Mukherjee,Delhi,DL,2022-09-06,N
C100512,Vihaan Goyal,Guwahati,AS,2024-11-11,N
C100513,Tarun Roy,Mumbai,MH,2023-06-08,N
C100514,Harsh Agarwal,Bengaluru,KA,2022-07-20,Y
C100515,Reyansh Srivastava,Raipur,CG,2024-09-19,Y
C100516,Divya Siddiqui,Bhopal,MP,2023-01-01,Y
C100517,Siddharth Reddy,Nashik,MH,2023-11-20,N
C100518,Krishna Dhillon,Chennai,TN,2022-08-06,N
C100519,Yash Patel,Ranchi,JH,2024-03-26,Y
C100520,Anjali Pillai,Mysuru,KA,2024-02-23,Y
C100521,Saanvi Deshpande,Raipur,CG,2022-09-19,N
C100522,Nikhil Kapoor,Chennai,TN,2024-05-23,N
C100523,Manish Mathew,Ranchi,JH,2022-10-18,Y
C100524,Lobsang Das,Noida,UP,2023-07-27,N
C100525,Jaspreet Qureshi,Dehradun,UK,2022-12-07,Y
C100526,Rohit Arora,Ranchi,JH,2024-06-12,Y
C100527,Varun Patel,Bhubaneswar,OR,2023-06-30,N
C100528,Amit Shah,Surat,GJ,2024-05-27,N
C100529,Aditya Tiwari,Chennai,TN,2023-07-25,Y
C100530,Gurpreet Desai,Hyderabad,TS,2023-09-12,Y
C100531,Yash Patel,Hyderabad,TS,2022-08-17,N
C100532,Manish George,Ranchi,JH,2023-01-02,N
C100533,Siddharth Sharma,Surat,GJ,2024-01-12,N
C100534,Dev Srivastava,Surat,GJ,2024-12-06,Y
C100535,Zoya Desai,Nagpur,MH,2024-05-01,Y
C100536,Thomas Trivedi,Ranchi,JH,2023-08-07,N
C100537,Zaid Khan,Raipur,CG,2024-11-02,Y
C100538,Saanvi Chatterjee,Bhopal,MP,2024-06-07,N
C100539,Sunita Arora,Raipur,CG,2023-08-12,N
C100540,Siddharth Shinde,Bengaluru,KA,2024-08-18,N
C100541,Manish George,Delhi,DL,2024-02-01,Y
C100542,Meera Verma,Thiruvananthapuram,KL,2024-01-14,Y
C100543,Siddharth Trivedi,Indore,MP,2024-07-12,Y
C100544,Mohammed Saxena,Patna,BR,2024-03-02,Y
C100545,Payal Khanna,Bhopal,MP,2024-10-21,Y
C100546,Faisal Mittal,Kochi,KL,2023-07-05,Y
C100547,Daniel Rathore,Lucknow,UP,2023-07-18,Y
C100548,Ananya Tiwari,Bengaluru,KA,2024-01-06,N
C100549,Karan Qureshi,Indore,MP,2023-01-07,N
C100550,Varun Malhotra,Coimbatore,TN,2023-01-31,N
C100551,Daniel Deshpande,Kolkata,WB,2023-06-18,N
C100552,Amit Ansari,Dehradun,UK,2023-09-15,N
C100553,Payal Rathore,Coimbatore,TN,2023-09-19,N
C100554,Megha Banerjee,Ranchi,JH,2023-11-14,N
C100555,Vivaan Tiwari,Bhopal,MP,2023-07-30,N
C100556,Reyansh Mathew,Hyderabad,TS,2024-05-25,N
C100557,Sukhwinder Mehta,Bhubaneswar,OR,2024-11-04,N
C100558,Thomas Iyer,Vadodara,GJ,2023-10-27,N
C100559,Rohan Mathew,Ahmedabad,GJ,2024-07-04,Y
C100560,Nikhil Roy,Hyderabad,TS,2022-09-09,N
C100561,Isha Bhatt,Kochi,KL,2023-03-06,N
C100562,Varun Pandey,Bengaluru,KA,2022-12-13,Y
C100563,Ayaan Goyal,Thiruvananthapuram,KL,2022-12-28,N
C100564,Imran Kapoor,Surat,GJ,2023-09-25,Y
C100565,Diya Naidu,Guwahati,AS,2024-03-12,N
C100566,Rohan Chopra,Kolkata,WB,2024-05-04,N
C100567,Harpreet Sharma,Kolkata,WB,2023-11-14,N
C100568,Sai Malhotra,Kochi,KL,2023-12-07,Y
C100569,Ishaan Chopra,Mysuru,KA,2023-01-13,N
C100570,Sukhwinder Das,Dehradun,UK,2023-08-11,N
C100571,Dev Kumar,Kolkata,WB,2024-02-10,N
C100572,Nisha Dhillon,Delhi,DL,2023-12-04,N
C100573,Sunita Joshi,Kochi,KL,2024-03-13,N
C100574,Geeta Nair,Bengaluru,KA,2024-02-05,Y
C100575,Geeta Khan,Coimbatore,TN,2022-07-29,Y
C100576,Rajat Nair,Dehradun,UK,2023-03-02,Y
C100577,Tenzin Patil,Lucknow,UP,2023-01-27,N
C100578,Lobsang Naidu,Indore,MP,2024-01-01,N
C100579,Zoya Desai,Nashik,MH,2023-07-11,N
C100580,Aditya Gupta,Kolkata,WB,2023-07-17,N
C100581,Gurpreet Rathore,Bhopal,MP,2024-11-26,N
C100582,Kavya Fernandes,Nashik,MH,2022-10-11,Y
C100583,Ayaan Verma,Coimbatore,TN,2022-10-14,Y
C100584,Ramesh Shah,Indore,MP,2023-04-10,N
C100585,Tenzin Sheikh,Indore,MP,2023-09-16,N
C100586,Kabir Khanna,Hyderabad,TS,2023-07-13,N
C100587,Rahul Bhatia,Raipur,CG,2023-07-01,N
C100588,Deepak Dutta,Delhi,DL,2024-03-07,Y
C100589,Daniel Jadhav,Nashik,MH,2022-12-29,N
C100590,Daniel Shinde,Chandigarh,CH,2024-01-12,N
C100591,Zaid Kaur,Kolkata,WB,2024-06-03,N
C100592,Anjali Bose,Pune,MH,2024-11-29,N
C100593,Pranav Nair,Chennai,TN,2023-11-05,N
C100594,Neha Gill,Hyderabad,TS,2023-03-28,N
C100595,Vikram Menon,Thiruvananthapuram,KL,2024-12-28,Y
C100596,Tanvi Varghese,Surat,GJ,2024-03-16,Y
C100597,Farah Kulkarni,Nagpur,MH,2023-07-21,Y
C100598,Saanvi Jadhav,Vadodara,GJ,2024-04-23,Y
C100599,Lobsang Pillai,Lucknow,UP,2023-02-20,N
C100600,Sukhwinder Tiwari,Mysuru,KA,2024-04-20,N
C100601,Bhavna Das,Nashik,MH,2023-09-08,Y
C100602,Sukhwinder Bhatt,Surat,GJ,2024-07-23,Y
C100603,Ayaan Patil,Hyderabad,TS,2023-06-15,N
C100604,Bhavna Mehta,Dehradun,UK,2024-10-01,Y
C100605,Saanvi Patil,Dehradun,UK,2024-05-07,Y
C100606,Aadhya Trivedi,Lucknow,UP,2022-11-24,N
C100607,Harpreet Banerjee,Nagpur,MH,2024-01-02,N
C100608,Dev Malhotra,Mumbai,MH,2023-06-11,N
C100609,Manpreet Pawar,Guwahati,AS,2024-04-15,N
C100610,Farah Chatterjee,Chennai,TN,2024-01-03,Y
C100611,Meera Desai,Pune,MH,2024-05-01,Y
C100612,Krishna Dhillon,Bengaluru,KA,2024-02-28,N
C100613,Steven Chopra,Raipur,CG,2024-08-08,N
C100614,Anjali Bhatia,Visakhapatnam,AP,2023-03-02,N
C100615,Rajat Bhatia,Chennai,TN,2022-11-15,N
C100616,Varun Goyal,Jaipur,RJ,2023-04-18,Y
C100617,Vivaan Patil,Mysuru,KA,2024-05-14,N
C100618,Ramesh Pereira,Kolkata,WB,2023-07-14,Y
C100619,Diya Arora,Bhopal,MP,2023-07-15,Y
C100620,Rajat Jain,Nagpur,MH,2024-01-23,N
C100621,Sai Kulkarni,Vadodara,GJ,2022-10-25,Y
C100622,Steven Ansari,Jaipur,RJ,2024-07-02,N
C100623,Arjun Mathew,Bengaluru,KA,2024-08-14,N
C100624,Swati Mittal,Indore,MP,2024-05-21,Y
C100625,Nisha Siddiqui,Jaipur,RJ,2023-09-26,N
C100626,Saanvi Bhatia,Jaipur,RJ,2023-09-23,N
C100627,Geeta Naidu,Kochi,KL,2023-04-09,N
C100628,Rohit Sethi,Gurugram,HR,2023-01-09,Y
C100629,Sameer Das,Mysuru,KA,2022-07-20,N
C100630,Kavya Banerjee,Surat,GJ,2024-11-11,N
C100631,Bhavna Khanna,Noida,UP,2024-07-06,Y
C100632,Imran Singh,Ranchi,JH,2024-12-14,N
C100633,Pooja Arora,Bhopal,MP,2023-04-17,N
C100634,Suresh Kulkarni,Ranchi,JH,2022-09-11,Y
C100635,Ayaan Chatterjee,Jaipur,RJ,2023-09-26,Y
C100636,Sameer Khan,Kochi,KL,2022-10-20,N
C100637,Siddharth Siddiqui,Guwahati,AS,2023-05-29,Y
C100638,Saanvi Banerjee,Guwahati,AS,2024-11-29,N
C100639,Meera Pillai,Dehradun,UK,2024-11-28,N
C100640,Mohammed Khan,Bengaluru,KA,2022-09-25,N
C100641,Vihaan Siddiqui,Indore,MP,2024-09-04,Y
C100642,Priya Das,Mysuru,KA,2024-09-02,N
C100643,Zaid Bhatia,Chennai,TN,2023-05-23,Y
C100644,Aishwarya Sharma,Patna,BR,2024-07-10,Y
C100645,Zoya Dutta,Mumbai,MH,2022-10-28,N
C100646,Rohan Ansari,Pune,MH,2024-10-09,N
C100647,Lobsang Verma,Hyderabad,TS,2024-04-22,N
C100648,Lakshmi Bose,Vadodara,GJ,2023-06-18,N
C100649,Siddharth Iyer,Bengaluru,KA,2022-09-01,N
C100650,Tenzin Mishra,Delhi,DL,2023-05-30,N
C100651,Yash Pawar,Lucknow,UP,2023-05-30,Y
C100652,Tarun Bhatia,Chennai,TN,2022-11-24,Y
C100653,Ankit Yadav,Kolkata,WB,2023-06-06,Y
C100654,Ramesh Srivastava,Coimbatore,TN,2023-11-19,Y
C100655,Arjun Patil,Bhopal,MP,2023-10-20,N
C100656,Om Mathew,Indore,MP,2023-02-17,Y
C100657,Karan Bansal,Gurugram,HR,2023-01-23,Y
C100658,Tenzin Jadhav,Vadodara,GJ,2023-03-10,Y
C100659,Aarav Bose,Ranchi,JH,2022-12-20,N
C100660,Tanvi Pandey,Coimbatore,TN,2024-04-22,N
C100661,Riya Goyal,Pune,MH,2023-06-17,N
C100662,Ishaan Reddy,Mysuru,KA,2024-04-08,N
C100663,Nikhil Bhatt,Thiruvananthapuram,KL,2024-09-11,N
C100664,Ishaan Nair,Kolkata,WB,2023-07-24,N
C100665,Vihaan Bhatt,Visakhapatnam,AP,2024-12-26,Y
C100666,Joseph Sharma,Chandigarh,CH,2023-08-24,N
C100667,Suresh Patil,Thiruvananthapuram,KL,2024-10-04,Y
C100668,Farah Bhatt,Nashik,MH,2024-02-02,Y
C100669,Reyansh Naidu,Ahmedabad,GJ,2022-08-04,N
C100670,Aarav Trivedi,Kolkata,WB,2024-08-27,N
C100671,Tenzin Singh,Gurugram,HR,2023-02-18,N
C100672,Ishaan Iyer,Guwahati,AS,2024-11-14,N
C100673,Ishaan Sethi,Thiruvananthapuram,KL,2024-07-30,N
C100674,Diya Pillai,Delhi,DL,2022-09-09,N
C100675,Lobsang Saxena,Thiruvananthapuram,KL,2022-10-09,Y
C100676,Komal Chopra,Mumbai,MH,2023-09-27,N
C100677,Daniel Sandhu,Dehradun,UK,2024-02-15,N
C100678,Geeta Sharma,Coimbatore,TN,2024-10-22,N
C100679,Simran Patel,Lucknow,UP,2024-09-13,N
C100680,Gurpreet Nair,Bhubaneswar,OR,2022-11-08,N
C100681,Sameer Agarwal,Kochi,KL,2023-12-27,Y
C100682,Rohan Shah,Dehradun,UK,2023-12-24,N
C100683,Isha Tiwari,Patna,BR,2023-04-08,Y
C100684,Vivaan Bhatt,Visakhapatnam,AP,2023-04-26,Y
C100685,Vivaan Gaikwad,Bengaluru,KA,2024-07-12,N
C100686,Nisha Iyer,Bhubaneswar,OR,2024-09-09,N
C100687,Kunal Bose,Raipur,CG,2024-06-30,N
C100688,Tenzin Mishra,Mumbai,MH,2023-05-29,Y
C100689,Riya Khanna,Nagpur,MH,2022-10-02,N
C100690,Rohit Bhatia,Ranchi,JH,2024-08-31,N
C100691,Yash Khanna,Mysuru,KA,2022-08-12,N
C100692,Yash Khan,Thiruvananthapuram,KL,2024-12-15,N
C100693,Anjali Singh,Chandigarh,CH,2024-11-30,Y
C100694,Riya Nair,Ranchi,JH,2023-06-01,N
C100695,Rahul Chatterjee,Patna,BR,2024-05-01,N
C100696,Aadhya Siddiqui,Delhi,DL,2024-04-14,Y
C100697,Farah Gupta,Ranchi,JH,2024-03-16,N
C100698,Amit Kapoor,Bhopal,MP,2022-09-19,N
C100699,Siddharth Iyer,Bhopal,MP,2023-01-07,N
C100700,Kabir Menon,Hyderabad,TS,2023-04-18,N
C100701,Saanvi Das,Ranchi,JH,2022-10-30,Y
C100702,Ritika Agarwal,Mumbai,MH,2024-06-29,N
C100703,Nisha Joshi,Delhi,DL,2024-02-01,N
C100704,Komal Kulkarni,Mysuru,KA,2024-10-26,Y
C100705,Aditya Ansari,Vadodara,GJ,2023-07-12,N
C100706,Ayaan Patel,Jaipur,RJ,2022-12-26,N
C100707,Kavya Bansal,Thiruvananthapuram,KL,2024-06-02,Y
C100708,Kavya Agarwal,Chennai,TN,2023-12-13,N
C100709,Aishwarya Kaur,Ranchi,JH,2022-10-05,N
C100710,Farah Sethi,Indore,MP,2022-11-10,Y
C100711,Harsh Bansal,Lucknow,UP,2024-09-30,Y
C100712,Varun Kapoor,Nashik,MH,2022-08-03,N
C100713,Pooja Mishra,Bengaluru,KA,2024-11-07,N
C100714,Sneha Chopra,Lucknow,UP,2023-06-13,N
C100715,Yash Malhotra,Ahmedabad,GJ,2023-04-18,Y
C100716,Riya Saxena,Coimbatore,TN,2024-04-23,N
C100717,Thomas Reddy,Surat,GJ,2022-11-12,N
C100718,Payal D'Souza,Hyderabad,TS,2024-06-10,N
C100719,Neha Dutta,Delhi,DL,2024-08-28,Y
C100720,Sai Dutta,Bhopal,MP,2022-11-07,Y
C100721,Daniel Goyal,Chandigarh,CH,2022-08-16,N
C100722,Kavya Dutta,Indore,MP,2024-05-02,Y
C100723,Om Yadav,Noida,UP,2024-05-26,N
C100724,Neha Saxena,Kochi,KL,2024-09-03,N
C100725,Ayaan Bose,Raipur,CG,2024-02-07,Y
C100726,Pranav Sen,Kolkata,WB,2024-11-25,N
C100727,Om Iyer,Mumbai,MH,2022-08-21,N
C100728,Aditya Khanna,Bhubaneswar,OR,2022-07-22,Y
C100729,Saanvi Sheikh,Ranchi,JH,2024-02-24,N
C100730,Farah George,Nashik,MH,2024-06-04,Y
C100731,Harsh Sethi,Lucknow,UP,2023-08-10,N
C100732,Saanvi Pawar,Bengaluru,KA,2023-11-21,N
C100733,Aadhya Sharma,Chennai,TN,2024-08-22,Y
C100734,Anjali Khan,Pune,MH,2022-07-22,Y
C100735,Manpreet Shinde,Ahmedabad,GJ,2024-07-25,Y
C100736,Farah Shinde,Noida,UP,2024-07-03,N
C100737,Kabir Kulkarni,Bhubaneswar,OR,2023-03-16,N
C100738,Megha Sethi,Thiruvananthapuram,KL,2024-03-26,Y
C100739,Gurpreet Yadav,Ahmedabad,GJ,2022-08-13,N
C100740,Pranav Nair,Chennai,TN,2024-11-13,N
C100741,Siddharth Sharma,Kochi,KL,2023-12-05,N
C100742,Suresh Tiwari,Chandigarh,CH,2024-12-01,N
C100743,Vikram Trivedi,Visakhapatnam,AP,2024-01-09,N
C100744,Pooja Mittal,Hyderabad,TS,2022-09-24,N
C100745,Nisha Rao,Dehradun,UK,2024-04-29,N
C100746,Yash Bhatt,Delhi,DL,2023-05-02,Y
C100747,Sunita Chatterjee,Jaipur,RJ,2024-05-31,N
C100748,Simran Mehta,Patna,BR,2023-05-08,N
C100749,Tenzin Mehta,Kochi,KL,2024-05-17,Y
C100750,Aditya Chopra,Raipur,CG,2022-12-24,N
C100751,Steven Das,Vadodara,GJ,2022-09-13,N
C100752,Abhishek Reddy,Patna,BR,2024-09-25,N
C100753,Ayaan Fernandes,Hyderabad,TS,2024-08-29,Y
C100754,Manpreet Chauhan,Surat,GJ,2023-10-03,N
C100755,Sai Qureshi,Guwahati,AS,2023-08-12,Y
C100756,Vivaan Desai,Bengaluru,KA,2023-10-07,N
C100757,Geeta Dutta,Nagpur,MH,2022-08-04,N
C100758,Simran Chatterjee,Noida,UP,2023-03-13,N
C100759,Swati Chopra,Gurugram,HR,2023-12-24,N
C100760,Aishwarya Gupta,Lucknow,UP,2023-03-29,Y
C100761,Isha Iyer,Bengaluru,KA,2024-12-14,N
C100762,Gurpreet Naidu,Kolkata,WB,2022-08-21,N
C100763,Aadhya Shinde,Chandigarh,CH,2023-12-16,N
C100764,Sai Bhatt,Delhi,DL,2022-10-12,N
C100765,Diya Rathore,Chennai,TN,2024-02-06,N
C100766,Sai Mittal,Raipur,CG,2023-12-16,N
C100767,Farah Gill,Patna,BR,2022-08-22,Y
C100768,Kavya Pawar,Delhi,DL,2023-11-11,Y
C100769,Vikram Patil,Nagpur,MH,2023-09-05,N
C100770,Varun Joshi,Bhopal,MP,2023-06-19,N
C100771,Tenzin Mathew,Mumbai,MH,2024-05-04,Y
C100772,Siddharth Dhillon,Coimbatore,TN,2023-04-06,Y
C100773,Ananya Goyal,Vadodara,GJ,2024-06-21,N
C100774,Ankit Mathew,Bengaluru,KA,2024-08-19,N
C100775,Jaspreet Ansari,Gurugram,HR,2023-03-18,N
C100776,Deepak Mittal,Bengaluru,KA,2022-10-01,N
C100777,Lakshmi Khan,Bengaluru,KA,2024-02-10,N
C100778,Daniel Pillai,Surat,GJ,2023-01-28,N
C100779,Harsh Banerjee,Surat,GJ,2022-08-06,N
C100780,Manish Qureshi,Mumbai,MH,2023-09-20,N
C100781,Pooja Reddy,Gurugram,HR,2024-01-11,N
C100782,Kunal Rao,Visakhapatnam,AP,2022-09-02,Y
C100783,Riya Sandhu,Surat,GJ,2024-01-09,N
C100784,Ritika Shinde,Nagpur,MH,2023-07-15,Y
C100785,Joseph Iyer,Coimbatore,TN,2022-11-18,N
C100786,Aishwarya Goyal,Dehradun,UK,2023-05-28,Y
C100787,Varun Mishra,Bhopal,MP,2023-09-15,Y
C100788,Payal Verma,Kolkata,WB,2023-02-02,N
C100789,Lakshmi Banerjee,Thiruvananthapuram,KL,2022-07-25,N
C100790,Vivaan Qureshi,Raipur,CG,2024-12-10,N
C100791,Thomas Bhatt,Chandigarh,CH,2023-01-13,N
C100792,Ankit Pillai,Thiruvananthapuram,KL,2024-08-11,Y
C100793,Tanvi Kulkarni,Gurugram,HR,2022-08-17,Y
C100794,Tanvi Shah,Hyderabad,TS,2022-10-19,N
C100795,Isha Sethi,Mysuru,KA,2022-08-09,N
C100796,Diya Sen,Bhubaneswar,OR,2024-06-13,N
C100797,Amit Gill,Noida,UP,2024-06-21,N
C100798,Deepak Fernandes,Chennai,TN,2023-07-27,N
C100799,Anjali Sheikh,Bengaluru,KA,2022-10-20,N
C100800,Ayaan Kumar,Vadodara,GJ,2022-11-18,Y
C100801,Pooja Kumar,Bhopal,MP,2024-08-18,N
C100802,Aarav Agarwal,Bhopal,MP,2024-09-18,N
C100803,Rohan Mishra,Chandigarh,CH,2024-11-26,N
C100804,Neha Agarwal,Bengaluru,KA,2024-01-18,N
C100805,Om Bhatia,Guwahati,AS,2023-02-18,N
C100806,Amit Bhatt,Mumbai,MH,2023-05-12,N
C100807,Farah Kapoor,Patna,BR,2024-05-11,N
C100808,Thomas Mukherjee,Pune,MH,2022-08-03,N
C100809,Vivaan Ghosh,Surat,GJ,2024-06-02,N
C100810,Rahul Chauhan,Pune,MH,2023-01-22,N
C100811,Kunal Khanna,Visakhapatnam,AP,2023-04-22,N
C100812,Pranav Khan,Nagpur,MH,2023-08-29,N
C100813,Sukhwinder Bansal,Guwahati,AS,2022-07-19,N
C100814,Lobsang Sandhu,Hyderabad,TS,2023-04-20,Y
C100815,Pranav Iyer,Visakhapatnam,AP,2023-10-01,Y
C100816,Jaspreet Pillai,Nashik,MH,2023-08-09,Y
C100817,Siddharth Ghosh,Noida,UP,2023-02-10,Y
C100818,Zoya Shah,Bhubaneswar,OR,2023-11-30,Y
C100819,Aarav Tiwari,Chennai,TN,2022-11-17,N
C100820,Zoya Mathew,Raipur,CG,2024-01-08,Y
C100821,Harpreet Srivastava,Noida,UP,2024-11-30,N
C100822,Aishwarya Jain,Hyderabad,TS,2024-06-30,Y
C100823,Priya Chatterjee,Vadodara,GJ,2024-01-05,Y
C100824,Meera Yadav,Guwahati,AS,2022-11-09,N
C100825,Harpreet Jain,Surat,GJ,2023-09-08,N
C100826,Kabir Verma,Gurugram,HR,2024-09-13,Y
C100827,Lakshmi Chatterjee,Thiruvananthapuram,KL,2023-05-08,Y
C100828,Joseph Pandey,Indore,MP,2024-09-10,N
C100829,Ritika Deshpande,Pune,MH,2023-10-08,N
C100830,Riya D'Souza,Kolkata,WB,2024-03-27,N
C100831,Neha Malhotra,Kochi,KL,2023-07-19,N
C100832,Pranav Tiwari,Patna,BR,2024-12-09,Y
C100833,Yash Singh,Nagpur,MH,2023-07-03,N
C100834,Bhavna Tiwari,Guwahati,AS,2022-08-05,N
C100835,Zoya Das,Visakhapatnam,AP,2022-10-21,N
C100836,Komal Srivastava,Visakhapatnam,AP,2023-02-25,N
C100837,Megha Menon,Surat,GJ,2024-07-03,Y
C100838,Ayaan Pawar,Lucknow,UP,2023-03-09,N
C100839,Tanvi Bansal,Indore,MP,2024-12-16,N
C100840,Anjali Mishra,Chennai,TN,2023-12-14,Y
C100841,Siddharth Kulkarni,Gurugram,HR,2023-10-18,N
C100842,Isha Agarwal,Nashik,MH,2024-11-30,N
C100843,Shreya Qureshi,Guwahati,AS,2024-02-14,Y
C100844,Aadhya Gaikwad,Surat,GJ,2024-07-23,N
C100845,Saanvi D'Souza,Ahmedabad,GJ,2024-05-27,N
C100846,Divya Singh,Vadodara,GJ,2023-10-27,N
C100847,Harsh Goyal,Bhopal,MP,2022-07-25,Y
C100848,Gurpreet Shah,Vadodara,GJ,2024-08-06,N
C100849,Daniel Joshi,Surat,GJ,2023-08-18,N
C100850,Harpreet D'Souza,Bhopal,MP,2023-04-09,N
C100851,Sneha Banerjee,Pune,MH,2024-10-27,Y
C100852,Sunita Srivastava,Raipur,CG,2022-07-22,N
C100853,Thomas Dutta,Dehradun,UK,2024-06-11,N
C100854,Riya Kaur,Dehradun,UK,2024-05-19,N
C100855,Manish Chauhan,Surat,GJ,2024-06-22,N
C100856,Amit Sen,Vadodara,GJ,2024-10-10,N
C100857,Karan Gupta,Bhubaneswar,OR,2024-03-04,Y
C100858,Nisha Patel,Chennai,TN,2024-01-16,Y
C100859,Yash Sandhu,Noida,UP,2023-12-30,Y
C100860,Arjun Ghosh,Pune,MH,2024-12-06,Y
C100861,Vikram Khanna,Patna,BR,2022-10-19,Y
C100862,Varun Menon,Nagpur,MH,2023-11-16,N
C100863,Ramesh Deshpande,Kochi,KL,2022-09-15,Y
C100864,Sameer Srivastava,Bhopal,MP,2023-08-08,N
C100865,Deepak Roy,Bhopal,MP,2023-06-11,Y
C100866,Farah Roy,Kolkata,WB,2022-08-31,N
C100867,Steven Patil,Visakhapatnam,AP,2022-10-26,N
C100868,Swati Varghese,Surat,GJ,2024-03-21,N
C100869,Zoya Sen,Dehradun,UK,2024-03-09,N
C100870,Steven Sandhu,Dehradun,UK,2024-06-24,Y
C100871,Simran Pillai,Bhubaneswar,OR,2023-03-18,Y
C100872,Riya Mittal,Mysuru,KA,2024-11-24,Y
C100873,Komal Patel,Coimbatore,TN,2022-08-29,Y
C100874,Rahul Pandey,Indore,MP,2023-04-01,N
C100875,Diya Dutta,Dehradun,UK,2024-10-30,N
C100876,Riya Gupta,Lucknow,UP,2023-03-27,N
C100877,Isha Gaikwad,Jaipur,RJ,2024-10-30,Y
C100878,Kavya Sharma,Guwahati,AS,2023-07-21,N
C100879,Steven Bansal,Ranchi,JH,2024-02-24,Y
C100880,Varun Goyal,Nagpur,MH,2024-11-08,N
C100881,Harpreet Khan,Gurugram,HR,2024-04-12,N
C100882,Payal Yadav,Thiruvananthapuram,KL,2023-10-06,N
C100883,Faisal Pillai,Ranchi,JH,2024-04-29,N
C100884,Saanvi Khanna,Vadodara,GJ,2022-10-16,N
C100885,Farah Trivedi,Mysuru,KA,2023-06-20,N
C100886,Steven Shinde,Ranchi,JH,2023-06-11,N
C100887,Kavya Sandhu,Guwahati,AS,2023-05-28,Y
C100888,Farah Desai,Raipur,CG,2024-02-09,Y
C100889,Sunita Mishra,Chandigarh,CH,2024-10-28,N
C100890,Daniel Jadhav,Nashik,MH,2024-08-14,N
C100891,Sukhwinder Mukherjee,Raipur,CG,2024-09-12,N
C100892,Shreya Sharma,Hyderabad,TS,2024-05-26,Y
C100893,Nikhil Ansari,Vadodara,GJ,2024-10-24,N
C100894,Priya Mehta,Patna,BR,2023-07-29,N
C100895,Aadhya Bose,Vadodara,GJ,2024-03-25,N
C100896,Amit Arora,Bhopal,MP,2023-09-25,N
C100897,Pooja Mehta,Dehradun,UK,2024-09-01,Y
C100898,Pooja Gupta,Nashik,MH,2024-02-26,Y
C100899,Suresh Kaur,Guwahati,AS,2024-08-16,Y
C100900,Ankit Bhatia,Bengaluru,KA,2022-09-13,Y
C100901,Zaid Kaur,Mumbai,MH,2022-11-01,Y
C100902,Lobsang Verma,Kolkata,WB,2023-03-03,Y
C100903,Amit Varghese,Nagpur,MH,2022-08-05,N
C100904,Pooja Banerjee,Nagpur,MH,2022-10-01,Y
C100905,Karan Dhillon,Kolkata,WB,2023-01-18,N
C100906,Siddharth Kumar,Coimbatore,TN,2024-01-26,Y
C100907,Manpreet Pandey,Nashik,MH,2022-09-08,Y
C100908,Saanvi Mishra,Noida,UP,2023-11-23,N
C100909,Jaspreet Verma,Thiruvananthapuram,KL,2024-11-30,Y
C100910,Amit Jain,Kochi,KL,2024-12-10,N
C100911,Jaspreet George,Thiruvananthapuram,KL,2023-02-05,N
C100912,Priya Bose,Guwahati,AS,2022-11-30,Y
C100913,Lobsang Gaikwad,Bhopal,MP,2024-05-05,N
C100914,Manish Srivastava,Vadodara,GJ,2024-10-02,Y
C100915,Geeta Kulkarni,Dehradun,UK,2023-03-10,N
C100916,Yash Deshpande,Visakhapatnam,AP,2023-08-18,N
C100917,Riya Das,Chennai,TN,2024-03-16,Y
C100918,Nikhil Kaur,Vadodara,GJ,2023-03-15,N
C100919,Rajat Chopra,Guwahati,AS,2023-04-17,N
C100920,Payal Rathore,Ranchi,JH,2024-01-09,N
C100921,Ankit Mathew,Mumbai,MH,2022-12-30,N
C100922,Aadhya Kaur,Ranchi,JH,2022-12-06,N
C100923,Aishwarya Nair,Thiruvananthapuram,KL,2023-05-14,N
C100924,Kabir Iyer,Nagpur,MH,2024-08-15,N
C100925,Vihaan Khanna,Delhi,DL,2023-08-05,N
C100926,Kabir Fernandes,Guwahati,AS,2023-09-21,N
C100927,Lobsang Joshi,Surat,GJ,2024-12-23,N
C100928,Suresh Rao,Thiruvananthapuram,KL,2023-08-13,N
C100929,Imran Gupta,Kochi,KL,2023-02-01,N
C100930,Suresh Kulkarni,Kochi,KL,2023-06-07,N
C100931,Aarav Pandey,Mumbai,MH,2024-11-04,N
C100932,Ritika Jadhav,Surat,GJ,2023-03-18,N
C100933,Ananya Deshpande,Kochi,KL,2024-08-10,N
C100934,Bhavna Pereira,Ahmedabad,GJ,2024-07-09,N
C100935,Divya Jain,Surat,GJ,2023-12-16,N
C100936,Saanvi Iyer,Bhopal,MP,2024-04-28,N
C100937,Tenzin Sheikh,Raipur,CG,2023-12-26,Y
C100938,Nikhil Bansal,Pune,MH,2023-03-05,N
C100939,Tenzin Menon,Raipur,CG,2022-08-17,N
C100940,Tarun Sheikh,Hyderabad,TS,2022-10-04,N
C100941,Vihaan Patil,Kochi,KL,2024-06-01,Y
C100942,Diya Kulkarni,Guwahati,AS,2024-02-09,N
C100943,Komal Rathore,Bhubaneswar,OR,2024-06-10,N
C100944,Amit Naidu,Guwahati,AS,2023-12-06,N
C100945,Saanvi Banerjee,Patna,BR,2023-09-15,N
C100946,Sneha Fernandes,Chandigarh,CH,2022-11-29,Y
C100947,Arjun Roy,Bhopal,MP,2024-01-30,N
C100948,Pooja Bhatia,Mumbai,MH,2023-04-08,Y
C100949,Payal Chatterjee,Mumbai,MH,2024-03-01,Y
C100950,Sneha Mukherjee,Gurugram,HR,2024-04-03,Y
C100951,Kabir Sethi,Bhopal,MP,2023-09-30,Y
C100952,Amit Chauhan,Noida,UP,2024-05-30,N
C100953,Daniel Dutta,Bhubaneswar,OR,2024-03-24,Y
C100954,Lakshmi Qureshi,Visakhapatnam,AP,2023-12-13,N
C100955,Harpreet Nair,Vadodara,GJ,2023-07-22,N
C100956,Ananya Varghese,Lucknow,UP,2024-04-22,Y
C100957,Ramesh Naidu,Surat,GJ,2024-10-08,Y
C100958,Imran Siddiqui,Lucknow,UP,2023-01-05,N
C100959,Lobsang Fernandes,Dehradun,UK,2023-01-31,N
C100960,Manpreet Desai,Indore,MP,2024-04-06,N
C100961,Varun Fernandes,Guwahati,AS,2024-09-02,Y
C100962,Komal Khan,Bhopal,MP,2024-11-19,N
C100963,Yash Bansal,Bhopal,MP,2024-11-03,Y
C100964,Payal Pandey,Nashik,MH,2022-12-25,Y
C100965,Ananya Srivastava,Indore,MP,2022-08-07,N
C100966,Geeta Dutta,Hyderabad,TS,2023-10-16,N
C100967,Payal Kapoor,Raipur,CG,2023-01-20,N
C100968,Kavya George,Bhopal,MP,2022-09-29,N
C100969,Ayaan Gaikwad,Coimbatore,TN,2024-02-04,Y
C100970,Daniel Dhillon,Bhopal,MP,2023-04-08,N
C100971,Sunita Menon,Surat,GJ,2023-09-21,N
C100972,Kunal Gaikwad,Chandigarh,CH,2023-07-13,N
C100973,Ananya Tiwari,Bengaluru,KA,2023-09-06,N
C100974,Bhavna Pillai,Nashik,MH,2023-12-14,Y
C100975,Jaspreet Gupta,Ranchi,JH,2022-11-28,N
C100976,Aadhya Nair,Bhubaneswar,OR,2023-05-29,Y
C100977,Kunal Banerjee,Kochi,KL,2023-06-19,N
C100978,Ananya Pereira,Dehradun,UK,2024-05-20,Y
C100979,Swati Goyal,Kochi,KL,2024-01-17,Y
C100980,Nikhil Bhatia,Mysuru,KA,2023-04-25,Y
C100981,Zoya Dhillon,Guwahati,AS,2023-02-23,N
C100982,Simran Gill,Jaipur,RJ,2023-04-05,N
C100983,Riya Reddy,Indore,MP,2024-09-20,N
C100984,Manpreet Nair,Dehradun,UK,2023-09-11,N
C100985,Priya D'Souza,Coimbatore,TN,2023-04-14,N
C100986,Ananya Yadav,Bhopal,MP,2024-07-16,N
C100987,Nisha Dhillon,Lucknow,UP,2023-04-13,Y
C100988,Swati Mathew,Hyderabad,TS,2022-10-13,Y
C100989,Ishaan Khanna,Nagpur,MH,2023-05-08,N
C100990,Faisal Gupta,Bhopal,MP,2023-03-19,Y
C100991,Ritika Shah,Ahmedabad,GJ,2023-05-21,N
C100992,Yash D'Souza,Kolkata,WB,2023-12-19,N
C100993,Tarun Sharma,Hyderabad,TS,2023-08-21,N
C100994,Priya Menon,Chandigarh,CH,2023-09-13,N
C100995,Bhavna Rathore,Mysuru,KA,2024-10-24,N
C100996,Harsh Dhillon,Bengaluru,KA,2022-10-01,N
C100997,Kabir Rathore,Indore,MP,2024-10-25,N
C100998,Rajat Reddy,Surat,GJ,2024-02-23,N
C100999,Sai Mishra,Visakhapatnam,AP,2023-01-17,N
C101000,Ankit Tiwari,Bhopal,MP,2024-11-12,N
C101001,Aditya Qureshi,Noida,UP,2024-02-12,N
C101002,Bhavna Naidu,Pune,MH,2022-07-19,N
C101003,Imran Yadav,Gurugram,HR,2024-11-06,Y
C101004,Pranav Qureshi,Vadodara,GJ,2023-03-17,N
C101005,Rohan Sandhu,Raipur,CG,2022-10-05,N
C101006,Tenzin Chopra,Ahmedabad,GJ,2024-06-13,N
C101007,Mohammed Tiwari,Ahmedabad,GJ,2023-01-18,N
C101008,Rahul Kulkarni,Bengaluru,KA,2024-06-23,N
C101009,Meera Ansari,Coimbatore,TN,2023-01-30,N
C101010,Zaid Mishra,Kochi,KL,2024-02-21,Y
C101011,Vikram Patel,Coimbatore,TN,2023-06-15,N
C101012,Nisha Gaikwad,Ahmedabad,GJ,2023-12-14,N
C101013,Ankit Verma,Jaipur,RJ,2024-06-09,Y
C101014,Ramesh Pandey,Chennai,TN,2024-08-26,N
C101015,Ishaan Dhillon,Nashik,MH,2023-09-16,N
C101016,Nisha Tiwari,Delhi,DL,2023-04-04,Y
C101017,Aditya Mishra,Noida,UP,2022-12-16,N
C101018,Aadhya Malhotra,Surat,GJ,2023-06-08,N
C101019,Arjun Yadav,Hyderabad,TS,2023-03-23,N
C101020,Neha D'Souza,Lucknow,UP,2024-05-22,N
C101021,Meera Mishra,Vadodara,GJ,2023-06-14,N
C101022,Rohan Sheikh,Chandigarh,CH,2023-08-18,N
C101023,Geeta Kulkarni,Raipur,CG,2023-12-08,Y
C101024,Manpreet Siddiqui,Gurugram,HR,2023-03-11,Y
C101025,Varun Yadav,Patna,BR,2024-03-11,N
C101026,Lobsang Malhotra,Lucknow,UP,2022-11-07,N
C101027,Ritika Menon,Ahmedabad,GJ,2023-12-15,N
C101028,Ankit Pandey,Nagpur,MH,2024-04-02,N
C101029,Sunita Chauhan,Guwahati,AS,2023-03-02,N
C101030,Amit Gaikwad,Thiruvananthapuram,KL,2023-11-11,N
C101031,Ritika Mathew,Noida,UP,2022-11-27,Y
C101032,Reyansh Yadav,Ranchi,JH,2022-10-07,N
C101033,Isha Deshpande,Delhi,DL,2023-09-29,N
C101034,Geeta Mukherjee,Patna,BR,2022-10-22,N
C101035,Rajat Kulkarni,Gurugram,HR,2024-01-20,Y
C101036,Deepak Das,Kolkata,WB,2024-07-26,N
C101037,Lakshmi Gaikwad,Delhi,DL,2023-03-30,Y
C101038,Manish Sharma,Bhopal,MP,2024-11-05,N
C101039,Vivaan Chatterjee,Chandigarh,CH,2024-03-06,Y
C101040,Thomas Sethi,Bengaluru,KA,2024-08-14,Y
C101041,Aarav Deshpande,Patna,BR,2023-10-11,N
C101042,Isha Chauhan,Indore,MP,2023-04-28,Y
C101043,Diya Patil,Chennai,TN,2022-08-24,N
C101044,Sameer Trivedi,Bhopal,MP,2023-10-15,N
C101045,Riya Gaikwad,Bhubaneswar,OR,2023-08-03,N
C101046,Rohit Bansal,Surat,GJ,2024-11-10,N
C101047,Farah Rathore,Patna,BR,2024-07-21,N
C101048,Daniel Roy,Chennai,TN,2024-09-24,N
C101049,Zaid Goyal,Kolkata,WB,2025-01-01,N
C101050,Swati Patel,Ranchi,JH,2024-01-19,N
C101051,Harsh Singh,Chandigarh,CH,2024-11-22,N
C101052,Ankit Jain,Bengaluru,KA,2024-10-27,Y
C101053,Rajat Bhatia,Gurugram,HR,2024-12-19,N
C101054,Kunal Kaur,Vadodara,GJ,2024-09-30,Y
C101055,Amit Dutta,Thiruvananthapuram,KL,2023-08-07,N
C101056,Payal Singh,Patna,BR,2022-12-26,Y
C101057,Kabir Sheikh,Dehradun,UK,2024-07-26,N
C101058,Ankit Kumar,Thiruvananthapuram,KL,2022-10-26,Y
C101059,Varun Sandhu,Pune,MH,2024-05-18,N
C101060,Aishwarya Patil,Visakhapatnam,AP,2023-09-21,N
C101061,Swati Menon,Bhubaneswar,OR,2023-10-15,Y
C101062,Anjali Kumar,Mumbai,MH,2023-09-03,Y
C101063,Rohit Patel,Bengaluru,KA,2022-12-17,N
C101064,Siddharth Shah,Hyderabad,TS,2024-10-22,N
C101065,Varun Ghosh,Visakhapatnam,AP,2024-10-30,Y
C101066,Thomas Qureshi,Delhi,DL,2023-08-23,N
C101067,Rajat Patil,Nagpur,MH,2023-08-08,N
C101068,Gurpreet Patil,Delhi,DL,2024-12-26,N
C101069,Diya Das,Chandigarh,CH,2024-04-03,N
C101070,Farah Siddiqui,Bengaluru,KA,2024-11-13,N
C101071,Aarav Naidu,Pune,MH,2023-02-09,N
C101072,Amit Das,Indore,MP,2022-10-24,Y
C101073,Vikram Qureshi,Thiruvananthapuram,KL,2023-09-22,N
C101074,Ramesh Patil,Coimbatore,TN,2023-08-11,N
C101075,Jaspreet Arora,Mumbai,MH,2023-05-31,N
C101076,Tarun Naidu,Ahmedabad,GJ,2024-03-25,N
C101077,Megha Agarwal,Raipur,CG,2024-02-23,Y
C101078,Vikram Trivedi,Coimbatore,TN,2024-04-14,N
C101079,Vivaan Bhatt,Kochi,KL,2024-01-07,N
C101080,Tanvi Gupta,Visakhapatnam,AP,2023-11-21,N
C101081,Anjali Jain,Nashik,MH,2024-08-30,Y
C101082,Payal Shinde,Ranchi,JH,2023-09-15,N
C101083,Om Sandhu,Gurugram,HR,2022-08-29,N
C101084,Riya Kapoor,Delhi,DL,2023-10-22,Y
C101085,Farah Chatterjee,Patna,BR,2024-10-08,Y
C101086,Ankit Joshi,Bhubaneswar,OR,2023-05-10,N
C101087,Suresh Mathew,Coimbatore,TN,2022-11-02,N
C101088,Sameer Srivastava,Hyderabad,TS,2024-10-07,Y
C101089,Kabir Shinde,Mysuru,KA,2023-10-24,N
C101090,Om Chauhan,Bhubaneswar,OR,2023-04-09,N
C101091,Payal Desai,Nashik,MH,2024-03-17,N
C101092,Anjali Reddy,Noida,UP,2024-06-25,Y
C101093,Aishwarya Ghosh,Jaipur,RJ,2024-03-08,N
C101094,Harsh Mishra,Indore,MP,2023-11-18,Y
C101095,Reyansh Nair,Vadodara,GJ,2023-07-05,N
C101096,Farah Mishra,Indore,MP,2024-05-03,Y
C101097,Rohit Rathore,Mysuru,KA,2024-03-23,Y
C101098,Zoya Rao,Ranchi,JH,2023-06-13,N
C101099,Arjun Rao,Noida,UP,2024-09-27,Y
C101100,Faisal Varghese,Pune,MH,2022-12-14,N
C101101,Imran Jadhav,Surat,GJ,2024-07-30,Y
C101102,Isha Reddy,Bengaluru,KA,2023-06-15,N
C101103,Daniel Mishra,Nagpur,MH,2023-08-25,Y
C101104,Saanvi Bose,Dehradun,UK,2022-11-15,N
C101105,Zaid Sharma,Dehradun,UK,2022-12-26,N
C101106,Kunal Chauhan,Coimbatore,TN,2023-02-09,N
C101107,Pranav Varghese,Visakhapatnam,AP,2024-09-05,Y
C101108,Sunita Agarwal,Nashik,MH,2024-12-06,N
C101109,Reyansh Pawar,Indore,MP,2024-03-17,N
C101110,Ishaan Jain,Raipur,CG,2023-02-17,N
C101111,Kabir Agarwal,Vadodara,GJ,2023-07-22,N
C101112,Sneha Bhatt,Guwahati,AS,2023-04-23,N
C101113,Aarav Joshi,Kochi,KL,2024-06-10,Y
C101114,Ankit Mehta,Nashik,MH,2023-05-22,N
C101115,Sukhwinder Kumar,Noida,UP,2024-06-20,N
C101116,Bhavna Chopra,Vadodara,GJ,2024-08-15,N
C101117,Shreya Kumar,Dehradun,UK,2024-12-11,N
C101118,Harsh Iyer,Delhi,DL,2023-03-08,Y
C101119,Amit Dhillon,Delhi,DL,2023-02-23,Y
C101120,Shreya Shah,Kochi,KL,2023-02-25,N
C101121,Lobsang Mehta,Gurugram,HR,2023-01-13,N
C101122,Lobsang Mittal,Bengaluru,KA,2024-10-12,Y
C101123,Nisha Srivastava,Patna,BR,2022-11-23,Y
C101124,Bhavna Gaikwad,Visakhapatnam,AP,2024-09-08,N
C101125,Thomas Gaikwad,Nagpur,MH,2022-07-20,N
C101126,Vihaan Goyal,Nashik,MH,2024-10-17,Y
C101127,Neha George,Chennai,TN,2023-03-20,Y
C101128,Steven Tiwari,Lucknow,UP,2024-05-10,N
C101129,Farah Qureshi,Bhubaneswar,OR,2024-06-23,N
C101130,Rohan George,Nashik,MH,2023-03-09,N
C101131,Pranav Ghosh,Chandigarh,CH,2023-08-23,N
C101132,Riya Das,Raipur,CG,2024-06-02,N
C101133,Rohit Kaur,Hyderabad,TS,2022-08-18,N
C101134,Isha Pillai,Lucknow,UP,2022-09-07,N
C101135,Rohan Bansal,Visakhapatnam,AP,2024-11-18,Y
C101136,Ramesh Joshi,Chandigarh,CH,2024-07-21,N
C101137,Zoya Sharma,Jaipur,RJ,2023-06-22,N
C101138,Ayaan Yadav,Patna,BR,2023-06-25,Y
C101139,Sunita Jadhav,Bhubaneswar,OR,2024-04-17,N
C101140,Ananya Malhotra,Visakhapatnam,AP,2024-01-19,N
C101141,Shreya Varghese,Coimbatore,TN,2024-10-26,N
C101142,Lakshmi Khanna,Jaipur,RJ,2024-03-10,Y
C101143,Siddharth Chatterjee,Mumbai,MH,2024-08-13,Y
C101144,Zoya Srivastava,Pune,MH,2023-05-27,N
C101145,Amit Gupta,Surat,GJ,2022-08-13,Y
C101146,Megha Sethi,Ranchi,JH,2024-12-07,N
C101147,Om Jain,Nashik,MH,2023-01-26,N
C101148,Sunita Menon,Bhopal,MP,2024-05-12,Y
C101149,Amit Rao,Visakhapatnam,AP,2023-10-19,N
C101150,Yash Pillai,Guwahati,AS,2023-02-26,N
C101151,Faisal Verma,Nagpur,MH,2023-12-24,N
C101152,Ritika Kulkarni,Pune,MH,2024-04-06,N
C101153,Anjali Sen,Thiruvananthapuram,KL,2023-06-22,N
C101154,Manpreet Chauhan,Lucknow,UP,2024-05-13,Y
C101155,Megha Saxena,Thiruvananthapuram,KL,2023-02-28,N
C101156,Om Desai,Lucknow,UP,2024-05-21,N
C101157,Pooja Mehta,Bengaluru,KA,2024-06-03,N
C101158,Amit Mishra,Chandigarh,CH,2024-08-07,N
C101159,Steven Rathore,Noida,UP,2022-10-28,Y
C101160,Lobsang Jadhav,Chandigarh,CH,2024-08-27,N
C101161,Ramesh Chopra,Bengaluru,KA,2023-04-08,N
C101162,Varun Srivastava,Noida,UP,2024-06-06,N
C101163,Neha Sharma,Gurugram,HR,2023-06-26,Y
C101164,Diya Joshi,Guwahati,AS,2023-08-03,Y
C101165,Varun Trivedi,Patna,BR,2024-05-11,N
C101166,Rahul Nair,Patna,BR,2022-09-25,N
C101167,Zaid Mittal,Hyderabad,TS,2022-09-01,Y
C101168,Imran Khanna,Visakhapatnam,AP,2023-03-11,N
C101169,Farah Pereira,Gurugram,HR,2023-09-30,Y
C101170,Aishwarya Jain,Gurugram,HR,2024-01-20,Y
C101171,Nikhil Das,Coimbatore,TN,2023-10-18,Y
C101172,Zaid Rathore,Hyderabad,TS,2022-11-24,N
C101173,Aarav Malhotra,Chennai,TN,2024-11-09,N
C101174,Siddharth Trivedi,Patna,BR,2023-09-19,N
C101175,Manpreet Rao,Indore,MP,2024-06-23,Y
C101176,Rohan Das,Delhi,DL,2024-04-19,N
C101177,Manpreet Singh,Jaipur,RJ,2022-09-22,N
C101178,Aarav Dutta,Chandigarh,CH,2024-02-01,N
C101179,Yash Bhatia,Bhopal,MP,2022-08-28,N
C101180,Yash Mishra,Nagpur,MH,2024-02-12,N
C101181,Manish Dutta,Vadodara,GJ,2022-12-19,N
C101182,Tenzin Goyal,Ranchi,JH,2023-08-24,Y
C101183,Aadhya Das,Chandigarh,CH,2022-10-09,N
C101184,Dev Ghosh,Hyderabad,TS,2024-12-05,N
C101185,Zaid Sharma,Kochi,KL,2023-09-02,N
C101186,Nisha Goyal,Kolkata,WB,2022-11-21,N
C101187,Isha Fernandes,Thiruvananthapuram,KL,2023-01-10,N
C101188,Krishna Mathew,Pune,MH,2023-12-02,N
C101189,Nikhil Kumar,Pune,MH,2024-12-27,N
C101190,Bhavna Gaikwad,Hyderabad,TS,2023-07-02,Y
C101191,Siddharth Arora,Nagpur,MH,2023-04-07,N
C101192,Neha Deshpande,Mumbai,MH,2024-05-17,Y
C101193,Shreya Pereira,Hyderabad,TS,2022-11-07,N
C101194,Joseph Joshi,Delhi,DL,2024-10-19,N
C101195,Zaid Pereira,Indore,MP,2023-10-05,N
C101196,Faisal Dhillon,Dehradun,UK,2023-02-04,Y
C101197,Sunita Bose,Chandigarh,CH,2024-05-24,N
C101198,Rohit Pillai,Kolkata,WB,2024-02-15,Y
C101199,Kavya Banerjee,Thiruvananthapuram,KL,2023-09-03,Y
C101200,Priya George,Bhubaneswar,OR,2024-11-10,N
C101201,Meera Kulkarni,Hyderabad,TS,2024-11-21,N
C101202,Pooja Ghosh,Visakhapatnam,AP,2022-09-27,N
C101203,Ayaan Roy,Bhubaneswar,OR,2024-05-01,N
C101204,Varun Reddy,Coimbatore,TN,2023-06-13,Y
C101205,Jaspreet Roy,Nashik,MH,2022-12-13,N
C101206,Harsh Malhotra,Raipur,CG,2024-11-28,N
C101207,Diya Mishra,Bhopal,MP,2023-08-03,Y
C101208,Zoya Agarwal,Nashik,MH,2024-05-15,N
C101209,Om Fernandes,Nashik,MH,2022-09-28,Y
C101210,Manpreet Yadav,Chennai,TN,2023-07-29,Y
C101211,Sneha Arora,Kochi,KL,2023-11-04,N
C101212,Mohammed Bhatt,Mumbai,MH,2024-01-03,Y
C101213,Jaspreet Sen,Indore,MP,2024-06-22,N
C101214,Megha Gaikwad,Bhopal,MP,2023-03-17,N
C101215,Nisha Mittal,Coimbatore,TN,2024-07-19,N
C101216,Tarun Bhatia,Mysuru,KA,2023-12-29,Y
C101217,Geeta Pereira,Visakhapatnam,AP,2023-12-07,Y
C101218,Simran Mukherjee,Surat,GJ,2024-04-13,N
C101219,Ananya Yadav,Raipur,CG,2023-07-20,N
C101220,Yash Mehta,Indore,MP,2024-03-18,N
C101221,Kunal Siddiqui,Dehradun,UK,2024-07-18,N
C101222,Isha Sheikh,Nashik,MH,2023-08-26,N
C101223,Vihaan Malhotra,Kochi,KL,2023-12-08,N
C101224,Megha Patel,Chandigarh,CH,2023-04-23,N
C101225,Thomas Khan,Kolkata,WB,2024-08-19,Y
C101226,Riya Rao,Jaipur,RJ,2024-06-10,N
C101227,Deepak Gill,Kolkata,WB,2024-06-03,N
C101228,Nikhil Bhatia,Ranchi,JH,2024-04-24,N
C101229,Swati Srivastava,Noida,UP,2023-07-18,Y
C101230,Megha Bhatia,Mysuru,KA,2022-11-01,N
C101231,Manpreet Siddiqui,Visakhapatnam,AP,2023-09-27,Y
C101232,Pranav Dutta,Guwahati,AS,2022-10-14,N
C101233,Lobsang D'Souza,Indore,MP,2023-02-23,N
C101234,Steven Trivedi,Raipur,CG,2022-08-19,N
C101235,Isha Rao,Bengaluru,KA,2024-05-27,N
C101236,Aarav Naidu,Lucknow,UP,2022-07-28,N
C101237,Tarun Bhatt,Noida,UP,2023-09-09,N
C101238,Vihaan Khan,Raipur,CG,2022-11-17,N
C101239,Meera Sen,Delhi,DL,2024-06-28,N
C101240,Krishna Menon,Dehradun,UK,2023-04-29,Y
C101241,Ananya Iyer,Surat,GJ,2023-05-08,Y
C101242,Rahul Gaikwad,Visakhapatnam,AP,2023-07-19,N
C101243,Daniel George,Hyderabad,TS,2023-02-11,N
C101244,Tanvi Varghese,Chandigarh,CH,2023-09-26,N
C101245,Riya Chauhan,Ahmedabad,GJ,2023-04-27,Y
C101246,Manish Tiwari,Surat,GJ,2023-07-26,Y
C101247,Imran Gupta,Mysuru,KA,2022-11-11,N
C101248,Aditya Gaikwad,Dehradun,UK,2023-06-08,N
C101249,Krishna Verma,Raipur,CG,2022-11-21,N
C101250,Zoya Chatterjee,Delhi,DL,2024-07-04,N
C101251,Manish Sharma,Nagpur,MH,2024-09-01,Y
C101252,Riya Shah,Lucknow,UP,2024-03-09,Y
C101253,Neha Tiwari,Guwahati,AS,2023-08-19,N
C101254,Anjali Patel,Surat,GJ,2022-12-28,N
C101255,Faisal Pandey,Surat,GJ,2023-12-30,N
C101256,Yash Malhotra,Lucknow,UP,2024-01-23,Y
C101257,Joseph Sethi,Guwahati,AS,2023-12-23,N
C101258,Nisha Agarwal,Lucknow,UP,2022-12-07,Y
C101259,Manpreet Jadhav,Lucknow,UP,2023-01-09,N
C101260,Harpreet Chopra,Jaipur,RJ,2024-05-24,N
C101261,Om Desai,Jaipur,RJ,2023-07-30,N
C101262,Faisal Pawar,Pune,MH,2023-12-02,N
C101263,Thomas Bhatt,Jaipur,RJ,2024-09-25,N
C101264,Lakshmi Jadhav,Pune,MH,2024-05-16,Y
C101265,Manpreet Agarwal,Noida,UP,2024-09-12,N
C101266,Diya Sen,Kochi,KL,2024-09-29,N
C101267,Ramesh Reddy,Visakhapatnam,AP,2023-02-04,N
C101268,Nisha Pillai,Chandigarh,CH,2024-07-07,Y
C101269,Lobsang Rathore,Delhi,DL,2022-11-30,N
C101270,Simran Banerjee,Patna,BR,2023-07-04,N
C101271,Priya Varghese,Hyderabad,TS,2023-10-31,N
C101272,Pooja Gaikwad,Visakhapatnam,AP,2024-09-25,N
C101273,Neha Rao,Kochi,KL,2023-06-23,Y
C101274,Riya Naidu,Raipur,CG,2022-10-15,N
C101275,Sameer Iyer,Bengaluru,KA,2024-03-13,N
C101276,Amit Sheikh,Chandigarh,CH,2023-07-03,N
C101277,Amit Gill,Kolkata,WB,2024-07-27,Y
C101278,Manish Deshpande,Hyderabad,TS,2023-07-23,N
C101279,Priya Kapoor,Thiruvananthapuram,KL,2023-09-06,N
C101280,Zaid D'Souza,Gurugram,HR,2022-12-16,N
C101281,Rajat Kaur,Vadodara,GJ,2024-04-01,Y
C101282,Tenzin Banerjee,Jaipur,RJ,2024-11-03,N
C101283,Pranav Goyal,Mysuru,KA,2024-03-31,N
C101284,Manpreet Pereira,Hyderabad,TS,2023-09-03,N
C101285,Sunita Mathew,Surat,GJ,2023-11-30,N
C101286,Sunita Ansari,Kolkata,WB,2022-11-04,N
C101287,Komal Yadav,Patna,BR,2023-05-15,N
C101288,Ramesh Reddy,Nagpur,MH,2022-11-12,N
C101289,Sukhwinder Mishra,Jaipur,RJ,2024-03-02,N
C101290,Saanvi Mehta,Delhi,DL,2024-07-09,Y
C101291,Dev Shah,Bengaluru,KA,2023-06-11,Y
C101292,Swati Bhatia,Pune,MH,2024-03-23,N
C101293,Harsh Sharma,Visakhapatnam,AP,2024-10-08,N
C101294,Megha Goyal,Nashik,MH,2024-08-13,N
C101295,Pooja Siddiqui,Indore,MP,2023-12-22,N
C101296,Imran Banerjee,Guwahati,AS,2024-02-23,N
C101297,Vikram Kaur,Noida,UP,2023-04-14,Y
C101298,Kavya Dhillon,Coimbatore,TN,2023-05-29,N
C101299,Diya Shinde,Noida,UP,2024-08-23,N
C101300,Tenzin Bhatt,Surat,GJ,2024-09-20,N
C101301,Karan D'Souza,Lucknow,UP,2022-10-04,N
C101302,Amit Joshi,Kolkata,WB,2023-01-25,Y
C101303,Sukhwinder Pawar,Nagpur,MH,2023-04-22,Y
C101304,Vikram Jain,Visakhapatnam,AP,2023-09-06,Y
C101305,Yash Reddy,Kochi,KL,2023-12-10,N
C101306,Megha Roy,Raipur,CG,2022-10-28,N
C101307,Mohammed Goyal,Coimbatore,TN,2022-10-17,N
C101308,Swati Bhatia,Vadodara,GJ,2023-01-08,N
C101309,Aditya Bhatia,Bhopal,MP,2024-08-07,N
C101310,Rohan Shah,Noida,UP,2024-03-13,N
C101311,Thomas George,Chandigarh,CH,2024-06-11,N
C101312,Harsh Gaikwad,Raipur,CG,2022-12-16,Y
C101313,Ananya Singh,Guwahati,AS,2024-03-25,N
C101314,Pranav Siddiqui,Noida,UP,2024-03-20,N
C101315,Krishna George,Bhopal,MP,2024-11-02,Y
C101316,Faisal Sethi,Nashik,MH,2024-03-14,Y
C101317,Mohammed Nair,Coimbatore,TN,2023-12-26,N
C101318,Krishna Kumar,Lucknow,UP,2022-10-09,N
C101319,Rajat Pillai,Noida,UP,2023-12-18,N
C101320,Nikhil Mathew,Jaipur,RJ,2024-04-30,Y
C101321,Kavya Kaur,Kolkata,WB,2023-06-16,N
C101322,Tenzin Malhotra,Ranchi,JH,2022-08-25,Y
C101323,Vivaan Chopra,Delhi,DL,2023-11-02,Y
C101324,Bhavna Bhatt,Raipur,CG,2024-01-13,N
C101325,Lobsang Ghosh,Thiruvananthapuram,KL,2024-02-11,N
C101326,Varun Bhatia,Nagpur,MH,2023-10-05,N
C101327,Simran Gupta,Indore,MP,2023-05-26,Y
C101328,Komal Patil,Nagpur,MH,2024-04-05,Y
C101329,Meera Kapoor,Ahmedabad,GJ,2023-09-20,N
C101330,Imran Dhillon,Bhopal,MP,2023-09-13,Y
C101331,Anjali Gupta,Surat,GJ,2024-08-19,Y
C101332,Riya Fernandes,Noida,UP,2024-05-05,N
C101333,Mohammed Mathew,Patna,BR,2022-11-01,Y
C101334,Megha Patil,Nagpur,MH,2023-01-25,Y
C101335,Abhishek Mittal,Pune,MH,2024-06-07,Y
C101336,Rahul Mittal,Visakhapatnam,AP,2023-01-21,N
C101337,Bhavna Iyer,Mysuru,KA,2023-10-21,N
C101338,Ramesh Arora,Lucknow,UP,2024-08-26,N
C101339,Ayaan Mehta,Chennai,TN,2024-08-07,N
C101340,Gurpreet Gaikwad,Delhi,DL,2024-07-20,N
C101341,Ananya Desai,Mysuru,KA,2023-08-01,Y
C101342,Vihaan Fernandes,Nagpur,MH,2024-06-27,Y
C101343,Neha Bansal,Chennai,TN,2023-06-24,N
C101344,Siddharth Rao,Hyderabad,TS,2024-04-27,N
C101345,Zoya Qureshi,Pune,MH,2023-11-29,N
C101346,Riya Bansal,Guwahati,AS,2022-09-26,N
C101347,Anjali Mittal,Thiruvananthapuram,KL,2023-01-18,N
C101348,Aditya Bhatia,Hyderabad,TS,2023-02-06,Y
C101349,Dev Khanna,Gurugram,HR,2023-11-16,N
C101350,Tanvi Pillai,Nagpur,MH,2024-01-25,N
C101351,Neha Mittal,Pune,MH,2023-03-22,Y
C101352,Om Khan,Mysuru,KA,2023-02-11,N
C101353,Bhavna Khan,Gurugram,HR,2024-10-19,N
C101354,Sunita Reddy,Ranchi,JH,2022-07-19,N
C101355,Sunita Mishra,Thiruvananthapuram,KL,2022-08-14,N
C101356,Ananya Bhatia,Ranchi,JH,2024-10-18,N
C101357,Tenzin Fernandes,Indore,MP,2024-07-18,N
C101358,Simran Kumar,Pune,MH,2024-09-17,N
C101359,Steven Saxena,Mumbai,MH,2024-02-20,Y
C101360,Daniel Desai,Gurugram,HR,2024-05-23,N
C101361,Aarav Gaikwad,Chennai,TN,2024-09-04,N
C101362,Lakshmi Sharma,Mumbai,MH,2023-04-01,N
C101363,Aishwarya Chauhan,Lucknow,UP,2024-05-10,N
C101364,Deepak Naidu,Noida,UP,2024-06-26,N
C101365,Lobsang Ansari,Ranchi,JH,2024-08-25,Y
C101366,Megha Malhotra,Lucknow,UP,2024-07-16,N
C101367,Pranav Trivedi,Pune,MH,2024-04-05,N
C101368,Steven Kulkarni,Nashik,MH,2022-10-06,N
C101369,Meera Patil,Chennai,TN,2024-05-31,N
C101370,Aarav Jadhav,Pune,MH,2023-06-21,N
C101371,Simran Dutta,Visakhapatnam,AP,2022-11-14,Y
C101372,Imran Khanna,Jaipur,RJ,2024-01-06,N
C101373,Ankit Mathew,Gurugram,HR,2022-09-07,Y
C101374,Ishaan Dutta,Ahmedabad,GJ,2024-11-10,N
C101375,Pranav Jadhav,Bengaluru,KA,2022-12-22,N
C101376,Sukhwinder Dhillon,Surat,GJ,2024-05-28,Y
C101377,Kabir Bansal,Chennai,TN,2024-02-01,Y
C101378,Simran Yadav,Bhopal,MP,2024-08-25,N
C101379,Aishwarya Saxena,Mysuru,KA,2024-06-08,N
C101380,Vivaan Bose,Nagpur,MH,2024-03-25,N
C101381,Ankit Rao,Bhubaneswar,OR,2023-09-21,N
C101382,Abhishek Pawar,Dehradun,UK,2023-07-23,N
C101383,Harpreet Varghese,Bengaluru,KA,2023-02-27,N
C101384,Sameer Rao,Vadodara,GJ,2024-12-14,Y
C101385,Isha Mathew,Patna,BR,2023-11-30,N
C101386,Megha Yadav,Bhubaneswar,OR,2023-06-11,Y
C101387,Steven Roy,Jaipur,RJ,2023-01-20,N
C101388,Vikram Kulkarni,Pune,MH,2022-08-08,N
C101389,Priya Gaikwad,Guwahati,AS,2022-11-02,N
C101390,Riya Pillai,Noida,UP,2024-01-22,N
C101391,Ayaan Verma,Bhopal,MP,2023-10-27,N
C101392,Reyansh Dutta,Kolkata,WB,2023-02-23,N
C101393,Joseph Joshi,Bhubaneswar,OR,2024-09-12,N
C101394,Krishna Jadhav,Surat,GJ,2024-06-27,N
C101395,Manish Goyal,Noida,UP,2024-03-13,N
C101396,Zaid Desai,Dehradun,UK,2023-10-07,N
C101397,Mohammed Chauhan,Noida,UP,2022-12-04,Y
C101398,Jaspreet Banerjee,Surat,GJ,2024-04-24,N
C101399,Reyansh Das,Guwahati,AS,2024-06-25,N
C101400,Vikram Tiwari,Nashik,MH,2024-07-11,N
C101401,Shreya Kapoor,Bengaluru,KA,2023-09-15,N
C101402,Tanvi Yadav,Raipur,CG,2024-10-17,N
C101403,Isha Malhotra,Raipur,CG,2023-08-25,Y
C101404,Swati Varghese,Bhubaneswar,OR,2024-12-02,N
C101405,Bhavna Sethi,Hyderabad,TS,2023-08-05,Y
C101406,Aadhya Jain,Noida,UP,2024-11-01,N
C101407,Sneha Dutta,Nashik,MH,2024-08-06,N
C101408,Riya Verma,Chandigarh,CH,2023-11-15,Y
C101409,Mohammed Naidu,Mumbai,MH,2023-09-23,Y
C101410,Kabir Varghese,Chandigarh,CH,2023-02-11,N
C101411,Rohan Kaur,Jaipur,RJ,2023-08-20,N
C101412,Krishna Pandey,Vadodara,GJ,2024-10-13,Y
C101413,Rohit Tiwari,Chandigarh,CH,2024-04-25,N
C101414,Amit Kulkarni,Patna,BR,2023-09-07,N
C101415,Ishaan Siddiqui,Coimbatore,TN,2023-10-07,N
C101416,Abhishek Naidu,Delhi,DL,2023-01-11,N
C101417,Zaid Ghosh,Lucknow,UP,2022-11-16,N
C101418,Diya Singh,Kolkata,WB,2025-01-01,N
C101419,Vihaan Roy,Chennai,TN,2023-11-16,N
C101420,Nikhil Jain,Dehradun,UK,2024-07-25,N
C101421,Pooja Desai,Visakhapatnam,AP,2022-12-12,N
C101422,Lakshmi Shah,Jaipur,RJ,2023-12-31,N
C101423,Nikhil Deshpande,Indore,MP,2023-05-07,N
C101424,Rajat Bhatia,Indore,MP,2023-10-26,N
C101425,Aarav Bhatia,Kolkata,WB,2023-06-09,N
C101426,Imran Naidu,Dehradun,UK,2023-07-23,Y
C101427,Riya Malhotra,Lucknow,UP,2022-10-07,Y
C101428,Kavya Bansal,Indore,MP,2023-05-23,N
C101429,Farah Patil,Dehradun,UK,2023-02-09,Y
C101430,Amit Khanna,Ahmedabad,GJ,2023-05-01,N
C101431,Vikram Das,Chandigarh,CH,2024-10-30,Y
C101432,Shreya Shah,Visakhapatnam,AP,2022-11-04,N
C101433,Daniel Sharma,Indore,MP,2024-09-05,N
C101434,Rahul Kulkarni,Pune,MH,2024-05-28,Y
C101435,Sai Sheikh,Dehradun,UK,2023-08-11,N
C101436,Amit Patel,Chennai,TN,2023-10-13,N
C101437,Aadhya Sheikh,Mysuru,KA,2024-12-13,N
C101438,Nikhil Mittal,Thiruvananthapuram,KL,2024-11-23,N
C101439,Lakshmi Yadav,Guwahati,AS,2023-05-20,Y
C101440,Farah Mishra,Hyderabad,TS,2023-02-05,N
C101441,Arjun Qureshi,Bhopal,MP,2024-01-12,N
C101442,Om Shinde,Mumbai,MH,2024-10-12,N
C101443,Aarav Varghese,Vadodara,GJ,2023-09-15,N
C101444,Zaid Rao,Bhubaneswar,OR,2023-08-05,Y
C101445,Divya Jadhav,Pune,MH,2023-06-13,N
C101446,Tarun Mukherjee,Chennai,TN,2023-04-10,Y
C101447,Aditya Dhillon,Ahmedabad,GJ,2023-01-21,N
C101448,Amit Dutta,Dehradun,UK,2022-10-28,Y
C101449,Shreya Nair,Raipur,CG,2024-08-20,N
C101450,Lakshmi Ansari,Dehradun,UK,2024-12-24,N
C101451,Manpreet Khanna,Indore,MP,2024-07-08,N
C101452,Geeta Sandhu,Chandigarh,CH,2024-06-14,Y
C101453,Riya Bhatia,Patna,BR,2023-07-14,Y
C101454,Rajat Verma,Bhubaneswar,OR,2023-03-22,N
C101455,Rajat Patel,Gurugram,HR,2023-07-07,N
C101456,Ayaan Yadav,Gurugram,HR,2024-09-28,N
C101457,Ritika Pawar,Delhi,DL,2024-03-01,N
C101458,Pooja Bhatia,Surat,GJ,2023-02-01,N
C101459,Megha Sandhu,Bhubaneswar,OR,2023-04-12,N
C101460,Manpreet Bhatia,Hyderabad,TS,2022-08-15,N
C101461,Sai Yadav,Chennai,TN,2023-08-25,N
C101462,Siddharth Patil,Noida,UP,2023-05-19,Y
C101463,Ankit Tiwari,Guwahati,AS,2023-06-07,N
C101464,Mohammed Pereira,Kochi,KL,2023-08-25,N
C101465,Sukhwinder Das,Surat,GJ,2024-08-08,N
C101466,Harsh Mehta,Dehradun,UK,2023-04-03,N
C101467,Varun Pandey,Guwahati,AS,2023-08-06,N
C101468,Komal Saxena,Ahmedabad,GJ,2022-09-30,Y
C101469,Deepak Arora,Chandigarh,CH,2024-07-24,N
C101470,Kabir Singh,Gurugram,HR,2024-06-30,N
C101471,Saanvi Bose,Patna,BR,2023-01-04,Y
C101472,Joseph Fernandes,Gurugram,HR,2024-02-22,N
C101473,Geeta Bansal,Pune,MH,2024-09-12,Y
C101474,Amit Shinde,Ahmedabad,GJ,2023-05-29,N
C101475,Payal Rathore,Hyderabad,TS,2024-12-30,N
C101476,Daniel Kumar,Thiruvananthapuram,KL,2023-03-23,N
C101477,Thomas Das,Kolkata,WB,2024-03-05,N
C101478,Aadhya Khanna,Raipur,CG,2023-07-18,Y
C101479,Reyansh Gupta,Mumbai,MH,2024-01-25,N
C101480,Nikhil Kulkarni,Mumbai,MH,2024-01-26,Y
C101481,Vihaan Khanna,Bengaluru,KA,2023-09-24,N
C101482,Daniel George,Noida,UP,2024-08-05,N
C101483,Swati Naidu,Pune,MH,2024-09-07,N
C101484,Zaid Dutta,Vadodara,GJ,2023-09-30,Y
C101485,Sukhwinder Bansal,Bengaluru,KA,2022-10-31,N
C101486,Harpreet Ansari,Gurugram,HR,2022-11-02,N
C101487,Nisha Bhatt,Pune,MH,2023-06-09,Y
C101488,Farah Patel,Coimbatore,TN,2022-11-25,N
C101489,Shreya Nair,Dehradun,UK,2023-03-28,N
C101490,Priya Mittal,Indore,MP,2024-10-02,N
C101491,Pranav Sharma,Indore,MP,2024-01-11,N
C101492,Krishna Pillai,Mumbai,MH,2024-09-21,N
C101493,Vihaan Pereira,Nashik,MH,2024-03-24,N
C101494,Farah Kumar,Chennai,TN,2024-08-25,Y
C101495,Zoya Bansal,Hyderabad,TS,2023-03-22,N
C101496,Rohan Chopra,Mysuru,KA,2022-09-17,N
C101497,Vikram Chauhan,Chennai,TN,2023-06-23,N
C101498,Dev George,Nashik,MH,2023-06-11,N
C101499,Neha Rao,Guwahati,AS,2024-12-02,N
C101500,Varun Mittal,Nagpur,MH,2024-06-23,N
C101501,Priya Pandey,Chandigarh,CH,2022-10-11,N
C101502,Kunal Bansal,Thiruvananthapuram,KL,2024-06-05,Y
C101503,Lakshmi Deshpande,Kolkata,WB,2022-07-21,N
C101504,Thomas Shah,Gurugram,HR,2023-11-19,N
C101505,Priya Patel,Ranchi,JH,2022-08-15,Y
C101506,Suresh Fernandes,Bhopal,MP,2023-05-19,N
C101507,Nikhil Verma,Thiruvananthapuram,KL,2023-10-05,N
C101508,Tanvi Fernandes,Ranchi,JH,2024-10-26,N
C101509,Megha Gaikwad,Hyderabad,TS,2024-08-31,N
C101510,Vikram Shah,Surat,GJ,2024-04-09,N
C101511,Simran Nair,Bhubaneswar,OR,2024-02-26,N
C101512,Zoya Dutta,Vadodara,GJ,2022-09-18,N
C101513,Lobsang Goyal,Kochi,KL,2023-12-16,N
C101514,Divya Khanna,Indore,MP,2023-10-01,N
C101515,Joseph Das,Kochi,KL,2022-09-21,N
C101516,Simran Menon,Surat,GJ,2024-06-03,Y
C101517,Imran Saxena,Bhopal,MP,2022-12-24,N
C101518,Kunal Pandey,Ahmedabad,GJ,2023-10-07,Y
C101519,Ayaan Kulkarni,Visakhapatnam,AP,2024-06-12,Y
C101520,Deepak Jadhav,Jaipur,RJ,2023-03-16,N
C101521,Neha Bhatia,Vadodara,GJ,2024-01-09,Y
C101522,Krishna Srivastava,Jaipur,RJ,2024-02-16,N
C101523,Rajat Mehta,Mysuru,KA,2023-10-21,N
C101524,Riya Mittal,Ranchi,JH,2023-10-14,N
C101525,Ramesh Malhotra,Coimbatore,TN,2023-03-12,Y
C101526,Aadhya Yadav,Bengaluru,KA,2022-12-12,N
C101527,Lakshmi Khanna,Thiruvananthapuram,KL,2023-11-12,N
C101528,Shreya Bhatia,Bhopal,MP,2024-10-02,N
C101529,Manpreet Dutta,Ranchi,JH,2022-12-24,Y
C101530,Riya Gaikwad,Surat,GJ,2024-05-02,N
C101531,Karan Kapoor,Chandigarh,CH,2023-09-08,N
C101532,Ramesh Agarwal,Chennai,TN,2024-10-19,N
C101533,Anjali Verma,Visakhapatnam,AP,2024-01-31,N
C101534,Faisal Sandhu,Chennai,TN,2024-08-12,N
C101535,Megha Mukherjee,Chandigarh,CH,2023-10-14,Y
C101536,Gurpreet Gupta,Dehradun,UK,2023-11-18,N
C101537,Kabir Tiwari,Guwahati,AS,2023-07-19,N
C101538,Ishaan Deshpande,Pune,MH,2024-11-25,N
C101539,Kunal Kumar,Noida,UP,2024-01-03,Y
C101540,Imran Banerjee,Dehradun,UK,2022-10-08,N
C101541,Tenzin Naidu,Kochi,KL,2024-10-25,N
C101542,Nisha Sheikh,Thiruvananthapuram,KL,2023-12-04,N
C101543,Imran Gill,Bhubaneswar,OR,2024-06-20,N
C101544,Manpreet Ansari,Visakhapatnam,AP,2024-04-12,N
C101545,Vivaan Srivastava,Kochi,KL,2023-09-18,N
C101546,Rajat Chopra,Patna,BR,2022-09-02,N
C101547,Sunita Srivastava,Visakhapatnam,AP,2023-07-25,N
C101548,Shreya Jain,Mysuru,KA,2022-08-05,Y
C101549,Saanvi Chopra,Thiruvananthapuram,KL,2023-07-22,N
C101550,Pooja Chatterjee,Noida,UP,2024-03-08,N
C101551,Steven Iyer,Vadodara,GJ,2022-08-22,N
C101552,Priya Dutta,Nashik,MH,2024-12-22,N
C101553,Om Mishra,Surat,GJ,2023-11-23,Y
C101554,Bhavna Sen,Hyderabad,TS,2023-02-08,N
C101555,Sai Bhatia,Mumbai,MH,2022-12-19,N
C101556,Tenzin Menon,Pune,MH,2022-08-15,N
C101557,Ramesh Sen,Noida,UP,2024-01-19,N
C101558,Isha Mathew,Indore,MP,2024-10-12,Y
C101559,Om Patel,Mysuru,KA,2023-02-06,Y
C101560,Kunal Sen,Patna,BR,2024-06-27,N
C101561,Aadhya Shah,Pune,MH,2022-11-26,N
C101562,Simran Ansari,Hyderabad,TS,2023-06-24,N
C101563,Aishwarya Sen,Ahmedabad,GJ,2022-12-31,N
C101564,Priya Yadav,Pune,MH,2024-03-27,N
C101565,Kunal Bhatt,Indore,MP,2024-07-05,Y
C101566,Imran Shinde,Mysuru,KA,2024-12-30,N
C101567,Shreya Varghese,Surat,GJ,2023-11-27,N
C101568,Amit Pawar,Indore,MP,2024-08-27,Y
C101569,Imran Chatterjee,Ahmedabad,GJ,2023-11-30,N
C101570,Harpreet Bhatia,Hyderabad,TS,2024-03-15,N
C101571,Rohit Saxena,Delhi,DL,2022-11-24,N
C101572,Rohan Bansal,Vadodara,GJ,2023-09-05,N
C101573,Sukhwinder Arora,Nagpur,MH,2022-08-11,N
C101574,Komal Das,Patna,BR,2022-10-30,N
C101575,Nisha Iyer,Mumbai,MH,2023-04-10,N
C101576,Yash Sen,Bengaluru,KA,2023-04-04,N
C101577,Neha Pereira,Vadodara,GJ,2022-10-01,N
C101578,Daniel Pillai,Indore,MP,2022-08-28,N
C101579,Payal Naidu,Indore,MP,2024-09-22,N
C101580,Harsh Goyal,Mysuru,KA,2023-06-19,N
C101581,Meera George,Lucknow,UP,2024-11-29,N
C101582,Amit Singh,Delhi,DL,2024-10-16,Y
C101583,Kavya Gaikwad,Coimbatore,TN,2023-09-30,N
C101584,Ayaan Shinde,Gurugram,HR,2022-12-17,N
C101585,Lobsang Pandey,Pune,MH,2024-07-16,N
C101586,Mohammed Iyer,Lucknow,UP,2023-10-23,N
C101587,Sneha Gill,Ranchi,JH,2024-06-02,N
C101588,Aditya Patil,Nashik,MH,2024-03-08,Y
C101589,Riya Sethi,Chandigarh,CH,2023-02-09,N
C101590,Riya Naidu,Lucknow,UP,2023-05-24,Y
C101591,Neha Patil,Noida,UP,2023-09-19,N
C101592,Sameer Naidu,Guwahati,AS,2024-11-01,Y
C101593,Karan Patil,Surat,GJ,2024-07-03,N
C101594,Geeta Deshpande,Nagpur,MH,2024-07-21,N
C101595,Arjun Kapoor,Noida,UP,2024-06-03,N
C101596,Komal Siddiqui,Dehradun,UK,2023-06-22,N
C101597,Lobsang Yadav,Mysuru,KA,2024-10-30,Y
C101598,Steven Ansari,Gurugram,HR,2024-12-14,N
C101599,Om D'Souza,Guwahati,AS,2024-07-20,Y
C101600,Isha Kumar,Bengaluru,KA,2023-09-13,N
C101601,Isha Ghosh,Kolkata,WB,2022-10-22,N
C101602,Diya George,Raipur,CG,2022-12-28,N
C101603,Yash Pandey,Bhopal,MP,2022-09-28,N
C101604,Swati Dhillon,Jaipur,RJ,2023-01-11,N
C101605,Yash Dhillon,Nagpur,MH,2023-04-12,N
C101606,Pranav Mittal,Jaipur,RJ,2024-08-01,Y
C101607,Zoya Sandhu,Pune,MH,2024-11-08,N
C101608,Tanvi Sheikh,Delhi,DL,2022-12-28,N
C101609,Lakshmi Shinde,Lucknow,UP,2024-10-15,N
C101610,Ankit Sandhu,Ranchi,JH,2023-06-04,N
C101611,Priya Ghosh,Chennai,TN,2022-11-02,N
C101612,Aadhya Patil,Visakhapatnam,AP,2024-11-12,N
C101613,Sai Khan,Kolkata,WB,2024-06-17,N
C101614,Komal Dutta,Nashik,MH,2023-01-08,N
C101615,Varun Qureshi,Mysuru,KA,2023-05-21,N
C101616,Kabir Yadav,Coimbatore,TN,2022-10-26,N
C101617,Riya Nair,Kochi,KL,2022-09-15,Y
C101618,Rohan Ansari,Bhopal,MP,2023-06-25,Y
C101619,Steven Yadav,Hyderabad,TS,2024-08-22,Y
C101620,Kabir Malhotra,Nashik,MH,2022-08-05,N
C101621,Harsh Sen,Surat,GJ,2022-08-15,Y
C101622,Deepak Varghese,Raipur,CG,2023-05-15,Y
C101623,Gurpreet Kapoor,Nashik,MH,2023-02-10,Y
C101624,Karan Mukherjee,Chandigarh,CH,2023-02-19,Y
C101625,Harsh Ansari,Hyderabad,TS,2022-10-23,Y
C101626,Gurpreet Bose,Mysuru,KA,2024-11-01,Y
C101627,Vihaan Kulkarni,Indore,MP,2024-09-26,N
C101628,Thomas D'Souza,Raipur,CG,2023-03-10,N
C101629,Harpreet Banerjee,Bengaluru,KA,2023-01-20,N
C101630,Steven Rathore,Bhopal,MP,2023-06-20,N
C101631,Thomas Rathore,Hyderabad,TS,2024-09-03,N
C101632,Pooja Sheikh,Jaipur,RJ,2024-09-20,N
C101633,Sneha Sen,Thiruvananthapuram,KL,2023-01-12,N
C101634,Daniel Qureshi,Surat,GJ,2024-02-23,Y
C101635,Kavya Bansal,Mysuru,KA,2024-09-02,N
C101636,Vivaan Khanna,Dehradun,UK,2023-08-27,N
C101637,Aarav Khan,Kochi,KL,2024-04-10,Y
C101638,Pranav Trivedi,Vadodara,GJ,2023-08-12,Y
C101639,Tarun Kumar,Gurugram,HR,2023-04-17,N
C101640,Om Mittal,Ahmedabad,GJ,2023-06-15,N
C101641,Manish Deshpande,Visakhapatnam,AP,2024-01-17,Y
C101642,Gurpreet Banerjee,Patna,BR,2023-03-07,Y
C101643,Daniel Chauhan,Nagpur,MH,2024-01-11,Y
C101644,Divya Singh,Visakhapatnam,AP,2024-07-04,N
C101645,Rohit Patel,Bengaluru,KA,2023-07-27,N
C101646,Vikram Pillai,Ahmedabad,GJ,2024-10-19,N
C101647,Vihaan Khanna,Coimbatore,TN,2024-04-22,Y
C101648,Kunal George,Hyderabad,TS,2023-05-15,Y
C101649,Zaid Kulkarni,Nagpur,MH,2022-12-24,N
C101650,Simran Kumar,Mysuru,KA,2022-10-11,N
C101651,Rohit Pereira,Vadodara,GJ,2024-01-10,N
C101652,Kavya Chopra,Mysuru,KA,2023-05-23,N
C101653,Sunita Roy,Patna,BR,2023-03-06,N
C101654,Pooja Srivastava,Kochi,KL,2023-08-10,Y
C101655,Anjali Ansari,Bhubaneswar,OR,2022-11-19,Y
C101656,Ritika Patil,Indore,MP,2024-05-27,Y
C101657,Siddharth Nair,Dehradun,UK,2023-04-24,N
C101658,Om Mishra,Bengaluru,KA,2024-02-22,N
C101659,Zoya Gaikwad,Kolkata,WB,2024-09-28,N
C101660,Rohit Fernandes,Dehradun,UK,2023-08-19,N
C101661,Nikhil Shah,Nashik,MH,2022-11-04,N
C101662,Karan Singh,Jaipur,RJ,2023-11-04,Y
C101663,Manish Dutta,Patna,BR,2023-01-14,N
C101664,Riya Gill,Bhopal,MP,2023-08-04,N
C101665,Riya Iyer,Patna,BR,2023-10-18,N
C101666,Vihaan Mukherjee,Gurugram,HR,2024-06-29,N
C101667,Nisha Khan,Delhi,DL,2022-10-25,Y
C101668,Zoya Malhotra,Nagpur,MH,2024-07-11,N
C101669,Rajat Patil,Delhi,DL,2024-11-10,N
C101670,Aishwarya Sandhu,Nagpur,MH,2022-08-23,N
C101671,Suresh Sharma,Raipur,CG,2023-01-03,N
C101672,Sai Sharma,Bhubaneswar,OR,2024-09-28,N
C101673,Gurpreet Menon,Kolkata,WB,2024-04-02,N
C101674,Payal Qureshi,Lucknow,UP,2023-02-16,N
C101675,Priya Kapoor,Raipur,CG,2023-04-30,N
C101676,Abhishek Menon,Bhopal,MP,2023-02-21,N
C101677,Saanvi Patel,Noida,UP,2022-11-06,Y
C101678,Komal Reddy,Indore,MP,2023-10-31,N
C101679,Arjun Bhatia,Bhopal,MP,2024-07-23,N
C101680,Arjun Mathew,Gurugram,HR,2023-03-30,Y
C101681,Jaspreet Gupta,Dehradun,UK,2024-01-24,Y
C101682,Lakshmi Mishra,Chennai,TN,2023-02-02,N
C101683,Manish Nair,Nagpur,MH,2023-06-29,Y
C101684,Rohit Das,Gurugram,HR,2022-07-27,N
C101685,Vivaan Goyal,Noida,UP,2022-09-30,N
C101686,Sneha Kulkarni,Indore,MP,2023-10-01,N
C101687,Reyansh Qureshi,Pune,MH,2024-04-21,N
C101688,Aishwarya Malhotra,Mysuru,KA,2023-08-07,N
C101689,Manpreet Patil,Nashik,MH,2023-03-21,N
C101690,Farah Varghese,Raipur,CG,2022-09-13,N
C101691,Isha Kumar,Hyderabad,TS,2023-08-25,Y
C101692,Sai Bansal,Lucknow,UP,2023-07-04,Y
C101693,Pranav Bhatia,Kochi,KL,2023-06-25,Y
C101694,Sai Mathew,Kochi,KL,2024-07-16,N
C101695,Aditya Das,Bhopal,MP,2023-06-16,Y
C101696,Saanvi Joshi,Vadodara,GJ,2024-07-31,N
C101697,Ayaan Chauhan,Nagpur,MH,2023-12-23,N
C101698,Mohammed George,Bengaluru,KA,2024-11-19,N
C101699,Rajat Ghosh,Ranchi,JH,2023-08-18,Y
C101700,Kavya Pawar,Coimbatore,TN,2023-12-24,N
C101701,Om Ghosh,Thiruvananthapuram,KL,2024-03-12,N
C101702,Zaid Kulkarni,Bhopal,MP,2023-12-05,N
C101703,Megha Kulkarni,Coimbatore,TN,2023-10-18,N
C101704,Saanvi Singh,Kolkata,WB,2023-03-09,N
C101705,Sameer Malhotra,Chandigarh,CH,2024-08-20,N
C101706,Rahul Pillai,Delhi,DL,2022-10-10,N
C101707,Payal Bose,Delhi,DL,2023-11-27,Y
C101708,Megha Gaikwad,Ranchi,JH,2023-07-24,N
C101709,Pooja Mehta,Ahmedabad,GJ,2024-02-09,N
C101710,Nisha Iyer,Mumbai,MH,2023-02-26,Y
C101711,Rohan Chatterjee,Bhopal,MP,2023-03-01,N
C101712,Om Malhotra,Noida,UP,2023-03-21,N
C101713,Zoya Trivedi,Surat,GJ,2022-10-03,Y
C101714,Nisha Ansari,Gurugram,HR,2024-07-15,N
C101715,Sunita Dhillon,Mumbai,MH,2022-10-21,Y
C101716,Manish Fernandes,Indore,MP,2022-08-25,N
C101717,Anjali Chatterjee,Kochi,KL,2023-01-27,N
C101718,Komal Naidu,Bhubaneswar,OR,2024-05-30,N
C101719,Arjun Deshpande,Thiruvananthapuram,KL,2023-03-16,Y
C101720,Pooja Mehta,Bengaluru,KA,2024-07-20,Y
C101721,Farah Kumar,Coimbatore,TN,2024-10-24,N
C101722,Faisal Yadav,Delhi,DL,2024-09-08,N
C101723,Nisha Pandey,Chennai,TN,2023-06-06,N
C101724,Riya Chopra,Ahmedabad,GJ,2023-07-21,N
C101725,Ramesh Qureshi,Kolkata,WB,2024-04-13,Y
C101726,Daniel Gill,Kolkata,WB,2023-01-28,N
C101727,Harsh Naidu,Bhubaneswar,OR,2024-01-22,Y
C101728,Lakshmi Tiwari,Kolkata,WB,2023-12-27,Y
C101729,Krishna Rathore,Bhopal,MP,2023-08-14,N
C101730,Abhishek Bhatia,Gurugram,HR,2023-06-22,N
C101731,Harsh Varghese,Indore,MP,2022-09-26,N
C101732,Nisha Ansari,Chandigarh,CH,2024-08-01,N
C101733,Swati Kulkarni,Chennai,TN,2024-08-24,N
C101734,Arjun Jain,Mumbai,MH,2023-11-05,Y
C101735,Thomas Nair,Kochi,KL,2024-02-14,N
C101736,Reyansh Pandey,Noida,UP,2024-07-09,N
C101737,Om Mittal,Bhubaneswar,OR,2023-10-29,Y
C101738,Kunal Deshpande,Nagpur,MH,2024-07-01,N
C101739,Sukhwinder Jain,Patna,BR,2022-11-18,Y
C101740,Komal Agarwal,Gurugram,HR,2024-06-05,N
C101741,Rohan Arora,Kochi,KL,2022-08-26,N
C101742,Riya Joshi,Kolkata,WB,2022-09-21,Y
C101743,Vivaan Nair,Patna,BR,2023-06-19,N
C101744,Reyansh Mishra,Bhopal,MP,2023-01-07,N
C101745,Shreya Desai,Chandigarh,CH,2022-12-18,N
C101746,Swati D'Souza,Chandigarh,CH,2023-04-15,N
C101747,Rajat Mishra,Vadodara,GJ,2023-07-26,N
C101748,Siddharth Banerjee,Ranchi,JH,2022-08-05,N
C101749,Geeta Fernandes,Coimbatore,TN,2022-09-01,N
C101750,Bhavna Ghosh,Bhubaneswar,OR,2023-06-09,N
C101751,Geeta Kapoor,Nagpur,MH,2022-09-24,Y
C101752,Sunita Kaur,Raipur,CG,2024-05-21,N
C101753,Ananya Naidu,Pune,MH,2024-05-26,N
C101754,Rahul Bansal,Hyderabad,TS,2024-08-23,N
C101755,Rahul Verma,Lucknow,UP,2024-10-22,N
C101756,Krishna Desai,Pune,MH,2023-06-23,N
C101757,Joseph Gaikwad,Thiruvananthapuram,KL,2024-09-02,N
C101758,Manish Verma,Jaipur,RJ,2024-10-11,Y
C101759,Kavya Gaikwad,Guwahati,AS,2024-07-30,N
C101760,Nisha Desai,Gurugram,HR,2024-11-19,Y
C101761,Meera Mehta,Delhi,DL,2023-12-31,N
C101762,Payal Jain,Ahmedabad,GJ,2023-07-04,Y
C101763,Imran Kulkarni,Gurugram,HR,2023-10-03,Y
C101764,Aishwarya Chatterjee,Chandigarh,CH,2024-02-03,N
C101765,Dev Mathew,Kolkata,WB,2023-09-19,N
C101766,Simran Ansari,Guwahati,AS,2024-06-20,N
C101767,Saanvi Ansari,Pune,MH,2024-09-30,Y
C101768,Suresh Agarwal,Raipur,CG,2022-08-08,N
C101769,Shreya Singh,Noida,UP,2024-10-10,N
C101770,Sunita Chauhan,Patna,BR,2024-06-05,Y
C101771,Zoya Jadhav,Mumbai,MH,2023-05-09,N
C101772,Harsh Bhatt,Raipur,CG,2022-12-02,Y
C101773,Rohit Qureshi,Kochi,KL,2023-07-07,N
C101774,Megha Trivedi,Mysuru,KA,2022-09-01,Y
C101775,Payal Kulkarni,Patna,BR,2022-11-17,Y
C101776,Imran Dutta,Nagpur,MH,2022-08-06,Y
C101777,Yash Srivastava,Kolkata,WB,2022-12-16,N
C101778,Sneha Pawar,Dehradun,UK,2024-10-22,Y
C101779,Sukhwinder Mathew,Chandigarh,CH,2024-11-04,N
C101780,Sunita Khan,Bengaluru,KA,2024-06-07,N
C101781,Ritika Fernandes,Delhi,DL,2024-08-21,N
C101782,Kunal Sen,Visakhapatnam,AP,2023-09-21,N
C101783,Krishna Yadav,Ranchi,JH,2023-06-25,N
C101784,Vivaan Pillai,Bhubaneswar,OR,2023-01-11,N
C101785,Rahul Srivastava,Thiruvananthapuram,KL,2023-09-07,Y
C101786,Kabir Khanna,Mysuru,KA,2023-08-25,N
C101787,Aishwarya Mukherjee,Nashik,MH,2024-10-27,N
C101788,Yash Sharma,Thiruvananthapuram,KL,2023-07-22,N
C101789,Payal Kapoor,Pune,MH,2024-01-24,N
C101790,Ankit Naidu,Kolkata,WB,2022-09-29,Y
C101791,Sneha Ghosh,Jaipur,RJ,2024-08-18,Y
C101792,Manpreet Yadav,Vadodara,GJ,2022-10-13,N
C101793,Swati Mukherjee,Lucknow,UP,2024-11-22,N
C101794,Nisha Sheikh,Chandigarh,CH,2022-11-09,N
C101795,Farah Bose,Jaipur,RJ,2023-03-31,N
C101796,Siddharth Chauhan,Gurugram,HR,2024-05-27,N
C101797,Kavya Nair,Guwahati,AS,2023-07-21,N
C101798,Harpreet Arora,Coimbatore,TN,2023-02-19,N
C101799,Thomas Varghese,Mysuru,KA,2023-07-09,Y
C101800,Rahul Verma,Thiruvananthapuram,KL,2022-07-24,N
C101801,Riya Kapoor,Patna,BR,2023-03-24,N
C101802,Komal Mishra,Surat,GJ,2022-09-24,N
C101803,Ayaan Dhillon,Coimbatore,TN,2023-12-29,Y
C101804,Kabir Rathore,Noida,UP,2023-07-19,Y
C101805,Suresh Joshi,Surat,GJ,2024-05-02,N
C101806,Anjali Fernandes,Bengaluru,KA,2024-11-14,Y
C101807,Swati Singh,Thiruvananthapuram,KL,2024-11-12,N
C101808,Manish Khan,Kolkata,WB,2024-04-28,N
C101809,Dev Sen,Pune,MH,2024-06-01,N
C101810,Nikhil Mittal,Guwahati,AS,2024-01-11,Y
C101811,Amit Sharma,Thiruvananthapuram,KL,2022-11-28,N
C101812,Ishaan Srivastava,Nagpur,MH,2023-09-22,N
C101813,Swati Iyer,Gurugram,HR,2024-02-24,Y
C101814,Riya Kumar,Chandigarh,CH,2024-12-18,Y
C101815,Megha Khanna,Bhubaneswar,OR,2023-12-05,N
C101816,Suresh Ghosh,Patna,BR,2023-08-10,Y
C101817,Reyansh Nair,Kolkata,WB,2024-01-07,N
C101818,Krishna Deshpande,Patna,BR,2024-03-24,N
C101819,Sukhwinder Dhillon,Bhopal,MP,2024-03-01,Y
C101820,Joseph Shinde,Raipur,CG,2023-05-11,N
C101821,Rahul Kulkarni,Noida,UP,2024-03-26,N
C101822,Yash Mehta,Vadodara,GJ,2023-10-26,N
C101823,Dev Sethi,Mumbai,MH,2024-04-13,N
C101824,Jaspreet Kaur,Pune,MH,2023-04-10,Y
C101825,Ayaan Rathore,Mumbai,MH,2024-01-04,N
C101826,Rajat Naidu,Mumbai,MH,2024-08-14,Y
C101827,Vikram Pillai,Coimbatore,TN,2024-08-30,N
C101828,Joseph Sheikh,Guwahati,AS,2023-06-19,Y
C101829,Yash D'Souza,Pune,MH,2022-09-15,Y
C101830,Diya Gaikwad,Vadodara,GJ,2023-05-28,N
C101831,Ayaan Goyal,Gurugram,HR,2023-12-11,Y
C101832,Sai Khanna,Lucknow,UP,2024-06-22,N
C101833,Gurpreet Ansari,Coimbatore,TN,2024-08-12,N
C101834,Ananya Gill,Nagpur,MH,2024-07-15,N
C101835,Kabir Khanna,Indore,MP,2023-06-07,N
C101836,Ayaan Patel,Dehradun,UK,2022-12-21,N
C101837,Isha Shinde,Noida,UP,2023-03-22,Y
C101838,Kavya Sheikh,Mysuru,KA,2022-11-02,N
C101839,Jaspreet Rathore,Hyderabad,TS,2023-11-17,Y
C101840,Ishaan Sethi,Delhi,DL,2024-07-11,Y
C101841,Kabir Gill,Raipur,CG,2023-05-22,N
C101842,Sai Trivedi,Coimbatore,TN,2024-10-02,Y
C101843,Ayaan Sheikh,Pune,MH,2023-06-08,N
C101844,Vihaan Siddiqui,Noida,UP,2024-08-15,Y
C101845,Vivaan Bansal,Lucknow,UP,2024-01-06,Y
C101846,Aadhya Yadav,Guwahati,AS,2023-04-23,N
C101847,Gurpreet Pandey,Lucknow,UP,2024-06-27,Y
C101848,Sneha Khanna,Nagpur,MH,2023-03-29,N
C101849,Nikhil Chopra,Chennai,TN,2023-03-08,N
C101850,Riya Ghosh,Lucknow,UP,2023-05-13,N
C101851,Farah Kulkarni,Noida,UP,2023-06-03,N
C101852,Manish Pereira,Noida,UP,2022-08-08,N
C101853,Manish Roy,Lucknow,UP,2023-04-13,Y
C101854,Nisha Pawar,Chandigarh,CH,2024-08-25,N
C101855,Nikhil Varghese,Gurugram,HR,2024-01-22,N
C101856,Jaspreet Mehta,Bengaluru,KA,2022-07-23,Y
C101857,Kunal Chatterjee,Indore,MP,2022-08-25,Y
C101858,Krishna Gaikwad,Surat,GJ,2022-10-20,N
C101859,Swati Kapoor,Dehradun,UK,2023-09-16,N
C101860,Neha Kumar,Surat,GJ,2024-05-15,N
C101861,Abhishek Gupta,Hyderabad,TS,2024-01-09,N
C101862,Sameer Siddiqui,Lucknow,UP,2022-12-17,N
C101863,Ritika Singh,Vadodara,GJ,2023-08-13,Y
C101864,Gurpreet Deshpande,Lucknow,UP,2024-02-04,N
C101865,Suresh Sandhu,Chennai,TN,2024-03-22,Y
C101866,Varun Dutta,Guwahati,AS,2023-01-27,N
C101867,Lobsang Shinde,Lucknow,UP,2023-09-04,N
C101868,Farah Sharma,Jaipur,RJ,2023-12-22,N
C101869,Sai Varghese,Coimbatore,TN,2024-08-31,Y
C101870,Zoya Khanna,Kochi,KL,2022-09-19,N
C101871,Nisha Agarwal,Mysuru,KA,2023-05-24,N
C101872,Jaspreet Pawar,Dehradun,UK,2024-07-19,Y
C101873,Diya Das,Mumbai,MH,2023-01-11,Y
C101874,Steven Yadav,Kolkata,WB,2024-11-08,N
C101875,Rohit Deshpande,Chandigarh,CH,2022-08-14,Y
C101876,Riya Khanna,Mumbai,MH,2023-06-10,N
C101877,Isha Kaur,Ahmedabad,GJ,2024-06-08,N
C101878,Neha Kulkarni,Gurugram,HR,2023-10-21,N
C101879,Nisha Agarwal,Dehradun,UK,2023-02-13,N
C101880,Zaid Saxena,Bhubaneswar,OR,2024-09-30,N
C101881,Harpreet Fernandes,Bhubaneswar,OR,2023-11-18,Y
C101882,Isha Bhatia,Vadodara,GJ,2024-01-29,Y
C101883,Ramesh Nair,Chandigarh,CH,2023-08-07,Y
C101884,Nikhil Deshpande,Chandigarh,CH,2023-06-04,N
C101885,Steven Trivedi,Noida,UP,2023-10-17,Y
C101886,Abhishek Mishra,Kolkata,WB,2023-08-23,N
C101887,Kabir Reddy,Chandigarh,CH,2024-05-15,N
C101888,Siddharth Kaur,Bhopal,MP,2024-07-19,Y
C101889,Nisha Srivastava,Visakhapatnam,AP,2024-01-30,N
C101890,Payal Chatterjee,Chandigarh,CH,2023-10-24,N
C101891,Gurpreet Dutta,Dehradun,UK,2022-08-25,N
C101892,Jaspreet Rao,Delhi,DL,2023-08-28,N
C101893,Lakshmi D'Souza,Vadodara,GJ,2023-01-24,N
C101894,Ritika Gaikwad,Mysuru,KA,2023-04-28,Y
C101895,Ankit Kumar,Nagpur,MH,2024-05-09,N
C101896,Steven Nair,Ranchi,JH,2024-01-22,N
C101897,Siddharth Verma,Indore,MP,2023-08-27,N
C101898,Varun Deshpande,Indore,MP,2023-04-23,N
C101899,Sneha Mathew,Jaipur,RJ,2023-06-10,Y
C101900,Ankit Sheikh,Indore,MP,2024-02-17,N
C101901,Nisha Bhatia,Nashik,MH,2024-04-08,N
C101902,Neha Kaur,Ranchi,JH,2023-04-05,N
C101903,Suresh Arora,Nashik,MH,2022-09-26,N
C101904,Rajat Bhatia,Jaipur,RJ,2022-08-03,Y
C101905,Manpreet Verma,Ahmedabad,GJ,2022-08-17,N
C101906,Lobsang Gill,Jaipur,RJ,2023-10-22,N
C101907,Daniel Mishra,Hyderabad,TS,2024-07-21,N
C101908,Varun Rao,Bhubaneswar,OR,2023-10-08,N
C101909,Siddharth Shinde,Ahmedabad,GJ,2024-11-30,N
C101910,Pranav Nair,Indore,MP,2024-02-18,N
C101911,Amit Siddiqui,Surat,GJ,2023-11-19,Y
C101912,Abhishek Kapoor,Thiruvananthapuram,KL,2023-05-30,N
C101913,Karan Mittal,Visakhapatnam,AP,2023-08-24,N
C101914,Tenzin Naidu,Ahmedabad,GJ,2023-01-12,N
C101915,Ananya Malhotra,Mysuru,KA,2023-06-02,Y
C101916,Sunita Joshi,Visakhapatnam,AP,2023-04-24,Y
C101917,Vikram Saxena,Bhopal,MP,2023-02-13,N
C101918,Imran Bhatt,Nashik,MH,2024-06-14,N
C101919,Aadhya Chauhan,Noida,UP,2024-06-25,N
C101920,Suresh George,Jaipur,RJ,2022-12-05,Y
C101921,Lakshmi Roy,Jaipur,RJ,2023-09-05,Y
C101922,Komal Kaur,Vadodara,GJ,2024-05-26,N
C101923,Amit Khanna,Raipur,CG,2024-09-13,N
C101924,Daniel Patil,Noida,UP,2022-09-04,Y
C101925,Yash Chatterjee,Gurugram,HR,2024-05-16,N
C101926,Sai Ansari,Patna,BR,2022-12-30,Y
C101927,Aishwarya Das,Ahmedabad,GJ,2024-02-14,N
C101928,Harpreet Tiwari,Ahmedabad,GJ,2023-06-18,N
C101929,Aadhya Kulkarni,Patna,BR,2023-10-19,Y
C101930,Meera Varghese,Bengaluru,KA,2024-12-19,N
C101931,Tenzin Sen,Bengaluru,KA,2022-12-17,Y
C101932,Tarun Shinde,Kolkata,WB,2023-01-09,N
C101933,Lakshmi Jain,Patna,BR,2024-10-31,Y
C101934,Tanvi Jain,Raipur,CG,2024-12-29,Y
C101935,Shreya Gaikwad,Raipur,CG,2024-11-29,N
C101936,Sukhwinder Srivastava,Lucknow,UP,2023-06-12,Y
C101937,Anjali Arora,Ranchi,JH,2023-07-08,N
C101938,Joseph Rathore,Lucknow,UP,2024-07-28,N
C101939,Riya Nair,Ranchi,JH,2023-08-18,Y
C101940,Payal Dutta,Ahmedabad,GJ,2022-10-23,N
C101941,Ishaan Bansal,Nagpur,MH,2023-10-22,N
C101942,Isha Chopra,Mysuru,KA,2024-06-11,N
C101943,Abhishek Dhillon,Mumbai,MH,2024-03-23,N
C101944,Suresh Das,Noida,UP,2024-07-21,Y
C101945,Rohan Rathore,Chandigarh,CH,2023-01-17,Y
C101946,Manpreet Kaur,Noida,UP,2024-08-27,N
C101947,Sukhwinder Khan,Mysuru,KA,2024-05-07,N
C101948,Tarun Rao,Mumbai,MH,2023-02-05,N
C101949,Riya Singh,Surat,GJ,2024-09-25,N
C101950,Yash Pillai,Dehradun,UK,2022-09-26,Y
C101951,Vivaan Roy,Nagpur,MH,2022-08-31,Y
C101952,Ritika Joshi,Vadodara,GJ,2024-05-08,N
C101953,Pooja Bhatt,Lucknow,UP,2024-01-31,N
C101954,Gurpreet Nair,Thiruvananthapuram,KL,2024-06-17,N
C101955,Vivaan Dutta,Mumbai,MH,2024-01-26,N
C101956,Priya Nair,Mumbai,MH,2023-05-26,Y
C101957,Swati Ansari,Delhi,DL,2023-10-01,N
C101958,Diya Patel,Patna,BR,2023-06-23,N
C101959,Rahul Trivedi,Chandigarh,CH,2023-07-08,N
C101960,Megha Joshi,Chandigarh,CH,2024-06-19,N
C101961,Simran Srivastava,Delhi,DL,2023-09-03,Y
C101962,Komal Malhotra,Mumbai,MH,2024-04-08,N
C101963,Vihaan Mathew,Chandigarh,CH,2023-09-01,N
C101964,Ishaan Rao,Bhubaneswar,OR,2024-05-23,N
C101965,Vihaan Pillai,Delhi,DL,2024-01-04,Y
C101966,Zaid Gupta,Guwahati,AS,2023-02-27,Y
C101967,Yash Mehta,Thiruvananthapuram,KL,2023-10-05,N
C101968,Kabir Kapoor,Chennai,TN,2023-04-13,N
C101969,Mohammed Singh,Coimbatore,TN,2023-12-30,N
C101970,Faisal Dhillon,Surat,GJ,2023-06-25,Y
C101971,Ramesh Arora,Coimbatore,TN,2024-02-17,N
C101972,Rahul Gaikwad,Hyderabad,TS,2024-08-02,N
C101973,Saanvi Naidu,Visakhapatnam,AP,2024-07-26,Y
C101974,Ishaan Kapoor,Chennai,TN,2023-03-14,N
C101975,Zoya Sandhu,Patna,BR,2023-12-11,N
C101976,Suresh Rao,Vadodara,GJ,2024-07-18,Y
C101977,Pranav Patil,Coimbatore,TN,2024-03-01,N
C101978,Lakshmi Deshpande,Vadodara,GJ,2024-03-22,N
C101979,Krishna Jadhav,Ranchi,JH,2022-10-23,N
C101980,Siddharth Goyal,Chennai,TN,2023-02-09,Y
C101981,Lakshmi Reddy,Chandigarh,CH,2023-09-30,Y
C101982,Jaspreet Siddiqui,Noida,UP,2024-09-24,N
C101983,Aadhya Iyer,Dehradun,UK,2022-07-29,N
C101984,Ritika Iyer,Bhopal,MP,2022-08-08,Y
C101985,Dev Patil,Visakhapatnam,AP,2022-11-06,N
C101986,Varun Agarwal,Nagpur,MH,2022-08-04,N
C101987,Aadhya Roy,Dehradun,UK,2023-02-12,N
C101988,Farah Rao,Surat,GJ,2022-10-15,N
C101989,Lakshmi Mittal,Bengaluru,KA,2024-11-16,N
C101990,Geeta Pandey,Jaipur,RJ,2024-02-01,N
C101991,Priya Das,Kolkata,WB,2023-09-17,Y
C101992,Deepak Iyer,Mumbai,MH,2024-11-28,Y
C101993,Thomas Naidu,Jaipur,RJ,2023-09-29,N
C101994,Sameer Chatterjee,Bhubaneswar,OR,2023-12-08,N
C101995,Sameer Kumar,Indore,MP,2024-10-29,N
C101996,Simran Joshi,Visakhapatnam,AP,2023-06-09,N
C101997,Isha Shah,Raipur,CG,2023-01-26,Y
C101998,Ananya Sheikh,Vadodara,GJ,2024-12-08,Y
C101999,Arjun Dhillon,Delhi,DL,2022-10-29,N
C102000,Saanvi Gupta,Indore,MP,2023-10-09,Y
C102001,Geeta Mukherjee,Guwahati,AS,2022-10-16,Y
C102002,Sneha D'Souza,Delhi,DL,2023-07-26,N
C102003,Vivaan Menon,Nashik,MH,2023-11-19,N
C102004,Ramesh Banerjee,Coimbatore,TN,2024-02-05,N
C102005,Aarav Singh,Vadodara,GJ,2023-02-23,Y
C102006,Abhishek Ansari,Kochi,KL,2024-02-04,N
C102007,Sneha Pereira,Visakhapatnam,AP,2024-01-23,Y
C102008,Ramesh Nair,Bhubaneswar,OR,2024-07-10,N
C102009,Neha Rao,Noida,UP,2023-05-07,N
C102010,Krishna Arora,Nashik,MH,2022-08-22,N
C102011,Lakshmi Das,Noida,UP,2024-11-28,Y
C102012,Priya Das,Indore,MP,2023-01-18,N
C102013,Varun Singh,Bengaluru,KA,2023-04-15,N
C102014,Abhishek Sheikh,Ahmedabad,GJ,2024-06-16,N
C102015,Jaspreet Gupta,Gurugram,HR,2023-05-05,Y
C102016,Arjun Mathew,Jaipur,RJ,2023-04-28,N
C102017,Yash Deshpande,Surat,GJ,2022-12-10,N
C102018,Meera Jain,Dehradun,UK,2024-11-08,N
C102019,Amit Khanna,Dehradun,UK,2024-09-08,Y
C102020,Aditya Ansari,Lucknow,UP,2023-09-10,N
C102021,Vivaan Rao,Hyderabad,TS,2023-03-13,N
C102022,Komal Joshi,Bhopal,MP,2023-04-16,N
C102023,Ritika Bhatt,Bengaluru,KA,2023-06-20,Y
C102024,Suresh Rathore,Coimbatore,TN,2022-12-30,Y
C102025,Tanvi Kumar,Thiruvananthapuram,KL,2023-06-16,N
C102026,Abhishek Nair,Dehradun,UK,2024-08-19,N
C102027,Vivaan Rathore,Visakhapatnam,AP,2023-10-16,N
C102028,Karan Menon,Guwahati,AS,2022-11-07,N
C102029,Kabir Sharma,Noida,UP,2023-09-04,N
C102030,Bhavna Kumar,Kolkata,WB,2022-11-25,Y
C102031,Payal Saxena,Hyderabad,TS,2023-05-18,N
C102032,Deepak Patel,Coimbatore,TN,2024-04-30,N
C102033,Suresh Ghosh,Raipur,CG,2022-09-07,N
C102034,Nisha Das,Chennai,TN,2023-02-20,N
C102035,Ramesh Pereira,Nagpur,MH,2023-02-09,N
C102036,Jaspreet Das,Raipur,CG,2023-11-02,Y
C102037,Farah Menon,Ahmedabad,GJ,2024-11-11,N
C102038,Imran Menon,Nagpur,MH,2023-09-08,Y
C102039,Nisha Joshi,Vadodara,GJ,2023-12-16,N
C102040,Kunal Rathore,Delhi,DL,2022-09-05,N
C102041,Rohan Malhotra,Raipur,CG,2024-06-11,N
C102042,Harpreet Sheikh,Indore,MP,2022-11-14,N
C102043,Kavya Qureshi,Coimbatore,TN,2022-11-21,N
C102044,Nisha Khanna,Raipur,CG,2024-04-15,Y
C102045,Steven Khanna,Surat,GJ,2023-11-01,N
C102046,Deepak Sharma,Jaipur,RJ,2023-10-13,Y
C102047,Jaspreet Bhatt,Guwahati,AS,2023-11-03,N
C102048,Suresh Singh,Nashik,MH,2024-05-11,N
C102049,Krishna Kulkarni,Visakhapatnam,AP,2023-05-20,Y
C102050,Sameer Jain,Kolkata,WB,2022-10-26,N
C102051,Anjali Patel,Raipur,CG,2024-05-20,N
C102052,Harpreet Bansal,Patna,BR,2022-11-24,N
C102053,Sneha Roy,Indore,MP,2023-09-04,N
C102054,Reyansh Bose,Chandigarh,CH,2024-12-14,N
C102055,Manish Patel,Bengaluru,KA,2023-06-27,Y
C102056,Nikhil Fernandes,Thiruvananthapuram,KL,2024-07-11,N
C102057,Rajat Siddiqui,Coimbatore,TN,2024-11-13,N
C102058,Zaid Kapoor,Patna,BR,2023-09-08,N
C102059,Saanvi Verma,Guwahati,AS,2022-10-21,N
C102060,Megha Trivedi,Gurugram,HR,2023-02-17,Y
C102061,Aditya Mathew,Bengaluru,KA,2024-06-23,N
C102062,Rajat Shinde,Gurugram,HR,2024-04-12,N
C102063,Aditya Kapoor,Patna,BR,2024-06-28,N
C102064,Ankit Arora,Nashik,MH,2024-12-25,N
C102065,Suresh Saxena,Lucknow,UP,2023-05-16,N
C102066,Zoya Dhillon,Delhi,DL,2023-01-28,N
C102067,Pranav Roy,Ranchi,JH,2023-06-15,Y
C102068,Priya Dhillon,Bengaluru,KA,2024-05-03,N
C102069,Payal Shah,Dehradun,UK,2022-08-28,Y
C102070,Sunita Qureshi,Nashik,MH,2023-03-20,N
C102071,Isha Agarwal,Bhopal,MP,2023-11-14,N
C102072,Yash Tiwari,Mysuru,KA,2022-10-05,N
C102073,Manpreet Bansal,Nagpur,MH,2024-12-31,N
C102074,Vivaan Singh,Guwahati,AS,2023-09-09,Y
C102075,Megha Varghese,Nashik,MH,2023-03-02,N
C102076,Simran Singh,Pune,MH,2022-08-03,N
C102077,Farah Pandey,Ahmedabad,GJ,2023-10-29,N
C102078,Yash Nair,Noida,UP,2022-11-21,Y
C102079,Joseph Pereira,Pune,MH,2024-05-09,Y
C102080,Saanvi Mittal,Kolkata,WB,2022-11-01,Y
C102081,Kunal Saxena,Gurugram,HR,2024-12-25,N
C102082,Harsh Kumar,Bhubaneswar,OR,2024-03-03,Y
C102083,Ritika Siddiqui,Jaipur,RJ,2024-05-20,Y
C102084,Abhishek Pereira,Kochi,KL,2024-04-13,Y
C102085,Diya Reddy,Pune,MH,2023-07-02,Y
C102086,Ayaan Trivedi,Nashik,MH,2022-10-17,Y
C102087,Sneha Sandhu,Lucknow,UP,2024-01-21,Y
C102088,Abhishek Pandey,Kochi,KL,2022-11-01,N
C102089,Tarun Verma,Patna,BR,2024-08-01,N
C102090,Jaspreet Ghosh,Mysuru,KA,2022-08-09,N
C102091,Manpreet Rao,Gurugram,HR,2023-08-12,N
C102092,Nisha George,Coimbatore,TN,2024-05-07,N
C102093,Daniel Chauhan,Delhi,DL,2023-09-17,N
C102094,Vihaan Mathew,Lucknow,UP,2024-06-29,N
C102095,Suresh Goyal,Ahmedabad,GJ,2022-08-13,N
C102096,Suresh Saxena,Dehradun,UK,2022-09-13,Y
C102097,Swati Desai,Raipur,CG,2022-10-20,Y
C102098,Pooja Shah,Vadodara,GJ,2024-11-30,N
C102099,Suresh Reddy,Delhi,DL,2023-06-03,N
C102100,Sneha Gupta,Chandigarh,CH,2023-06-29,N
C102101,Shreya Bhatia,Ranchi,JH,2023-01-19,N
C102102,Varun Chopra,Lucknow,UP,2024-08-09,N
C102103,Sai Das,Coimbatore,TN,2022-12-23,Y
C102104,Lobsang Gill,Chennai,TN,2024-01-03,Y
C102105,Sneha Dutta,Ranchi,JH,2022-10-01,Y
C102106,Meera Jadhav,Gurugram,HR,2024-08-01,Y
C102107,Suresh Pereira,Pune,MH,2022-07-20,Y
C102108,Siddharth Verma,Nagpur,MH,2024-11-20,N
C102109,Komal Saxena,Bengaluru,KA,2023-04-27,N
C102110,Megha Iyer,Indore,MP,2024-10-14,N
C102111,Dev Gill,Dehradun,UK,2024-02-15,Y
C102112,Ankit Pawar,Patna,BR,2023-05-23,N
C102113,Simran Gupta,Chennai,TN,2024-09-30,Y
C102114,Aditya Sandhu,Hyderabad,TS,2023-05-15,N
C102115,Deepak Jain,Noida,UP,2022-10-24,N
C102116,Harsh Pillai,Bhubaneswar,OR,2023-05-03,Y
C102117,Sameer Patil,Raipur,CG,2024-06-28,Y
C102118,Rahul Khanna,Surat,GJ,2024-08-20,Y
C102119,Aishwarya Pawar,Bengaluru,KA,2024-05-29,N
C102120,Jaspreet D'Souza,Mumbai,MH,2024-02-02,N
C102121,Rajat Mathew,Thiruvananthapuram,KL,2022-12-14,N
C102122,Abhishek Pawar,Chandigarh,CH,2023-06-27,N
C102123,Ankit Tiwari,Delhi,DL,2024-01-09,Y
C102124,Jaspreet Khan,Gurugram,HR,2022-11-18,Y
C102125,Joseph Das,Nashik,MH,2024-05-01,N
C102126,Daniel Mittal,Gurugram,HR,2023-11-28,N
C102127,Vikram Bhatt,Bhubaneswar,OR,2024-12-19,N
C102128,Steven Rathore,Vadodara,GJ,2023-02-10,N
C102129,Jaspreet Jadhav,Coimbatore,TN,2023-03-22,Y
C102130,Deepak Dutta,Noida,UP,2024-10-24,N
C102131,Swati Pillai,Jaipur,RJ,2023-06-30,N
C102132,Yash Pillai,Mumbai,MH,2023-03-08,N
C102133,Ankit Iyer,Indore,MP,2022-09-16,N
C102134,Priya Shah,Guwahati,AS,2022-11-11,N
C102135,Aarav Patil,Jaipur,RJ,2022-10-02,N
C102136,Daniel Varghese,Nashik,MH,2022-09-29,N
C102137,Komal Khan,Indore,MP,2023-05-17,N
C102138,Kavya Roy,Nashik,MH,2023-07-13,N
C102139,Ayaan Kulkarni,Guwahati,AS,2022-11-09,N
C102140,Vivaan Chopra,Bhubaneswar,OR,2022-11-12,N
C102141,Imran Bansal,Ranchi,JH,2023-10-30,Y
C102142,Zoya Mishra,Gurugram,HR,2024-11-07,Y
C102143,Rahul Tiwari,Bhubaneswar,OR,2024-08-21,N
C102144,Rohan Sandhu,Patna,BR,2024-01-01,N
C102145,Payal Kumar,Bhopal,MP,2022-09-19,Y
C102146,Faisal Varghese,Mumbai,MH,2024-05-24,N
C102147,Meera Mittal,Gurugram,HR,2024-09-26,N
C102148,Faisal Kulkarni,Nagpur,MH,2023-11-03,N
C102149,Payal Gupta,Jaipur,RJ,2024-04-30,Y
C102150,Kavya George,Kochi,KL,2024-01-11,N
C102151,Suresh Gaikwad,Gurugram,HR,2025-01-01,Y
C102152,Daniel Joshi,Nashik,MH,2023-09-09,N
C102153,Diya Mukherjee,Ahmedabad,GJ,2024-09-11,Y
C102154,Sneha Verma,Delhi,DL,2023-10-25,N
C102155,Krishna Mishra,Visakhapatnam,AP,2024-07-22,N
C102156,Ritika Singh,Bengaluru,KA,2024-08-26,Y
C102157,Lakshmi Menon,Raipur,CG,2023-08-24,N
C102158,Rohit Bose,Raipur,CG,2023-01-17,N
C102159,Nikhil Kulkarni,Chandigarh,CH,2023-04-21,N
C102160,Riya Pawar,Coimbatore,TN,2023-10-10,N
C102161,Steven Desai,Coimbatore,TN,2024-05-07,Y
C102162,Ritika Jain,Surat,GJ,2023-11-20,N
C102163,Ramesh Bose,Bhopal,MP,2022-08-19,N
C102164,Aarav Nair,Kolkata,WB,2024-12-21,N
C102165,Om Pawar,Raipur,CG,2023-11-24,N
C102166,Ananya Bhatia,Hyderabad,TS,2023-11-11,N
C102167,Divya Shinde,Hyderabad,TS,2023-04-10,N
C102168,Payal Fernandes,Bengaluru,KA,2022-12-15,Y
C102169,Rajat Mehta,Bhopal,MP,2023-08-12,N
C102170,Abhishek Siddiqui,Raipur,CG,2022-11-17,N
C102171,Ishaan Gupta,Pune,MH,2023-05-19,N
C102172,Imran Sheikh,Visakhapatnam,AP,2022-10-29,N
C102173,Shreya Sen,Bhopal,MP,2023-10-18,N
C102174,Kunal Jain,Lucknow,UP,2024-01-29,N
C102175,Kavya Menon,Coimbatore,TN,2024-08-31,Y
C102176,Tanvi Agarwal,Hyderabad,TS,2024-11-09,Y
C102177,Kavya Saxena,Kolkata,WB,2024-10-11,Y
C102178,Lobsang Rathore,Jaipur,RJ,2024-03-26,Y
C102179,Simran Sethi,Chandigarh,CH,2024-11-15,Y
C102180,Karan Sheikh,Noida,UP,2023-04-14,N
C102181,Sukhwinder Patel,Ahmedabad,GJ,2022-09-16,N
C102182,Om Saxena,Nagpur,MH,2022-09-30,Y
C102183,Sai Chauhan,Bhubaneswar,OR,2024-04-16,N
C102184,Aarav Kulkarni,Pune,MH,2024-06-15,N
C102185,Dev Chopra,Kochi,KL,2023-07-04,Y
C102186,Payal Deshpande,Chandigarh,CH,2023-08-09,N
C102187,Geeta Pandey,Bhubaneswar,OR,2023-03-28,Y
C102188,Om Srivastava,Bhubaneswar,OR,2022-11-16,Y
C102189,Steven Roy,Chennai,TN,2022-11-12,N
C102190,Abhishek Dutta,Nagpur,MH,2023-03-04,N
C102191,Yash Mukherjee,Nagpur,MH,2022-11-27,N
C102192,Mohammed Jadhav,Kochi,KL,2024-07-05,N
C102193,Sameer Mathew,Mysuru,KA,2023-04-29,N
C102194,Anjali Das,Kochi,KL,2024-03-10,N
C102195,Kabir Joshi,Coimbatore,TN,2023-07-02,N
C102196,Steven Sharma,Lucknow,UP,2024-03-05,N
C102197,Riya Reddy,Lucknow,UP,2023-01-02,N
C102198,Tarun Desai,Bhopal,MP,2022-11-30,N
C102199,Faisal Patil,Vadodara,GJ,2023-01-06,N
C102200,Aadhya Kaur,Patna,BR,2023-03-31,N
C102201,Rohit Chauhan,Delhi,DL,2023-08-25,N
C102202,Meera Chatterjee,Chennai,TN,2024-08-23,N
C102203,Rahul Kumar,Dehradun,UK,2022-08-28,N
C102204,Lakshmi Malhotra,Surat,GJ,2023-03-10,N
C102205,Divya Deshpande,Ahmedabad,GJ,2024-07-26,N
C102206,Faisal Fernandes,Vadodara,GJ,2023-08-23,N
C102207,Ayaan Ghosh,Vadodara,GJ,2024-10-24,N
C102208,Ayaan Reddy,Surat,GJ,2024-01-07,Y
C102209,Tenzin Nair,Hyderabad,TS,2023-05-07,Y
C102210,Varun George,Coimbatore,TN,2024-05-20,N
C102211,Krishna Patel,Indore,MP,2023-04-25,N
C102212,Sneha Rathore,Patna,BR,2024-04-07,N
C102213,Aishwarya Qureshi,Kolkata,WB,2023-07-13,N
C102214,Saanvi Kapoor,Bengaluru,KA,2023-01-17,Y
C102215,Rohan Shinde,Kolkata,WB,2023-11-06,N
C102216,Aarav Iyer,Kochi,KL,2024-09-06,Y
C102217,Geeta Sharma,Raipur,CG,2024-01-06,N
C102218,Riya Kulkarni,Jaipur,RJ,2023-03-15,N
C102219,Om Patil,Gurugram,HR,2024-06-13,N
C102220,Dev Sheikh,Delhi,DL,2023-11-06,N
C102221,Nikhil Varghese,Jaipur,RJ,2023-10-23,N
C102222,Ramesh Mehta,Dehradun,UK,2024-08-28,N
C102223,Sunita Dhillon,Indore,MP,2022-08-16,Y
C102224,Vikram Kaur,Noida,UP,2024-06-07,N
C102225,Tanvi Iyer,Visakhapatnam,AP,2022-09-03,N
C102226,Simran Iyer,Chandigarh,CH,2023-01-21,N
C102227,Kabir Rao,Delhi,DL,2023-08-25,N
C102228,Siddharth Jain,Raipur,CG,2022-11-22,Y
C102229,Shreya Qureshi,Ahmedabad,GJ,2024-01-04,N
C102230,Amit Fernandes,Mysuru,KA,2022-11-11,Y
C102231,Rohan Chauhan,Guwahati,AS,2024-08-18,N
C102232,Ayaan Kapoor,Raipur,CG,2024-07-14,Y
C102233,Kunal Dhillon,Ahmedabad,GJ,2024-06-03,N
C102234,Simran Sheikh,Gurugram,HR,2024-12-05,N
C102235,Zaid Singh,Kochi,KL,2022-09-27,Y
C102236,Pooja Rao,Lucknow,UP,2024-10-30,N
C102237,Steven Banerjee,Nashik,MH,2024-09-14,N
C102238,Faisal Das,Jaipur,RJ,2023-04-26,Y
C102239,Om Shinde,Patna,BR,2024-11-12,N
C102240,Daniel Kumar,Pune,MH,2023-01-26,Y
C102241,Bhavna Iyer,Gurugram,HR,2024-03-03,N
C102242,Vivaan Dutta,Coimbatore,TN,2023-09-27,N
C102243,Rajat Deshpande,Patna,BR,2023-01-15,N
C102244,Kunal Sheikh,Dehradun,UK,2023-10-17,N
C102245,Swati Desai,Surat,GJ,2023-10-24,N
C102246,Aditya Ansari,Ranchi,JH,2022-08-02,Y
C102247,Sai Bhatt,Vadodara,GJ,2022-11-05,N
C102248,Faisal Bhatia,Kolkata,WB,2022-11-29,N
C102249,Jaspreet Patel,Nagpur,MH,2024-05-23,N
C102250,Amit Banerjee,Gurugram,HR,2022-09-27,N
C102251,Simran Shah,Raipur,CG,2023-03-09,Y
C102252,Ritika Mukherjee,Hyderabad,TS,2022-09-29,Y
C102253,Mohammed Bhatt,Nashik,MH,2023-03-15,Y
C102254,Diya Singh,Pune,MH,2023-09-10,Y
C102255,Aarav Chopra,Mumbai,MH,2024-04-03,N
C102256,Isha Sheikh,Gurugram,HR,2024-03-09,N
C102257,Joseph Shinde,Mumbai,MH,2023-02-21,N
C102258,Thomas Sandhu,Nashik,MH,2023-10-08,N
C102259,Daniel Fernandes,Ahmedabad,GJ,2023-07-25,N
C102260,Imran Siddiqui,Surat,GJ,2024-11-20,Y
C102261,Zoya Malhotra,Chandigarh,CH,2024-01-17,Y
C102262,Rohan Rathore,Bhubaneswar,OR,2023-02-06,N
C102263,Krishna Mehta,Indore,MP,2024-06-27,N
C102264,Neha Deshpande,Bengaluru,KA,2023-08-08,N
C102265,Gurpreet Mukherjee,Nagpur,MH,2022-10-07,N
C102266,Rohan Bhatt,Pune,MH,2023-01-15,N
C102267,Ananya Mukherjee,Thiruvananthapuram,KL,2023-04-02,Y
C102268,Reyansh Desai,Guwahati,AS,2024-02-14,N
C102269,Om Sandhu,Hyderabad,TS,2024-05-29,N
C102270,Priya Qureshi,Bhubaneswar,OR,2024-10-12,N
C102271,Meera Jain,Chandigarh,CH,2022-07-17,N
C102272,Amit Qureshi,Pune,MH,2023-12-19,N
C102273,Varun George,Pune,MH,2024-06-18,N
C102274,Harsh Trivedi,Delhi,DL,2023-03-07,N
C102275,Aarav Shah,Raipur,CG,2024-08-24,Y
C102276,Vihaan Pillai,Chennai,TN,2022-11-06,N
C102277,Rohit Pereira,Delhi,DL,2024-02-16,Y
C102278,Ritika Gill,Chandigarh,CH,2023-01-26,N
C102279,Divya Pillai,Nashik,MH,2024-07-05,N
C102280,Rahul Agarwal,Nashik,MH,2024-08-15,N
C102281,Rohit Menon,Ranchi,JH,2022-10-05,N
C102282,Ramesh Ghosh,Vadodara,GJ,2024-04-03,Y
C102283,Geeta Qureshi,Bhubaneswar,OR,2023-05-15,N
C102284,Swati Mittal,Patna,BR,2023-04-15,Y
C102285,Anjali D'Souza,Visakhapatnam,AP,2024-09-26,Y
C102286,Riya Verma,Surat,GJ,2022-08-11,N
C102287,Lakshmi Srivastava,Kochi,KL,2024-04-09,Y
C102288,Meera Gill,Bengaluru,KA,2024-09-01,Y
C102289,Deepak Menon,Chennai,TN,2024-07-23,N
C102290,Deepak Fernandes,Delhi,DL,2023-03-20,N
C102291,Ramesh Sethi,Patna,BR,2022-09-17,N
C102292,Sameer Bansal,Lucknow,UP,2024-02-24,N
C102293,Zaid Sheikh,Mysuru,KA,2023-07-08,N
C102294,Zoya George,Nagpur,MH,2023-06-17,N
C102295,Priya Fernandes,Noida,UP,2023-04-20,N
C102296,Om Kumar,Coimbatore,TN,2024-03-04,N
C102297,Anjali Sandhu,Pune,MH,2022-12-19,N
C102298,Nikhil Banerjee,Chennai,TN,2023-03-03,N
C102299,Karan Iyer,Ahmedabad,GJ,2023-01-08,N
C102300,Nikhil Pandey,Vadodara,GJ,2023-09-18,N
C102301,Ankit Iyer,Bengaluru,KA,2024-04-29,Y
C102302,Shreya Patel,Mumbai,MH,2023-12-20,Y
C102303,Anjali Ghosh,Raipur,CG,2023-02-12,N
C102304,Farah Siddiqui,Lucknow,UP,2022-10-13,Y
C102305,Thomas Pawar,Guwahati,AS,2024-02-26,N
C102306,Steven Chopra,Lucknow,UP,2024-02-21,N
C102307,Shreya Saxena,Indore,MP,2022-10-11,N
C102308,Rohan Fernandes,Dehradun,UK,2023-03-28,N
C102309,Ramesh Mukherjee,Kolkata,WB,2022-11-27,Y
C102310,Sai Pereira,Noida,UP,2024-10-01,N
C102311,Krishna Shah,Nagpur,MH,2023-05-29,N
C102312,Arjun Menon,Bengaluru,KA,2023-12-20,N
C102313,Faisal Rao,Mumbai,MH,2024-10-25,N
C102314,Ishaan Gupta,Guwahati,AS,2022-08-31,N
C102315,Tenzin Joshi,Nashik,MH,2023-04-11,Y
C102316,Jaspreet Rathore,Coimbatore,TN,2024-12-06,N
C102317,Abhishek Pawar,Mysuru,KA,2022-12-27,N
C102318,Saanvi Desai,Guwahati,AS,2023-09-29,N
C102319,Krishna Saxena,Nashik,MH,2022-07-30,N
C102320,Lobsang Chatterjee,Dehradun,UK,2024-04-17,N
C102321,Steven Khanna,Hyderabad,TS,2024-12-29,N
C102322,Riya Shinde,Surat,GJ,2024-08-19,Y
C102323,Neha Patil,Coimbatore,TN,2023-01-27,Y
C102324,Simran Chopra,Indore,MP,2024-12-03,Y
C102325,Geeta Jadhav,Ahmedabad,GJ,2022-09-14,N
C102326,Zaid Deshpande,Pune,MH,2022-10-03,Y
C102327,Sneha Varghese,Thiruvananthapuram,KL,2023-06-27,N
C102328,Meera Bansal,Lucknow,UP,2024-01-19,Y
C102329,Aarav Chauhan,Mumbai,MH,2024-04-16,N
C102330,Nisha Patil,Noida,UP,2022-08-07,Y
C102331,Sameer Pawar,Visakhapatnam,AP,2023-01-26,N
C102332,Meera Gill,Bhopal,MP,2024-09-24,Y
C102333,Tarun Tiwari,Ranchi,JH,2023-09-21,Y
C102334,Kabir Joshi,Bhubaneswar,OR,2022-09-10,Y
C102335,Vihaan Sethi,Thiruvananthapuram,KL,2024-12-05,Y
C102336,Sunita Patil,Lucknow,UP,2022-10-22,Y
C102337,Nisha Bhatia,Noida,UP,2024-01-03,N
C102338,Rajat Khan,Indore,MP,2024-05-18,Y
C102339,Faisal Patel,Guwahati,AS,2023-08-23,N
C102340,Ankit Sen,Mysuru,KA,2024-07-24,N
C102341,Farah Sheikh,Indore,MP,2024-11-14,N
C102342,Kabir Chatterjee,Patna,BR,2024-08-19,Y
C102343,Karan Gupta,Lucknow,UP,2023-01-31,N
C102344,Abhishek Khanna,Noida,UP,2022-08-29,N
C102345,Sai Kaur,Bhopal,MP,2022-11-11,N
C102346,Ananya Gill,Bhubaneswar,OR,2024-08-07,N
C102347,Steven Fernandes,Visakhapatnam,AP,2024-04-27,N
C102348,Sukhwinder Chopra,Jaipur,RJ,2024-05-29,N
C102349,Priya Deshpande,Mumbai,MH,2023-10-12,Y
C102350,Nisha Verma,Lucknow,UP,2023-07-03,N
C102351,Saanvi Kapoor,Nashik,MH,2022-10-05,N
C102352,Sameer Nair,Kochi,KL,2022-12-29,N
C102353,Rohit Verma,Surat,GJ,2024-11-17,Y
C102354,Rohit Trivedi,Vadodara,GJ,2023-04-30,N
C102355,Amit Malhotra,Raipur,CG,2024-01-24,N
C102356,Simran Jain,Gurugram,HR,2023-10-05,Y
C102357,Pooja Srivastava,Pune,MH,2023-05-26,Y
C102358,Saanvi Mehta,Guwahati,AS,2023-07-28,N
C102359,Thomas Bhatia,Raipur,CG,2023-12-21,N
C102360,Rohit Jain,Raipur,CG,2024-11-09,N
C102361,Sneha Chatterjee,Vadodara,GJ,2024-04-28,N
C102362,Abhishek Pereira,Visakhapatnam,AP,2024-03-16,N
C102363,Zaid Shah,Ranchi,JH,2023-11-19,N
C102364,Komal Kapoor,Chandigarh,CH,2023-06-19,N
C102365,Faisal Sheikh,Chennai,TN,2023-06-01,N
C102366,Dev Kumar,Pune,MH,2024-03-11,N
C102367,Simran Roy,Raipur,CG,2023-04-09,N
C102368,Megha Deshpande,Patna,BR,2023-10-14,Y
C102369,Saanvi Verma,Thiruvananthapuram,KL,2024-08-04,Y
C102370,Ishaan Sen,Visakhapatnam,AP,2022-11-06,N
C102371,Steven Jain,Vadodara,GJ,2023-02-06,N
C102372,Lakshmi Mittal,Nashik,MH,2023-08-23,N
C102373,Lakshmi Rathore,Patna,BR,2023-10-08,N
C102374,Mohammed Saxena,Bhopal,MP,2023-12-15,N
C102375,Pooja Kulkarni,Chennai,TN,2024-08-01,N
C102376,Yash Srivastava,Ranchi,JH,2024-07-04,N
C102377,Ramesh Iyer,Nashik,MH,2024-07-03,Y
C102378,Lobsang Sharma,Kochi,KL,2023-05-22,N
C102379,Steven Desai,Chandigarh,CH,2023-06-24,Y
C102380,Daniel Rathore,Bhubaneswar,OR,2022-07-17,N
C102381,Meera Pawar,Visakhapatnam,AP,2023-02-17,Y
C102382,Abhishek Nair,Ranchi,JH,2023-02-16,N
C102383,Krishna Gaikwad,Jaipur,RJ,2023-10-29,N
C102384,Aditya Banerjee,Bhubaneswar,OR,2024-10-22,N
C102385,Krishna Gupta,Jaipur,RJ,2024-12-16,N
C102386,Aarav Yadav,Ranchi,JH,2022-07-27,N
C102387,Kunal Tiwari,Coimbatore,TN,2024-01-26,N
C102388,Geeta Das,Coimbatore,TN,2024-09-28,Y
C102389,Swati Fernandes,Gurugram,HR,2022-12-06,Y
C102390,Divya Mukherjee,Thiruvananthapuram,KL,2023-08-25,N
C102391,Sukhwinder Jadhav,Guwahati,AS,2023-10-16,N
C102392,Anjali Dhillon,Nashik,MH,2024-12-17,Y
C102393,Bhavna Bose,Mysuru,KA,2024-04-19,Y
C102394,Krishna Mishra,Lucknow,UP,2022-09-29,N
C102395,Saanvi Bansal,Mumbai,MH,2023-07-26,Y
C102396,Amit Patel,Nagpur,MH,2023-08-10,N
C102397,Lobsang Kulkarni,Bengaluru,KA,2024-09-09,N
C102398,Rajat Rao,Nashik,MH,2024-02-17,Y
C102399,Swati Goyal,Lucknow,UP,2023-04-10,Y
C102400,Nikhil Joshi,Ranchi,JH,2023-10-25,N
C102401,Simran Gill,Mumbai,MH,2023-04-05,N
C102402,Shreya Kapoor,Kochi,KL,2022-12-03,Y
C102403,Sunita Shah,Kochi,KL,2023-08-25,Y
C102404,Suresh Jain,Dehradun,UK,2024-09-27,Y
C102405,Kavya Fernandes,Lucknow,UP,2023-06-28,Y
C102406,Zoya Mehta,Mumbai,MH,2022-12-07,Y
C102407,Divya Sheikh,Delhi,DL,2024-10-28,N
C102408,Komal Gill,Bhopal,MP,2023-03-14,Y
C102409,Yash Saxena,Dehradun,UK,2023-08-25,N
C102410,Suresh Trivedi,Thiruvananthapuram,KL,2023-03-12,N
C102411,Pranav Tiwari,Nashik,MH,2024-09-26,Y
C102412,Amit Joshi,Delhi,DL,2023-09-01,N
C102413,Krishna Goyal,Patna,BR,2023-08-30,N
C102414,Ayaan Verma,Mysuru,KA,2023-03-15,N
C102415,Manish Jain,Chandigarh,CH,2024-06-01,Y
C102416,Farah Shinde,Guwahati,AS,2023-02-17,N
C102417,Ankit George,Lucknow,UP,2024-08-08,Y
C102418,Thomas Khan,Patna,BR,2023-05-05,N
C102419,Harpreet Ansari,Delhi,DL,2022-11-21,N
C102420,Shreya Jain,Nashik,MH,2024-12-15,Y
C102421,Divya Banerjee,Thiruvananthapuram,KL,2023-01-31,N
C102422,Rajat Patil,Chennai,TN,2023-12-23,Y
C102423,Rohan Gupta,Indore,MP,2024-08-06,N
C102424,Tarun Gupta,Coimbatore,TN,2024-06-21,N
C102425,Lakshmi Gupta,Delhi,DL,2023-08-21,N
C102426,Swati Kapoor,Raipur,CG,2023-04-27,N
C102427,Amit Singh,Bhopal,MP,2022-09-08,Y
C102428,Geeta Menon,Nashik,MH,2022-08-03,Y
C102429,Yash Qureshi,Gurugram,HR,2023-08-03,N
C102430,Sukhwinder Agarwal,Delhi,DL,2023-03-28,N
C102431,Abhishek Nair,Thiruvananthapuram,KL,2023-04-04,N
C102432,Siddharth Dutta,Kolkata,WB,2023-02-13,Y
C102433,Ananya Jain,Vadodara,GJ,2023-07-30,N
C102434,Steven Shah,Bengaluru,KA,2022-12-15,N
C102435,Nisha Khan,Hyderabad,TS,2023-07-29,N
C102436,Kavya Pillai,Guwahati,AS,2023-01-04,Y
C102437,Sai Mathew,Vadodara,GJ,2024-07-09,N
C102438,Ramesh Deshpande,Nagpur,MH,2023-03-29,N
C102439,Mohammed Qureshi,Kochi,KL,2022-08-02,Y
C102440,Ayaan Chauhan,Noida,UP,2024-08-09,N
C102441,Sameer Patil,Dehradun,UK,2024-04-02,N
C102442,Swati D'Souza,Pune,MH,2023-08-03,N
C102443,Rohan Patel,Jaipur,RJ,2024-12-09,N
C102444,Geeta Roy,Surat,GJ,2023-09-20,N
C102445,Rajat Naidu,Lucknow,UP,2024-10-03,Y
C102446,Suresh Kumar,Chennai,TN,2022-09-03,N
C102447,Joseph Das,Bhubaneswar,OR,2022-10-09,N
C102448,Payal Yadav,Bhopal,MP,2022-10-14,N
C102449,Pooja Malhotra,Ahmedabad,GJ,2023-04-07,N
C102450,Siddharth George,Dehradun,UK,2024-05-25,Y
C102451,Om Gaikwad,Indore,MP,2024-02-17,Y
C102452,Nisha Kumar,Nashik,MH,2023-08-14,N
C102453,Om Das,Raipur,CG,2023-11-14,N
C102454,Varun Gill,Bhopal,MP,2023-08-27,N
C102455,Lobsang Tiwari,Thiruvananthapuram,KL,2022-11-11,N
C102456,Vihaan Patel,Noida,UP,2024-06-26,N
C102457,Aditya Das,Bhopal,MP,2022-11-10,N
C102458,Shreya Singh,Guwahati,AS,2022-09-10,Y
C102459,Zaid Arora,Gurugram,HR,2024-03-25,Y
C102460,Aarav Mathew,Mysuru,KA,2024-04-05,N
C102461,Pranav Agarwal,Jaipur,RJ,2023-10-12,Y
C102462,Zaid Banerjee,Coimbatore,TN,2023-05-17,Y
C102463,Ramesh Srivastava,Hyderabad,TS,2023-04-27,N
C102464,Zoya Trivedi,Ranchi,JH,2023-05-13,Y
C102465,Komal Patil,Indore,MP,2023-11-08,Y
C102466,Neha Goyal,Lucknow,UP,2023-09-10,N
C102467,Krishna Menon,Kolkata,WB,2024-09-03,N
C102468,Saanvi Dhillon,Ranchi,JH,2023-05-24,Y
C102469,Divya Tiwari,Noida,UP,2022-09-07,N
C102470,Siddharth Das,Lucknow,UP,2022-11-05,N
C102471,Mohammed Fernandes,Hyderabad,TS,2023-11-27,N
C102472,Lakshmi Varghese,Gurugram,HR,2024-12-14,N
C102473,Rohit Kapoor,Mumbai,MH,2023-05-20,N
C102474,Aishwarya Joshi,Mumbai,MH,2024-01-30,N
C102475,Faisal Deshpande,Delhi,DL,2023-06-15,Y
C102476,Sukhwinder Goyal,Kolkata,WB,2023-10-14,N
C102477,Geeta Desai,Pune,MH,2024-12-04,N
C102478,Lakshmi Chatterjee,Kochi,KL,2024-08-28,N
C102479,Sai Siddiqui,Raipur,CG,2023-06-12,Y
C102480,Zoya Bansal,Nagpur,MH,2022-12-16,N
C102481,Sunita Menon,Pune,MH,2024-04-25,N
C102482,Sukhwinder Trivedi,Ranchi,JH,2024-02-18,N
C102483,Shreya Patil,Guwahati,AS,2023-07-06,N
C102484,Zoya Dhillon,Mumbai,MH,2024-12-10,Y
C102485,Daniel Kumar,Coimbatore,TN,2025-01-01,N
C102486,Mohammed Joshi,Gurugram,HR,2022-07-25,N
C102487,Arjun Kaur,Vadodara,GJ,2023-02-23,N
C102488,Suresh Chauhan,Ranchi,JH,2023-03-26,Y
C102489,Yash Ghosh,Nashik,MH,2024-09-13,Y
C102490,Sukhwinder Gupta,Bengaluru,KA,2023-02-02,N
C102491,Imran Chauhan,Nagpur,MH,2022-10-05,N
C102492,Manish Rathore,Bhopal,MP,2023-10-16,N
C102493,Reyansh Varghese,Coimbatore,TN,2023-03-15,N
C102494,Meera Saxena,Visakhapatnam,AP,2024-12-08,Y
C102495,Kabir Trivedi,Ranchi,JH,2023-04-17,N
C102496,Sunita Jain,Raipur,CG,2022-08-22,N
C102497,Nikhil Bansal,Delhi,DL,2023-09-18,Y
C102498,Rahul Gupta,Raipur,CG,2023-05-03,Y
C102499,Faisal Chopra,Indore,MP,2024-09-04,Y
C102500,Mohammed Pawar,Delhi,DL,2023-08-22,N
C102501,Vivaan Deshpande,Patna,BR,2022-11-15,Y
C102502,Manish Qureshi,Mumbai,MH,2024-02-12,N
C102503,Daniel Fernandes,Delhi,DL,2022-12-04,Y
C102504,Ananya Naidu,Noida,UP,2022-10-22,N
C102505,Arjun Goyal,Jaipur,RJ,2023-08-22,N
C102506,Vihaan Patel,Bhubaneswar,OR,2022-12-07,N
C102507,Lakshmi Shah,Raipur,CG,2023-08-29,N
C102508,Om Ansari,Thiruvananthapuram,KL,2024-07-19,Y
C102509,Tarun Sen,Surat,GJ,2024-05-07,N
C102510,Manish Rathore,Ahmedabad,GJ,2022-12-16,N
C102511,Aadhya Khanna,Surat,GJ,2024-12-19,N
C102512,Kabir Arora,Hyderabad,TS,2022-09-17,Y
C102513,Rohit Chopra,Lucknow,UP,2024-10-02,N
C102514,Vihaan Mittal,Jaipur,RJ,2022-07-17,Y
C102515,Tenzin Jain,Vadodara,GJ,2023-12-14,N
C102516,Komal Goyal,Gurugram,HR,2024-06-02,N
C102517,Riya Gupta,Visakhapatnam,AP,2023-01-29,N
C102518,Meera Das,Bhopal,MP,2024-04-26,Y
C102519,Manish Bansal,Bhubaneswar,OR,2022-07-17,Y
C102520,Priya Menon,Delhi,DL,2024-08-30,Y
C102521,Megha Kulkarni,Kolkata,WB,2024-12-28,N
C102522,Sai Goyal,Dehradun,UK,2023-04-08,N
C102523,Manpreet Chauhan,Thiruvananthapuram,KL,2023-06-09,N
C102524,Bhavna Gupta,Bengaluru,KA,2023-12-27,N
C102525,Megha Reddy,Kochi,KL,2023-04-19,Y
C102526,Siddharth Ghosh,Chandigarh,CH,2024-06-28,Y
C102527,Sneha Jadhav,Vadodara,GJ,2022-11-12,Y
C102528,Kavya Nair,Guwahati,AS,2024-11-13,N
C102529,Aarav Gill,Lucknow,UP,2024-08-04,N
C102530,Lakshmi Mathew,Thiruvananthapuram,KL,2023-12-02,N
C102531,Arjun Trivedi,Visakhapatnam,AP,2024-05-06,N
C102532,Bhavna Patil,Mumbai,MH,2023-05-16,Y
C102533,Kabir Tiwari,Kolkata,WB,2024-03-31,N
C102534,Rajat Jadhav,Thiruvananthapuram,KL,2023-10-11,Y
C102535,Meera Agarwal,Indore,MP,2023-02-26,Y
C102536,Om Rao,Guwahati,AS,2024-01-28,N
C102537,Gurpreet Nair,Nagpur,MH,2022-10-13,N
C102538,Sukhwinder Deshpande,Patna,BR,2024-05-27,N
C102539,Farah Roy,Indore,MP,2023-09-16,N
C102540,Diya Dhillon,Raipur,CG,2022-10-06,N
C102541,Komal Mathew,Hyderabad,TS,2024-12-08,N
C102542,Ramesh Malhotra,Kochi,KL,2023-03-03,N
C102543,Suresh Verma,Lucknow,UP,2024-07-02,N
C102544,Ananya Dhillon,Chennai,TN,2023-11-02,N
C102545,Sameer Pillai,Coimbatore,TN,2023-07-15,N
C102546,Ritika Reddy,Pune,MH,2023-10-22,N
C102547,Harpreet Gaikwad,Kolkata,WB,2022-08-24,Y
C102548,Aishwarya Srivastava,Bengaluru,KA,2024-06-27,Y
C102549,Riya Das,Mumbai,MH,2022-10-19,N
C102550,Kunal Ghosh,Chandigarh,CH,2024-05-20,N
C102551,Gurpreet Gill,Chennai,TN,2023-08-04,N
C102552,Joseph Siddiqui,Coimbatore,TN,2023-04-05,N
C102553,Abhishek Ansari,Guwahati,AS,2023-06-12,N
C102554,Daniel Pillai,Chandigarh,CH,2023-08-01,Y
C102555,Divya Iyer,Bengaluru,KA,2023-01-30,Y
C102556,Jaspreet Mittal,Nagpur,MH,2023-09-06,N
C102557,Sneha Shah,Ranchi,JH,2023-09-07,N
C102558,Thomas Sen,Delhi,DL,2023-07-10,Y
C102559,Manpreet Goyal,Bhopal,MP,2024-06-01,Y
C102560,Priya Shinde,Chennai,TN,2023-02-22,N
C102561,Pooja Nair,Vadodara,GJ,2024-03-24,N
C102562,Komal Nair,Pune,MH,2024-01-08,N
C102563,Payal Verma,Hyderabad,TS,2024-04-11,Y
C102564,Manish Fernandes,Bhopal,MP,2022-12-03,N
C102565,Sunita George,Dehradun,UK,2022-12-06,Y
C102566,Mohammed Das,Surat,GJ,2024-04-26,N
C102567,Sunita Das,Nagpur,MH,2024-07-08,N
C102568,Saanvi Deshpande,Chandigarh,CH,2024-02-25,N
C102569,Aishwarya Fernandes,Ranchi,JH,2022-09-10,N
C102570,Saanvi Fernandes,Delhi,DL,2023-11-23,Y
C102571,Yash Qureshi,Chennai,TN,2024-05-21,N
C102572,Farah Rao,Gurugram,HR,2022-08-23,N
C102573,Lakshmi Verma,Guwahati,AS,2023-12-03,Y
C102574,Sukhwinder Trivedi,Nashik,MH,2024-07-16,Y
C102575,Lakshmi Mathew,Gurugram,HR,2024-04-12,N
C102576,Neha Dutta,Chandigarh,CH,2023-07-17,N
C102577,Manish Rathore,Vadodara,GJ,2023-12-24,N
C102578,Geeta Iyer,Kolkata,WB,2023-02-06,Y
C102579,Ananya Desai,Chennai,TN,2024-02-17,N
C102580,Suresh Bose,Nagpur,MH,2023-05-12,Y
C102581,Sukhwinder Singh,Chandigarh,CH,2024-04-25,N
C102582,Kabir Bhatt,Nagpur,MH,2022-09-18,N
C102583,Dev Rathore,Jaipur,RJ,2022-09-05,N
C102584,Pooja Sethi,Lucknow,UP,2024-01-29,Y
C102585,Tarun Kaur,Pune,MH,2023-04-08,Y
C102586,Gurpreet Jadhav,Bhopal,MP,2024-02-18,N
C102587,Tanvi Desai,Patna,BR,2023-08-17,N
C102588,Manish Iyer,Thiruvananthapuram,KL,2023-11-29,N
C102589,Aishwarya Sethi,Chennai,TN,2023-08-13,N
C102590,Vivaan Kaur,Guwahati,AS,2023-04-18,N
C102591,Tenzin Sheikh,Nashik,MH,2024-01-23,N
C102592,Imran D'Souza,Mumbai,MH,2024-01-02,Y
C102593,Ankit Mittal,Patna,BR,2022-07-28,N
C102594,Imran Sharma,Coimbatore,TN,2023-11-23,Y
C102595,Priya Das,Indore,MP,2024-03-12,N
C102596,Arjun Malhotra,Jaipur,RJ,2023-12-24,Y
C102597,Sameer Pawar,Ranchi,JH,2024-08-19,N
C102598,Kabir Sandhu,Bengaluru,KA,2024-11-28,N
C102599,Ramesh Shinde,Guwahati,AS,2023-07-04,N
C102600,Shreya Sandhu,Vadodara,GJ,2022-11-24,N
C102601,Diya Pillai,Jaipur,RJ,2024-07-19,Y
C102602,Imran Rao,Ahmedabad,GJ,2022-10-20,Y
C102603,Harpreet Bhatia,Bhubaneswar,OR,2023-05-12,N
C102604,Tarun Reddy,Indore,MP,2022-08-01,N
C102605,Amit Kulkarni,Bhopal,MP,2024-08-05,N
C102606,Reyansh Trivedi,Pune,MH,2022-10-22,N
C102607,Joseph Bhatt,Delhi,DL,2024-08-10,N
C102608,Gurpreet Kapoor,Raipur,CG,2023-07-07,N
C102609,Pranav George,Surat,GJ,2024-12-16,N
C102610,Abhishek Desai,Surat,GJ,2022-07-21,N
C102611,Daniel Bhatt,Nagpur,MH,2023-05-12,Y
C102612,Aditya Malhotra,Vadodara,GJ,2024-01-05,Y
C102613,Riya Sethi,Lucknow,UP,2023-06-13,Y
C102614,Ayaan Srivastava,Patna,BR,2022-07-29,Y
C102615,Anjali Ansari,Raipur,CG,2022-12-27,Y
C102616,Mohammed Sheikh,Bhopal,MP,2023-11-23,N
C102617,Rahul Dhillon,Raipur,CG,2024-12-08,N
C102618,Nikhil Arora,Raipur,CG,2023-03-11,N
C102619,Rohan Roy,Bengaluru,KA,2024-12-05,N
C102620,Mohammed Shah,Indore,MP,2024-11-04,Y
C102621,Isha Banerjee,Surat,GJ,2023-05-31,Y
C102622,Sukhwinder Das,Bengaluru,KA,2023-04-08,N
C102623,Jaspreet Singh,Bhopal,MP,2024-05-18,Y
C102624,Faisal Mathew,Nagpur,MH,2022-10-15,Y
C102625,Ritika Gupta,Vadodara,GJ,2023-01-01,N
C102626,Ananya Siddiqui,Kochi,KL,2024-02-07,N
C102627,Tanvi Nair,Kolkata,WB,2023-06-24,N
C102628,Ankit Kapoor,Bengaluru,KA,2024-02-07,N
C102629,Simran Roy,Bhopal,MP,2024-05-28,Y
C102630,Geeta Bose,Vadodara,GJ,2022-09-10,Y
C102631,Rajat Chauhan,Vadodara,GJ,2024-03-01,N
C102632,Vikram Roy,Chennai,TN,2024-10-20,Y
C102633,Reyansh Bhatt,Indore,MP,2022-10-16,N
C102634,Steven Srivastava,Guwahati,AS,2023-05-16,Y
C102635,Joseph Rao,Patna,BR,2022-11-22,N
C102636,Ananya Iyer,Indore,MP,2023-05-18,N
C102637,Steven Desai,Lucknow,UP,2023-10-19,N
C102638,Ramesh Reddy,Nagpur,MH,2023-04-17,N
C102639,Shreya Singh,Kochi,KL,2023-10-15,N
C102640,Ananya Agarwal,Lucknow,UP,2023-12-26,N
C102641,Amit Pandey,Chennai,TN,2023-01-25,Y
C102642,Zoya Gupta,Bhubaneswar,OR,2022-12-25,Y
C102643,Geeta D'Souza,Dehradun,UK,2023-11-17,N
C102644,Rajat Yadav,Jaipur,RJ,2023-01-20,N
C102645,Vihaan Patel,Ranchi,JH,2024-07-11,Y
C102646,Sai Reddy,Gurugram,HR,2022-10-17,Y
C102647,Lobsang Bhatia,Kochi,KL,2023-02-02,Y
C102648,Kavya Pandey,Coimbatore,TN,2023-12-28,N
C102649,Farah Saxena,Nagpur,MH,2024-01-02,N
C102650,Vikram Rao,Dehradun,UK,2024-03-03,Y
C102651,Rahul Ansari,Chennai,TN,2023-01-12,N
C102652,Rahul Kumar,Jaipur,RJ,2022-11-22,N
C102653,Yash Yadav,Chandigarh,CH,2023-01-30,N
C102654,Suresh Pereira,Ranchi,JH,2023-10-16,Y
C102655,Jaspreet Varghese,Indore,MP,2023-03-08,N
C102656,Zoya Goyal,Chandigarh,CH,2022-11-25,N
C102657,Aishwarya Bansal,Jaipur,RJ,2022-08-14,N
C102658,Simran Bose,Jaipur,RJ,2023-12-20,Y
C102659,Dev Chatterjee,Nagpur,MH,2023-06-11,N
C102660,Rahul Sandhu,Bhopal,MP,2024-08-28,N
C102661,Krishna Kapoor,Surat,GJ,2022-11-17,Y
C102662,Mohammed Gill,Ranchi,JH,2024-12-22,N
C102663,Isha Joshi,Gurugram,HR,2023-05-21,N
C102664,Ayaan Goyal,Mumbai,MH,2023-03-02,N
C102665,Harpreet Jain,Kochi,KL,2022-11-15,N
C102666,Neha Nair,Surat,GJ,2023-01-13,N
C102667,Ankit Nair,Chennai,TN,2024-12-30,N
C102668,Aadhya Tiwari,Coimbatore,TN,2023-02-27,N
C102669,Mohammed Yadav,Pune,MH,2023-10-31,Y
C102670,Simran Ansari,Chennai,TN,2022-10-11,N
C102671,Faisal Mukherjee,Gurugram,HR,2023-09-17,Y
C102672,Harsh Gupta,Visakhapatnam,AP,2022-10-21,Y
C102673,Sukhwinder Fernandes,Raipur,CG,2023-08-28,Y
C102674,Aditya Tiwari,Hyderabad,TS,2023-10-28,Y
C102675,Vivaan Iyer,Chandigarh,CH,2022-12-12,N
C102676,Tanvi Khanna,Gurugram,HR,2024-07-02,N
C102677,Megha Pawar,Surat,GJ,2023-12-02,Y
C102678,Jaspreet Srivastava,Noida,UP,2024-04-05,N
C102679,Sameer Bose,Hyderabad,TS,2024-01-30,Y
C102680,Meera Mukherjee,Visakhapatnam,AP,2024-05-07,N
C102681,Priya Verma,Nashik,MH,2024-02-03,N
C102682,Om Bose,Bengaluru,KA,2022-12-21,Y
C102683,Diya George,Mysuru,KA,2024-12-31,Y
C102684,Sai Bose,Lucknow,UP,2023-07-26,N
C102685,Aishwarya Srivastava,Jaipur,RJ,2023-08-22,Y
C102686,Imran Kapoor,Indore,MP,2024-03-18,Y
C102687,Gurpreet Siddiqui,Bengaluru,KA,2022-11-26,N
C102688,Siddharth Pandey,Thiruvananthapuram,KL,2024-08-05,N
C102689,Karan Rathore,Ahmedabad,GJ,2022-10-22,N
C102690,Yash Malhotra,Vadodara,GJ,2024-10-25,N
C102691,Ayaan Sandhu,Guwahati,AS,2023-01-24,Y
C102692,Ishaan Sharma,Gurugram,HR,2023-12-18,N
C102693,Siddharth Shah,Mysuru,KA,2023-03-22,N
C102694,Aditya Kapoor,Ahmedabad,GJ,2024-09-26,N
C102695,Nikhil Goyal,Lucknow,UP,2024-10-31,N
C102696,Yash Goyal,Raipur,CG,2022-11-28,N
C102697,Payal Kulkarni,Guwahati,AS,2023-08-06,N
C102698,Kunal Pillai,Guwahati,AS,2022-08-19,Y
C102699,Rajat Reddy,Visakhapatnam,AP,2023-02-13,N
C102700,Priya Pereira,Delhi,DL,2023-09-05,N
C102701,Rohan D'Souza,Chennai,TN,2024-06-26,N
C102702,Thomas Jadhav,Delhi,DL,2024-03-08,Y
C102703,Pranav Gupta,Bengaluru,KA,2023-11-25,N
C102704,Pooja Jain,Chandigarh,CH,2023-07-06,N
C102705,Ananya Roy,Hyderabad,TS,2023-04-21,N
C102706,Manpreet Singh,Noida,UP,2022-09-12,N
C102707,Om Mishra,Thiruvananthapuram,KL,2023-05-09,N
C102708,Ramesh Dutta,Dehradun,UK,2024-10-08,N
C102709,Amit Rao,Thiruvananthapuram,KL,2024-10-10,Y
C102710,Simran Sheikh,Jaipur,RJ,2024-03-25,N
C102711,Kavya Shah,Indore,MP,2024-02-27,N
C102712,Deepak Kapoor,Surat,GJ,2024-01-04,N
C102713,Yash Qureshi,Coimbatore,TN,2023-06-24,N
C102714,Zaid Yadav,Patna,BR,2024-03-25,Y
C102715,Harsh Sharma,Pune,MH,2023-08-31,N
C102716,Sukhwinder Rao,Mumbai,MH,2024-10-22,N
C102717,Lobsang Pandey,Bengaluru,KA,2023-10-29,N
C102718,Payal Bansal,Visakhapatnam,AP,2024-08-03,N
C102719,Bhavna Singh,Chennai,TN,2024-05-05,N
C102720,Farah Kaur,Indore,MP,2024-03-22,Y
C102721,Arjun Reddy,Surat,GJ,2023-11-21,Y
C102722,Abhishek Arora,Vadodara,GJ,2023-08-01,N
C102723,Pooja Shah,Mumbai,MH,2023-11-14,N
C102724,Reyansh Naidu,Jaipur,RJ,2023-03-13,N
C102725,Amit Gupta,Indore,MP,2024-11-25,Y
C102726,Yash Khan,Delhi,DL,2024-12-07,N
C102727,Faisal Deshpande,Bhopal,MP,2023-05-18,N
C102728,Megha Rao,Mumbai,MH,2024-07-19,N
C102729,Aadhya D'Souza,Ahmedabad,GJ,2022-11-02,N
C102730,Jaspreet Sheikh,Nashik,MH,2024-08-18,N
C102731,Aarav Mehta,Bhopal,MP,2024-11-10,Y
C102732,Ananya Kulkarni,Mysuru,KA,2023-09-24,N
C102733,Sukhwinder Shah,Visakhapatnam,AP,2023-12-16,Y
C102734,Reyansh Mathew,Dehradun,UK,2023-09-15,N
C102735,Diya Rathore,Vadodara,GJ,2023-07-07,N
C102736,Divya Menon,Bhopal,MP,2024-03-14,Y
C102737,Ankit Bose,Bhubaneswar,OR,2024-06-13,Y
C102738,Manpreet Pillai,Noida,UP,2024-09-29,N
C102739,Ayaan Dutta,Mumbai,MH,2024-08-09,N
C102740,Gurpreet Shah,Raipur,CG,2024-06-02,N
C102741,Lobsang Bhatt,Bhubaneswar,OR,2023-03-03,N
C102742,Dev Patel,Mumbai,MH,2022-11-28,Y
C102743,Jaspreet Kulkarni,Noida,UP,2024-11-06,N
C102744,Jaspreet Tiwari,Coimbatore,TN,2022-07-23,N
C102745,Pooja Bhatia,Coimbatore,TN,2022-09-24,N
C102746,Manish Fernandes,Kochi,KL,2023-12-22,Y
C102747,Kunal Kumar,Patna,BR,2023-05-31,N
C102748,Manish Khan,Kochi,KL,2024-08-31,N
C102749,Rohan Qureshi,Kolkata,WB,2022-09-03,N
C102750,Geeta Verma,Chennai,TN,2022-09-23,N
C102751,Sameer Siddiqui,Vadodara,GJ,2024-04-03,N
C102752,Komal Bansal,Kolkata,WB,2023-08-05,Y
C102753,Dev Bansal,Patna,BR,2023-07-18,N
C102754,Vivaan Arora,Mumbai,MH,2024-11-09,Y
C102755,Saanvi Patil,Pune,MH,2023-03-25,Y
C102756,Tarun Arora,Vadodara,GJ,2024-07-30,N
C102757,Komal Malhotra,Lucknow,UP,2024-04-25,N
C102758,Rahul Kumar,Noida,UP,2023-10-08,Y
C102759,Ritika Banerjee,Mumbai,MH,2024-04-19,Y
C102760,Riya Gupta,Ranchi,JH,2024-06-26,N
C102761,Manish Deshpande,Noida,UP,2024-11-10,N
C102762,Zaid Agarwal,Guwahati,AS,2023-05-12,N
C102763,Aadhya Khan,Bhubaneswar,OR,2024-02-24,N
C102764,Vivaan Joshi,Ranchi,JH,2023-01-12,N
C102765,Zoya Yadav,Jaipur,RJ,2023-07-14,N
C102766,Pranav Chauhan,Coimbatore,TN,2023-12-18,N
C102767,Vikram Agarwal,Kolkata,WB,2024-02-20,N
C102768,Tarun Dutta,Mumbai,MH,2023-09-24,Y
C102769,Geeta Mehta,Patna,BR,2024-11-06,N
C102770,Rohan Shinde,Thiruvananthapuram,KL,2023-11-04,N
C102771,Vihaan Shah,Jaipur,RJ,2022-12-09,N
C102772,Sameer Kumar,Lucknow,UP,2024-02-08,N
C102773,Pranav Bansal,Indore,MP,2022-11-03,N
C102774,Bhavna Bansal,Delhi,DL,2022-09-07,Y
C102775,Priya Sen,Patna,BR,2023-02-27,Y
C102776,Ramesh Reddy,Dehradun,UK,2022-12-09,N
C102777,Om Khanna,Pune,MH,2023-09-09,N
C102778,Jaspreet Chatterjee,Kolkata,WB,2024-04-16,Y
C102779,Diya Gupta,Thiruvananthapuram,KL,2023-10-21,N
C102780,Kavya Sethi,Kolkata,WB,2024-05-18,N
C102781,Rahul Das,Visakhapatnam,AP,2024-09-22,N
C102782,Sukhwinder Jain,Nashik,MH,2024-12-22,N
C102783,Simran George,Mysuru,KA,2022-09-19,N
C102784,Siddharth Chopra,Ranchi,JH,2023-09-06,N
C102785,Saanvi Bose,Mumbai,MH,2024-05-29,N
C102786,Aadhya Mehta,Gurugram,HR,2022-09-11,Y
C102787,Anjali Menon,Noida,UP,2024-07-17,Y
C102788,Aadhya Sharma,Visakhapatnam,AP,2023-10-15,N
C102789,Tenzin Kaur,Patna,BR,2024-12-12,N
C102790,Manpreet Arora,Jaipur,RJ,2024-12-28,N
C102791,Rahul Nair,Bhubaneswar,OR,2024-01-19,N
C102792,Komal Bhatt,Pune,MH,2022-08-23,Y
C102793,Faisal Joshi,Jaipur,RJ,2024-06-13,N
C102794,Tenzin Fernandes,Hyderabad,TS,2022-08-16,N
C102795,Farah Reddy,Jaipur,RJ,2024-10-30,N
C102796,Vikram Pereira,Mumbai,MH,2022-12-20,N
C102797,Om Bhatt,Nagpur,MH,2024-06-08,Y
C102798,Imran Joshi,Mumbai,MH,2024-11-11,Y
C102799,Dev Siddiqui,Dehradun,UK,2023-01-29,Y
C102800,Yash Mittal,Vadodara,GJ,2024-07-20,N
C102801,Rajat Sandhu,Visakhapatnam,AP,2023-03-10,N
C102802,Ayaan Bhatt,Kolkata,WB,2023-11-05,N
C102803,Amit Tiwari,Delhi,DL,2024-02-20,Y
C102804,Faisal Pillai,Hyderabad,TS,2024-01-29,N
C102805,Deepak Gill,Surat,GJ,2023-06-10,Y
C102806,Harsh Mathew,Bhopal,MP,2022-12-06,N
C102807,Rahul Banerjee,Vadodara,GJ,2022-11-24,N
C102808,Vihaan D'Souza,Ahmedabad,GJ,2024-05-03,N
C102809,Saanvi Fernandes,Hyderabad,TS,2024-03-03,Y
C102810,Farah Arora,Nashik,MH,2024-09-19,N
C102811,Simran Rathore,Pune,MH,2023-03-15,Y
C102812,Simran Jadhav,Bengaluru,KA,2023-10-05,N
C102813,Simran Mukherjee,Chandigarh,CH,2023-04-11,Y
C102814,Kavya Sandhu,Indore,MP,2024-04-22,Y
C102815,Rajat Dutta,Patna,BR,2024-03-26,N
C102816,Ishaan Das,Lucknow,UP,2022-11-08,Y
C102817,Bhavna Saxena,Indore,MP,2022-12-23,N
C102818,Karan George,Chennai,TN,2024-06-27,Y
C102819,Komal D'Souza,Chennai,TN,2022-10-16,N
C102820,Dev Sethi,Kolkata,WB,2022-11-17,N
C102821,Rajat Deshpande,Chennai,TN,2023-08-28,Y
C102822,Om Kumar,Coimbatore,TN,2022-09-23,N
C102823,Jaspreet Sharma,Nashik,MH,2024-10-01,Y
C102824,Rohit Gaikwad,Mumbai,MH,2024-06-10,N
C102825,Tanvi Kaur,Hyderabad,TS,2024-02-24,Y
C102826,Sukhwinder Pawar,Kolkata,WB,2024-12-04,N
C102827,Vivaan Arora,Pune,MH,2024-03-26,N
C102828,Ayaan Pillai,Jaipur,RJ,2024-04-18,N
C102829,Daniel Varghese,Surat,GJ,2023-05-25,N
C102830,Aadhya Roy,Delhi,DL,2024-11-12,N
C102831,Sameer Gill,Thiruvananthapuram,KL,2024-08-04,N
C102832,Pooja Mathew,Hyderabad,TS,2023-01-20,Y
C102833,Suresh Mathew,Noida,UP,2023-10-10,Y
C102834,Ramesh D'Souza,Bengaluru,KA,2024-05-09,Y
C102835,Ishaan Das,Nagpur,MH,2024-04-12,Y
C102836,Sunita Gill,Lucknow,UP,2024-11-10,Y
C102837,Lobsang Sheikh,Nashik,MH,2023-07-05,N
C102838,Abhishek Gaikwad,Vadodara,GJ,2023-05-12,Y
C102839,Vikram Qureshi,Bengaluru,KA,2023-06-17,Y
C102840,Aadhya Joshi,Delhi,DL,2024-07-07,Y
C102841,Rahul Khanna,Mysuru,KA,2023-02-04,N
C102842,Tenzin Malhotra,Surat,GJ,2024-05-01,N
C102843,Divya Das,Nagpur,MH,2022-10-11,Y
C102844,Rajat Verma,Ranchi,JH,2022-11-02,Y
C102845,Harpreet Joshi,Bhubaneswar,OR,2023-07-14,N
C102846,Om Nair,Bengaluru,KA,2024-11-23,N
C102847,Harpreet Deshpande,Gurugram,HR,2024-11-04,Y
C102848,Rajat Menon,Bhopal,MP,2024-09-15,N
C102849,Lakshmi Reddy,Chennai,TN,2022-08-17,N
C102850,Rohit Srivastava,Kochi,KL,2024-12-09,N
C102851,Abhishek Arora,Chandigarh,CH,2023-01-25,N
C102852,Aadhya Jain,Bhopal,MP,2024-10-04,Y
C102853,Bhavna Yadav,Surat,GJ,2023-03-30,N
C102854,Abhishek Verma,Chennai,TN,2024-03-28,N
C102855,Ritika Mukherjee,Jaipur,RJ,2024-09-22,Y
C102856,Ayaan Singh,Ranchi,JH,2023-05-03,Y
C102857,Pooja Desai,Visakhapatnam,AP,2024-08-10,Y
C102858,Thomas Sheikh,Indore,MP,2023-08-20,Y
C102859,Sameer Pandey,Nashik,MH,2023-03-23,N
C102860,Ritika Desai,Jaipur,RJ,2022-07-28,Y
C102861,Faisal Pawar,Pune,MH,2022-11-10,N
C102862,Krishna Das,Surat,GJ,2023-06-14,Y
C102863,Ishaan Reddy,Raipur,CG,2022-09-13,N
C102864,Suresh Roy,Delhi,DL,2023-10-01,N
C102865,Om Gill,Lucknow,UP,2024-04-26,N
C102866,Thomas Reddy,Lucknow,UP,2024-03-11,Y
C102867,Joseph Malhotra,Mumbai,MH,2024-05-10,N
C102868,Payal Bansal,Nashik,MH,2024-05-29,N
C102869,Thomas D'Souza,Nashik,MH,2023-12-13,N
C102870,Swati Menon,Dehradun,UK,2024-07-02,N
C102871,Thomas Gaikwad,Nagpur,MH,2024-06-05,Y
C102872,Megha Agarwal,Coimbatore,TN,2022-11-26,N
C102873,Daniel Pandey,Chennai,TN,2023-07-07,N
C102874,Lobsang Bhatt,Surat,GJ,2024-09-12,N
C102875,Farah Shinde,Vadodara,GJ,2024-05-14,N
C102876,Aadhya Rathore,Patna,BR,2023-06-26,Y
C102877,Sameer Bansal,Chennai,TN,2024-06-12,Y
C102878,Mohammed Chatterjee,Bengaluru,KA,2022-08-18,N
C102879,Thomas Jadhav,Delhi,DL,2022-09-22,N
C102880,Rajat Sheikh,Delhi,DL,2023-04-17,Y
C102881,Swati Pereira,Coimbatore,TN,2024-05-04,N
C102882,Imran D'Souza,Coimbatore,TN,2023-05-22,N
C102883,Nisha Jain,Vadodara,GJ,2023-06-03,N
C102884,Gurpreet Kulkarni,Noida,UP,2023-08-18,N
C102885,Ayaan Reddy,Visakhapatnam,AP,2023-07-06,N
C102886,Priya Sethi,Kolkata,WB,2022-07-21,N
C102887,Om Jadhav,Bhopal,MP,2024-07-17,Y
C102888,Farah Mathew,Surat,GJ,2022-11-14,N
C102889,Lakshmi Mittal,Kolkata,WB,2022-10-18,N
C102890,Tarun Nair,Noida,UP,2024-02-05,Y
C102891,Rajat Sandhu,Hyderabad,TS,2023-08-06,N
C102892,Isha Banerjee,Chennai,TN,2023-04-15,N
C102893,Karan Ansari,Jaipur,RJ,2023-10-03,N
C102894,Deepak Bose,Jaipur,RJ,2023-08-31,N
C102895,Sai Bhatt,Chennai,TN,2023-10-06,N
C102896,Sameer Joshi,Kochi,KL,2024-01-23,N
C102897,Yash Bansal,Bengaluru,KA,2023-08-16,Y
C102898,Diya Sheikh,Noida,UP,2023-03-04,N
C102899,Sukhwinder Kumar,Kolkata,WB,2024-07-29,N
C102900,Saanvi Reddy,Dehradun,UK,2023-03-20,Y
C102901,Lobsang Reddy,Patna,BR,2023-01-07,N
C102902,Kavya Ghosh,Mysuru,KA,2022-08-20,N
C102903,Zaid Kaur,Surat,GJ,2023-06-22,N
C102904,Shreya Menon,Lucknow,UP,2024-01-19,N
C102905,Faisal Bose,Delhi,DL,2023-02-19,N
C102906,Rohit Jain,Chennai,TN,2022-10-13,N
C102907,Steven Kumar,Ahmedabad,GJ,2024-04-29,Y
C102908,Priya Roy,Guwahati,AS,2024-02-15,Y
C102909,Aadhya Sharma,Surat,GJ,2024-01-22,Y
C102910,Arjun Chatterjee,Bhubaneswar,OR,2024-12-26,N
C102911,Dev Sethi,Delhi,DL,2024-10-04,N
C102912,Sameer Varghese,Mysuru,KA,2023-10-01,Y
C102913,Pranav Kaur,Delhi,DL,2024-06-26,N
C102914,Vihaan Pillai,Bengaluru,KA,2023-02-28,Y
C102915,Komal Dutta,Vadodara,GJ,2023-04-05,Y
C102916,Reyansh Qureshi,Bhubaneswar,OR,2022-09-25,N
C102917,Steven Sharma,Bhopal,MP,2023-03-22,N
C102918,Lakshmi Khanna,Jaipur,RJ,2024-10-07,Y
C102919,Reyansh Patil,Ahmedabad,GJ,2024-05-31,Y
C102920,Vivaan Agarwal,Bhubaneswar,OR,2023-02-11,N
C102921,Thomas Sheikh,Jaipur,RJ,2024-11-28,N
C102922,Thomas Mittal,Nagpur,MH,2024-12-06,Y
C102923,Imran Dutta,Nagpur,MH,2022-11-08,N
C102924,Jaspreet Arora,Mumbai,MH,2024-04-26,N
C102925,Vikram Das,Guwahati,AS,2023-08-01,Y
C102926,Farah Pandey,Thiruvananthapuram,KL,2024-02-26,Y
C102927,Riya Gaikwad,Ranchi,JH,2023-06-22,N
C102928,Payal Jadhav,Mumbai,MH,2024-07-01,N
C102929,Priya Bose,Surat,GJ,2024-03-21,N
C102930,Aarav Desai,Mysuru,KA,2024-10-28,Y
C102931,Sai Kumar,Kolkata,WB,2023-04-16,N
C102932,Steven Sharma,Kochi,KL,2023-12-14,N
C102933,Reyansh Mukherjee,Kolkata,WB,2024-09-04,N
C102934,Siddharth Shah,Patna,BR,2024-03-28,N
C102935,Meera Iyer,Gurugram,HR,2023-01-08,N
C102936,Abhishek Kumar,Lucknow,UP,2024-12-02,N
C102937,Payal Siddiqui,Bhubaneswar,OR,2023-02-13,N
C102938,Dev Trivedi,Indore,MP,2022-12-16,N
C102939,Ritika Mishra,Bhubaneswar,OR,2023-12-30,N
C102940,Ankit Arora,Nagpur,MH,2023-11-29,N
C102941,Farah Mishra,Bengaluru,KA,2023-03-12,N
C102942,Ayaan Varghese,Vadodara,GJ,2023-02-26,N
C102943,Payal Sen,Jaipur,RJ,2024-08-31,N
C102944,Tarun Tiwari,Kolkata,WB,2023-06-25,N
C102945,Reyansh Rathore,Kochi,KL,2023-10-09,N
C102946,Joseph Iyer,Kolkata,WB,2023-03-14,N
C102947,Sukhwinder Yadav,Noida,UP,2024-06-24,N
C102948,Imran Pereira,Bengaluru,KA,2024-02-21,Y
C102949,Vikram Reddy,Lucknow,UP,2022-11-23,Y
C102950,Krishna Varghese,Kolkata,WB,2024-02-21,Y
C102951,Dev Bose,Bhubaneswar,OR,2024-08-02,N
C102952,Sunita Sandhu,Raipur,CG,2024-11-28,N
C102953,Divya Pillai,Coimbatore,TN,2024-11-17,N
C102954,Sneha Deshpande,Kochi,KL,2023-09-11,N
C102955,Kunal Gill,Nagpur,MH,2023-12-10,Y
C102956,Lobsang Singh,Hyderabad,TS,2023-02-17,N
C102957,Aarav Sheikh,Gurugram,HR,2022-08-16,N
C102958,Diya Banerjee,Noida,UP,2023-02-18,N
C102959,Pranav Ghosh,Pune,MH,2023-05-16,Y
C102960,Tenzin Shah,Jaipur,RJ,2024-09-08,N
C102961,Imran Sheikh,Pune,MH,2024-09-02,N
C102962,Kunal Gupta,Chandigarh,CH,2023-01-25,N
C102963,Kabir Verma,Noida,UP,2024-11-16,N
C102964,Steven Trivedi,Pune,MH,2024-08-20,N
C102965,Steven Pillai,Kolkata,WB,2022-08-09,N
C102966,Diya Banerjee,Bengaluru,KA,2024-10-07,Y
C102967,Ramesh George,Raipur,CG,2024-03-24,N
C102968,Geeta Malhotra,Patna,BR,2023-08-01,Y
C102969,Sukhwinder Kapoor,Indore,MP,2023-03-20,Y
C102970,Sukhwinder Khan,Kochi,KL,2023-01-02,N
C102971,Sameer Kulkarni,Bhopal,MP,2023-03-21,N
C102972,Amit Bose,Gurugram,HR,2023-10-19,Y
C102973,Tenzin Mittal,Delhi,DL,2023-07-31,N
C102974,Daniel Srivastava,Ranchi,JH,2024-01-23,N
C102975,Neha Khan,Guwahati,AS,2023-02-28,N
C102976,Mohammed Qureshi,Nagpur,MH,2023-10-31,Y
C102977,Lobsang Banerjee,Visakhapatnam,AP,2023-07-28,N
C102978,Tenzin Sheikh,Vadodara,GJ,2024-09-27,N
C102979,Anjali Chopra,Jaipur,RJ,2023-09-22,N
C102980,Arjun Dhillon,Kochi,KL,2022-10-17,N
C102981,Zaid Fernandes,Thiruvananthapuram,KL,2023-10-04,N
C102982,Vikram Bansal,Ranchi,JH,2023-06-15,N
C102983,Bhavna Gupta,Patna,BR,2024-04-15,Y
C102984,Siddharth Varghese,Chandigarh,CH,2023-09-28,N
C102985,Karan Kaur,Vadodara,GJ,2024-04-02,N
C102986,Amit Mukherjee,Noida,UP,2023-11-08,Y
C102987,Ramesh Bhatia,Hyderabad,TS,2023-01-01,Y
C102988,Komal Patel,Delhi,DL,2024-11-21,N
C102989,Geeta Sharma,Guwahati,AS,2023-11-30,N
C102990,Karan Mehta,Ahmedabad,GJ,2022-12-06,N
C102991,Zaid Chopra,Visakhapatnam,AP,2024-04-09,N
C102992,Steven Rao,Nashik,MH,2022-10-07,N
C102993,Abhishek D'Souza,Pune,MH,2024-10-19,N
C102994,Tanvi Bose,Bengaluru,KA,2023-10-22,N
C102995,Rahul Arora,Bhopal,MP,2023-08-10,N
C102996,Meera Pandey,Kolkata,WB,2024-08-24,N
C102997,Jaspreet Roy,Kochi,KL,2024-04-09,N
C102998,Sunita Gill,Raipur,CG,2022-09-28,N
C102999,Harsh George,Patna,BR,2023-11-10,N
C103000,Sai Saxena,Mysuru,KA,2023-05-07,Y
C103001,Neha Roy,Raipur,CG,2023-05-18,Y
C103002,Sukhwinder Kumar,Thiruvananthapuram,KL,2024-09-12,N
C103003,Simran Mehta,Bhubaneswar,OR,2023-01-12,N
C103004,Riya Singh,Visakhapatnam,AP,2022-11-23,N
C103005,Thomas Shah,Surat,GJ,2024-10-21,N
C103006,Thomas Ansari,Guwahati,AS,2023-12-02,Y
C103007,Priya Pereira,Jaipur,RJ,2024-10-29,Y
C103008,Simran Patil,Gurugram,HR,2024-09-17,Y
C103009,Aditya Varghese,Patna,BR,2022-10-25,N
C103010,Tarun Trivedi,Nashik,MH,2023-05-31,N
C103011,Yash Banerjee,Coimbatore,TN,2024-08-20,Y
C103012,Kunal Gupta,Vadodara,GJ,2022-07-27,Y
C103013,Lobsang Kumar,Delhi,DL,2024-01-26,N
C103014,Ramesh Yadav,Raipur,CG,2024-09-09,Y
C103015,Ishaan Gupta,Vadodara,GJ,2024-05-20,N
C103016,Suresh Rathore,Visakhapatnam,AP,2024-04-15,Y
C103017,Tenzin Patil,Ranchi,JH,2023-06-05,N
C103018,Payal Singh,Chandigarh,CH,2023-01-19,Y
C103019,Rohit Srivastava,Mysuru,KA,2023-05-16,N
C103020,Simran Jain,Lucknow,UP,2023-01-04,N
C103021,Deepak Patil,Ahmedabad,GJ,2023-07-31,Y
C103022,Shreya Roy,Ranchi,JH,2024-08-18,N
C103023,Riya Mukherjee,Chandigarh,CH,2023-06-27,N
C103024,Krishna Deshpande,Nagpur,MH,2023-03-27,Y
C103025,Amit Kumar,Gurugram,HR,2023-01-12,Y
C103026,Geeta Gaikwad,Guwahati,AS,2023-08-29,N
C103027,Joseph Bansal,Ahmedabad,GJ,2024-11-27,N
C103028,Dev Bhatia,Raipur,CG,2024-09-15,N
C103029,Manpreet Khan,Delhi,DL,2023-06-09,Y
C103030,Sukhwinder Agarwal,Bhopal,MP,2023-09-01,N
C103031,Gurpreet Mehta,Gurugram,HR,2022-08-08,Y
C103032,Isha Pillai,Raipur,CG,2023-01-21,N
C103033,Ayaan Verma,Ranchi,JH,2023-01-25,N
C103034,Yash Sethi,Guwahati,AS,2022-12-28,N
C103035,Kavya Khan,Chandigarh,CH,2024-10-20,N
C103036,Varun Kaur,Chandigarh,CH,2023-10-05,Y
C103037,Rohan Dhillon,Nashik,MH,2022-07-27,N
C103038,Megha Kapoor,Visakhapatnam,AP,2023-06-06,N
C103039,Imran D'Souza,Mysuru,KA,2022-11-29,N
C103040,Reyansh Verma,Chandigarh,CH,2024-08-14,N
C103041,Lakshmi Sethi,Mysuru,KA,2024-10-02,N
C103042,Vivaan Reddy,Bengaluru,KA,2023-07-29,N
C103043,Priya Chatterjee,Chandigarh,CH,2024-08-19,Y
C103044,Aarav Mathew,Chennai,TN,2024-09-20,Y
C103045,Megha Arora,Bhubaneswar,OR,2023-05-06,N
C103046,Lakshmi Goyal,Bengaluru,KA,2024-09-24,N
C103047,Meera Sen,Nashik,MH,2023-08-24,N
C103048,Vikram D'Souza,Visakhapatnam,AP,2024-08-21,Y
C103049,Amit Singh,Nashik,MH,2024-11-09,N
C103050,Reyansh Gaikwad,Thiruvananthapuram,KL,2022-08-17,Y
C103051,Neha Malhotra,Dehradun,UK,2024-07-28,Y
C103052,Manpreet Mittal,Nashik,MH,2024-03-10,N
C103053,Geeta Arora,Nashik,MH,2024-04-06,Y
C103054,Aditya Naidu,Indore,MP,2022-08-01,N
C103055,Tarun Mukherjee,Gurugram,HR,2023-05-28,N
C103056,Saanvi Bose,Indore,MP,2023-01-08,N
C103057,Vivaan Kapoor,Patna,BR,2024-01-06,N
C103058,Sukhwinder Jadhav,Bengaluru,KA,2024-03-28,N
C103059,Amit Kapoor,Nashik,MH,2024-09-15,Y
C103060,Vikram Chopra,Chennai,TN,2024-08-18,N
C103061,Gurpreet Pandey,Thiruvananthapuram,KL,2023-08-07,N
C103062,Krishna Khanna,Ranchi,JH,2023-04-20,N
C103063,Lobsang D'Souza,Chennai,TN,2023-09-28,Y
C103064,Tarun Mehta,Jaipur,RJ,2024-09-29,N
C103065,Dev Malhotra,Ranchi,JH,2023-04-27,N
C103066,Rohan Joshi,Noida,UP,2023-10-07,N
C103067,Vikram Sandhu,Nashik,MH,2024-11-13,Y
C103068,Zoya Kulkarni,Thiruvananthapuram,KL,2023-07-24,Y
C103069,Shreya Agarwal,Dehradun,UK,2024-12-08,N
C103070,Diya Mishra,Nagpur,MH,2024-09-25,N
C103071,Sukhwinder Banerjee,Lucknow,UP,2024-10-27,Y
C103072,Geeta Bose,Mysuru,KA,2023-12-19,N
C103073,Payal Malhotra,Noida,UP,2023-08-03,N
C103074,Bhavna Kaur,Gurugram,HR,2024-02-02,N
C103075,Ananya Banerjee,Lucknow,UP,2024-06-12,N
C103076,Swati Naidu,Pune,MH,2023-12-07,Y
C103077,Vihaan Varghese,Bhopal,MP,2022-08-09,Y
C103078,Arjun Verma,Delhi,DL,2024-09-13,N
C103079,Megha Kapoor,Visakhapatnam,AP,2023-09-30,N
C103080,Pooja Rao,Thiruvananthapuram,KL,2024-10-10,N
C103081,Karan Siddiqui,Guwahati,AS,2024-03-08,Y
C103082,Isha Gill,Bhopal,MP,2024-06-18,Y
C103083,Divya Mathew,Kolkata,WB,2024-01-24,Y
C103084,Ananya Rathore,Patna,BR,2023-10-08,Y
C103085,Priya Pandey,Gurugram,HR,2023-02-12,N
C103086,Neha Saxena,Lucknow,UP,2024-08-28,N
C103087,Swati Jadhav,Lucknow,UP,2023-01-20,N
C103088,Tarun Sheikh,Guwahati,AS,2023-12-03,Y
C103089,Ramesh Ansari,Bhopal,MP,2023-07-07,N
C103090,Megha Pillai,Nagpur,MH,2024-08-29,N
C103091,Manpreet Sheikh,Mumbai,MH,2024-01-06,N
C103092,Imran Singh,Dehradun,UK,2022-11-05,Y
C103093,Daniel Arora,Bhubaneswar,OR,2024-09-06,N
C103094,Harsh Das,Nashik,MH,2024-01-06,N
C103095,Anjali Kapoor,Mysuru,KA,2023-02-05,N
C103096,Suresh Trivedi,Ranchi,JH,2024-02-25,N
C103097,Tenzin Mathew,Raipur,CG,2023-12-31,N
C103098,Divya Menon,Ahmedabad,GJ,2023-04-16,Y
C103099,Kavya Khan,Ahmedabad,GJ,2022-07-22,N
C103100,Ramesh Iyer,Dehradun,UK,2024-11-18,N
C103101,Steven Patel,Bhopal,MP,2023-01-05,N
C103102,Payal Dhillon,Mumbai,MH,2024-05-16,N
C103103,Kunal Qureshi,Raipur,CG,2024-05-23,N
C103104,Aditya Mukherjee,Dehradun,UK,2023-05-16,N
C103105,Sneha Mehta,Chennai,TN,2024-11-30,N
C103106,Ishaan Chatterjee,Coimbatore,TN,2023-07-31,N
C103107,Vikram Kaur,Surat,GJ,2023-07-13,N
C103108,Rohit Pawar,Chandigarh,CH,2022-10-03,Y
C103109,Yash Kumar,Patna,BR,2022-09-04,Y
C103110,Komal Gill,Chennai,TN,2022-08-28,N
C103111,Lobsang Saxena,Noida,UP,2023-10-19,N
C103112,Karan Patel,Vadodara,GJ,2024-03-24,Y
C103113,Sneha Ghosh,Pune,MH,2023-08-28,N
C103114,Faisal Deshpande,Ahmedabad,GJ,2022-10-30,Y
C103115,Riya Sandhu,Nagpur,MH,2022-09-10,N
C103116,Divya Siddiqui,Pune,MH,2023-04-22,N
C103117,Sukhwinder Jadhav,Kochi,KL,2022-07-29,N
C103118,Neha Chauhan,Patna,BR,2023-08-27,N
C103119,Zoya Sethi,Bhopal,MP,2022-10-03,N
C103120,Suresh Bansal,Pune,MH,2022-10-02,Y
C103121,Sneha Reddy,Bhubaneswar,OR,2022-10-29,N
C103122,Sameer Rao,Chandigarh,CH,2023-09-25,N
C103123,Vihaan Gaikwad,Pune,MH,2024-09-15,N
C103124,Payal Sheikh,Mysuru,KA,2023-10-27,N
C103125,Krishna Mukherjee,Guwahati,AS,2024-05-10,Y
C103126,Meera Arora,Bengaluru,KA,2024-11-16,Y
C103127,Payal Sharma,Kolkata,WB,2022-11-30,N
C103128,Vikram Reddy,Chennai,TN,2023-02-12,N
C103129,Shreya Mukherjee,Gurugram,HR,2024-12-01,N
C103130,Sameer Chatterjee,Nashik,MH,2023-01-03,Y
C103131,Sukhwinder Gaikwad,Nagpur,MH,2023-11-07,N
C103132,Pranav Patil,Mysuru,KA,2024-10-05,Y
C103133,Anjali Bhatt,Ranchi,JH,2023-05-18,Y
C103134,Meera Pandey,Patna,BR,2023-10-29,N
C103135,Zoya Malhotra,Kochi,KL,2023-12-02,N
C103136,Pooja Jain,Nagpur,MH,2024-08-15,Y
C103137,Rahul Pandey,Coimbatore,TN,2024-03-09,N
C103138,Saanvi Shinde,Lucknow,UP,2024-04-18,N
C103139,Komal Verma,Ahmedabad,GJ,2023-11-11,N
C103140,Suresh Desai,Nagpur,MH,2024-12-31,N
C103141,Vihaan Goyal,Bhubaneswar,OR,2024-06-29,N
C103142,Pranav Ghosh,Chennai,TN,2024-08-30,Y
C103143,Meera Tiwari,Bhopal,MP,2023-06-13,N
C103144,Harpreet Kulkarni,Bhubaneswar,OR,2022-12-25,N
C103145,Dev Malhotra,Nagpur,MH,2024-10-07,N
C103146,Amit Nair,Bhopal,MP,2023-02-23,N
C103147,Siddharth Tiwari,Surat,GJ,2022-07-24,Y
C103148,Farah D'Souza,Nagpur,MH,2024-03-24,N
C103149,Vikram Sheikh,Delhi,DL,2024-02-24,N
C103150,Joseph Siddiqui,Surat,GJ,2024-03-26,N
C103151,Sneha Rao,Ahmedabad,GJ,2023-07-25,Y
C103152,Om Kulkarni,Coimbatore,TN,2023-07-10,Y
C103153,Komal Deshpande,Guwahati,AS,2023-09-03,N
C103154,Sunita Siddiqui,Surat,GJ,2024-07-05,N
C103155,Yash Dhillon,Pune,MH,2024-05-02,Y
C103156,Divya Rathore,Hyderabad,TS,2024-05-18,N
C103157,Lobsang Sandhu,Ahmedabad,GJ,2023-08-08,Y
C103158,Rahul Siddiqui,Guwahati,AS,2024-01-26,Y
C103159,Abhishek D'Souza,Chennai,TN,2024-12-20,N
C103160,Deepak Das,Nagpur,MH,2023-12-19,N
C103161,Arjun Singh,Surat,GJ,2024-12-23,N
C103162,Komal Varghese,Kochi,KL,2023-09-04,Y
C103163,Geeta Chopra,Jaipur,RJ,2025-01-01,N
C103164,Manpreet Chopra,Guwahati,AS,2024-05-10,Y
C103165,Sameer Arora,Noida,UP,2024-01-19,Y
C103166,Kavya Chauhan,Chennai,TN,2022-08-19,N
C103167,Lobsang Sharma,Coimbatore,TN,2023-08-24,N
C103168,Reyansh Fernandes,Raipur,CG,2024-10-14,N
C103169,Vikram Reddy,Kochi,KL,2023-09-18,Y
C103170,Nisha Gaikwad,Ahmedabad,GJ,2023-10-19,Y
C103171,Pooja Joshi,Surat,GJ,2023-07-16,Y
C103172,Ananya Varghese,Indore,MP,2022-09-01,N
C103173,Tenzin Yadav,Chennai,TN,2023-04-21,Y
C103174,Geeta Dutta,Nashik,MH,2024-09-18,N
C103175,Yash Khanna,Hyderabad,TS,2024-05-12,N
C103176,Shreya Bose,Kolkata,WB,2023-12-20,Y
C103177,Gurpreet Ansari,Kolkata,WB,2024-10-04,N
C103178,Ananya Qureshi,Pune,MH,2023-01-31,N
C103179,Om Sen,Noida,UP,2023-05-06,N
C103180,Suresh Srivastava,Surat,GJ,2022-11-03,N
C103181,Manish Rathore,Bhubaneswar,OR,2023-08-06,N
C103182,Sneha Shinde,Surat,GJ,2022-08-30,N
C103183,Joseph Kumar,Dehradun,UK,2024-04-23,N
C103184,Om Pandey,Nagpur,MH,2024-05-30,N
C103185,Nisha Fernandes,Jaipur,RJ,2024-04-29,N
C103186,Ritika Bhatia,Indore,MP,2023-06-05,Y
C103187,Farah Tiwari,Surat,GJ,2022-09-06,N
C103188,Nikhil Deshpande,Kolkata,WB,2023-05-23,N
C103189,Faisal Pereira,Nagpur,MH,2023-10-19,N
C103190,Krishna Pereira,Indore,MP,2024-11-16,Y
C103191,Dev Gupta,Mysuru,KA,2023-12-22,N
C103192,Nisha Kumar,Indore,MP,2024-02-09,N
C103193,Arjun Khan,Vadodara,GJ,2022-11-28,N
C103194,Simran Gupta,Bengaluru,KA,2022-12-03,N
C103195,Priya Siddiqui,Nagpur,MH,2024-05-15,Y
C103196,Tarun Kumar,Jaipur,RJ,2023-08-16,N
C103197,Kavya Pawar,Ahmedabad,GJ,2022-08-04,N
C103198,Kunal Arora,Mysuru,KA,2024-01-05,N
C103199,Lobsang Shinde,Chennai,TN,2024-05-05,N
C103200,Zoya Desai,Bhubaneswar,OR,2024-03-17,Y
C103201,Arjun Fernandes,Indore,MP,2024-03-04,N
C103202,Amit Reddy,Coimbatore,TN,2022-12-06,N
C103203,Ayaan Arora,Dehradun,UK,2022-08-23,Y
C103204,Anjali Kulkarni,Dehradun,UK,2022-10-13,Y
C103205,Zaid Trivedi,Surat,GJ,2024-10-17,N
C103206,Rajat Singh,Lucknow,UP,2024-04-30,Y
C103207,Vihaan Rao,Kolkata,WB,2024-12-17,N
C103208,Pooja Shah,Surat,GJ,2023-06-15,N
C103209,Pranav Srivastava,Mumbai,MH,2023-11-14,N
C103210,Yash Dutta,Kolkata,WB,2022-09-21,Y
C103211,Ankit Sandhu,Bengaluru,KA,2024-05-08,Y
C103212,Meera Qureshi,Dehradun,UK,2023-12-04,Y
C103213,Sai Menon,Coimbatore,TN,2024-07-22,N
C103214,Isha Trivedi,Jaipur,RJ,2023-02-07,N
C103215,Megha Gupta,Bhopal,MP,2024-10-20,N
C103216,Geeta Malhotra,Chennai,TN,2023-07-13,Y
C103217,Bhavna Jain,Bengaluru,KA,2024-06-02,Y
C103218,Aadhya Rathore,Ranchi,JH,2024-04-12,N
C103219,Reyansh D'Souza,Kochi,KL,2024-04-12,N
C103220,Thomas Shah,Dehradun,UK,2023-01-25,N
C103221,Ramesh Malhotra,Delhi,DL,2023-09-08,N
C103222,Saanvi Pillai,Patna,BR,2023-05-15,N
C103223,Sameer Gill,Mumbai,MH,2024-08-18,Y
C103224,Yash Bose,Thiruvananthapuram,KL,2024-07-18,Y
C103225,Harpreet Rao,Chandigarh,CH,2024-04-27,Y
C103226,Yash Mishra,Pune,MH,2022-11-09,N
C103227,Lakshmi Pillai,Pune,MH,2023-04-25,N
C103228,Harsh Trivedi,Gurugram,HR,2023-10-22,N
C103229,Karan Kapoor,Vadodara,GJ,2024-10-16,N
C103230,Dev Mukherjee,Guwahati,AS,2024-10-10,N
C103231,Meera Mehta,Guwahati,AS,2024-11-15,N
C103232,Joseph Desai,Delhi,DL,2024-11-24,Y
C103233,Neha Kapoor,Bengaluru,KA,2022-08-08,N
C103234,Sameer Ghosh,Noida,UP,2022-09-20,N
C103235,Saanvi Arora,Surat,GJ,2024-12-29,N
C103236,Karan Reddy,Chennai,TN,2022-12-30,N
C103237,Joseph Malhotra,Mumbai,MH,2024-05-24,N
C103238,Ishaan Chatterjee,Coimbatore,TN,2024-05-07,N
C103239,Geeta Chauhan,Chennai,TN,2024-03-12,Y
C103240,Isha Siddiqui,Dehradun,UK,2024-01-28,N
C103241,Swati Bose,Mysuru,KA,2024-02-27,N
C103242,Ankit Rao,Patna,BR,2022-08-19,N
C103243,Rahul Pereira,Gurugram,HR,2023-12-17,N
C103244,Harpreet Pillai,Ranchi,JH,2023-01-03,N
C103245,Rahul Chopra,Coimbatore,TN,2023-06-26,N
C103246,Yash Joshi,Pune,MH,2023-05-19,Y
C103247,Harsh Trivedi,Guwahati,AS,2023-05-05,N
C103248,Kunal Chauhan,Surat,GJ,2023-07-12,N
C103249,Tanvi Joshi,Visakhapatnam,AP,2024-08-29,Y
C103250,Ankit Tiwari,Ahmedabad,GJ,2024-01-20,Y
C103251,Yash Bansal,Thiruvananthapuram,KL,2024-10-27,N
C103252,Riya Sethi,Bengaluru,KA,2023-08-30,N
C103253,Aarav Dhillon,Indore,MP,2022-11-19,Y
C103254,Farah Chopra,Bhopal,MP,2024-09-09,Y
C103255,Diya Gaikwad,Guwahati,AS,2023-12-13,Y
C103256,Aditya Deshpande,Nagpur,MH,2024-01-10,N
C103257,Zaid Siddiqui,Ranchi,JH,2024-07-21,N
C103258,Meera Sandhu,Chennai,TN,2024-08-07,N
C103259,Anjali Chatterjee,Gurugram,HR,2024-02-04,N
C103260,Vivaan Dutta,Delhi,DL,2023-11-19,N
C103261,Aishwarya Sheikh,Coimbatore,TN,2024-10-23,N
C103262,Abhishek Joshi,Ranchi,JH,2024-11-20,N
C103263,Ankit Shinde,Kolkata,WB,2024-12-15,N
C103264,Farah Kulkarni,Kolkata,WB,2023-06-17,Y
C103265,Megha Ansari,Coimbatore,TN,2023-02-22,N
C103266,Ritika Chatterjee,Kolkata,WB,2023-01-18,N
C103267,Rohit Khanna,Bhubaneswar,OR,2023-01-02,N
C103268,Neha Saxena,Gurugram,HR,2022-11-05,Y
C103269,Kunal Roy,Dehradun,UK,2023-10-22,N
C103270,Yash Gill,Jaipur,RJ,2022-11-15,N
C103271,Sneha Gill,Coimbatore,TN,2022-08-18,N
C103272,Reyansh Sen,Ranchi,JH,2023-06-11,N
C103273,Tenzin Ghosh,Dehradun,UK,2024-04-12,N
C103274,Priya George,Kolkata,WB,2023-04-21,Y
C103275,Bhavna Bansal,Patna,BR,2024-08-15,N
C103276,Priya Varghese,Ranchi,JH,2022-09-06,Y
C103277,Diya Shah,Bhopal,MP,2024-01-14,Y
C103278,Riya Saxena,Pune,MH,2023-12-03,N
C103279,Vikram Gaikwad,Nagpur,MH,2023-07-30,N
C103280,Neha Pillai,Ahmedabad,GJ,2023-05-14,Y
C103281,Riya Das,Gurugram,HR,2024-07-01,Y
C103282,Payal Tiwari,Gurugram,HR,2022-10-31,N
C103283,Sneha Mukherjee,Surat,GJ,2024-11-30,Y
C103284,Sukhwinder Gill,Chandigarh,CH,2023-01-17,N
C103285,Komal Gill,Kochi,KL,2023-03-01,Y
C103286,Tanvi Mittal,Bhopal,MP,2024-03-26,N
C103287,Deepak Bansal,Indore,MP,2024-07-09,Y
C103288,Reyansh Sandhu,Chandigarh,CH,2023-06-04,N
C103289,Varun Ghosh,Indore,MP,2024-09-18,N
C103290,Bhavna Sen,Ranchi,JH,2022-11-25,Y
C103291,Aditya Goyal,Visakhapatnam,AP,2024-06-25,N
C103292,Rohan Srivastava,Mumbai,MH,2023-09-25,N
C103293,Diya Gill,Bengaluru,KA,2023-03-23,N
C103294,Zoya Joshi,Hyderabad,TS,2023-01-14,N
C103295,Aadhya Khanna,Indore,MP,2024-03-09,N
C103296,Zaid Jadhav,Pune,MH,2024-06-16,Y
C103297,Ritika Dutta,Patna,BR,2022-07-16,Y
C103298,Siddharth Srivastava,Nagpur,MH,2022-11-18,N
C103299,Joseph Mishra,Kochi,KL,2023-12-16,Y
C103300,Siddharth Bose,Thiruvananthapuram,KL,2024-08-19,N
C103301,Nisha Chatterjee,Ahmedabad,GJ,2022-12-10,N
C103302,Sameer Varghese,Kolkata,WB,2022-09-20,Y
C103303,Om Khan,Ranchi,JH,2022-11-21,Y
C103304,Reyansh Kulkarni,Nagpur,MH,2024-04-02,N
C103305,Krishna Chauhan,Mysuru,KA,2023-08-13,N
C103306,Siddharth Mishra,Nashik,MH,2023-04-22,N
C103307,Aishwarya Kapoor,Delhi,DL,2023-11-23,Y
C103308,Komal Bhatt,Coimbatore,TN,2024-02-29,N
C103309,Pooja Patel,Delhi,DL,2023-10-29,N
C103310,Komal Sheikh,Kochi,KL,2023-02-10,Y
C103311,Thomas Jadhav,Bhubaneswar,OR,2022-10-29,N
C103312,Tenzin Mittal,Noida,UP,2023-12-08,N
C103313,Sukhwinder Ghosh,Chandigarh,CH,2023-05-21,N
C103314,Abhishek Iyer,Bhopal,MP,2024-05-15,N
C103315,Om Srivastava,Bhopal,MP,2024-03-13,N
C103316,Krishna Chatterjee,Kolkata,WB,2023-12-13,Y
C103317,Nikhil Patil,Visakhapatnam,AP,2023-12-14,N
C103318,Priya George,Bhopal,MP,2023-10-06,Y
C103319,Pranav Agarwal,Vadodara,GJ,2024-07-22,Y
C103320,Nisha Rathore,Thiruvananthapuram,KL,2022-10-18,N
C103321,Lobsang Joshi,Patna,BR,2024-06-29,Y
C103322,Aishwarya Das,Raipur,CG,2024-05-14,N
C103323,Vihaan Fernandes,Indore,MP,2024-01-14,N
C103324,Tenzin Khan,Mumbai,MH,2023-11-26,N
C103325,Tanvi Gill,Nagpur,MH,2023-01-30,N
C103326,Meera Sandhu,Jaipur,RJ,2022-09-24,N
C103327,Riya Gaikwad,Kolkata,WB,2024-07-12,N
C103328,Steven Gill,Hyderabad,TS,2024-09-29,N
C103329,Meera Ghosh,Raipur,CG,2023-06-24,Y
C103330,Ishaan Ghosh,Bhopal,MP,2023-10-22,Y
C103331,Mohammed Chopra,Patna,BR,2023-06-13,N
C103332,Reyansh Roy,Mysuru,KA,2023-07-28,Y
C103333,Meera Bhatia,Visakhapatnam,AP,2024-11-06,N
C103334,Manish Jain,Bhubaneswar,OR,2023-05-28,Y
C103335,Rajat Reddy,Bhopal,MP,2023-11-13,N
C103336,Kavya Qureshi,Mysuru,KA,2023-07-16,N
C103337,Anjali Siddiqui,Pune,MH,2022-10-05,Y
C103338,Thomas Khanna,Coimbatore,TN,2024-06-07,Y
C103339,Kunal Sheikh,Mumbai,MH,2023-07-01,N
C103340,Geeta Ansari,Patna,BR,2023-04-19,N
C103341,Imran Rathore,Ranchi,JH,2023-03-13,N
C103342,Aishwarya Ghosh,Kochi,KL,2023-02-01,N
C103343,Vihaan Verma,Visakhapatnam,AP,2023-03-13,N
C103344,Krishna Kumar,Bhubaneswar,OR,2023-05-19,Y
C103345,Gurpreet Deshpande,Mysuru,KA,2023-06-30,N
C103346,Saanvi Ansari,Kochi,KL,2023-09-06,Y
C103347,Sai Goyal,Mysuru,KA,2023-07-29,Y
C103348,Vihaan Sandhu,Pune,MH,2023-05-24,N
C103349,Karan Shah,Bengaluru,KA,2024-10-26,N
C103350,Siddharth Deshpande,Mumbai,MH,2023-03-30,N
C103351,Isha D'Souza,Delhi,DL,2023-12-06,Y
C103352,Deepak Agarwal,Hyderabad,TS,2023-12-22,Y
C103353,Aarav Roy,Mysuru,KA,2024-12-29,Y
C103354,Harpreet Chatterjee,Nashik,MH,2023-08-24,N
C103355,Meera Tiwari,Thiruvananthapuram,KL,2024-04-10,Y
C103356,Ankit Agarwal,Hyderabad,TS,2023-02-12,N
C103357,Om Bansal,Hyderabad,TS,2024-12-09,N
C103358,Joseph Arora,Indore,MP,2024-12-03,N
C103359,Rajat Pereira,Delhi,DL,2023-12-17,N
C103360,Deepak Bose,Visakhapatnam,AP,2024-09-09,Y
C103361,Farah Rathore,Raipur,CG,2023-12-16,N
C103362,Ankit Pereira,Hyderabad,TS,2024-11-18,Y
C103363,Amit Shinde,Bhopal,MP,2023-07-30,N
C103364,Joseph Chauhan,Indore,MP,2023-01-25,N
C103365,Harsh Gill,Raipur,CG,2024-01-19,N
C103366,Sameer Verma,Dehradun,UK,2023-10-25,Y
C103367,Shreya Roy,Chandigarh,CH,2024-08-22,Y
C103368,Imran Trivedi,Noida,UP,2024-08-14,Y
C103369,Ayaan Mathew,Nashik,MH,2022-07-24,N
C103370,Saanvi Mittal,Patna,BR,2024-04-08,Y
C103371,Isha Goyal,Bhubaneswar,OR,2023-07-25,N
C103372,Sneha Shah,Indore,MP,2022-12-05,N
C103373,Joseph Ansari,Hyderabad,TS,2024-02-14,N
C103374,Rohan Pawar,Bhubaneswar,OR,2023-04-08,N
C103375,Krishna Agarwal,Patna,BR,2023-10-27,Y
C103376,Aadhya Chatterjee,Hyderabad,TS,2023-06-29,N
C103377,Ishaan Patel,Bhopal,MP,2024-01-02,Y
C103378,Kabir Bose,Chennai,TN,2022-11-25,Y
C103379,Saanvi Sheikh,Guwahati,AS,2023-03-09,Y
C103380,Sameer Goyal,Pune,MH,2024-07-19,Y
C103381,Varun Jadhav,Patna,BR,2023-03-27,Y
C103382,Aditya Roy,Mysuru,KA,2023-06-29,N
C103383,Komal Khanna,Lucknow,UP,2024-05-18,Y
C103384,Ankit Das,Nagpur,MH,2023-09-01,N
C103385,Lakshmi Ansari,Lucknow,UP,2023-05-15,Y
C103386,Sai Sharma,Visakhapatnam,AP,2024-05-19,N
C103387,Yash Rao,Ahmedabad,GJ,2024-06-10,Y
C103388,Vihaan Pereira,Indore,MP,2024-07-29,N
C103389,Vihaan Yadav,Indore,MP,2022-07-21,N
C103390,Daniel Gaikwad,Kolkata,WB,2023-10-08,Y
C103391,Harsh Varghese,Indore,MP,2023-12-27,N
C103392,Ayaan Chatterjee,Bengaluru,KA,2023-03-23,N
C103393,Steven Pandey,Ranchi,JH,2024-09-01,Y
C103394,Thomas Sen,Nashik,MH,2023-09-26,N
C103395,Aarav Singh,Mysuru,KA,2023-10-10,Y
C103396,Karan Gupta,Lucknow,UP,2024-01-15,N
C103397,Krishna Trivedi,Kolkata,WB,2023-01-23,N
C103398,Aarav Gupta,Coimbatore,TN,2023-02-27,N
C103399,Pranav Siddiqui,Bhubaneswar,OR,2023-07-05,N
C103400,Aditya Bhatia,Jaipur,RJ,2023-06-09,N
C103401,Faisal Khanna,Hyderabad,TS,2022-08-05,N
C103402,Meera Bose,Mysuru,KA,2023-07-27,N
C103403,Sukhwinder Kulkarni,Mumbai,MH,2022-07-27,Y
C103404,Vikram D'Souza,Pune,MH,2024-08-30,N
C103405,Pooja Rao,Ahmedabad,GJ,2024-11-23,N
C103406,Ananya Shinde,Mysuru,KA,2024-09-16,N
C103407,Krishna D'Souza,Lucknow,UP,2023-08-19,N
C103408,Aishwarya Dutta,Nashik,MH,2024-09-02,Y
C103409,Joseph Pawar,Vadodara,GJ,2023-10-06,N
C103410,Komal Dhillon,Kochi,KL,2022-09-28,Y
C103411,Manish Siddiqui,Kochi,KL,2024-06-10,N
C103412,Ishaan Patel,Raipur,CG,2023-08-21,Y
C103413,Komal Shah,Raipur,CG,2023-02-17,N
C103414,Suresh Gupta,Jaipur,RJ,2024-06-21,N
C103415,Saanvi Kulkarni,Raipur,CG,2024-10-13,Y
C103416,Manish Verma,Bengaluru,KA,2023-08-14,N
C103417,Sai Joshi,Vadodara,GJ,2022-10-19,Y
C103418,Pooja Nair,Vadodara,GJ,2022-09-08,N
C103419,Dev Trivedi,Lucknow,UP,2024-05-12,N
C103420,Dev Das,Pune,MH,2022-08-06,N
C103421,Manish Naidu,Chandigarh,CH,2022-10-17,N
C103422,Ritika Srivastava,Bengaluru,KA,2023-02-04,N
C103423,Ananya Reddy,Chennai,TN,2023-10-21,N
C103424,Sneha Chatterjee,Chandigarh,CH,2023-08-03,N
C103425,Vihaan Pawar,Surat,GJ,2022-10-06,N
C103426,Kunal Pereira,Coimbatore,TN,2024-04-12,Y
C103427,Ritika Tiwari,Ahmedabad,GJ,2023-10-29,N
C103428,Lobsang Varghese,Hyderabad,TS,2023-07-28,N
C103429,Harpreet Tiwari,Chennai,TN,2023-10-23,N
C103430,Ananya Mehta,Mumbai,MH,2023-08-28,Y
C103431,Suresh Mathew,Kolkata,WB,2024-09-27,Y
C103432,Meera Sethi,Thiruvananthapuram,KL,2024-01-29,N
C103433,Simran Siddiqui,Delhi,DL,2023-12-23,Y
C103434,Tarun Sen,Noida,UP,2024-05-20,Y
C103435,Rajat Mehta,Gurugram,HR,2024-08-13,N
C103436,Manpreet Kapoor,Hyderabad,TS,2024-04-03,N
C103437,Bhavna Dutta,Jaipur,RJ,2023-07-23,Y
C103438,Faisal Pawar,Delhi,DL,2024-02-21,N
C103439,Farah Patel,Surat,GJ,2022-09-19,N
C103440,Saanvi Menon,Pune,MH,2024-07-13,N
C103441,Reyansh Mehta,Nashik,MH,2023-07-23,N
C103442,Pooja Menon,Pune,MH,2023-10-19,N
C103443,Payal Tiwari,Chandigarh,CH,2023-05-26,N
C103444,Yash Naidu,Bhopal,MP,2023-07-17,Y
C103445,Vivaan Khan,Nagpur,MH,2023-07-15,N
C103446,Saanvi Mukherjee,Visakhapatnam,AP,2022-10-28,Y
C103447,Rahul Khan,Dehradun,UK,2023-08-08,N
C103448,Manish Jain,Vadodara,GJ,2022-09-30,N
C103449,Arjun Kulkarni,Surat,GJ,2022-08-02,Y
C103450,Tanvi Sethi,Kochi,KL,2022-07-28,N
C103451,Manish Kapoor,Patna,BR,2024-09-30,N
C103452,Meera Sheikh,Gurugram,HR,2023-03-27,N
C103453,Vihaan Dhillon,Gurugram,HR,2023-10-08,Y
C103454,Harsh Menon,Thiruvananthapuram,KL,2023-03-30,Y
C103455,Sai Chopra,Raipur,CG,2023-04-10,N
C103456,Steven Banerjee,Hyderabad,TS,2022-07-25,Y
C103457,Ramesh Shinde,Raipur,CG,2024-01-21,N
C103458,Ishaan Gaikwad,Delhi,DL,2023-02-07,N
C103459,Dev Gill,Pune,MH,2023-07-21,Y
C103460,Shreya Dhillon,Delhi,DL,2023-07-08,Y
C103461,Thomas Agarwal,Mumbai,MH,2022-10-29,N
C103462,Suresh Reddy,Mysuru,KA,2023-05-12,Y
C103463,Dev George,Surat,GJ,2023-01-18,Y
C103464,Rohit Fernandes,Visakhapatnam,AP,2024-10-23,N
C103465,Rohit Qureshi,Chandigarh,CH,2022-08-30,N
C103466,Rohan Fernandes,Bhopal,MP,2023-09-07,Y
C103467,Deepak Sandhu,Coimbatore,TN,2022-08-03,N
C103468,Steven Singh,Raipur,CG,2022-12-11,Y
C103469,Payal Patil,Lucknow,UP,2024-06-11,N
C103470,Joseph Goyal,Raipur,CG,2023-08-08,N
C103471,Zoya Pereira,Dehradun,UK,2022-12-15,N
C103472,Manish Pandey,Raipur,CG,2023-12-10,Y
C103473,Daniel Menon,Dehradun,UK,2024-05-09,N
C103474,Siddharth Kumar,Ahmedabad,GJ,2024-03-05,Y
C103475,Karan Mittal,Kochi,KL,2023-01-02,N
C103476,Sukhwinder Gupta,Ranchi,JH,2023-04-23,Y
C103477,Yash Varghese,Bengaluru,KA,2024-07-25,N
C103478,Sneha Bhatt,Mysuru,KA,2023-08-12,Y
C103479,Diya Pereira,Chandigarh,CH,2023-10-27,Y
C103480,Anjali Bansal,Patna,BR,2022-11-18,N
C103481,Faisal Trivedi,Chandigarh,CH,2023-11-14,N
C103482,Rahul Ansari,Dehradun,UK,2022-09-08,Y
C103483,Farah Khanna,Ahmedabad,GJ,2023-01-11,N
C103484,Sneha Khanna,Chandigarh,CH,2024-08-12,Y
C103485,Sai Agarwal,Mumbai,MH,2022-09-18,Y
C103486,Daniel Dutta,Lucknow,UP,2023-04-17,Y
C103487,Sunita Trivedi,Kochi,KL,2023-01-10,N
C103488,Kavya Roy,Bhopal,MP,2024-05-04,Y
C103489,Ritika Mukherjee,Chandigarh,CH,2024-10-27,Y
C103490,Manish Iyer,Surat,GJ,2022-11-09,N
C103491,Vivaan Chauhan,Vadodara,GJ,2024-07-24,N
C103492,Deepak Mathew,Bhopal,MP,2024-02-11,N
C103493,Abhishek Iyer,Guwahati,AS,2023-11-20,N
C103494,Tarun Tiwari,Bhopal,MP,2024-06-12,Y
C103495,Yash Arora,Bhopal,MP,2023-06-30,Y
C103496,Ritika Das,Chandigarh,CH,2023-01-30,N
C103497,Rahul Singh,Raipur,CG,2024-11-22,N
C103498,Swati Joshi,Lucknow,UP,2023-09-05,N
C103499,Vivaan Chatterjee,Ranchi,JH,2022-12-05,N
C103500,Varun Sethi,Ahmedabad,GJ,2023-10-02,N
C103501,Meera Arora,Indore,MP,2024-08-07,N
C103502,Priya George,Lucknow,UP,2023-08-16,Y
C103503,Payal Chatterjee,Patna,BR,2022-12-24,N
C103504,Daniel Yadav,Noida,UP,2022-08-29,N
C103505,Nisha Qureshi,Thiruvananthapuram,KL,2023-10-27,Y
C103506,Imran Jain,Nagpur,MH,2024-03-05,N
C103507,Karan Patel,Kolkata,WB,2023-09-07,Y
C103508,Karan Mukherjee,Dehradun,UK,2023-04-09,N
C103509,Shreya Mittal,Nagpur,MH,2023-05-25,N
C103510,Krishna Dhillon,Noida,UP,2024-06-04,N
C103511,Ritika Bhatt,Kolkata,WB,2023-09-22,N
C103512,Lobsang Mittal,Noida,UP,2023-08-10,N
C103513,Varun Tiwari,Mysuru,KA,2024-10-03,Y
C103514,Mohammed Gupta,Guwahati,AS,2024-03-20,N
C103515,Bhavna Fernandes,Surat,GJ,2024-12-18,N
C103516,Payal Gaikwad,Jaipur,RJ,2024-08-23,Y
C103517,Karan Reddy,Lucknow,UP,2022-09-30,N
C103518,Zoya Khan,Bhopal,MP,2022-11-19,N
C103519,Nikhil Shinde,Ranchi,JH,2023-08-25,N
C103520,Harpreet Deshpande,Patna,BR,2024-08-10,N
C103521,Sneha Mishra,Jaipur,RJ,2023-11-16,N
C103522,Sameer Trivedi,Coimbatore,TN,2023-06-03,N
C103523,Lobsang Menon,Thiruvananthapuram,KL,2024-12-03,N
C103524,Pooja Sethi,Visakhapatnam,AP,2023-12-08,N
C103525,Siddharth Srivastava,Indore,MP,2023-05-08,N
C103526,Shreya Goyal,Dehradun,UK,2024-04-16,N
C103527,Lobsang Yadav,Dehradun,UK,2022-09-25,Y
C103528,Yash Gupta,Vadodara,GJ,2022-07-23,N
C103529,Rohan Sheikh,Hyderabad,TS,2024-03-08,Y
C103530,Priya Chopra,Bhubaneswar,OR,2023-11-24,Y
C103531,Imran Bhatia,Patna,BR,2024-09-05,N
C103532,Yash Dhillon,Chennai,TN,2023-02-10,N
C103533,Farah Jain,Chennai,TN,2022-08-07,N
C103534,Isha Arora,Raipur,CG,2023-08-28,N
C103535,Imran Malhotra,Thiruvananthapuram,KL,2023-09-04,N
C103536,Riya Bhatt,Thiruvananthapuram,KL,2022-08-16,N
C103537,Ankit Singh,Pune,MH,2024-03-26,N
C103538,Vikram Das,Bhubaneswar,OR,2024-01-14,N
C103539,Deepak Gupta,Mysuru,KA,2024-04-29,N
C103540,Farah Kapoor,Bhopal,MP,2024-12-24,N
C103541,Geeta Singh,Mumbai,MH,2023-06-22,N
C103542,Rohit Joshi,Raipur,CG,2024-12-02,Y
C103543,Rahul Patel,Lucknow,UP,2024-05-23,N
C103544,Neha Mehta,Bhubaneswar,OR,2022-11-16,Y
C103545,Sameer Sharma,Mumbai,MH,2023-06-14,N
C103546,Tenzin Jadhav,Bhubaneswar,OR,2022-12-21,N
C103547,Karan Naidu,Kochi,KL,2022-09-29,Y
C103548,Manish Sheikh,Indore,MP,2024-05-12,N
C103549,Reyansh Desai,Bhubaneswar,OR,2023-10-19,Y
C103550,Rajat Bose,Patna,BR,2024-02-23,N
C103551,Varun Dhillon,Bhopal,MP,2024-08-12,Y
C103552,Yash Pawar,Delhi,DL,2024-10-14,Y
C103553,Gurpreet D'Souza,Ahmedabad,GJ,2024-11-08,N
C103554,Isha Das,Gurugram,HR,2024-02-19,N
C103555,Mohammed Chatterjee,Kochi,KL,2023-09-19,N
C103556,Imran Deshpande,Delhi,DL,2023-02-18,N
C103557,Manish Pawar,Raipur,CG,2024-11-02,Y
C103558,Nisha Shinde,Raipur,CG,2022-12-11,N
C103559,Aditya Dhillon,Mysuru,KA,2024-12-04,N
C103560,Manpreet Shinde,Indore,MP,2022-07-18,N
C103561,Tenzin Chatterjee,Visakhapatnam,AP,2023-01-01,Y
C103562,Tarun Malhotra,Kolkata,WB,2023-02-27,N
C103563,Karan Srivastava,Pune,MH,2023-01-20,N
C103564,Aadhya Goyal,Delhi,DL,2024-08-30,Y
C103565,Saanvi Singh,Visakhapatnam,AP,2024-12-07,N
C103566,Zoya Sheikh,Ranchi,JH,2024-11-01,N
C103567,Aarav Sandhu,Coimbatore,TN,2024-02-12,N
C103568,Karan Pillai,Mysuru,KA,2023-02-05,Y
C103569,Tarun Joshi,Gurugram,HR,2023-07-07,Y
C103570,Megha Agarwal,Noida,UP,2024-07-22,N
C103571,Aarav Khanna,Vadodara,GJ,2023-09-28,N
C103572,Tarun Reddy,Mumbai,MH,2022-09-13,Y
C103573,Pooja Mittal,Guwahati,AS,2023-12-23,N
C103574,Manish Rao,Visakhapatnam,AP,2023-12-10,N
C103575,Vihaan Das,Mysuru,KA,2022-09-12,N
C103576,Payal Menon,Visakhapatnam,AP,2023-10-23,N
C103577,Imran Gaikwad,Thiruvananthapuram,KL,2023-08-20,N
C103578,Steven Mehta,Vadodara,GJ,2022-11-08,Y
C103579,Geeta Siddiqui,Raipur,CG,2023-03-20,N
C103580,Rahul Jadhav,Nagpur,MH,2024-10-16,N
C103581,Nikhil Mathew,Bhopal,MP,2024-10-06,N
C103582,Ankit Mukherjee,Jaipur,RJ,2024-10-14,Y
C103583,Nikhil Gupta,Jaipur,RJ,2022-12-13,N
C103584,Zaid Mukherjee,Coimbatore,TN,2024-06-09,N
C103585,Karan Bhatia,Chandigarh,CH,2024-01-05,N
C103586,Nisha Jain,Visakhapatnam,AP,2024-05-22,Y
C103587,Lakshmi Gill,Vadodara,GJ,2022-08-30,N
C103588,Payal Varghese,Chennai,TN,2023-02-24,N
C103589,Dev Rathore,Ahmedabad,GJ,2023-03-18,N
C103590,Divya Iyer,Visakhapatnam,AP,2024-01-20,Y
C103591,Tarun Kaur,Ahmedabad,GJ,2022-07-27,Y
C103592,Tanvi Mittal,Visakhapatnam,AP,2022-08-17,N
C103593,Megha Menon,Thiruvananthapuram,KL,2023-08-11,Y
C103594,Divya Arora,Chennai,TN,2022-11-17,Y
C103595,Diya Sharma,Guwahati,AS,2023-04-13,N
C103596,Nikhil Kapoor,Kochi,KL,2024-04-26,N
C103597,Zaid Srivastava,Lucknow,UP,2024-09-21,N
C103598,Megha Bhatt,Vadodara,GJ,2023-09-29,Y
C103599,Kabir Gaikwad,Vadodara,GJ,2024-01-22,Y
C103600,Megha Siddiqui,Surat,GJ,2024-02-18,N
C103601,Lobsang Nair,Nagpur,MH,2023-09-25,Y
C103602,Yash Pandey,Thiruvananthapuram,KL,2023-05-03,Y
C103603,Nisha Dhillon,Kolkata,WB,2024-02-08,N
C103604,Komal Sen,Raipur,CG,2024-07-01,N
C103605,Yash Varghese,Coimbatore,TN,2024-11-14,N
C103606,Anjali Arora,Bhubaneswar,OR,2024-05-23,Y
C103607,Tarun Nair,Mysuru,KA,2022-12-30,N
C103608,Lobsang Mukherjee,Indore,MP,2024-04-10,N
C103609,Priya Singh,Coimbatore,TN,2023-05-02,N
C103610,Pranav Joshi,Indore,MP,2023-02-25,N
C103611,Sameer Gill,Gurugram,HR,2024-03-15,N
C103612,Nikhil Deshpande,Nashik,MH,2024-12-21,N
C103613,Geeta Sen,Kolkata,WB,2022-10-08,N
C103614,Sameer Bansal,Mysuru,KA,2023-01-09,N
C103615,Siddharth Gaikwad,Surat,GJ,2022-10-09,N
C103616,Bhavna Pawar,Visakhapatnam,AP,2024-03-19,N
C103617,Riya Trivedi,Nagpur,MH,2024-06-29,N
C103618,Gurpreet Pandey,Indore,MP,2023-08-28,N
C103619,Harsh Joshi,Raipur,CG,2024-07-24,Y
C103620,Aadhya Gill,Coimbatore,TN,2024-08-22,Y
C103621,Pooja Kaur,Guwahati,AS,2024-03-31,Y
C103622,Nikhil Deshpande,Vadodara,GJ,2023-11-09,Y
C103623,Sunita Dhillon,Chandigarh,CH,2023-09-13,N
C103624,Suresh Desai,Chandigarh,CH,2024-07-09,N
C103625,Abhishek Gill,Nashik,MH,2022-12-06,Y
C103626,Neha Bhatia,Surat,GJ,2024-03-19,N
C103627,Ananya Naidu,Lucknow,UP,2024-03-15,Y
C103628,Faisal Kaur,Delhi,DL,2024-02-29,Y
C103629,Kunal Varghese,Vadodara,GJ,2024-09-13,N
C103630,Kabir Naidu,Nashik,MH,2024-03-03,N
C103631,Varun Khanna,Thiruvananthapuram,KL,2024-10-04,N
C103632,Manpreet Khan,Bhubaneswar,OR,2023-05-13,Y
C103633,Lakshmi Bhatia,Visakhapatnam,AP,2024-11-25,N
C103634,Mohammed Srivastava,Indore,MP,2023-07-05,N
C103635,Kabir Ghosh,Mumbai,MH,2023-08-08,N
C103636,Rohit Mukherjee,Hyderabad,TS,2023-10-21,Y
C103637,Tanvi Gill,Bengaluru,KA,2024-12-12,N
C103638,Krishna Joshi,Noida,UP,2022-11-02,Y
C103639,Sameer Dhillon,Bengaluru,KA,2022-10-06,N
C103640,Aishwarya Gaikwad,Chandigarh,CH,2023-05-14,N
C103641,Sukhwinder Mukherjee,Delhi,DL,2023-04-18,N
C103642,Tarun Gill,Mysuru,KA,2024-08-02,N
C103643,Thomas Arora,Mumbai,MH,2022-10-30,N
C103644,Aishwarya Goyal,Lucknow,UP,2022-10-27,Y
C103645,Geeta Pawar,Indore,MP,2023-11-18,N
C103646,Manish Pereira,Bhopal,MP,2023-04-04,N
C103647,Tenzin Bose,Ahmedabad,GJ,2024-11-23,N
C103648,Amit Singh,Surat,GJ,2024-07-11,N
C103649,Lakshmi Gill,Bhopal,MP,2023-12-24,N
C103650,Sukhwinder Gupta,Chandigarh,CH,2023-02-10,N
C103651,Sunita Kulkarni,Patna,BR,2023-11-20,N
C103652,Ishaan Trivedi,Dehradun,UK,2024-10-14,N
C103653,Aadhya Patel,Raipur,CG,2024-07-21,N
C103654,Deepak Mishra,Gurugram,HR,2024-02-24,N
C103655,Dev Chopra,Guwahati,AS,2024-03-27,N
C103656,Rohan Verma,Bengaluru,KA,2022-12-21,Y
C103657,Sukhwinder Roy,Nagpur,MH,2024-01-26,Y
C103658,Lobsang Sen,Jaipur,RJ,2024-03-09,N
C103659,Riya Arora,Noida,UP,2023-04-22,Y
C103660,Steven Reddy,Guwahati,AS,2022-11-30,Y
C103661,Megha Khanna,Ranchi,JH,2023-06-25,Y
C103662,Zaid Gupta,Nashik,MH,2023-05-30,N
C103663,Mohammed Pawar,Ahmedabad,GJ,2024-05-28,N
C103664,Ankit Malhotra,Ahmedabad,GJ,2024-07-17,N
C103665,Sunita Patil,Ahmedabad,GJ,2024-07-03,N
C103666,Swati Mehta,Indore,MP,2023-11-08,Y
C103667,Lakshmi Dhillon,Pune,MH,2024-10-26,Y
C103668,Divya Malhotra,Mysuru,KA,2023-06-29,N
C103669,Aishwarya Pandey,Kochi,KL,2024-11-17,N
C103670,Neha Chatterjee,Ranchi,JH,2022-09-24,N
C103671,Anjali Gupta,Guwahati,AS,2024-09-07,N
C103672,Zaid Mathew,Chennai,TN,2022-12-22,Y
C103673,Rohit Bhatt,Visakhapatnam,AP,2023-01-29,Y
C103674,Megha Arora,Hyderabad,TS,2023-10-26,N
C103675,Pooja George,Thiruvananthapuram,KL,2023-10-20,N
C103676,Diya Pandey,Indore,MP,2022-09-05,N
C103677,Harpreet Naidu,Nashik,MH,2024-05-08,N
C103678,Harsh Chatterjee,Guwahati,AS,2024-04-19,N
C103679,Neha D'Souza,Bhubaneswar,OR,2023-11-13,N
C103680,Payal Pawar,Indore,MP,2024-02-24,Y
C103681,Aadhya Roy,Ranchi,JH,2023-08-07,N
C103682,Vihaan Shah,Visakhapatnam,AP,2023-08-07,N
C103683,Ishaan Ghosh,Vadodara,GJ,2023-02-15,N
C103684,Megha Das,Coimbatore,TN,2023-06-06,Y
C103685,Ishaan Sheikh,Bhopal,MP,2022-09-05,N
C103686,Krishna George,Bengaluru,KA,2022-11-04,Y
C103687,Kavya Reddy,Visakhapatnam,AP,2022-11-12,N
C103688,Pranav Pereira,Vadodara,GJ,2024-06-29,N
C103689,Isha Khanna,Chennai,TN,2024-09-04,N
C103690,Bhavna Arora,Dehradun,UK,2022-12-04,N
C103691,Dev Pereira,Coimbatore,TN,2024-08-31,N
C103692,Megha Malhotra,Mysuru,KA,2023-11-03,Y
C103693,Isha Dhillon,Kolkata,WB,2023-04-05,N
C103694,Aishwarya Banerjee,Pune,MH,2023-10-12,N
C103695,Pooja Varghese,Indore,MP,2024-02-05,Y
C103696,Steven Sen,Ahmedabad,GJ,2024-08-03,N
C103697,Megha Pillai,Visakhapatnam,AP,2023-01-23,Y
C103698,Manish Kaur,Pune,MH,2024-05-15,N
C103699,Priya Shah,Delhi,DL,2023-04-12,N
C103700,Sunita Shah,Chandigarh,CH,2024-08-14,Y
C103701,Thomas D'Souza,Bengaluru,KA,2023-02-10,Y
C103702,Kabir Rao,Coimbatore,TN,2023-03-25,Y
C103703,Ankit Saxena,Vadodara,GJ,2024-08-06,N
C103704,Lobsang Mathew,Noida,UP,2023-02-13,N
C103705,Sneha Mukherjee,Nashik,MH,2024-06-13,Y
C103706,Lobsang Roy,Lucknow,UP,2023-11-04,N
C103707,Divya Reddy,Noida,UP,2024-03-14,Y
C103708,Ananya Menon,Pune,MH,2023-08-23,N
C103709,Ananya Sharma,Ahmedabad,GJ,2023-04-17,Y
C103710,Kabir Jain,Bhubaneswar,OR,2024-08-01,N
C103711,Payal Chopra,Gurugram,HR,2023-02-23,Y
C103712,Sukhwinder Malhotra,Coimbatore,TN,2022-08-01,N
C103713,Ananya Pawar,Indore,MP,2024-11-10,Y
C103714,Lakshmi Mishra,Ahmedabad,GJ,2023-06-03,Y
C103715,Harpreet Sethi,Thiruvananthapuram,KL,2022-09-24,N
C103716,Shreya Goyal,Raipur,CG,2023-10-02,N
C103717,Dev Fernandes,Nashik,MH,2024-12-21,N
C103718,Varun Gaikwad,Nashik,MH,2024-08-10,Y
C103719,Vihaan Iyer,Surat,GJ,2023-10-04,N
C103720,Joseph Dhillon,Nashik,MH,2023-10-12,N
C103721,Neha Khanna,Lucknow,UP,2024-01-09,Y
C103722,Daniel Gill,Bhopal,MP,2022-08-21,N
C103723,Zoya Rathore,Mysuru,KA,2024-07-13,N
C103724,Vihaan Jain,Kochi,KL,2023-08-28,N
C103725,Sukhwinder Sethi,Nagpur,MH,2024-05-23,N
C103726,Aishwarya Arora,Mysuru,KA,2024-08-22,N
C103727,Kavya Ansari,Delhi,DL,2023-03-04,Y
C103728,Zoya Tiwari,Nagpur,MH,2023-05-11,N
C103729,Tanvi Sethi,Kochi,KL,2023-05-07,Y
C103730,Kabir Tiwari,Lucknow,UP,2023-09-13,N
C103731,Ayaan Patel,Gurugram,HR,2023-08-17,Y
C103732,Diya Banerjee,Thiruvananthapuram,KL,2024-02-18,N
C103733,Imran Rao,Raipur,CG,2024-11-24,N
C103734,Ritika Deshpande,Pune,MH,2024-05-09,N
C103735,Vivaan Singh,Pune,MH,2023-12-19,N
C103736,Aarav Kulkarni,Visakhapatnam,AP,2024-09-19,N
C103737,Amit Chauhan,Patna,BR,2023-06-09,Y
C103738,Rahul Mehta,Coimbatore,TN,2023-12-11,Y
C103739,Payal Menon,Raipur,CG,2024-10-12,N
C103740,Harsh Ansari,Noida,UP,2023-03-11,Y
C103741,Divya Reddy,Ranchi,JH,2022-09-20,Y
C103742,Kabir D'Souza,Nashik,MH,2024-08-18,Y
C103743,Ankit Pillai,Chandigarh,CH,2023-04-18,N
C103744,Manish Dutta,Kochi,KL,2022-09-25,Y
C103745,Komal Roy,Bengaluru,KA,2023-05-03,Y
C103746,Kavya Shah,Mumbai,MH,2023-12-09,N
C103747,Zaid Deshpande,Gurugram,HR,2022-08-28,N
C103748,Tanvi George,Dehradun,UK,2024-06-23,N
C103749,Lakshmi Mehta,Bhubaneswar,OR,2024-05-10,Y
C103750,Rohan Pandey,Hyderabad,TS,2023-06-22,Y
C103751,Pooja Chatterjee,Ahmedabad,GJ,2023-01-26,Y
C103752,Simran Chauhan,Bhopal,MP,2024-10-14,N
C103753,Abhishek Tiwari,Noida,UP,2023-11-03,N
C103754,Rajat Mishra,Pune,MH,2023-06-13,N
C103755,Neha George,Coimbatore,TN,2023-06-30,N
C103756,Sukhwinder Siddiqui,Chandigarh,CH,2022-11-16,Y
C103757,Yash Chatterjee,Nagpur,MH,2024-05-11,Y
C103758,Harsh Reddy,Bhubaneswar,OR,2023-05-11,N
C103759,Yash Dhillon,Nagpur,MH,2024-09-18,Y
C103760,Rohit Mittal,Surat,GJ,2023-07-29,N
C103761,Gurpreet Joshi,Patna,BR,2024-12-10,Y
C103762,Thomas Arora,Guwahati,AS,2024-04-09,N
C103763,Faisal D'Souza,Jaipur,RJ,2023-03-31,N
C103764,Sunita Gill,Kochi,KL,2023-05-03,Y
C103765,Aadhya Tiwari,Gurugram,HR,2024-04-18,N
C103766,Sneha Pereira,Noida,UP,2024-05-15,N
C103767,Sameer Pillai,Vadodara,GJ,2024-05-28,N
C103768,Tanvi D'Souza,Chandigarh,CH,2023-11-02,N
C103769,Manish Tiwari,Indore,MP,2024-08-17,N
C103770,Aditya Sen,Indore,MP,2022-10-08,N
C103771,Aarav Pandey,Indore,MP,2024-10-08,N
C103772,Zoya Mittal,Coimbatore,TN,2022-12-21,N
C103773,Vihaan Rao,Chandigarh,CH,2024-04-10,Y
C103774,Varun Gupta,Indore,MP,2023-12-05,N
C103775,Anjali Sheikh,Noida,UP,2022-09-07,N
C103776,Swati D'Souza,Mumbai,MH,2023-02-27,N
C103777,Ankit Banerjee,Chennai,TN,2022-11-01,N
C103778,Vihaan Pawar,Bhopal,MP,2024-03-26,N
C103779,Ayaan Ansari,Pune,MH,2024-06-28,Y
C103780,Manish George,Ahmedabad,GJ,2023-02-21,N
C103781,Harpreet Tiwari,Ranchi,JH,2023-06-30,Y
C103782,Swati Sen,Nagpur,MH,2022-10-30,N
C103783,Kavya Qureshi,Ranchi,JH,2024-09-04,N
C103784,Diya Joshi,Kochi,KL,2023-08-05,Y
C103785,Payal Srivastava,Patna,BR,2024-01-28,N
C103786,Rajat Roy,Bhubaneswar,OR,2022-08-10,N
C103787,Pranav Pereira,Mysuru,KA,2023-10-28,Y
C103788,Varun Patil,Delhi,DL,2024-03-05,N
C103789,Pooja Reddy,Delhi,DL,2024-09-15,N
C103790,Rahul Dhillon,Thiruvananthapuram,KL,2024-12-20,N
C103791,Farah Mishra,Kochi,KL,2024-07-12,N
C103792,Sneha Kumar,Jaipur,RJ,2022-07-27,N
C103793,Rahul Dhillon,Mysuru,KA,2023-06-25,N
C103794,Sukhwinder Pandey,Mumbai,MH,2022-08-01,N
C103795,Vivaan Kulkarni,Kochi,KL,2024-06-03,Y
C103796,Imran Mishra,Surat,GJ,2023-12-02,N
C103797,Om Arora,Lucknow,UP,2023-11-09,N
C103798,Varun Iyer,Patna,BR,2024-10-22,N
C103799,Gurpreet Pandey,Coimbatore,TN,2024-01-16,N
C103800,Om Rao,Mysuru,KA,2024-09-01,N
C103801,Divya Naidu,Indore,MP,2022-11-19,Y
C103802,Komal Sandhu,Surat,GJ,2024-12-22,Y
C103803,Kavya Fernandes,Kochi,KL,2023-05-14,Y
C103804,Reyansh Qureshi,Dehradun,UK,2024-08-27,N
C103805,Suresh Mehta,Chandigarh,CH,2024-04-30,N
C103806,Rohit Chatterjee,Raipur,CG,2023-02-13,Y
C103807,Joseph Fernandes,Vadodara,GJ,2023-09-17,Y
C103808,Ayaan Agarwal,Bengaluru,KA,2024-10-22,N
C103809,Vihaan Pillai,Nagpur,MH,2022-09-05,N
C103810,Komal Pereira,Lucknow,UP,2023-08-01,Y
C103811,Meera Verma,Hyderabad,TS,2024-04-07,Y
C103812,Vivaan Nair,Noida,UP,2022-11-09,N
C103813,Pranav Jain,Raipur,CG,2024-12-09,N
C103814,Sukhwinder Rao,Kolkata,WB,2023-06-19,N
C103815,Deepak Sandhu,Ranchi,JH,2022-07-25,N
C103816,Farah George,Kochi,KL,2023-03-25,N
C103817,Harpreet Agarwal,Delhi,DL,2023-09-03,N
C103818,Rohan Mehta,Mysuru,KA,2024-12-04,N
C103819,Simran Desai,Bhubaneswar,OR,2022-09-19,Y
C103820,Vihaan Gill,Bengaluru,KA,2024-01-10,N
C103821,Ayaan Sen,Bhopal,MP,2024-10-08,Y
C103822,Aditya Jain,Mumbai,MH,2023-09-13,N
C103823,Om Reddy,Indore,MP,2024-06-28,Y
C103824,Neha Patel,Visakhapatnam,AP,2023-04-28,Y
C103825,Amit Kaur,Bengaluru,KA,2023-06-08,N
C103826,Sai Shinde,Ahmedabad,GJ,2024-04-16,N
C103827,Rahul Mathew,Kochi,KL,2024-01-29,N
C103828,Bhavna Chatterjee,Bhubaneswar,OR,2024-04-25,N
C103829,Thomas Varghese,Visakhapatnam,AP,2022-11-24,N
C103830,Tanvi Chopra,Chandigarh,CH,2023-01-03,N
C103831,Geeta Jadhav,Mysuru,KA,2024-02-28,N
C103832,Suresh Joshi,Hyderabad,TS,2023-08-09,N
C103833,Yash Shinde,Coimbatore,TN,2024-04-08,N
C103834,Aditya Joshi,Delhi,DL,2024-10-06,N
C103835,Siddharth Roy,Gurugram,HR,2023-03-12,Y
C103836,Gurpreet Ghosh,Mumbai,MH,2023-10-23,Y
C103837,Mohammed Qureshi,Bhopal,MP,2023-05-15,N
C103838,Rahul Pawar,Kolkata,WB,2023-08-04,N
C103839,Nikhil Chatterjee,Raipur,CG,2023-08-07,N
C103840,Aishwarya George,Delhi,DL,2024-06-07,Y
C103841,Deepak Tiwari,Ranchi,JH,2023-08-17,N
C103842,Kabir Kulkarni,Bhopal,MP,2023-05-11,Y
C103843,Isha Reddy,Kochi,KL,2023-12-02,N
C103844,Geeta Kaur,Ranchi,JH,2023-10-21,Y
C103845,Ramesh Sandhu,Bengaluru,KA,2023-08-03,N
C103846,Thomas Menon,Pune,MH,2022-11-14,N
C103847,Anjali Singh,Lucknow,UP,2022-09-22,N
C103848,Aarav Kumar,Ranchi,JH,2023-03-28,Y
C103849,Sameer George,Chennai,TN,2023-06-19,N
C103850,Farah Deshpande,Patna,BR,2023-10-04,N
C103851,Payal Pereira,Chandigarh,CH,2024-09-27,N
C103852,Joseph Dutta,Indore,MP,2024-02-28,N
C103853,Vikram Das,Chandigarh,CH,2023-08-12,N
C103854,Vihaan Malhotra,Guwahati,AS,2024-12-12,N
C103855,Karan Tiwari,Hyderabad,TS,2024-11-07,N
C103856,Vivaan George,Kolkata,WB,2023-04-16,Y
C103857,Saanvi Tiwari,Dehradun,UK,2022-09-08,Y
C103858,Krishna Reddy,Visakhapatnam,AP,2024-06-21,N
C103859,Daniel Chatterjee,Bengaluru,KA,2023-09-08,N
C103860,Farah Das,Indore,MP,2023-09-21,N
C103861,Saanvi Roy,Coimbatore,TN,2024-01-08,N
C103862,Dev Trivedi,Chennai,TN,2024-03-03,Y
C103863,Lakshmi Siddiqui,Bhopal,MP,2022-11-01,N
C103864,Ishaan Sandhu,Noida,UP,2023-03-04,N
C103865,Lobsang Arora,Bengaluru,KA,2023-02-14,N
C103866,Anjali Roy,Coimbatore,TN,2023-08-12,N
C103867,Zoya Naidu,Bengaluru,KA,2023-05-04,N
C103868,Isha Kaur,Guwahati,AS,2024-06-06,Y
C103869,Ananya Jain,Jaipur,RJ,2024-02-24,N
C103870,Tarun Arora,Kochi,KL,2023-12-17,Y
C103871,Deepak Reddy,Indore,MP,2024-01-29,Y
C103872,Megha Mukherjee,Bhubaneswar,OR,2023-03-15,N
C103873,Aadhya Mittal,Delhi,DL,2024-08-16,N
C103874,Harsh Bansal,Mumbai,MH,2024-05-28,Y
C103875,Om Trivedi,Nagpur,MH,2024-06-08,Y
C103876,Lobsang Bose,Lucknow,UP,2024-06-13,N
C103877,Vihaan Jadhav,Gurugram,HR,2024-07-21,N
C103878,Sukhwinder Rao,Delhi,DL,2023-03-23,N
C103879,Om Sheikh,Indore,MP,2024-12-05,N
C103880,Pooja Bhatia,Bengaluru,KA,2024-08-06,N
C103881,Priya Jain,Chandigarh,CH,2023-09-19,Y
C103882,Vivaan Mittal,Surat,GJ,2024-12-30,N
C103883,Ayaan Das,Raipur,CG,2023-07-31,N
C103884,Bhavna Siddiqui,Gurugram,HR,2022-12-31,Y
C103885,Mohammed Pandey,Mumbai,MH,2024-09-30,N
C103886,Shreya Sen,Gurugram,HR,2022-08-01,Y
C103887,Ayaan Mishra,Patna,BR,2024-08-24,N
C103888,Bhavna Khan,Guwahati,AS,2022-11-19,Y
C103889,Komal Fernandes,Delhi,DL,2022-08-12,N
C103890,Kavya Agarwal,Noida,UP,2023-10-18,N
C103891,Thomas Fernandes,Ahmedabad,GJ,2023-10-06,N
C103892,Riya Gupta,Mumbai,MH,2023-06-05,N
C103893,Deepak Patil,Gurugram,HR,2023-04-23,Y
C103894,Payal Joshi,Chennai,TN,2023-02-24,N
C103895,Rajat Jadhav,Indore,MP,2023-09-05,Y
C103896,Sai Desai,Vadodara,GJ,2022-09-25,Y
C103897,Ayaan Das,Thiruvananthapuram,KL,2024-04-02,N
C103898,Arjun Nair,Delhi,DL,2024-09-18,N
C103899,Tanvi Sharma,Bhubaneswar,OR,2024-07-26,N
C103900,Megha Agarwal,Guwahati,AS,2023-11-09,N
C103901,Jaspreet Varghese,Nashik,MH,2022-08-23,N
C103902,Sai Gill,Mysuru,KA,2023-09-12,N
C103903,Deepak Deshpande,Nashik,MH,2023-03-11,N
C103904,Isha Bhatia,Gurugram,HR,2023-05-19,N
C103905,Nisha Jadhav,Coimbatore,TN,2023-03-21,N
C103906,Nikhil Kaur,Mumbai,MH,2023-12-23,Y
C103907,Lakshmi Patel,Delhi,DL,2023-02-06,N
C103908,Divya Khan,Noida,UP,2023-03-08,N
C103909,Om Iyer,Patna,BR,2023-03-09,Y
C103910,Saanvi Menon,Gurugram,HR,2023-11-19,Y
C103911,Nisha Nair,Mysuru,KA,2024-12-18,N
C103912,Vivaan Chopra,Nagpur,MH,2024-03-22,N
C103913,Riya Sheikh,Visakhapatnam,AP,2023-12-03,N
C103914,Sukhwinder Bhatt,Vadodara,GJ,2024-08-19,N
C103915,Aarav Rathore,Indore,MP,2023-12-15,N
C103916,Vikram Mittal,Mumbai,MH,2022-09-13,Y
C103917,Sai Ghosh,Bhopal,MP,2023-05-16,N
C103918,Aarav Qureshi,Chandigarh,CH,2024-07-23,Y
C103919,Mohammed Agarwal,Visakhapatnam,AP,2023-05-12,Y
C103920,Pranav Desai,Gurugram,HR,2024-06-29,N
C103921,Ramesh Iyer,Mumbai,MH,2022-08-11,Y
C103922,Tarun Dhillon,Surat,GJ,2023-09-11,N
C103923,Karan Pawar,Mysuru,KA,2023-02-02,N
C103924,Lakshmi Khan,Indore,MP,2022-08-14,N
C103925,Aditya Mukherjee,Delhi,DL,2024-04-02,N
C103926,Krishna Pawar,Chandigarh,CH,2024-09-04,N
C103927,Zaid Ansari,Thiruvananthapuram,KL,2023-05-22,N
C103928,Riya Ghosh,Gurugram,HR,2022-10-03,Y
C103929,Diya Mittal,Dehradun,UK,2023-03-08,N
C103930,Manish Mehta,Vadodara,GJ,2024-05-22,N
C103931,Harsh Mishra,Jaipur,RJ,2022-08-21,N
C103932,Varun Yadav,Bhubaneswar,OR,2024-02-15,N
C103933,Siddharth Kumar,Ranchi,JH,2023-07-29,N
C103934,Rahul Sen,Vadodara,GJ,2023-12-18,Y
C103935,Vikram Joshi,Patna,BR,2023-05-24,N
C103936,Saanvi George,Patna,BR,2024-12-23,Y
C103937,Swati Yadav,Nagpur,MH,2024-05-30,Y
C103938,Tenzin Sharma,Vadodara,GJ,2023-05-28,N
C103939,Simran Roy,Chennai,TN,2024-12-26,N
C103940,Amit D'Souza,Noida,UP,2023-09-27,N
C103941,Sneha Desai,Raipur,CG,2023-08-25,N
C103942,Aarav Khan,Patna,BR,2023-06-01,N
C103943,Vivaan Pillai,Lucknow,UP,2022-12-24,N
C103944,Sneha Yadav,Kochi,KL,2022-10-11,N
C103945,Aadhya Ghosh,Jaipur,RJ,2023-11-23,N
C103946,Sukhwinder Menon,Ahmedabad,GJ,2022-09-27,Y
C103947,Pranav Ghosh,Lucknow,UP,2023-07-06,N
C103948,Swati Kapoor,Ahmedabad,GJ,2023-08-16,N
C103949,Ayaan Desai,Ahmedabad,GJ,2024-09-08,Y
C103950,Kabir Kulkarni,Lucknow,UP,2024-11-12,Y
C103951,Simran Siddiqui,Chennai,TN,2024-03-20,N
C103952,Meera Rao,Dehradun,UK,2023-04-09,N
C103953,Aishwarya Bhatt,Pune,MH,2023-09-23,N
C103954,Sneha Sharma,Patna,BR,2023-06-13,Y
C103955,Harsh Gill,Nashik,MH,2024-10-10,N
C103956,Ishaan Iyer,Nashik,MH,2024-01-07,N
C103957,Saanvi Sharma,Pune,MH,2023-02-07,Y
C103958,Suresh Joshi,Patna,BR,2024-07-28,N
C103959,Rohan Pereira,Bengaluru,KA,2024-02-16,Y
C103960,Kavya Jain,Surat,GJ,2024-06-02,N
C103961,Anjali Rathore,Noida,UP,2023-12-24,N
C103962,Ishaan Roy,Thiruvananthapuram,KL,2023-07-19,N
C103963,Jaspreet Kulkarni,Dehradun,UK,2024-04-08,Y
C103964,Faisal Sheikh,Hyderabad,TS,2024-09-15,Y
C103965,Manpreet Agarwal,Indore,MP,2024-10-21,N
C103966,Rohan Naidu,Mysuru,KA,2023-08-07,N
C103967,Manpreet Sen,Delhi,DL,2024-08-09,N
C103968,Joseph D'Souza,Pune,MH,2022-11-13,N
C103969,Sukhwinder Nair,Chennai,TN,2024-11-07,Y
C103970,Shreya Singh,Guwahati,AS,2022-10-03,N
C103971,Abhishek Yadav,Hyderabad,TS,2024-11-15,N
C103972,Kunal Desai,Kochi,KL,2024-01-13,N
C103973,Megha Dhillon,Coimbatore,TN,2024-08-12,N
C103974,Anjali Fernandes,Bhubaneswar,OR,2023-02-12,N
C103975,Yash Rathore,Coimbatore,TN,2023-04-10,Y
C103976,Lakshmi Saxena,Noida,UP,2024-10-10,N
C103977,Simran Qureshi,Mysuru,KA,2022-12-20,N
C103978,Rajat Deshpande,Ranchi,JH,2023-12-15,Y
C103979,Isha Ghosh,Thiruvananthapuram,KL,2024-03-09,N
C103980,Ankit Khan,Kochi,KL,2024-11-01,N
C103981,Payal Desai,Thiruvananthapuram,KL,2024-03-09,Y
C103982,Anjali Saxena,Hyderabad,TS,2022-10-20,N
C103983,Krishna Kaur,Nashik,MH,2022-11-18,N
C103984,Pooja Mehta,Noida,UP,2023-05-18,N
C103985,Harpreet Bansal,Kochi,KL,2023-03-29,N
C103986,Thomas Jain,Jaipur,RJ,2022-09-19,Y
C103987,Imran Ghosh,Nagpur,MH,2022-08-19,N
C103988,Om Fernandes,Kolkata,WB,2024-05-18,N
C103989,Megha Kaur,Surat,GJ,2024-11-14,N
C103990,Imran Sheikh,Kolkata,WB,2023-04-18,Y
C103991,Sneha Dhillon,Noida,UP,2024-10-28,N
C103992,Sunita Bose,Dehradun,UK,2023-03-26,N
C103993,Joseph Shah,Nashik,MH,2023-02-13,N
C103994,Varun Rao,Bhopal,MP,2023-01-18,Y
C103995,Suresh Verma,Dehradun,UK,2023-04-25,N
C103996,Neha Gill,Mysuru,KA,2023-12-16,N
C103997,Ankit Tiwari,Nashik,MH,2024-03-29,N
C103998,Aadhya Mehta,Kolkata,WB,2024-09-11,N
C103999,Arjun Naidu,Ahmedabad,GJ,2022-07-25,N
C104000,Saanvi Bansal,Delhi,DL,2024-11-04,N
C104001,Aishwarya Khanna,Jaipur,RJ,2024-06-25,Y
C104002,Nikhil Desai,Kochi,KL,2022-08-20,N
C104003,Harsh Kapoor,Mysuru,KA,2022-08-15,N
C104004,Yash Qureshi,Visakhapatnam,AP,2022-11-02,N
C104005,Megha Gill,Thiruvananthapuram,KL,2024-11-18,N
C104006,Amit Sharma,Jaipur,RJ,2022-12-26,N
C104007,Rajat Agarwal,Ranchi,JH,2024-10-28,Y
C104008,Swati Kaur,Vadodara,GJ,2022-09-25,N
C104009,Amit Trivedi,Surat,GJ,2022-12-08,N
C104010,Priya Gaikwad,Bhubaneswar,OR,2023-11-29,Y
C104011,Geeta Reddy,Vadodara,GJ,2023-06-14,N
C104012,Zoya Rathore,Ranchi,JH,2023-03-09,N
C104013,Tarun Khanna,Kochi,KL,2024-11-26,Y
C104014,Manish Goyal,Guwahati,AS,2022-08-19,N
C104015,Diya Jadhav,Bhopal,MP,2023-04-21,N
C104016,Sukhwinder Bhatia,Coimbatore,TN,2023-12-28,N
C104017,Manish Trivedi,Jaipur,RJ,2024-07-14,N
C104018,Karan Khan,Pune,MH,2024-05-09,N
C104019,Divya Sandhu,Thiruvananthapuram,KL,2023-01-21,N
C104020,Aditya Jain,Hyderabad,TS,2023-11-11,N
C104021,Ramesh Gill,Nashik,MH,2024-09-11,N
C104022,Abhishek Agarwal,Vadodara,GJ,2022-09-08,N
C104023,Lakshmi Mukherjee,Nashik,MH,2022-11-28,N
C104024,Arjun Dutta,Vadodara,GJ,2023-01-19,N
C104025,Lobsang Malhotra,Bhopal,MP,2023-05-24,Y
C104026,Geeta Banerjee,Bengaluru,KA,2023-08-14,Y
C104027,Rahul Goyal,Chennai,TN,2023-10-31,Y
C104028,Vihaan Gaikwad,Nagpur,MH,2022-12-28,Y
C104029,Yash Kapoor,Vadodara,GJ,2024-05-09,Y
C104030,Isha Pawar,Coimbatore,TN,2024-12-12,Y
C104031,Dev Mishra,Surat,GJ,2024-04-20,N
C104032,Siddharth Chatterjee,Kochi,KL,2022-12-16,N
C104033,Nisha Dutta,Nagpur,MH,2023-08-02,N
C104034,Lakshmi Varghese,Surat,GJ,2022-09-20,N
C104035,Abhishek Mishra,Mysuru,KA,2024-06-18,N
C104036,Jaspreet Pereira,Nagpur,MH,2023-06-23,Y
C104037,Saanvi Das,Nashik,MH,2022-11-18,Y
C104038,Geeta Agarwal,Ranchi,JH,2024-02-21,N
C104039,Ritika Naidu,Indore,MP,2022-11-17,N
C104040,Meera Mehta,Bengaluru,KA,2023-11-06,Y
C104041,Divya Sheikh,Mysuru,KA,2024-05-19,N
C104042,Om Bhatt,Surat,GJ,2023-06-14,N
C104043,Sunita Pereira,Gurugram,HR,2024-06-03,Y
C104044,Aishwarya Arora,Pune,MH,2023-02-03,N
C104045,Ayaan Chauhan,Hyderabad,TS,2024-02-09,N
C104046,Pooja Gupta,Lucknow,UP,2024-03-04,N
C104047,Imran Srivastava,Bhubaneswar,OR,2024-10-20,Y
C104048,Aarav Yadav,Vadodara,GJ,2024-01-11,Y
C104049,Jaspreet Sandhu,Kolkata,WB,2024-05-19,Y
C104050,Bhavna Jain,Jaipur,RJ,2023-10-04,N
C104051,Siddharth Rao,Visakhapatnam,AP,2024-04-19,Y
C104052,Rohan Mittal,Jaipur,RJ,2024-11-01,N
C104053,Nikhil Arora,Kolkata,WB,2023-12-04,N
C104054,Manish Sethi,Patna,BR,2023-12-05,N
C104055,Rohit Kaur,Ranchi,JH,2022-10-18,N
C104056,Megha Rathore,Noida,UP,2024-09-26,N
C104057,Joseph Patil,Surat,GJ,2022-09-07,Y
C104058,Krishna Khan,Mysuru,KA,2023-04-25,Y
C104059,Payal Qureshi,Lucknow,UP,2023-12-09,N
C104060,Tarun Siddiqui,Jaipur,RJ,2023-11-26,N
C104061,Kabir Qureshi,Dehradun,UK,2023-11-02,N
C104062,Gurpreet Chatterjee,Hyderabad,TS,2024-03-02,Y
C104063,Ayaan Singh,Delhi,DL,2024-09-28,Y
C104064,Nisha Pandey,Coimbatore,TN,2024-07-19,N
C104065,Kabir Qureshi,Jaipur,RJ,2023-03-22,N
C104066,Kabir Dutta,Ranchi,JH,2024-03-09,N
C104067,Deepak Kapoor,Ahmedabad,GJ,2024-12-05,N
C104068,Steven Siddiqui,Dehradun,UK,2024-06-17,N
C104069,Sameer Kaur,Nashik,MH,2023-08-12,Y
C104070,Thomas Kulkarni,Ranchi,JH,2024-05-03,N
C104071,Kabir Dutta,Ahmedabad,GJ,2024-02-12,N
C104072,Arjun Agarwal,Jaipur,RJ,2022-11-28,N
C104073,Sneha Singh,Bengaluru,KA,2023-10-12,Y
C104074,Riya Pawar,Lucknow,UP,2024-08-14,Y
C104075,Geeta Gaikwad,Bhubaneswar,OR,2022-08-01,N
C104076,Zoya Menon,Nashik,MH,2023-03-22,Y
C104077,Amit Khanna,Coimbatore,TN,2023-06-05,N
C104078,Aadhya Jadhav,Bengaluru,KA,2022-12-02,N
C104079,Saanvi Agarwal,Dehradun,UK,2024-04-29,Y
C104080,Manish Naidu,Delhi,DL,2023-01-24,N
C104081,Nisha Menon,Mumbai,MH,2024-07-07,Y
C104082,Divya Srivastava,Thiruvananthapuram,KL,2023-10-19,Y
C104083,Aditya Reddy,Lucknow,UP,2024-04-14,Y
C104084,Payal Das,Indore,MP,2022-08-05,Y
C104085,Neha Fernandes,Bhopal,MP,2024-12-14,Y
C104086,Kunal Desai,Indore,MP,2024-03-16,Y
C104087,Isha Pandey,Mumbai,MH,2023-05-18,N
C104088,Suresh Patil,Gurugram,HR,2022-09-28,Y
C104089,Divya Tiwari,Hyderabad,TS,2023-11-01,N
C104090,Megha Gupta,Jaipur,RJ,2023-03-15,N
C104091,Imran Sen,Guwahati,AS,2024-01-09,Y
C104092,Deepak Gill,Nagpur,MH,2023-11-23,Y
C104093,Ananya Reddy,Bengaluru,KA,2024-08-19,Y
C104094,Bhavna Bose,Pune,MH,2024-01-29,N
C104095,Harsh Pandey,Chennai,TN,2023-09-21,N
C104096,Pooja Varghese,Bhopal,MP,2023-06-03,Y
C104097,Vihaan Deshpande,Bengaluru,KA,2022-09-02,N
C104098,Priya Nair,Lucknow,UP,2023-05-19,Y
C104099,Steven Kumar,Raipur,CG,2024-08-30,N
C104100,Siddharth Kumar,Chennai,TN,2024-07-23,N
C104101,Riya Ansari,Jaipur,RJ,2023-09-25,N
C104102,Komal Khan,Bhubaneswar,OR,2024-04-22,N
C104103,Gurpreet Goyal,Ranchi,JH,2023-01-07,N
C104104,Arjun Gill,Kolkata,WB,2024-02-18,N
C104105,Ananya Gill,Vadodara,GJ,2024-06-19,N
C104106,Saanvi Iyer,Raipur,CG,2022-11-30,Y
C104107,Swati Qureshi,Ahmedabad,GJ,2024-10-12,N
C104108,Nikhil Naidu,Chandigarh,CH,2024-08-28,N
C104109,Sai Banerjee,Chandigarh,CH,2023-07-14,N
C104110,Lobsang Sheikh,Coimbatore,TN,2024-11-23,N
C104111,Sukhwinder Khan,Noida,UP,2024-06-11,N
C104112,Jaspreet Pawar,Patna,BR,2024-04-30,N
C104113,Kavya Malhotra,Kolkata,WB,2023-08-21,N
C104114,Sukhwinder Jadhav,Gurugram,HR,2022-08-05,Y
C104115,Sai Naidu,Chennai,TN,2023-08-03,N
C104116,Amit Nair,Coimbatore,TN,2022-08-29,Y
C104117,Kavya Kulkarni,Noida,UP,2024-05-23,Y
C104118,Divya Kapoor,Mysuru,KA,2024-06-04,Y
C104119,Tanvi Joshi,Raipur,CG,2024-11-30,Y
C104120,Rohan Pawar,Hyderabad,TS,2024-01-03,N
C104121,Aditya Dutta,Guwahati,AS,2024-09-03,N
C104122,Priya Rathore,Delhi,DL,2023-06-06,N
C104123,Divya Yadav,Guwahati,AS,2022-10-24,N
C104124,Megha Mishra,Raipur,CG,2023-02-09,N
C104125,Faisal Dutta,Dehradun,UK,2023-04-21,Y
C104126,Anjali Kapoor,Patna,BR,2022-11-13,N
C104127,Tanvi Kumar,Indore,MP,2023-09-11,Y
C104128,Sai Mishra,Coimbatore,TN,2024-09-25,N
C104129,Farah Siddiqui,Kochi,KL,2023-12-27,N
C104130,Geeta Khan,Dehradun,UK,2024-08-03,N
C104131,Siddharth Mehta,Noida,UP,2023-07-23,N
C104132,Tanvi Rathore,Hyderabad,TS,2022-12-14,N
C104133,Sukhwinder Ansari,Vadodara,GJ,2024-04-18,N
C104134,Riya Arora,Vadodara,GJ,2024-05-27,N
C104135,Sunita Chopra,Mysuru,KA,2024-10-22,Y
C104136,Tarun Verma,Mysuru,KA,2024-11-10,Y
C104137,Vihaan Iyer,Coimbatore,TN,2022-08-17,N
C104138,Tenzin Mishra,Surat,GJ,2024-11-01,N
C104139,Imran Sheikh,Hyderabad,TS,2023-12-21,N
C104140,Reyansh Reddy,Coimbatore,TN,2024-07-29,Y
C104141,Krishna Shah,Nagpur,MH,2022-08-30,Y
C104142,Rohan Chauhan,Gurugram,HR,2023-11-19,N
C104143,Ramesh Mishra,Hyderabad,TS,2023-03-28,N
C104144,Ananya Sethi,Ranchi,JH,2023-03-25,N
C104145,Diya Das,Pune,MH,2024-01-15,N
C104146,Suresh Nair,Dehradun,UK,2024-08-01,Y
C104147,Nikhil Kulkarni,Kolkata,WB,2024-06-27,Y
C104148,Joseph Das,Mysuru,KA,2024-01-16,Y
C104149,Payal Joshi,Coimbatore,TN,2023-07-05,N
C104150,Vivaan Reddy,Surat,GJ,2022-12-29,Y
C104151,Aditya Chauhan,Raipur,CG,2024-06-26,N
C104152,Nikhil Mehta,Ahmedabad,GJ,2024-11-30,Y
C104153,Simran Srivastava,Kochi,KL,2024-04-21,Y
C104154,Ananya Malhotra,Ahmedabad,GJ,2024-04-25,Y
C104155,Sunita Malhotra,Kolkata,WB,2023-07-30,N
C104156,Rohan Pawar,Raipur,CG,2023-05-04,Y
C104157,Zaid Bhatia,Jaipur,RJ,2022-09-28,Y
C104158,Rohit Nair,Mumbai,MH,2024-07-21,Y
C104159,Amit Bose,Kolkata,WB,2023-06-09,Y
C104160,Kavya Bansal,Kolkata,WB,2023-10-10,N
C104161,Lakshmi Gill,Surat,GJ,2023-04-20,N
C104162,Vihaan Ansari,Noida,UP,2024-07-20,N
C104163,Harpreet Naidu,Chandigarh,CH,2024-10-29,N
C104164,Yash Pillai,Gurugram,HR,2024-08-25,N
C104165,Deepak Gill,Surat,GJ,2022-12-08,N
C104166,Kabir Kumar,Hyderabad,TS,2024-06-09,N
C104167,Joseph Desai,Guwahati,AS,2023-07-13,N
C104168,Pranav Yadav,Surat,GJ,2023-11-11,Y
C104169,Sameer Jadhav,Bengaluru,KA,2022-12-12,N
C104170,Jaspreet Pawar,Nashik,MH,2024-07-11,N
C104171,Imran Gupta,Chennai,TN,2023-07-11,N
C104172,Divya Mishra,Noida,UP,2022-07-30,N
C104173,Sneha Bhatia,Hyderabad,TS,2023-04-20,N
C104174,Neha Verma,Bengaluru,KA,2022-10-20,N
C104175,Ananya Kaur,Patna,BR,2023-05-13,N
C104176,Vivaan Kapoor,Coimbatore,TN,2023-05-16,N
C104177,Rohan Das,Bhubaneswar,OR,2023-03-12,N
C104178,Sai Patel,Raipur,CG,2023-11-05,N
C104179,Tenzin Kulkarni,Thiruvananthapuram,KL,2024-03-13,Y
C104180,Ramesh Shah,Ahmedabad,GJ,2022-12-17,N
C104181,Lakshmi Mehta,Chennai,TN,2024-03-04,N
C104182,Saanvi Ghosh,Indore,MP,2022-07-23,N
C104183,Siddharth Rathore,Surat,GJ,2023-11-04,N
C104184,Rahul Kulkarni,Noida,UP,2023-11-20,Y
C104185,Farah Tiwari,Delhi,DL,2023-04-19,Y
C104186,Abhishek Singh,Bhopal,MP,2022-09-19,Y
C104187,Saanvi D'Souza,Hyderabad,TS,2023-11-04,Y
C104188,Mohammed Reddy,Chennai,TN,2024-06-19,N
C104189,Zoya Malhotra,Kochi,KL,2023-11-10,N
C104190,Geeta Chopra,Pune,MH,2024-11-25,N
C104191,Siddharth Mathew,Bhubaneswar,OR,2024-11-06,N
C104192,Harpreet Banerjee,Gurugram,HR,2024-07-20,N
C104193,Tenzin Khan,Chennai,TN,2024-10-16,Y
C104194,Mohammed Pereira,Kolkata,WB,2022-07-27,N
C104195,Sunita Siddiqui,Lucknow,UP,2022-08-02,Y
C104196,Mohammed Desai,Indore,MP,2024-01-04,N
C104197,Lakshmi Mittal,Ranchi,JH,2024-10-22,N
C104198,Aadhya Pawar,Ranchi,JH,2023-05-21,Y
C104199,Ramesh Srivastava,Kolkata,WB,2024-05-30,N
C104200,Payal Agarwal,Raipur,CG,2024-07-06,N
C104201,Deepak Pillai,Nashik,MH,2023-01-06,Y
C104202,Lakshmi Das,Bhopal,MP,2024-03-13,N
C104203,Megha Sheikh,Raipur,CG,2023-01-08,N
C104204,Krishna Kumar,Gurugram,HR,2023-05-05,Y
C104205,Aarav Menon,Bengaluru,KA,2024-08-01,N
C104206,Ramesh Banerjee,Surat,GJ,2022-11-06,Y
C104207,Shreya Kaur,Dehradun,UK,2022-08-09,N
C104208,Manpreet Iyer,Coimbatore,TN,2023-02-16,N
C104209,Ananya Bansal,Gurugram,HR,2023-08-30,N
C104210,Imran Nair,Chandigarh,CH,2022-11-13,Y
C104211,Saanvi Bhatt,Nashik,MH,2024-10-12,Y
C104212,Abhishek Iyer,Gurugram,HR,2024-01-24,N
C104213,Kabir Ghosh,Bhopal,MP,2024-10-15,N
C104214,Abhishek Srivastava,Surat,GJ,2024-11-13,N
C104215,Gurpreet Pereira,Guwahati,AS,2024-10-26,N
C104216,Simran Sandhu,Mysuru,KA,2024-10-11,N
C104217,Varun Iyer,Bhopal,MP,2024-01-04,Y
C104218,Rohit Verma,Hyderabad,TS,2024-03-15,N
C104219,Joseph Kulkarni,Raipur,CG,2023-05-19,N
C104220,Aishwarya Mishra,Surat,GJ,2023-12-18,N
C104221,Zaid Agarwal,Indore,MP,2024-08-31,N
C104222,Rahul Deshpande,Kochi,KL,2023-02-25,Y
C104223,Rajat Agarwal,Bhopal,MP,2022-09-27,N
C104224,Pooja Sheikh,Patna,BR,2024-01-29,N
C104225,Kunal Siddiqui,Ahmedabad,GJ,2024-12-27,N
C104226,Pooja D'Souza,Delhi,DL,2023-05-19,Y
C104227,Sneha Sharma,Jaipur,RJ,2024-04-24,N
C104228,Meera Saxena,Delhi,DL,2024-12-20,Y
C104229,Rohit Kapoor,Visakhapatnam,AP,2024-12-21,N
C104230,Mohammed Gaikwad,Nagpur,MH,2024-05-29,Y
C104231,Zoya Banerjee,Dehradun,UK,2024-07-14,Y
C104232,Riya Gupta,Thiruvananthapuram,KL,2024-04-19,N
C104233,Divya Goyal,Vadodara,GJ,2024-08-31,Y
C104234,Faisal Reddy,Bhopal,MP,2024-05-03,Y
C104235,Zoya Chauhan,Chennai,TN,2024-10-04,N
C104236,Karan Ansari,Bengaluru,KA,2022-09-20,N
C104237,Diya Gupta,Dehradun,UK,2022-09-02,Y
C104238,Rahul Kaur,Surat,GJ,2022-08-26,N
C104239,Tarun Arora,Kolkata,WB,2023-08-09,N
C104240,Vihaan Trivedi,Ranchi,JH,2023-10-17,N
C104241,Diya Mittal,Mumbai,MH,2024-04-09,Y
C104242,Geeta Bansal,Dehradun,UK,2023-07-13,Y
C104243,Kabir Sharma,Lucknow,UP,2024-08-18,N
C104244,Varun Siddiqui,Delhi,DL,2024-06-10,N
C104245,Rohit Verma,Pune,MH,2024-02-11,N
C104246,Priya Naidu,Hyderabad,TS,2024-02-27,Y
C104247,Jaspreet Chatterjee,Bengaluru,KA,2022-09-04,Y
C104248,Saanvi Naidu,Pune,MH,2024-11-19,N
C104249,Riya Dhillon,Delhi,DL,2023-03-09,N
C104250,Tarun Mittal,Delhi,DL,2023-06-27,N
C104251,Shreya Bose,Mysuru,KA,2024-09-21,N
C104252,Riya Sen,Dehradun,UK,2023-04-07,N
C104253,Zoya Khan,Kolkata,WB,2023-05-05,N
C104254,Ankit Mathew,Thiruvananthapuram,KL,2024-07-13,N
C104255,Sameer Varghese,Ranchi,JH,2024-09-18,N
C104256,Dev Roy,Pune,MH,2022-08-28,Y
C104257,Zoya Sheikh,Kochi,KL,2022-10-10,Y
C104258,Harsh Fernandes,Kochi,KL,2024-03-27,N
C104259,Om Singh,Gurugram,HR,2023-03-24,N
C104260,Simran Saxena,Mysuru,KA,2023-12-17,N
C104261,Tanvi Mathew,Kolkata,WB,2022-07-22,Y
C104262,Harpreet Goyal,Nashik,MH,2023-07-01,N
C104263,Harpreet Mittal,Indore,MP,2023-04-18,N
C104264,Varun Siddiqui,Ranchi,JH,2022-11-03,N
C104265,Shreya Pawar,Raipur,CG,2023-10-14,N
C104266,Riya Pereira,Delhi,DL,2024-11-20,Y
C104267,Vihaan Desai,Kochi,KL,2022-09-27,N
C104268,Suresh Mishra,Coimbatore,TN,2024-10-13,N
C104269,Lakshmi Menon,Kolkata,WB,2023-03-20,N
C104270,Isha Shah,Surat,GJ,2022-09-16,N
C104271,Aishwarya Srivastava,Gurugram,HR,2024-07-15,N
C104272,Tanvi Bose,Pune,MH,2023-12-16,Y
C104273,Rohan Patil,Gurugram,HR,2024-05-10,Y
C104274,Lakshmi Kulkarni,Patna,BR,2023-03-22,N
C104275,Deepak Singh,Mumbai,MH,2023-09-24,N
C104276,Ishaan Srivastava,Jaipur,RJ,2023-03-11,Y
C104277,Manpreet Mehta,Bengaluru,KA,2023-01-03,N
C104278,Vivaan Varghese,Visakhapatnam,AP,2024-07-17,Y
C104279,Saanvi Mittal,Bengaluru,KA,2024-11-04,N
C104280,Neha Reddy,Guwahati,AS,2024-07-27,Y
C104281,Sukhwinder Khanna,Ranchi,JH,2024-09-26,N
C104282,Rahul Patil,Bengaluru,KA,2024-08-25,Y
C104283,Priya Qureshi,Indore,MP,2024-04-13,N
C104284,Deepak Shinde,Bengaluru,KA,2023-06-28,N
C104285,Rahul Sandhu,Bhubaneswar,OR,2022-10-14,N
C104286,Bhavna Malhotra,Ahmedabad,GJ,2023-11-28,N
C104287,Amit Singh,Mumbai,MH,2023-06-15,N
C104288,Aarav Shah,Visakhapatnam,AP,2022-07-24,N
C104289,Daniel Mehta,Vadodara,GJ,2022-11-03,N
C104290,Diya Jadhav,Bengaluru,KA,2024-04-21,Y
C104291,Varun Patel,Delhi,DL,2024-02-08,Y
C104292,Meera Trivedi,Mumbai,MH,2023-05-25,Y
C104293,Megha Shah,Raipur,CG,2024-02-01,Y
C104294,Daniel Bansal,Noida,UP,2023-09-25,N
C104295,Ramesh Mittal,Mumbai,MH,2024-03-17,N
C104296,Sai Yadav,Pune,MH,2024-05-16,Y
C104297,Faisal Mittal,Kolkata,WB,2024-05-24,N
C104298,Divya Kumar,Mysuru,KA,2024-07-20,N
C104299,Om Pereira,Chennai,TN,2024-08-02,N
C104300,Kabir Chauhan,Kochi,KL,2024-10-14,N
C104301,Manpreet Patil,Surat,GJ,2023-09-14,Y
C104302,Deepak Mehta,Guwahati,AS,2024-08-13,N
C104303,Joseph Desai,Chennai,TN,2023-09-09,Y
C104304,Lobsang Jain,Vadodara,GJ,2024-07-20,Y
C104305,Rohan Dutta,Dehradun,UK,2024-08-12,Y
C104306,Sukhwinder Bhatt,Hyderabad,TS,2023-06-19,N
C104307,Suresh Siddiqui,Mysuru,KA,2024-11-06,N
C104308,Manish Bhatia,Coimbatore,TN,2023-02-26,Y
C104309,Bhavna Bhatia,Indore,MP,2024-07-31,Y
C104310,Isha Tiwari,Coimbatore,TN,2024-10-03,Y
C104311,Shreya Qureshi,Dehradun,UK,2024-07-19,Y
C104312,Komal Pandey,Mysuru,KA,2023-01-28,Y
C104313,Vikram Chatterjee,Mysuru,KA,2022-10-21,N
C104314,Tanvi Desai,Chandigarh,CH,2023-09-13,Y
C104315,Sneha Singh,Ahmedabad,GJ,2022-11-18,Y
C104316,Tarun Iyer,Kolkata,WB,2023-10-01,Y
C104317,Ritika Patil,Indore,MP,2024-10-13,Y
C104318,Komal Varghese,Bhopal,MP,2024-04-12,Y
C104319,Bhavna Gupta,Bengaluru,KA,2022-11-15,Y
C104320,Harsh Kaur,Thiruvananthapuram,KL,2024-12-23,Y
C104321,Ankit Dutta,Delhi,DL,2023-05-30,Y
C104322,Riya Pandey,Thiruvananthapuram,KL,2023-07-21,N
C104323,Siddharth Naidu,Raipur,CG,2024-04-22,N
C104324,Ankit Patil,Dehradun,UK,2024-09-10,Y
C104325,Lakshmi Mittal,Indore,MP,2023-09-01,N
C104326,Meera Joshi,Dehradun,UK,2023-07-21,N
C104327,Isha Dutta,Nashik,MH,2024-09-09,N
C104328,Sai Gaikwad,Dehradun,UK,2022-07-24,N
C104329,Arjun Mukherjee,Ranchi,JH,2024-12-20,N
C104330,Amit Desai,Indore,MP,2024-07-13,N
C104331,Rohit Chauhan,Hyderabad,TS,2024-08-07,N
C104332,Nikhil Mukherjee,Coimbatore,TN,2022-12-11,N
C104333,Ankit Gill,Ahmedabad,GJ,2023-08-14,Y
C104334,Manish Tiwari,Vadodara,GJ,2022-08-05,Y
C104335,Kunal Khan,Dehradun,UK,2023-04-18,Y
C104336,Joseph Desai,Jaipur,RJ,2022-10-23,N
C104337,Isha Sheikh,Mumbai,MH,2024-09-24,N
C104338,Karan Iyer,Jaipur,RJ,2022-09-06,N
C104339,Kunal D'Souza,Noida,UP,2024-04-24,N
C104340,Faisal Mittal,Ranchi,JH,2023-06-11,Y
C104341,Zoya Fernandes,Dehradun,UK,2023-11-24,N
C104342,Sai Mittal,Chennai,TN,2024-01-07,N
C104343,Vikram Verma,Chennai,TN,2023-01-14,Y
C104344,Geeta Singh,Noida,UP,2023-01-17,N
C104345,Abhishek Roy,Mumbai,MH,2023-10-11,N
C104346,Farah Patel,Gurugram,HR,2022-10-10,Y
C104347,Jaspreet Kaur,Delhi,DL,2023-08-18,N
C104348,Abhishek Das,Patna,BR,2023-04-13,N
C104349,Jaspreet Mittal,Delhi,DL,2024-12-20,N
C104350,Ritika Patel,Indore,MP,2024-02-27,Y
C104351,Aarav D'Souza,Ranchi,JH,2022-09-19,N
C104352,Bhavna Agarwal,Ahmedabad,GJ,2022-11-01,N
C104353,Ankit Rao,Mumbai,MH,2024-11-25,N
C104354,Thomas Qureshi,Patna,BR,2024-08-02,N
C104355,Swati Pandey,Kolkata,WB,2022-12-14,N
C104356,Vihaan Mishra,Coimbatore,TN,2022-10-12,N
C104357,Ramesh Sandhu,Chennai,TN,2023-03-08,N
C104358,Ishaan Ansari,Dehradun,UK,2024-09-28,N
C104359,Meera Shinde,Gurugram,HR,2024-03-14,N
C104360,Ayaan Malhotra,Kolkata,WB,2024-11-18,N
C104361,Swati Sharma,Ahmedabad,GJ,2024-04-04,N
C104362,Neha Roy,Visakhapatnam,AP,2024-10-27,N
C104363,Aditya Desai,Lucknow,UP,2023-04-25,N
C104364,Rajat Ghosh,Bengaluru,KA,2024-09-10,N
C104365,Saanvi Saxena,Mysuru,KA,2024-12-17,Y
C104366,Anjali Mehta,Visakhapatnam,AP,2024-07-30,N
C104367,Vikram Desai,Mumbai,MH,2022-10-03,N
C104368,Thomas Yadav,Noida,UP,2022-08-05,N
C104369,Swati Bhatia,Jaipur,RJ,2024-02-03,Y
C104370,Karan Pillai,Chennai,TN,2023-07-30,Y
C104371,Priya Jain,Pune,MH,2023-10-27,N
C104372,Geeta Fernandes,Chennai,TN,2023-10-29,Y
C104373,Aishwarya Goyal,Dehradun,UK,2022-09-27,N
C104374,Ayaan Mathew,Thiruvananthapuram,KL,2024-07-19,Y
C104375,Meera Chopra,Gurugram,HR,2024-12-30,N
C104376,Tarun Jadhav,Gurugram,HR,2024-07-23,Y
C104377,Arjun Pawar,Mysuru,KA,2022-11-01,Y
C104378,Ankit Trivedi,Kolkata,WB,2024-07-18,N
C104379,Sukhwinder Deshpande,Patna,BR,2024-12-12,N
C104380,Farah Jadhav,Delhi,DL,2023-05-09,Y
C104381,Tarun Naidu,Bhopal,MP,2024-08-01,N
C104382,Aadhya Sandhu,Bhopal,MP,2023-01-26,N
C104383,Nikhil Iyer,Chandigarh,CH,2024-03-27,N
C104384,Joseph Ansari,Ahmedabad,GJ,2022-09-07,N
C104385,Tenzin Dutta,Mysuru,KA,2022-12-23,Y
C104386,Ritika Patel,Mysuru,KA,2024-10-11,N
C104387,Amit Mehta,Hyderabad,TS,2023-12-09,N
C104388,Lobsang Arora,Chennai,TN,2022-12-17,N
C104389,Aarav Iyer,Chennai,TN,2023-02-14,Y
C104390,Pranav Banerjee,Chennai,TN,2023-11-15,Y
C104391,Manish Patil,Ahmedabad,GJ,2024-03-23,N
C104392,Divya Yadav,Ahmedabad,GJ,2024-06-30,N
C104393,Mohammed Chatterjee,Kolkata,WB,2022-08-09,N
C104394,Kunal Sharma,Delhi,DL,2023-02-02,Y
C104395,Ritika Rathore,Indore,MP,2024-08-22,N
C104396,Sneha Qureshi,Raipur,CG,2023-01-14,N
C104397,Daniel Chopra,Ahmedabad,GJ,2024-08-29,N
C104398,Tanvi Malhotra,Chennai,TN,2023-10-02,N
C104399,Isha Kumar,Bhubaneswar,OR,2022-12-11,Y
C104400,Meera Kumar,Nashik,MH,2023-07-25,N
C104401,Vikram Bhatt,Ranchi,JH,2022-09-08,N
C104402,Kavya Saxena,Hyderabad,TS,2024-06-04,Y
C104403,Saanvi Desai,Delhi,DL,2023-02-12,N
C104404,Gurpreet Chatterjee,Ahmedabad,GJ,2024-10-09,Y
C104405,Payal Kumar,Visakhapatnam,AP,2022-11-01,Y
C104406,Rohan Trivedi,Noida,UP,2022-09-09,N
C104407,Kabir Chatterjee,Nagpur,MH,2024-07-03,N
C104408,Om Ansari,Surat,GJ,2023-06-08,N
C104409,Karan Shah,Indore,MP,2022-11-19,N
C104410,Komal Siddiqui,Hyderabad,TS,2024-01-18,N
C104411,Rohit Dhillon,Vadodara,GJ,2024-10-03,N
C104412,Amit Iyer,Indore,MP,2024-08-29,N
C104413,Arjun George,Indore,MP,2023-08-17,N
C104414,Sunita Desai,Ranchi,JH,2022-08-04,N
C104415,Aadhya Goyal,Surat,GJ,2024-03-18,N
C104416,Farah Desai,Dehradun,UK,2023-03-31,N
C104417,Steven Trivedi,Raipur,CG,2024-05-12,Y
C104418,Vivaan Qureshi,Mumbai,MH,2023-10-10,Y
C104419,Tarun Naidu,Bhubaneswar,OR,2023-03-01,Y
C104420,Varun Chopra,Visakhapatnam,AP,2023-11-12,N
C104421,Ritika Sharma,Mumbai,MH,2023-06-27,N
C104422,Nisha Bansal,Mysuru,KA,2023-03-18,N
C104423,Payal Ansari,Nashik,MH,2023-08-15,N
C104424,Tarun Mishra,Bhubaneswar,OR,2023-05-22,N
C104425,Deepak Gupta,Hyderabad,TS,2024-05-06,N
C104426,Vivaan Joshi,Chandigarh,CH,2023-05-20,N
C104427,Reyansh Qureshi,Delhi,DL,2023-12-20,Y
C104428,Om Banerjee,Ranchi,JH,2024-01-12,N
C104429,Faisal Iyer,Nashik,MH,2023-06-06,N
C104430,Imran Ansari,Raipur,CG,2024-06-17,N
C104431,Rohan Chopra,Hyderabad,TS,2023-11-15,N
C104432,Aadhya Mishra,Nashik,MH,2024-06-23,N
C104433,Krishna Kaur,Ranchi,JH,2023-12-03,Y
C104434,Pooja Banerjee,Thiruvananthapuram,KL,2023-04-25,N
C104435,Sameer Jain,Vadodara,GJ,2024-12-16,N
C104436,Bhavna Sharma,Kochi,KL,2023-08-30,Y
C104437,Harsh Yadav,Guwahati,AS,2024-08-21,N
C104438,Nisha Fernandes,Bhubaneswar,OR,2024-02-28,N
C104439,Arjun Gupta,Kochi,KL,2023-08-31,N
C104440,Tenzin Agarwal,Nagpur,MH,2024-07-11,N
C104441,Riya Verma,Noida,UP,2024-07-29,Y
C104442,Arjun Arora,Noida,UP,2024-08-13,Y
C104443,Divya Mittal,Chennai,TN,2024-06-13,N
C104444,Kavya Bose,Nashik,MH,2023-07-20,N
C104445,Aditya Pillai,Bhubaneswar,OR,2022-09-12,N
C104446,Manpreet Naidu,Chennai,TN,2024-08-01,N
C104447,Swati Banerjee,Bhubaneswar,OR,2023-03-25,N
C104448,Payal Sandhu,Nashik,MH,2023-02-26,N
C104449,Daniel Sharma,Coimbatore,TN,2024-01-01,N
C104450,Om Trivedi,Jaipur,RJ,2024-02-25,N
C104451,Thomas Fernandes,Mysuru,KA,2023-08-22,N
C104452,Geeta Bose,Delhi,DL,2023-01-04,N
C104453,Nisha Qureshi,Dehradun,UK,2024-05-31,Y
C104454,Lakshmi Shah,Visakhapatnam,AP,2023-05-01,N
C104455,Rohit Kapoor,Visakhapatnam,AP,2023-10-12,N
C104456,Vihaan Jadhav,Lucknow,UP,2022-08-17,N
C104457,Tanvi Reddy,Thiruvananthapuram,KL,2024-12-26,Y
C104458,Farah Bhatt,Bhopal,MP,2023-12-05,Y
C104459,Reyansh Agarwal,Ranchi,JH,2023-04-02,Y
C104460,Aishwarya Bose,Mumbai,MH,2024-07-12,Y
C104461,Rohit Kumar,Vadodara,GJ,2023-04-18,N
C104462,Divya Fernandes,Gurugram,HR,2023-03-05,Y
C104463,Kunal D'Souza,Gurugram,HR,2022-08-17,N
C104464,Kavya Sharma,Guwahati,AS,2023-08-18,N
C104465,Deepak Gaikwad,Patna,BR,2022-09-25,N
C104466,Sneha Fernandes,Gurugram,HR,2024-06-19,N
C104467,Komal Bhatt,Hyderabad,TS,2023-05-25,N
C104468,Joseph Kumar,Vadodara,GJ,2023-07-06,N
C104469,Sai Ghosh,Pune,MH,2024-04-21,Y
C104470,Rohan Joshi,Noida,UP,2023-05-04,Y
C104471,Nikhil Joshi,Coimbatore,TN,2024-11-23,Y
C104472,Harpreet Tiwari,Delhi,DL,2022-10-28,Y
C104473,Kabir Tiwari,Bhopal,MP,2024-12-03,Y
C104474,Gurpreet Srivastava,Bengaluru,KA,2023-10-29,N
C104475,Diya Bansal,Raipur,CG,2024-01-08,N
C104476,Riya Fernandes,Patna,BR,2024-11-30,N
C104477,Ayaan Gupta,Pune,MH,2023-03-11,N
C104478,Ankit Deshpande,Jaipur,RJ,2023-09-13,Y
C104479,Abhishek Pillai,Mysuru,KA,2022-10-16,N
C104480,Deepak Sen,Mysuru,KA,2023-06-11,N
C104481,Aarav Agarwal,Mumbai,MH,2024-04-11,Y
C104482,Sneha Chauhan,Guwahati,AS,2022-12-30,N
C104483,Aadhya Tiwari,Visakhapatnam,AP,2023-03-26,N
C104484,Saanvi Das,Vadodara,GJ,2024-04-20,N
C104485,Rohit Kaur,Dehradun,UK,2024-08-25,Y
C104486,Bhavna Mishra,Surat,GJ,2024-04-20,N
C104487,Zoya Kulkarni,Thiruvananthapuram,KL,2024-02-26,Y
C104488,Lakshmi Gaikwad,Vadodara,GJ,2023-06-12,N
C104489,Aditya Naidu,Bhubaneswar,OR,2022-10-18,N
C104490,Vihaan Gaikwad,Pune,MH,2024-11-08,Y
C104491,Dev Sheikh,Gurugram,HR,2024-09-12,Y
C104492,Amit Menon,Guwahati,AS,2022-10-13,Y
C104493,Saanvi Siddiqui,Lucknow,UP,2024-04-10,N
C104494,Sai Patil,Nashik,MH,2024-09-16,Y
C104495,Tanvi Banerjee,Delhi,DL,2023-06-16,N
C104496,Riya Sethi,Gurugram,HR,2024-07-30,Y
C104497,Ananya Bhatt,Coimbatore,TN,2022-11-11,Y
C104498,Megha Patil,Nashik,MH,2023-08-13,N
C104499,Imran Pawar,Gurugram,HR,2023-02-17,Y
C104500,Imran Shinde,Jaipur,RJ,2024-03-03,N
C104501,Ramesh Sen,Dehradun,UK,2023-08-09,N
C104502,Anjali Chauhan,Thiruvananthapuram,KL,2024-04-09,N
C104503,Suresh Sharma,Pune,MH,2022-09-08,N
C104504,Priya Shinde,Nashik,MH,2023-12-21,N
C104505,Tarun Pereira,Hyderabad,TS,2022-11-15,Y
C104506,Thomas Joshi,Kochi,KL,2023-07-24,N
C104507,Ankit Verma,Thiruvananthapuram,KL,2023-01-31,Y
C104508,Simran Yadav,Hyderabad,TS,2023-07-01,Y
C104509,Riya Patel,Ahmedabad,GJ,2022-07-25,N
C104510,Jaspreet Pawar,Kochi,KL,2023-01-11,N
C104511,Simran Arora,Nagpur,MH,2022-08-22,N
C104512,Simran Jain,Noida,UP,2022-11-29,Y
C104513,Sameer Khanna,Guwahati,AS,2022-09-12,N
C104514,Steven Sen,Mumbai,MH,2024-05-26,N
C104515,Sameer Qureshi,Hyderabad,TS,2024-03-11,Y
C104516,Faisal Patil,Indore,MP,2023-10-25,N
C104517,Divya Arora,Delhi,DL,2022-07-22,Y
C104518,Abhishek Sen,Bhubaneswar,OR,2024-01-16,Y
C104519,Rahul Ansari,Noida,UP,2024-02-18,N
C104520,Manish Gaikwad,Kochi,KL,2023-08-29,Y
C104521,Sukhwinder Kulkarni,Bhubaneswar,OR,2022-09-08,Y
C104522,Krishna Varghese,Indore,MP,2023-07-27,N
C104523,Kabir Malhotra,Thiruvananthapuram,KL,2024-01-15,Y
C104524,Ramesh Nair,Mysuru,KA,2024-11-23,N
C104525,Ritika D'Souza,Vadodara,GJ,2023-11-11,N
C104526,Harsh Agarwal,Raipur,CG,2024-12-16,N
C104527,Gurpreet Mittal,Gurugram,HR,2023-11-08,N
C104528,Om Naidu,Surat,GJ,2024-05-14,N
C104529,Megha Chopra,Coimbatore,TN,2024-10-02,N
C104530,Lobsang Khan,Mumbai,MH,2024-08-29,Y
C104531,Farah Dhillon,Vadodara,GJ,2024-04-27,Y
C104532,Joseph Ghosh,Chennai,TN,2024-10-30,N
C104533,Deepak Nair,Mysuru,KA,2023-08-30,N
C104534,Thomas Ansari,Jaipur,RJ,2024-12-01,Y
C104535,Zoya Yadav,Jaipur,RJ,2024-05-22,N
C104536,Reyansh Siddiqui,Nagpur,MH,2024-03-04,N
C104537,Faisal Kumar,Nashik,MH,2024-01-16,N
C104538,Daniel Rao,Coimbatore,TN,2024-05-05,N
C104539,Rohan Pandey,Coimbatore,TN,2023-02-07,N
C104540,Siddharth Desai,Mysuru,KA,2024-07-02,N
C104541,Aditya Ghosh,Pune,MH,2024-12-15,N
C104542,Anjali Desai,Kochi,KL,2024-06-18,N
C104543,Sneha Kaur,Patna,BR,2024-05-06,N
C104544,Siddharth Gaikwad,Bhopal,MP,2024-12-08,N
C104545,Reyansh Roy,Coimbatore,TN,2024-03-07,N
C104546,Arjun Roy,Lucknow,UP,2024-11-30,Y
C104547,Komal Ghosh,Vadodara,GJ,2022-08-30,N
C104548,Vivaan Sandhu,Bhubaneswar,OR,2023-08-18,N
C104549,Zaid Shinde,Chennai,TN,2024-09-24,N
C104550,Aarav Arora,Ranchi,JH,2023-10-02,N
C104551,Ananya Chauhan,Bhubaneswar,OR,2023-05-25,N
C104552,Manish Fernandes,Gurugram,HR,2023-07-01,Y
C104553,Riya Sandhu,Bhubaneswar,OR,2023-07-07,Y
C104554,Tarun Agarwal,Nashik,MH,2022-12-31,Y
C104555,Ayaan Gupta,Patna,BR,2023-03-09,N
C104556,Sunita Goyal,Dehradun,UK,2022-08-11,Y
C104557,Manish Saxena,Indore,MP,2022-08-27,N
C104558,Bhavna Bhatt,Delhi,DL,2023-09-16,N
C104559,Tarun Khanna,Jaipur,RJ,2023-08-04,N
C104560,Vivaan Rao,Guwahati,AS,2024-12-15,Y
C104561,Karan Saxena,Indore,MP,2024-06-01,Y
C104562,Nikhil Mukherjee,Pune,MH,2024-07-27,N
C104563,Vikram Rao,Guwahati,AS,2024-06-29,N
C104564,Imran Deshpande,Dehradun,UK,2023-11-01,N
C104565,Lakshmi Qureshi,Raipur,CG,2023-02-26,Y
C104566,Rohan Rathore,Bhubaneswar,OR,2023-11-28,N
C104567,Imran Saxena,Raipur,CG,2022-12-28,N
C104568,Pooja Jadhav,Thiruvananthapuram,KL,2023-08-18,N
C104569,Yash Menon,Delhi,DL,2023-12-07,N
C104570,Manish Trivedi,Pune,MH,2024-09-03,N
C104571,Lobsang D'Souza,Chennai,TN,2022-09-25,N
C104572,Abhishek Bose,Indore,MP,2024-06-15,Y
C104573,Sukhwinder Rao,Mysuru,KA,2022-12-04,N
C104574,Tanvi Saxena,Surat,GJ,2023-07-14,N
C104575,Diya Mathew,Thiruvananthapuram,KL,2023-07-28,N
C104576,Saanvi Ansari,Lucknow,UP,2024-09-17,Y
C104577,Aditya Sen,Mumbai,MH,2023-01-21,Y
C104578,Amit Pereira,Mumbai,MH,2024-05-17,N
C104579,Simran Kumar,Chennai,TN,2022-11-28,Y
C104580,Abhishek Gill,Visakhapatnam,AP,2022-10-08,Y
C104581,Payal Das,Chandigarh,CH,2024-06-10,N
C104582,Sunita Roy,Surat,GJ,2022-12-25,N
C104583,Zoya Chopra,Kolkata,WB,2022-09-20,N
C104584,Sukhwinder Kapoor,Chennai,TN,2024-01-09,N
C104585,Tanvi George,Kochi,KL,2024-07-31,N
C104586,Ayaan Sethi,Patna,BR,2024-07-05,Y
C104587,Krishna Kaur,Ranchi,JH,2023-02-07,N
C104588,Kabir Srivastava,Chandigarh,CH,2023-09-23,N
C104589,Swati Tiwari,Kolkata,WB,2024-12-23,Y
C104590,Ankit Mehta,Noida,UP,2023-10-14,N
C104591,Nisha Desai,Raipur,CG,2024-11-05,Y
C104592,Riya Jain,Bengaluru,KA,2024-04-28,Y
C104593,Reyansh Bose,Pune,MH,2023-01-08,N
C104594,Zoya Banerjee,Bhubaneswar,OR,2024-07-05,N
C104595,Riya Kaur,Lucknow,UP,2023-08-01,Y
C104596,Steven Bose,Chandigarh,CH,2024-12-12,Y
C104597,Kunal Nair,Hyderabad,TS,2024-10-14,N
C104598,Kunal Varghese,Guwahati,AS,2024-12-06,Y
C104599,Rahul Bhatt,Hyderabad,TS,2023-05-17,Y
C104600,Kabir Naidu,Visakhapatnam,AP,2023-08-08,N
C104601,Riya Naidu,Mumbai,MH,2023-05-05,N
C104602,Sameer Trivedi,Patna,BR,2024-12-16,Y
C104603,Swati Sheikh,Patna,BR,2023-02-11,N
C104604,Tarun Khanna,Surat,GJ,2024-04-24,N
C104605,Tarun Chatterjee,Hyderabad,TS,2024-05-11,N
C104606,Aditya Bansal,Chandigarh,CH,2024-10-01,N
C104607,Yash Gupta,Jaipur,RJ,2024-04-22,N
C104608,Tanvi George,Nagpur,MH,2022-11-02,Y
C104609,Deepak Dhillon,Mysuru,KA,2023-08-06,Y
C104610,Kavya Malhotra,Noida,UP,2023-10-06,N
C104611,Amit Das,Visakhapatnam,AP,2022-08-27,N
C104612,Zaid Srivastava,Raipur,CG,2024-11-27,N
C104613,Meera Chauhan,Mysuru,KA,2024-02-10,N
C104614,Ankit Mishra,Vadodara,GJ,2023-12-25,Y
C104615,Ananya Rao,Chandigarh,CH,2022-09-14,Y
C104616,Lakshmi Trivedi,Bhopal,MP,2023-02-19,N
C104617,Riya Das,Bengaluru,KA,2024-12-20,N
C104618,Nisha Gupta,Kochi,KL,2023-09-21,N
C104619,Joseph Trivedi,Pune,MH,2023-11-26,N
C104620,Anjali Banerjee,Kochi,KL,2024-08-29,Y
C104621,Anjali Kulkarni,Bhopal,MP,2022-08-13,Y
C104622,Neha Trivedi,Pune,MH,2024-01-19,Y
C104623,Lakshmi Naidu,Guwahati,AS,2024-09-14,N
C104624,Suresh Gill,Indore,MP,2024-10-20,N
C104625,Aishwarya Pandey,Indore,MP,2023-07-30,Y
C104626,Kabir Joshi,Dehradun,UK,2022-09-25,Y
C104627,Anjali Kulkarni,Bengaluru,KA,2024-05-22,N
C104628,Geeta Chopra,Ranchi,JH,2024-04-01,N
C104629,Sai Dhillon,Hyderabad,TS,2023-05-31,N
C104630,Tarun Siddiqui,Gurugram,HR,2023-12-17,N
C104631,Sunita Khan,Coimbatore,TN,2023-06-15,N
C104632,Sunita Reddy,Ranchi,JH,2023-03-16,Y
C104633,Simran Rathore,Kochi,KL,2024-01-18,Y
C104634,Rahul Yadav,Bhubaneswar,OR,2024-08-13,Y
C104635,Riya Kulkarni,Kolkata,WB,2024-10-20,Y
C104636,Sameer Malhotra,Bhopal,MP,2023-06-24,N
C104637,Meera Bhatia,Patna,BR,2023-01-19,Y
C104638,Tenzin Desai,Guwahati,AS,2024-01-18,Y
C104639,Jaspreet Srivastava,Noida,UP,2024-12-16,Y
C104640,Vikram Sheikh,Nashik,MH,2022-11-18,N
C104641,Megha Das,Mumbai,MH,2023-09-17,N
C104642,Krishna Nair,Hyderabad,TS,2024-10-15,Y
C104643,Ramesh Ansari,Jaipur,RJ,2024-02-15,Y
C104644,Payal Ghosh,Surat,GJ,2023-05-29,Y
C104645,Ishaan Menon,Noida,UP,2022-11-06,N
C104646,Tarun Pandey,Nagpur,MH,2023-11-27,N
C104647,Saanvi Bansal,Raipur,CG,2023-11-05,Y
C104648,Amit Das,Gurugram,HR,2023-08-08,N
C104649,Komal Shah,Guwahati,AS,2023-11-27,N
C104650,Sneha Menon,Surat,GJ,2024-09-16,N
C104651,Ritika Patel,Patna,BR,2024-04-08,N
C104652,Rajat Bansal,Guwahati,AS,2023-09-02,N
C104653,Sneha Pawar,Hyderabad,TS,2022-08-20,N
C104654,Meera Jain,Pune,MH,2024-03-25,N
C104655,Steven Shah,Pune,MH,2023-10-27,N
C104656,Komal Mehta,Ranchi,JH,2023-06-12,Y
C104657,Divya Pandey,Mumbai,MH,2022-08-16,N
C104658,Komal Gaikwad,Guwahati,AS,2023-03-02,N
C104659,Deepak Sheikh,Ranchi,JH,2024-03-17,Y
C104660,Ritika Sharma,Bhopal,MP,2024-11-04,N
C104661,Zoya Menon,Noida,UP,2023-08-31,N
C104662,Vihaan Jain,Jaipur,RJ,2024-03-10,N
C104663,Ayaan Shah,Hyderabad,TS,2023-08-12,N
C104664,Sukhwinder Kumar,Noida,UP,2024-12-25,N
C104665,Rohit Tiwari,Nagpur,MH,2024-11-20,Y
C104666,Aishwarya Reddy,Nagpur,MH,2024-05-11,Y
C104667,Joseph Ghosh,Chandigarh,CH,2023-05-21,Y
C104668,Rahul Sharma,Bengaluru,KA,2023-09-28,Y
C104669,Kavya Yadav,Nashik,MH,2024-02-16,N
C104670,Payal Mukherjee,Chandigarh,CH,2023-09-14,N
C104671,Sai Bansal,Pune,MH,2023-12-10,N
C104672,Ishaan Pandey,Thiruvananthapuram,KL,2023-01-22,N
C104673,Krishna Siddiqui,Noida,UP,2023-10-24,Y
C104674,Neha Dhillon,Hyderabad,TS,2024-01-01,N
C104675,Ritika Saxena,Gurugram,HR,2024-10-03,N
C104676,Zoya Singh,Patna,BR,2022-07-21,N
C104677,Steven Kapoor,Noida,UP,2024-07-18,N
C104678,Karan Tiwari,Kolkata,WB,2024-12-24,N
C104679,Ayaan Patel,Nashik,MH,2024-01-30,N
C104680,Om D'Souza,Nagpur,MH,2024-04-01,Y
C104681,Om Joshi,Guwahati,AS,2023-10-10,Y
C104682,Gurpreet Rao,Chennai,TN,2022-11-09,N
C104683,Kunal Verma,Bhubaneswar,OR,2024-04-23,N
C104684,Deepak George,Vadodara,GJ,2023-09-16,N
C104685,Farah Kapoor,Vadodara,GJ,2024-11-08,N
C104686,Sai Iyer,Ahmedabad,GJ,2023-11-29,N
C104687,Anjali Sethi,Hyderabad,TS,2023-04-16,N
C104688,Isha Chauhan,Delhi,DL,2023-09-28,N
C104689,Komal D'Souza,Bhopal,MP,2022-10-24,Y
C104690,Suresh Das,Indore,MP,2023-01-30,N
C104691,Sukhwinder Qureshi,Lucknow,UP,2024-11-22,N
C104692,Aishwarya Mathew,Jaipur,RJ,2024-04-11,N
C104693,Reyansh Gill,Bhubaneswar,OR,2022-12-10,N
C104694,Sameer Ansari,Patna,BR,2024-05-19,N
C104695,Priya Mehta,Visakhapatnam,AP,2024-08-29,N
C104696,Siddharth Khanna,Nagpur,MH,2023-01-09,N
C104697,Saanvi Singh,Thiruvananthapuram,KL,2023-11-01,N
C104698,Siddharth Shinde,Nashik,MH,2023-01-31,N
C104699,Om Dhillon,Gurugram,HR,2023-04-12,Y
C104700,Thomas Bhatia,Lucknow,UP,2022-09-14,N
C104701,Vihaan Reddy,Indore,MP,2024-11-08,N
C104702,Riya Dhillon,Nashik,MH,2022-10-07,N
C104703,Rajat Das,Bengaluru,KA,2023-11-10,Y
C104704,Priya Gill,Ahmedabad,GJ,2023-05-02,N
C104705,Aditya Mehta,Thiruvananthapuram,KL,2024-03-20,N
C104706,Dev Tiwari,Bengaluru,KA,2024-06-23,N
C104707,Tenzin Tiwari,Dehradun,UK,2023-10-07,N
C104708,Sneha Pandey,Hyderabad,TS,2023-04-25,N
C104709,Bhavna Nair,Pune,MH,2023-05-23,N
C104710,Lobsang Gaikwad,Surat,GJ,2023-12-13,N
C104711,Isha Jain,Kochi,KL,2022-09-28,N
C104712,Reyansh Desai,Kochi,KL,2023-07-26,N
C104713,Karan Sharma,Chennai,TN,2024-11-26,Y
C104714,Vihaan Das,Dehradun,UK,2022-09-20,N
C104715,Harpreet Nair,Visakhapatnam,AP,2024-10-21,N
C104716,Suresh Jadhav,Delhi,DL,2023-02-12,N
C104717,Om Naidu,Chandigarh,CH,2024-07-28,Y
C104718,Sneha Malhotra,Coimbatore,TN,2024-11-21,N
C104719,Lobsang Shinde,Pune,MH,2023-04-01,Y
C104720,Komal Tiwari,Visakhapatnam,AP,2022-09-17,N
C104721,Jaspreet Ghosh,Pune,MH,2024-07-30,N
C104722,Rajat Mathew,Lucknow,UP,2023-06-11,N
C104723,Rohan Verma,Bhopal,MP,2024-01-28,N
C104724,Harpreet Bansal,Hyderabad,TS,2022-10-10,N
C104725,Tenzin Yadav,Delhi,DL,2024-03-08,N
C104726,Bhavna Singh,Indore,MP,2023-06-14,Y
C104727,Aishwarya Srivastava,Bengaluru,KA,2023-05-02,Y
C104728,Anjali Bose,Dehradun,UK,2023-12-09,N
C104729,Zoya Sharma,Noida,UP,2023-02-25,N
C104730,Imran Saxena,Ahmedabad,GJ,2022-11-20,N
C104731,Yash George,Kolkata,WB,2023-08-22,N
C104732,Anjali Mathew,Pune,MH,2024-10-15,N
C104733,Gurpreet Sandhu,Chennai,TN,2023-05-16,N
C104734,Abhishek Sharma,Bhubaneswar,OR,2024-04-01,N
C104735,Farah Shah,Jaipur,RJ,2022-12-24,Y
C104736,Simran George,Mysuru,KA,2022-11-10,N
C104737,Vikram Bhatia,Indore,MP,2023-06-26,N
C104738,Neha Mathew,Mysuru,KA,2022-11-28,N
C104739,Lakshmi Chauhan,Guwahati,AS,2023-02-14,Y
C104740,Om Gupta,Bengaluru,KA,2022-09-06,N
C104741,Tanvi Reddy,Hyderabad,TS,2022-07-18,N
C104742,Lobsang Dutta,Chandigarh,CH,2022-08-01,N
C104743,Zaid Kapoor,Pune,MH,2023-03-14,N
C104744,Payal Khan,Delhi,DL,2023-08-07,N
C104745,Farah Yadav,Pune,MH,2023-03-27,N
C104746,Swati Qureshi,Bhubaneswar,OR,2023-08-05,N
C104747,Vikram Sharma,Ranchi,JH,2024-09-27,N
C104748,Sunita Gaikwad,Kolkata,WB,2023-01-14,N
C104749,Nisha Bhatt,Guwahati,AS,2022-12-14,Y
C104750,Abhishek Chauhan,Visakhapatnam,AP,2022-10-04,N
C104751,Zaid Chauhan,Bhubaneswar,OR,2024-06-24,N
C104752,Priya Gupta,Coimbatore,TN,2022-10-28,N
C104753,Kabir Joshi,Mysuru,KA,2024-02-06,N
C104754,Joseph George,Gurugram,HR,2023-01-11,N
C104755,Sunita Agarwal,Bengaluru,KA,2023-01-22,N
C104756,Anjali Chauhan,Dehradun,UK,2023-03-09,N
C104757,Komal Sheikh,Vadodara,GJ,2023-08-09,N
C104758,Rohan Desai,Jaipur,RJ,2023-04-29,N
C104759,Nikhil Pillai,Lucknow,UP,2024-10-19,Y
C104760,Diya Siddiqui,Guwahati,AS,2022-11-28,N
C104761,Steven Srivastava,Hyderabad,TS,2024-05-09,N
C104762,Aarav Desai,Raipur,CG,2024-11-24,N
C104763,Farah Singh,Chandigarh,CH,2023-08-10,Y
C104764,Sai Agarwal,Vadodara,GJ,2023-09-06,N
C104765,Gurpreet Patel,Ranchi,JH,2023-06-25,N
C104766,Pooja Iyer,Pune,MH,2023-03-31,N
C104767,Aadhya Desai,Bhubaneswar,OR,2022-08-27,Y
C104768,Vihaan D'Souza,Surat,GJ,2022-07-20,N
C104769,Nisha Gupta,Hyderabad,TS,2023-10-01,N
C104770,Lobsang Kulkarni,Bhubaneswar,OR,2023-12-08,Y
C104771,Reyansh Banerjee,Thiruvananthapuram,KL,2023-10-21,N
C104772,Sukhwinder Qureshi,Visakhapatnam,AP,2023-02-07,N
C104773,Zaid Nair,Raipur,CG,2023-06-22,Y
C104774,Sunita Sandhu,Delhi,DL,2024-10-11,N
C104775,Thomas Trivedi,Noida,UP,2024-10-04,N
C104776,Sai Mishra,Ahmedabad,GJ,2024-04-13,N
C104777,Aishwarya Bhatt,Bhubaneswar,OR,2024-04-15,Y
C104778,Ramesh Chatterjee,Delhi,DL,2022-12-16,N
C104779,Daniel Ghosh,Delhi,DL,2022-10-25,N
C104780,Pooja Chatterjee,Guwahati,AS,2022-12-21,N
C104781,Geeta Varghese,Gurugram,HR,2024-12-27,N
C104782,Aadhya Khan,Ahmedabad,GJ,2023-11-29,Y
C104783,Yash Arora,Delhi,DL,2024-01-07,Y
C104784,Harsh Dutta,Gurugram,HR,2024-08-22,Y
C104785,Payal Shinde,Guwahati,AS,2022-11-27,Y
C104786,Geeta Yadav,Hyderabad,TS,2022-10-20,N
C104787,Rohan Saxena,Raipur,CG,2023-07-10,N
C104788,Nisha Bansal,Thiruvananthapuram,KL,2023-02-05,Y
C104789,Ishaan Patil,Raipur,CG,2022-07-21,Y
C104790,Harpreet Agarwal,Delhi,DL,2023-11-27,Y
C104791,Suresh Fernandes,Kochi,KL,2023-08-10,Y
C104792,Zaid George,Coimbatore,TN,2022-09-22,N
C104793,Yash Chopra,Dehradun,UK,2023-11-20,Y
C104794,Amit Khanna,Indore,MP,2024-03-08,N
C104795,Arjun Pillai,Ahmedabad,GJ,2023-07-07,N
C104796,Tarun Kaur,Visakhapatnam,AP,2023-01-21,N
C104797,Riya Pawar,Dehradun,UK,2022-10-26,Y
C104798,Pranav Dhillon,Patna,BR,2024-05-16,N
C104799,Rohan Rao,Lucknow,UP,2023-03-07,N
C104800,Riya Mishra,Delhi,DL,2023-01-17,N
C104801,Suresh Goyal,Ahmedabad,GJ,2024-01-20,Y
C104802,Amit Bansal,Lucknow,UP,2023-03-21,N
C104803,Tenzin Mittal,Lucknow,UP,2024-10-04,N
C104804,Dev Rao,Bhubaneswar,OR,2024-05-10,N
C104805,Priya Bansal,Lucknow,UP,2022-11-09,Y
C104806,Anjali Mehta,Gurugram,HR,2024-03-21,N
C104807,Rahul Shinde,Dehradun,UK,2023-04-01,Y
C104808,Pranav Arora,Thiruvananthapuram,KL,2024-12-10,Y
C104809,Swati Mishra,Kochi,KL,2022-12-23,N
C104810,Sai Kumar,Chandigarh,CH,2024-06-08,N
C104811,Kabir Dhillon,Kolkata,WB,2022-11-14,N
C104812,Imran Pereira,Ranchi,JH,2024-06-13,N
C104813,Gurpreet Bansal,Pune,MH,2023-01-26,Y
C104814,Pooja Rao,Raipur,CG,2024-11-22,Y
C104815,Ramesh Chopra,Indore,MP,2023-09-28,N
C104816,Mohammed Qureshi,Kolkata,WB,2024-03-19,Y
C104817,Ankit Shinde,Chennai,TN,2024-07-06,N
C104818,Ishaan Shinde,Thiruvananthapuram,KL,2024-02-24,Y
C104819,Kavya Kapoor,Bhopal,MP,2023-11-01,Y
C104820,Ritika Khan,Kochi,KL,2024-02-19,N
C104821,Rohit Bansal,Kochi,KL,2022-11-07,Y
C104822,Varun Nair,Hyderabad,TS,2023-02-08,N
C104823,Geeta Ghosh,Bhubaneswar,OR,2023-12-09,Y
C104824,Sai Das,Ahmedabad,GJ,2023-12-19,N
C104825,Nikhil Jadhav,Mysuru,KA,2023-11-25,Y
C104826,Komal Mittal,Dehradun,UK,2023-11-16,Y
C104827,Nisha Jadhav,Indore,MP,2022-07-25,Y
C104828,Shreya Ghosh,Patna,BR,2023-08-03,N
C104829,Tarun Das,Chennai,TN,2023-08-16,N
C104830,Priya Kumar,Thiruvananthapuram,KL,2023-03-08,N
C104831,Aishwarya Deshpande,Kochi,KL,2023-07-11,N
C104832,Harpreet Tiwari,Kolkata,WB,2024-10-14,N
C104833,Lobsang Nair,Indore,MP,2024-08-26,Y
C104834,Pooja Dutta,Pune,MH,2024-05-31,N
C104835,Divya Fernandes,Bhopal,MP,2024-11-25,N
C104836,Yash Siddiqui,Guwahati,AS,2023-03-15,N
C104837,Harsh Pereira,Vadodara,GJ,2022-07-22,N
C104838,Tenzin Jadhav,Kochi,KL,2023-03-15,N
C104839,Divya Pillai,Nagpur,MH,2023-04-30,Y
C104840,Payal Bhatia,Ahmedabad,GJ,2023-06-18,Y
C104841,Ankit Varghese,Gurugram,HR,2023-04-24,Y
C104842,Aishwarya Jain,Raipur,CG,2024-10-26,N
C104843,Ritika D'Souza,Nashik,MH,2023-11-01,N
C104844,Vihaan Varghese,Raipur,CG,2023-11-27,N
C104845,Divya Sandhu,Mumbai,MH,2024-02-27,N
C104846,Bhavna Yadav,Bhubaneswar,OR,2023-04-17,N
C104847,Geeta Kulkarni,Ranchi,JH,2023-06-05,N
C104848,Kunal Chatterjee,Nashik,MH,2022-08-16,N
C104849,Isha Agarwal,Surat,GJ,2022-08-16,Y
C104850,Sunita Sethi,Noida,UP,2024-02-05,N
C104851,Karan Malhotra,Bhopal,MP,2024-07-07,Y
C104852,Vivaan Fernandes,Kolkata,WB,2024-10-18,Y
C104853,Anjali Sharma,Noida,UP,2023-12-04,N
C104854,Zoya Pereira,Ahmedabad,GJ,2023-05-15,N
C104855,Dev Naidu,Mysuru,KA,2024-02-11,Y
C104856,Vihaan Chauhan,Coimbatore,TN,2023-05-29,Y
C104857,Zoya Pandey,Delhi,DL,2022-11-05,Y
C104858,Daniel Pillai,Vadodara,GJ,2024-06-24,N
C104859,Neha Jain,Nagpur,MH,2024-08-02,N
C104860,Rohan Pawar,Patna,BR,2024-01-01,N
C104861,Krishna Shinde,Thiruvananthapuram,KL,2022-11-14,N
C104862,Vihaan D'Souza,Mysuru,KA,2023-07-24,N
C104863,Dev Bhatia,Bengaluru,KA,2023-02-23,Y
C104864,Amit Verma,Dehradun,UK,2022-09-11,Y
C104865,Sameer Tiwari,Lucknow,UP,2024-08-29,N
C104866,Isha Jain,Patna,BR,2023-03-09,N
C104867,Harpreet Pillai,Bhubaneswar,OR,2024-09-21,N
C104868,Rohit Sharma,Dehradun,UK,2022-09-12,N
C104869,Rohit Pillai,Noida,UP,2023-04-05,Y
C104870,Divya Desai,Guwahati,AS,2024-08-01,N
C104871,Sai Srivastava,Kolkata,WB,2024-06-06,N
C104872,Sai Patil,Vadodara,GJ,2022-07-17,N
C104873,Tarun Rathore,Visakhapatnam,AP,2023-02-04,N
C104874,Amit Sandhu,Dehradun,UK,2023-07-11,Y
C104875,Tanvi Bhatt,Kochi,KL,2023-03-20,N
C104876,Ananya Sen,Noida,UP,2024-07-21,N
C104877,Swati Iyer,Ahmedabad,GJ,2024-06-08,N
C104878,Joseph Pillai,Surat,GJ,2024-03-09,N
C104879,Zoya Pillai,Indore,MP,2022-10-06,N
C104880,Steven Chauhan,Ranchi,JH,2024-06-11,Y
C104881,Om Das,Chennai,TN,2023-07-22,N
C104882,Komal Trivedi,Raipur,CG,2024-01-23,N
C104883,Aarav Kapoor,Bengaluru,KA,2024-12-18,N
C104884,Sukhwinder Naidu,Guwahati,AS,2023-03-04,Y
C104885,Diya George,Dehradun,UK,2024-10-08,N
C104886,Aarav Siddiqui,Nagpur,MH,2023-10-14,N
C104887,Shreya Banerjee,Kolkata,WB,2023-12-23,N
C104888,Karan Trivedi,Patna,BR,2024-10-31,N
C104889,Sunita Malhotra,Ranchi,JH,2023-02-13,N
C104890,Zaid Rao,Delhi,DL,2024-08-12,N
C104891,Rohit Dutta,Chandigarh,CH,2024-08-10,N
C104892,Pranav Srivastava,Kolkata,WB,2023-02-26,N
C104893,Sai Chopra,Bhubaneswar,OR,2024-12-05,Y
C104894,Kavya Verma,Chandigarh,CH,2023-06-19,N
C104895,Sameer Sheikh,Visakhapatnam,AP,2024-05-12,N
C104896,Om Deshpande,Patna,BR,2024-01-20,Y
C104897,Suresh Banerjee,Bhubaneswar,OR,2023-12-01,Y
C104898,Ananya Yadav,Delhi,DL,2024-05-04,Y
C104899,Simran Reddy,Ahmedabad,GJ,2023-04-25,N
C104900,Saanvi Siddiqui,Kolkata,WB,2023-06-08,N
C104901,Joseph Bose,Raipur,CG,2023-09-05,Y
C104902,Om Iyer,Kochi,KL,2024-12-05,N
C104903,Aadhya Mehta,Lucknow,UP,2024-08-24,N
C104904,Ayaan Agarwal,Guwahati,AS,2023-07-21,Y
C104905,Aditya Kulkarni,Jaipur,RJ,2023-09-15,Y
C104906,Meera D'Souza,Surat,GJ,2022-10-11,Y
C104907,Geeta Pandey,Mysuru,KA,2024-10-17,N
C104908,Sameer Rao,Pune,MH,2023-09-04,N
C104909,Harsh Mittal,Visakhapatnam,AP,2024-05-22,N
C104910,Nikhil Sen,Bhopal,MP,2024-09-05,N
C104911,Kabir Pillai,Nagpur,MH,2022-09-05,N
C104912,Tanvi Siddiqui,Lucknow,UP,2023-08-04,N
C104913,Meera Goyal,Kochi,KL,2022-09-08,Y
C104914,Payal D'Souza,Ahmedabad,GJ,2022-08-07,N
C104915,Reyansh Goyal,Ahmedabad,GJ,2023-06-09,N
C104916,Aadhya Varghese,Chennai,TN,2022-12-17,Y
C104917,Farah Gill,Nashik,MH,2024-03-21,N
C104918,Suresh Bhatt,Chennai,TN,2024-01-10,N
C104919,Siddharth Gupta,Mumbai,MH,2023-12-07,N
C104920,Harpreet Rao,Coimbatore,TN,2024-06-16,N
C104921,Karan Kumar,Noida,UP,2023-03-31,Y
C104922,Nikhil Menon,Kochi,KL,2024-07-17,N
C104923,Megha Reddy,Surat,GJ,2023-07-22,N
C104924,Rajat Bose,Indore,MP,2024-04-03,N
C104925,Joseph George,Kolkata,WB,2023-03-18,N
C104926,Manish Tiwari,Visakhapatnam,AP,2024-03-01,N
C104927,Abhishek Goyal,Noida,UP,2024-06-15,N
C104928,Komal Qureshi,Guwahati,AS,2023-09-20,N
C104929,Abhishek Kulkarni,Mumbai,MH,2024-02-09,N
C104930,Ramesh Patel,Chandigarh,CH,2024-09-28,N
C104931,Lobsang Sheikh,Lucknow,UP,2023-09-14,N
C104932,Arjun Desai,Guwahati,AS,2023-07-08,N
C104933,Riya Kumar,Chennai,TN,2023-12-28,N
C104934,Reyansh Arora,Indore,MP,2024-05-07,N
C104935,Kunal Joshi,Dehradun,UK,2024-09-15,N
C104936,Rohit Chopra,Ranchi,JH,2023-02-17,Y
C104937,Ritika Menon,Ahmedabad,GJ,2023-09-26,N
C104938,Faisal Roy,Thiruvananthapuram,KL,2022-12-24,N
C104939,Rohit Jadhav,Chennai,TN,2024-04-17,N
C104940,Ankit Siddiqui,Noida,UP,2023-02-15,N
C104941,Shreya Deshpande,Kochi,KL,2024-05-28,N
C104942,Riya Reddy,Ranchi,JH,2023-04-08,N
C104943,Sneha George,Thiruvananthapuram,KL,2023-10-16,N
C104944,Anjali Khanna,Nagpur,MH,2023-08-01,Y
C104945,Isha Kapoor,Patna,BR,2024-05-13,Y
C104946,Pranav Reddy,Gurugram,HR,2023-06-17,N
C104947,Tenzin Pillai,Gurugram,HR,2023-09-30,Y
C104948,Abhishek Das,Bengaluru,KA,2023-07-07,N
C104949,Rohan Ghosh,Chandigarh,CH,2022-12-03,N
C104950,Karan Pillai,Chandigarh,CH,2024-04-17,N
C104951,Rajat Singh,Jaipur,RJ,2023-05-01,N
C104952,Rohit Chauhan,Dehradun,UK,2023-04-25,N
C104953,Tanvi Patil,Kolkata,WB,2024-05-11,Y
C104954,Ananya Nair,Coimbatore,TN,2024-03-24,N
C104955,Mohammed Gaikwad,Mumbai,MH,2023-05-11,N
C104956,Thomas Patel,Kochi,KL,2024-08-16,N
C104957,Geeta Banerjee,Hyderabad,TS,2024-07-16,N
C104958,Sameer Shah,Dehradun,UK,2024-10-17,Y
C104959,Divya George,Bengaluru,KA,2024-09-09,Y
C104960,Ayaan Sheikh,Kochi,KL,2024-12-17,N
C104961,Nikhil Mukherjee,Chandigarh,CH,2023-11-07,N
C104962,Nisha Gaikwad,Hyderabad,TS,2023-09-07,N
C104963,Dev Khanna,Noida,UP,2024-08-29,N
C104964,Krishna George,Pune,MH,2024-07-13,N
C104965,Tarun Ansari,Guwahati,AS,2022-09-10,Y
C104966,Manpreet Ansari,Mumbai,MH,2024-06-11,N
C104967,Abhishek Naidu,Guwahati,AS,2023-01-28,N
C104968,Rohan Jadhav,Kolkata,WB,2024-09-08,N
C104969,Meera Shah,Chennai,TN,2023-10-13,N
C104970,Rohan Gaikwad,Ahmedabad,GJ,2024-04-08,N
C104971,Aishwarya Dutta,Dehradun,UK,2024-03-30,N
C104972,Zaid Banerjee,Bhopal,MP,2023-01-15,N
C104973,Farah Shinde,Patna,BR,2023-05-19,Y
C104974,Geeta Shinde,Noida,UP,2022-09-11,N
C104975,Riya Shah,Bengaluru,KA,2024-07-04,N
C104976,Komal Jain,Nashik,MH,2023-09-01,N
C104977,Jaspreet Deshpande,Vadodara,GJ,2024-08-28,N
C104978,Meera Ghosh,Guwahati,AS,2024-01-30,Y
C104979,Amit Chauhan,Nashik,MH,2023-04-22,N
C104980,Daniel Desai,Chennai,TN,2025-01-01,Y
C104981,Varun Dhillon,Raipur,CG,2023-12-27,N
C104982,Anjali Bansal,Jaipur,RJ,2023-02-06,N
C104983,Saanvi Jadhav,Nashik,MH,2023-06-14,Y
C104984,Vihaan Mukherjee,Vadodara,GJ,2023-02-12,N
C104985,Aadhya Sandhu,Hyderabad,TS,2023-09-01,N
C104986,Om Kulkarni,Ranchi,JH,2022-09-02,Y
C104987,Megha Iyer,Kochi,KL,2024-09-24,N
C104988,Zaid Patel,Noida,UP,2024-11-12,Y
C104989,Mohammed Chopra,Mumbai,MH,2023-03-21,N
C104990,Krishna Patel,Nagpur,MH,2023-02-15,N
C104991,Pranav Roy,Dehradun,UK,2023-05-31,N
C104992,Aadhya Patel,Pune,MH,2024-01-19,N
C104993,Manpreet Patel,Dehradun,UK,2022-10-12,Y
C104994,Om Shah,Delhi,DL,2022-09-09,N
C104995,Arjun Ansari,Thiruvananthapuram,KL,2023-11-25,N
C104996,Karan Bose,Mysuru,KA,2023-12-16,N
C104997,Ayaan Shinde,Gurugram,HR,2023-04-19,Y
C104998,Tanvi Pandey,Bhubaneswar,OR,2024-11-03,N
C104999,Ramesh Pandey,Visakhapatnam,AP,2023-07-18,N
C105000,Suresh Banerjee,Bengaluru,KA,2022-12-25,N
C105001,Pooja Bhatt,Noida,UP,2023-07-06,N
C105002,Geeta Mehta,Dehradun,UK,2024-04-01,Y
C105003,Harsh Roy,Bhopal,MP,2024-02-01,N
C105004,Daniel D'Souza,Patna,BR,2023-11-25,N
C105005,Nikhil Naidu,Indore,MP,2023-03-30,Y
C105006,Joseph Dutta,Nashik,MH,2023-11-02,N
C105007,Thomas Bansal,Hyderabad,TS,2024-09-03,N
C105008,Sai Bose,Lucknow,UP,2024-03-12,N
C105009,Komal Rao,Ahmedabad,GJ,2024-04-30,Y
C105010,Pranav Rao,Patna,BR,2022-11-22,N
C105011,Arjun Mathew,Bhubaneswar,OR,2022-09-30,N
C105012,Aishwarya Kapoor,Mumbai,MH,2023-11-19,N
C105013,Megha Mishra,Noida,UP,2024-09-08,Y
C105014,Rohan Bhatt,Patna,BR,2023-06-12,N
C105015,Nikhil Pawar,Noida,UP,2022-10-21,N
C105016,Jaspreet Yadav,Kolkata,WB,2023-03-27,N
C105017,Pooja Chatterjee,Ranchi,JH,2024-08-02,Y
C105018,Nisha Gill,Surat,GJ,2024-01-04,N
C105019,Rajat Reddy,Dehradun,UK,2024-06-24,N
C105020,Diya Bhatt,Raipur,CG,2023-05-26,N
C105021,Harpreet Srivastava,Dehradun,UK,2024-12-19,Y
C105022,Yash Gupta,Dehradun,UK,2023-05-10,N
C105023,Rajat Saxena,Bhopal,MP,2023-10-27,N
C105024,Reyansh D'Souza,Lucknow,UP,2023-11-28,N
C105025,Daniel Verma,Bhubaneswar,OR,2023-04-23,Y
C105026,Harpreet Khan,Bengaluru,KA,2023-07-10,Y
C105027,Vikram Tiwari,Bhopal,MP,2024-12-05,Y
C105028,Geeta Kumar,Kolkata,WB,2023-03-19,Y
C105029,Kunal Desai,Ahmedabad,GJ,2022-08-04,N
C105030,Faisal Sharma,Chandigarh,CH,2022-09-21,Y
C105031,Ramesh Patel,Dehradun,UK,2024-10-03,Y
C105032,Swati Bhatt,Mumbai,MH,2024-06-11,Y
C105033,Lakshmi Saxena,Bhubaneswar,OR,2023-03-15,N
C105034,Neha Rao,Jaipur,RJ,2024-06-19,N
C105035,Zoya Shah,Ranchi,JH,2022-11-22,N
C105036,Divya Singh,Delhi,DL,2022-07-19,N
C105037,Zoya Sen,Patna,BR,2024-11-20,Y
C105038,Thomas Trivedi,Nagpur,MH,2022-11-24,Y
C105039,Komal Menon,Thiruvananthapuram,KL,2023-09-03,N
C105040,Kavya Nair,Kolkata,WB,2024-10-06,N
C105041,Manish Mukherjee,Bengaluru,KA,2023-02-02,N
C105042,Megha Naidu,Guwahati,AS,2024-11-11,N
C105043,Ritika Gupta,Delhi,DL,2024-07-23,N
C105044,Harpreet Khan,Vadodara,GJ,2024-06-12,Y
C105045,Steven Kapoor,Ranchi,JH,2024-06-24,Y
C105046,Zoya Yadav,Kochi,KL,2023-10-17,N
C105047,Ankit Saxena,Kolkata,WB,2023-10-08,N
C105048,Sameer Shinde,Bhopal,MP,2024-10-16,N
C105049,Zoya Gaikwad,Indore,MP,2024-09-20,N
C105050,Amit Das,Coimbatore,TN,2022-08-15,N
C105051,Ananya Mittal,Ranchi,JH,2023-03-24,N
C105052,Harpreet Shah,Vadodara,GJ,2024-02-18,Y
C105053,Sunita Rathore,Bhopal,MP,2023-10-10,N
C105054,Thomas Rathore,Surat,GJ,2023-09-10,Y
C105055,Swati Bansal,Kochi,KL,2024-05-19,Y
C105056,Aditya Dutta,Bengaluru,KA,2023-04-05,N
C105057,Abhishek Banerjee,Coimbatore,TN,2022-09-20,N
C105058,Ritika Arora,Mumbai,MH,2023-06-27,N
C105059,Gurpreet Arora,Mysuru,KA,2022-09-16,Y
C105060,Amit Bose,Delhi,DL,2023-07-08,N
C105061,Pranav Yadav,Guwahati,AS,2024-02-02,N
C105062,Payal Dutta,Gurugram,HR,2024-05-23,N
C105063,Vikram Pawar,Nagpur,MH,2022-11-17,Y
C105064,Saanvi Jadhav,Kochi,KL,2024-08-25,N
C105065,Anjali Chatterjee,Jaipur,RJ,2024-08-05,N
C105066,Diya Sheikh,Surat,GJ,2022-10-09,Y
C105067,Kavya Bose,Bhopal,MP,2024-04-30,N
C105068,Aishwarya George,Dehradun,UK,2024-02-15,N
C105069,Megha Patil,Coimbatore,TN,2022-09-30,Y
C105070,Tarun Khan,Dehradun,UK,2022-08-14,Y
C105071,Geeta Saxena,Nagpur,MH,2022-12-08,N
C105072,Ramesh Rathore,Chandigarh,CH,2023-09-30,N
C105073,Suresh Varghese,Mumbai,MH,2023-04-03,N
C105074,Anjali Shah,Mysuru,KA,2022-10-12,N
C105075,Ramesh Qureshi,Surat,GJ,2024-10-03,N
C105076,Riya Singh,Lucknow,UP,2023-08-10,N
C105077,Meera Patel,Indore,MP,2022-09-24,Y
C105078,Aditya Nair,Visakhapatnam,AP,2024-11-25,N
C105079,Ritika Dhillon,Ahmedabad,GJ,2022-09-27,N
C105080,Tanvi Gaikwad,Chennai,TN,2023-08-02,N
C105081,Aadhya Sharma,Surat,GJ,2024-03-02,N
C105082,Neha Yadav,Raipur,CG,2023-12-24,N
C105083,Sukhwinder Shah,Nagpur,MH,2024-03-16,N
C105084,Ankit Kumar,Lucknow,UP,2023-10-26,N
C105085,Ananya Mehta,Visakhapatnam,AP,2023-04-08,Y
C105086,Abhishek Rao,Lucknow,UP,2024-07-17,N
C105087,Thomas Dhillon,Mumbai,MH,2024-07-19,N
C105088,Rohan George,Surat,GJ,2024-09-22,N
C105089,Sneha Joshi,Bengaluru,KA,2024-12-06,N
C105090,Neha Patel,Pune,MH,2024-03-27,Y
C105091,Swati Bansal,Visakhapatnam,AP,2024-10-11,Y
C105092,Megha Siddiqui,Patna,BR,2024-03-20,N
C105093,Vihaan Dutta,Mumbai,MH,2023-05-11,N
C105094,Harpreet Jain,Bhopal,MP,2023-05-21,Y
C105095,Reyansh Mathew,Nashik,MH,2024-04-06,Y
C105096,Sneha Mathew,Visakhapatnam,AP,2024-04-28,N
C105097,Imran Kulkarni,Ahmedabad,GJ,2024-03-12,N
C105098,Ramesh Rathore,Kolkata,WB,2023-03-26,Y
C105099,Abhishek Pandey,Coimbatore,TN,2022-12-29,N
C105100,Jaspreet Pillai,Chandigarh,CH,2023-01-15,N
C105101,Harsh D'Souza,Kolkata,WB,2023-07-02,Y
C105102,Sai Menon,Bengaluru,KA,2024-12-10,N
C105103,Aditya Bose,Bhopal,MP,2024-10-01,N
C105104,Simran Mittal,Lucknow,UP,2023-05-17,N
C105105,Ayaan Khanna,Visakhapatnam,AP,2023-01-03,N
C105106,Ritika Reddy,Indore,MP,2023-12-18,Y
C105107,Rajat Pawar,Bhopal,MP,2024-01-10,N
C105108,Priya Gaikwad,Bengaluru,KA,2024-05-27,N
C105109,Abhishek Kaur,Vadodara,GJ,2024-06-11,N
C105110,Thomas Chatterjee,Noida,UP,2023-07-01,N
C105111,Harpreet Sheikh,Pune,MH,2023-01-27,Y
C105112,Daniel Sandhu,Visakhapatnam,AP,2024-08-12,N
C105113,Sunita Nair,Jaipur,RJ,2023-02-10,N
C105114,Sneha Malhotra,Kochi,KL,2023-08-21,Y
C105115,Swati Verma,Noida,UP,2024-04-15,Y
C105116,Karan Deshpande,Bhopal,MP,2024-04-21,Y
C105117,Priya Jadhav,Pune,MH,2022-11-28,N
C105118,Sai Kapoor,Lucknow,UP,2022-08-21,N
C105119,Megha Agarwal,Bhubaneswar,OR,2024-03-27,N
C105120,Kabir Verma,Gurugram,HR,2023-02-01,N
C105121,Saanvi Dutta,Ahmedabad,GJ,2022-10-04,N
C105122,Ayaan Banerjee,Gurugram,HR,2024-02-21,N
C105123,Gurpreet Chauhan,Kolkata,WB,2022-11-07,N
C105124,Pooja Varghese,Kochi,KL,2023-12-19,N
C105125,Manpreet Varghese,Coimbatore,TN,2023-10-02,N
C105126,Ishaan Reddy,Pune,MH,2022-08-01,Y
C105127,Rahul Pawar,Visakhapatnam,AP,2023-05-30,Y
C105128,Ramesh Das,Nashik,MH,2024-11-23,N
C105129,Megha Trivedi,Patna,BR,2023-01-13,N
C105130,Diya Pereira,Ranchi,JH,2024-01-21,Y
C105131,Farah Khan,Ranchi,JH,2023-03-29,N
C105132,Dev Kumar,Kochi,KL,2022-09-29,N
C105133,Neha Bhatia,Hyderabad,TS,2024-05-07,Y
C105134,Vivaan Trivedi,Nashik,MH,2024-12-29,N
C105135,Vivaan Nair,Nagpur,MH,2023-04-07,N
C105136,Imran Goyal,Bengaluru,KA,2023-04-11,Y
C105137,Thomas Sandhu,Guwahati,AS,2024-01-03,Y
C105138,Imran Fernandes,Visakhapatnam,AP,2023-07-02,N
C105139,Sukhwinder Khanna,Delhi,DL,2023-05-25,Y
C105140,Megha Mishra,Kochi,KL,2023-07-06,Y
C105141,Dev Banerjee,Jaipur,RJ,2022-11-11,N
C105142,Payal Roy,Delhi,DL,2024-02-08,N
C105143,Joseph Mathew,Kolkata,WB,2023-09-16,N
C105144,Geeta Rathore,Nashik,MH,2024-12-26,N
C105145,Saanvi Naidu,Hyderabad,TS,2024-05-16,N
C105146,Kabir Naidu,Visakhapatnam,AP,2024-04-21,N
C105147,Tarun Kumar,Jaipur,RJ,2023-11-18,N
C105148,Joseph Rao,Delhi,DL,2024-06-25,N
C105149,Sai Qureshi,Nashik,MH,2023-03-08,N
C105150,Sameer Roy,Chandigarh,CH,2024-06-02,N
C105151,Rohan Rathore,Kochi,KL,2022-10-11,Y
C105152,Shreya Bose,Bhubaneswar,OR,2023-09-08,Y
C105153,Shreya Rao,Vadodara,GJ,2022-09-15,Y
C105154,Zoya Mishra,Patna,BR,2023-06-07,N
C105155,Ritika Iyer,Mysuru,KA,2023-01-30,Y
C105156,Anjali Sheikh,Guwahati,AS,2024-01-14,N
C105157,Lobsang Ansari,Dehradun,UK,2023-04-08,N
C105158,Abhishek Deshpande,Nashik,MH,2023-11-06,N
C105159,Diya Mathew,Chennai,TN,2022-07-31,Y
C105160,Neha Trivedi,Noida,UP,2024-01-26,Y
C105161,Divya Malhotra,Raipur,CG,2024-09-21,N
C105162,Saanvi Trivedi,Visakhapatnam,AP,2022-12-03,Y
C105163,Kunal Fernandes,Lucknow,UP,2024-02-18,N
C105164,Sukhwinder Chatterjee,Hyderabad,TS,2023-12-20,N
C105165,Tanvi Saxena,Bhopal,MP,2022-10-26,Y
C105166,Tarun Gupta,Pune,MH,2022-09-09,N
C105167,Karan Banerjee,Gurugram,HR,2024-04-23,N
C105168,Sai Kumar,Pune,MH,2023-03-27,N
C105169,Vihaan Nair,Coimbatore,TN,2022-10-27,Y
C105170,Lakshmi Bhatia,Mysuru,KA,2024-05-28,Y
C105171,Aadhya Sethi,Gurugram,HR,2024-01-05,Y
C105172,Reyansh Jadhav,Coimbatore,TN,2022-07-23,N
C105173,Abhishek Yadav,Hyderabad,TS,2022-12-27,Y
C105174,Abhishek Saxena,Hyderabad,TS,2024-11-03,N
C105175,Pooja Malhotra,Guwahati,AS,2023-02-09,Y
C105176,Geeta Sharma,Jaipur,RJ,2023-02-07,Y
C105177,Tanvi Rao,Gurugram,HR,2022-10-12,Y
C105178,Faisal Pereira,Bhubaneswar,OR,2023-11-24,Y
C105179,Dev Mittal,Thiruvananthapuram,KL,2022-12-17,N
C105180,Sameer Sen,Nagpur,MH,2022-10-13,N
C105181,Joseph Trivedi,Jaipur,RJ,2024-11-24,N
C105182,Rahul Agarwal,Chennai,TN,2023-01-02,N
C105183,Pranav Patil,Surat,GJ,2024-03-20,Y
C105184,Mohammed Roy,Chennai,TN,2023-03-14,N
C105185,Shreya Arora,Ranchi,JH,2024-02-13,Y
C105186,Mohammed Kumar,Delhi,DL,2023-03-24,N
C105187,Aditya Ghosh,Dehradun,UK,2025-01-01,N
C105188,Thomas Mittal,Coimbatore,TN,2023-07-29,Y
C105189,Swati Varghese,Chennai,TN,2024-03-30,Y
C105190,Varun Rathore,Chennai,TN,2024-12-01,Y
C105191,Gurpreet Arora,Mumbai,MH,2024-02-19,N
C105192,Mohammed Fernandes,Ahmedabad,GJ,2024-07-22,Y
C105193,Faisal Jadhav,Indore,MP,2022-07-29,Y
C105194,Vivaan Kulkarni,Bhopal,MP,2024-06-10,Y
C105195,Priya Chopra,Jaipur,RJ,2024-07-25,N
C105196,Isha D'Souza,Ranchi,JH,2024-02-13,N
C105197,Kunal Fernandes,Ahmedabad,GJ,2023-04-09,N
C105198,Harpreet Kulkarni,Nagpur,MH,2022-09-28,N
C105199,Vihaan Pawar,Pune,MH,2023-09-28,N
C105200,Kavya Chatterjee,Ahmedabad,GJ,2023-05-28,N
C105201,Manish Dutta,Chennai,TN,2022-12-27,Y
C105202,Geeta Deshpande,Nagpur,MH,2022-10-30,Y
C105203,Daniel Gaikwad,Nagpur,MH,2023-05-20,N
C105204,Ramesh Banerjee,Raipur,CG,2023-06-06,N
C105205,Kavya Rao,Kochi,KL,2024-10-26,N
C105206,Simran Gupta,Bengaluru,KA,2022-07-27,N
C105207,Kavya Gupta,Dehradun,UK,2023-11-29,Y
C105208,Isha Bhatia,Kolkata,WB,2023-03-23,N
C105209,Swati Ansari,Visakhapatnam,AP,2022-11-05,N
C105210,Lakshmi Gill,Nagpur,MH,2023-01-10,N
C105211,Simran Nair,Visakhapatnam,AP,2022-08-01,N
C105212,Abhishek Mittal,Thiruvananthapuram,KL,2024-08-22,N
C105213,Amit Singh,Kochi,KL,2024-11-03,N
C105214,Tanvi Siddiqui,Mysuru,KA,2022-07-18,Y
C105215,Vihaan Rathore,Kochi,KL,2024-07-21,Y
C105216,Aditya Sheikh,Dehradun,UK,2023-02-09,N
C105217,Rohit Trivedi,Ahmedabad,GJ,2023-01-02,N
C105218,Diya Gupta,Chandigarh,CH,2022-08-11,N
C105219,Joseph Deshpande,Kolkata,WB,2024-12-16,N
C105220,Steven Malhotra,Jaipur,RJ,2022-11-17,N
C105221,Anjali D'Souza,Mumbai,MH,2024-10-23,N
C105222,Tarun Malhotra,Raipur,CG,2024-04-03,Y
C105223,Vivaan Sheikh,Thiruvananthapuram,KL,2022-08-02,Y
C105224,Aditya Roy,Nagpur,MH,2023-08-16,N
C105225,Amit Jadhav,Kolkata,WB,2022-12-17,N
C105226,Varun Nair,Indore,MP,2024-01-23,Y
C105227,Varun Jain,Hyderabad,TS,2023-01-08,N
C105228,Imran Trivedi,Bhubaneswar,OR,2023-12-25,N
C105229,Kavya Yadav,Lucknow,UP,2024-11-15,N
C105230,Sameer George,Ahmedabad,GJ,2023-12-02,N
C105231,Varun Sheikh,Kolkata,WB,2023-04-12,N
C105232,Geeta Chatterjee,Lucknow,UP,2023-03-16,N
C105233,Shreya Patel,Noida,UP,2024-10-07,N
C105234,Komal Varghese,Chennai,TN,2022-11-07,N
C105235,Tarun Jadhav,Guwahati,AS,2023-04-15,N
C105236,Sneha Nair,Lucknow,UP,2023-11-02,N
C105237,Deepak Gupta,Ranchi,JH,2022-11-13,Y
C105238,Harsh Yadav,Hyderabad,TS,2023-02-27,N
C105239,Sukhwinder D'Souza,Vadodara,GJ,2024-08-15,N
C105240,Zaid Chatterjee,Pune,MH,2023-06-12,N
C105241,Aditya Kulkarni,Chennai,TN,2024-05-09,Y
C105242,Joseph Arora,Visakhapatnam,AP,2023-04-04,Y
C105243,Rajat Mathew,Thiruvananthapuram,KL,2024-06-18,N
C105244,Gurpreet Malhotra,Jaipur,RJ,2023-07-26,Y
C105245,Kunal Mukherjee,Nashik,MH,2024-01-11,N
C105246,Shreya Patel,Ranchi,JH,2023-08-10,N
C105247,Swati Kulkarni,Hyderabad,TS,2024-01-13,N
C105248,Geeta Menon,Mumbai,MH,2024-06-06,N
C105249,Riya Jain,Hyderabad,TS,2022-10-09,N
C105250,Ishaan Qureshi,Surat,GJ,2024-01-02,Y
C105251,Geeta Patil,Patna,BR,2024-02-26,N
C105252,Abhishek Reddy,Ranchi,JH,2022-08-11,Y
C105253,Payal Pawar,Lucknow,UP,2024-04-19,N
C105254,Sai Khan,Ranchi,JH,2024-10-06,Y
C105255,Harsh Kaur,Kochi,KL,2023-04-08,Y
C105256,Bhavna Dutta,Mysuru,KA,2024-08-26,N
C105257,Isha Khan,Jaipur,RJ,2024-09-03,N
C105258,Kunal Shinde,Hyderabad,TS,2024-01-04,N
C105259,Rohan Pereira,Gurugram,HR,2024-12-08,N
C105260,Kabir Arora,Kochi,KL,2023-07-01,Y
C105261,Harpreet Khanna,Mysuru,KA,2024-05-30,N
C105262,Varun Pandey,Pune,MH,2024-05-06,N
C105263,Thomas Nair,Patna,BR,2023-07-12,N
C105264,Abhishek Kaur,Jaipur,RJ,2022-08-22,N
C105265,Ankit Jain,Ranchi,JH,2022-09-21,N
C105266,Deepak Sharma,Guwahati,AS,2024-04-18,Y
C105267,Priya Sethi,Gurugram,HR,2024-03-07,N
C105268,Rahul Singh,Ahmedabad,GJ,2024-12-25,Y
C105269,Zoya Shinde,Ahmedabad,GJ,2023-08-06,Y
C105270,Rohit Fernandes,Surat,GJ,2024-01-30,N
C105271,Karan Sharma,Bengaluru,KA,2024-12-07,N
C105272,Harpreet Bose,Visakhapatnam,AP,2023-08-09,N
C105273,Ishaan Reddy,Coimbatore,TN,2023-04-25,N
C105274,Aishwarya Shinde,Gurugram,HR,2023-08-19,Y
C105275,Lakshmi Pandey,Raipur,CG,2022-12-06,N
C105276,Farah Gill,Dehradun,UK,2022-12-10,N
C105277,Rajat Naidu,Visakhapatnam,AP,2024-09-17,N
C105278,Nikhil Rathore,Indore,MP,2023-10-12,Y
C105279,Reyansh Bhatia,Coimbatore,TN,2024-01-16,Y
C105280,Dev Menon,Chennai,TN,2022-08-03,Y
C105281,Shreya Mehta,Noida,UP,2024-10-11,N
C105282,Siddharth Jain,Kolkata,WB,2023-12-18,N
C105283,Suresh Yadav,Mumbai,MH,2024-10-22,N
C105284,Komal Khan,Indore,MP,2023-11-10,Y
C105285,Om Saxena,Ranchi,JH,2024-09-08,Y
C105286,Geeta Trivedi,Gurugram,HR,2022-09-30,N
C105287,Lakshmi Gaikwad,Nagpur,MH,2024-06-26,Y
C105288,Diya Bose,Hyderabad,TS,2024-10-13,N
C105289,Faisal Sandhu,Gurugram,HR,2022-10-13,N
C105290,Zaid Roy,Bhopal,MP,2023-05-06,N
C105291,Rajat Sandhu,Mumbai,MH,2023-07-02,N
C105292,Suresh Shinde,Ranchi,JH,2024-05-03,N
C105293,Thomas Singh,Vadodara,GJ,2024-02-14,N
C105294,Lakshmi Jain,Vadodara,GJ,2024-03-23,N
C105295,Kabir Verma,Chandigarh,CH,2024-12-09,Y
C105296,Tanvi Kaur,Mysuru,KA,2023-03-10,N
C105297,Diya Kulkarni,Patna,BR,2023-05-02,Y
C105298,Ayaan Chatterjee,Thiruvananthapuram,KL,2024-07-13,N
C105299,Nisha Deshpande,Mysuru,KA,2024-02-04,N
C105300,Harpreet Khanna,Chennai,TN,2024-01-04,N
C105301,Krishna Pawar,Vadodara,GJ,2024-02-06,N
C105302,Shreya Desai,Mysuru,KA,2024-12-24,N
C105303,Meera George,Nashik,MH,2022-11-17,N
C105304,Zoya Gupta,Gurugram,HR,2024-09-07,Y
C105305,Suresh Siddiqui,Bhubaneswar,OR,2024-09-30,N
C105306,Joseph Sharma,Chandigarh,CH,2023-10-21,N
C105307,Arjun Patel,Bhopal,MP,2023-06-18,Y
C105308,Ankit Desai,Kolkata,WB,2024-04-13,N
C105309,Rajat Shah,Visakhapatnam,AP,2024-12-05,N
C105310,Pranav Agarwal,Pune,MH,2023-11-18,Y
C105311,Ramesh Siddiqui,Surat,GJ,2024-01-21,N
C105312,Reyansh Mukherjee,Visakhapatnam,AP,2023-04-18,N
C105313,Ayaan Bhatt,Patna,BR,2024-12-23,Y
C105314,Jaspreet Gill,Surat,GJ,2023-12-01,N
C105315,Isha Reddy,Lucknow,UP,2023-07-02,Y
C105316,Farah Bhatt,Dehradun,UK,2024-06-10,N
C105317,Ritika Khan,Noida,UP,2023-02-17,N
C105318,Suresh Arora,Indore,MP,2024-08-26,N
C105319,Zaid Agarwal,Thiruvananthapuram,KL,2023-01-04,N
C105320,Reyansh Desai,Guwahati,AS,2024-03-29,N
C105321,Ramesh Siddiqui,Nashik,MH,2022-08-06,N
C105322,Riya Naidu,Chennai,TN,2023-07-03,N
C105323,Pranav Nair,Nashik,MH,2024-06-07,N
C105324,Tarun Malhotra,Mumbai,MH,2024-10-07,Y
C105325,Joseph Qureshi,Mysuru,KA,2024-11-10,Y
C105326,Ishaan Srivastava,Bhubaneswar,OR,2023-08-10,N
C105327,Siddharth Dutta,Visakhapatnam,AP,2024-12-04,N
C105328,Shreya Mehta,Guwahati,AS,2023-09-13,Y
C105329,Kavya Khanna,Bhopal,MP,2022-11-26,Y
C105330,Rajat Khan,Nashik,MH,2023-04-26,Y
C105331,Faisal Pandey,Dehradun,UK,2024-01-10,Y
C105332,Ankit Mehta,Dehradun,UK,2023-11-07,Y
C105333,Neha Ghosh,Pune,MH,2024-09-16,Y
C105334,Amit Siddiqui,Bhubaneswar,OR,2022-08-31,N
C105335,Kunal George,Raipur,CG,2023-10-08,N
C105336,Nikhil Kulkarni,Coimbatore,TN,2024-10-06,Y
C105337,Karan Patel,Dehradun,UK,2024-10-31,Y
C105338,Sai Siddiqui,Delhi,DL,2023-08-04,Y
C105339,Divya Kaur,Dehradun,UK,2023-04-07,N
C105340,Pranav George,Bhubaneswar,OR,2024-08-14,Y
C105341,Thomas Banerjee,Jaipur,RJ,2022-09-26,N
C105342,Farah Gaikwad,Nashik,MH,2024-05-10,N
C105343,Komal Ghosh,Delhi,DL,2024-06-23,N
C105344,Daniel Singh,Kolkata,WB,2024-05-23,N
C105345,Sukhwinder Desai,Chennai,TN,2023-08-27,Y
C105346,Faisal Desai,Delhi,DL,2023-07-17,Y
C105347,Tarun Bhatia,Ranchi,JH,2023-02-03,N
C105348,Tarun Mukherjee,Indore,MP,2023-08-30,N
C105349,Suresh Mehta,Mumbai,MH,2023-06-27,N
C105350,Rohan Varghese,Kochi,KL,2023-12-16,Y
C105351,Aditya Bhatia,Vadodara,GJ,2023-03-12,N
C105352,Pooja Naidu,Ranchi,JH,2022-09-29,Y
C105353,Sunita Kulkarni,Guwahati,AS,2023-11-13,Y
C105354,Zoya Bhatt,Jaipur,RJ,2024-05-26,Y
C105355,Lobsang Varghese,Delhi,DL,2024-05-15,N
C105356,Geeta Das,Nashik,MH,2022-11-16,Y
C105357,Kabir Chatterjee,Chandigarh,CH,2023-10-09,N
C105358,Rohit Rathore,Nagpur,MH,2024-02-09,N
C105359,Imran Chopra,Guwahati,AS,2023-06-10,N
C105360,Zaid Kapoor,Jaipur,RJ,2022-07-21,N
C105361,Ritika Gaikwad,Pune,MH,2024-08-27,N
C105362,Sunita Sharma,Dehradun,UK,2023-04-19,N
C105363,Saanvi Khan,Kochi,KL,2024-06-08,N
C105364,Anjali Reddy,Jaipur,RJ,2023-04-27,N
C105365,Lakshmi Pandey,Kochi,KL,2023-01-24,N
C105366,Varun Mukherjee,Pune,MH,2024-09-18,N
C105367,Siddharth Patel,Surat,GJ,2023-08-19,N
C105368,Manish Pereira,Ranchi,JH,2024-04-12,Y
C105369,Faisal Srivastava,Chandigarh,CH,2022-08-15,N
C105370,Tarun Qureshi,Thiruvananthapuram,KL,2024-09-16,N
C105371,Kavya Naidu,Visakhapatnam,AP,2023-07-17,N
C105372,Shreya Gaikwad,Jaipur,RJ,2024-07-27,N
C105373,Pooja Dhillon,Mumbai,MH,2022-09-20,N
C105374,Isha Mittal,Visakhapatnam,AP,2022-12-22,Y
C105375,Sunita Mukherjee,Ahmedabad,GJ,2024-10-27,Y
C105376,Varun Agarwal,Kolkata,WB,2024-07-08,N
C105377,Manpreet Bose,Chennai,TN,2023-06-29,N
C105378,Mohammed Kaur,Nashik,MH,2023-02-13,N
C105379,Rohit Rathore,Mysuru,KA,2024-10-25,Y
C105380,Kavya Trivedi,Guwahati,AS,2023-11-25,N
C105381,Deepak Sheikh,Ranchi,JH,2024-06-09,Y
C105382,Yash Jain,Nashik,MH,2024-04-01,N
C105383,Arjun Ghosh,Visakhapatnam,AP,2022-12-01,Y
C105384,Amit Shah,Lucknow,UP,2023-11-27,Y
C105385,Harpreet Jain,Thiruvananthapuram,KL,2024-09-02,Y
C105386,Lakshmi Nair,Patna,BR,2024-09-23,Y
C105387,Swati Goyal,Chennai,TN,2024-01-26,N
C105388,Swati Pawar,Nashik,MH,2023-03-19,Y
C105389,Gurpreet Dhillon,Patna,BR,2023-08-11,N
C105390,Daniel Mukherjee,Delhi,DL,2024-01-13,N
C105391,Geeta Kulkarni,Raipur,CG,2022-07-27,N
C105392,Suresh Khanna,Hyderabad,TS,2023-03-24,N
C105393,Tanvi Mehta,Raipur,CG,2023-01-31,N
C105394,Gurpreet Chauhan,Ahmedabad,GJ,2024-07-07,Y
C105395,Tenzin Reddy,Kolkata,WB,2022-07-16,Y
C105396,Faisal Dhillon,Raipur,CG,2022-10-11,N
C105397,Diya Banerjee,Dehradun,UK,2024-09-26,N
C105398,Nisha Gupta,Chennai,TN,2022-11-23,N
C105399,Aditya Patel,Mysuru,KA,2023-12-31,N
C105400,Faisal Gupta,Visakhapatnam,AP,2023-07-09,Y
C105401,Gurpreet Sheikh,Mumbai,MH,2023-01-10,N
C105402,Manpreet Goyal,Noida,UP,2024-05-15,N
C105403,Ananya Dutta,Chennai,TN,2022-10-12,N
C105404,Megha Rathore,Coimbatore,TN,2023-07-12,Y
C105405,Kunal Fernandes,Hyderabad,TS,2022-08-11,Y
C105406,Farah Sen,Chandigarh,CH,2023-06-09,Y
C105407,Tenzin Varghese,Mumbai,MH,2023-06-03,N
C105408,Simran Menon,Chennai,TN,2022-08-24,N
C105409,Farah Chopra,Delhi,DL,2024-01-06,Y
C105410,Swati Gupta,Gurugram,HR,2023-06-27,N
C105411,Anjali Deshpande,Gurugram,HR,2024-06-04,N
C105412,Ritika Chatterjee,Mumbai,MH,2023-08-06,N
C105413,Lakshmi Deshpande,Guwahati,AS,2023-12-04,Y
C105414,Ramesh Kumar,Chennai,TN,2024-12-01,N
C105415,Sunita Bhatt,Raipur,CG,2024-05-12,N
C105416,Ritika Mittal,Delhi,DL,2022-10-17,N
C105417,Lakshmi Roy,Hyderabad,TS,2023-09-15,N
C105418,Pranav Chauhan,Kolkata,WB,2023-02-24,N
C105419,Om Saxena,Mumbai,MH,2024-05-11,N
C105420,Amit Sen,Chandigarh,CH,2024-12-17,N
C105421,Anjali Kaur,Visakhapatnam,AP,2023-06-22,N
C105422,Ananya Qureshi,Indore,MP,2022-12-19,Y
C105423,Suresh Patel,Ranchi,JH,2024-05-11,N
C105424,Varun Fernandes,Jaipur,RJ,2023-03-04,N
C105425,Nikhil Mishra,Patna,BR,2024-12-27,N
C105426,Tarun Desai,Mysuru,KA,2023-03-16,Y
C105427,Siddharth Pillai,Visakhapatnam,AP,2023-02-27,N
C105428,Meera Gupta,Ahmedabad,GJ,2023-06-30,Y
C105429,Payal Gill,Kochi,KL,2024-03-07,N
C105430,Rahul Gaikwad,Bhubaneswar,OR,2024-05-11,Y
C105431,Siddharth Menon,Bhubaneswar,OR,2024-03-31,Y
C105432,Pranav Nair,Thiruvananthapuram,KL,2022-09-25,N
C105433,Manish Naidu,Vadodara,GJ,2023-10-07,Y
C105434,Payal Jain,Raipur,CG,2024-03-19,Y
C105435,Tenzin Das,Kolkata,WB,2024-02-21,N
C105436,Jaspreet Rathore,Bhubaneswar,OR,2023-06-26,N
C105437,Tanvi Naidu,Nashik,MH,2023-01-01,N
C105438,Manish Nair,Coimbatore,TN,2024-01-19,N
C105439,Karan Desai,Dehradun,UK,2024-04-14,N
C105440,Harpreet Singh,Mysuru,KA,2023-09-14,Y
C105441,Ritika Bhatia,Pune,MH,2024-01-18,Y
C105442,Karan Banerjee,Bhopal,MP,2023-10-15,N
C105443,Kavya Verma,Bhopal,MP,2023-07-31,N
C105444,Priya Gaikwad,Pune,MH,2023-11-14,N
C105445,Simran Mukherjee,Chennai,TN,2023-09-22,Y
C105446,Nisha Mehta,Coimbatore,TN,2023-11-19,Y
C105447,Simran Mittal,Indore,MP,2024-02-17,N
C105448,Meera Nair,Noida,UP,2023-12-03,Y
C105449,Neha Bose,Bhubaneswar,OR,2023-02-04,N
C105450,Manish Sharma,Kochi,KL,2024-10-12,N
C105451,Varun Bose,Vadodara,GJ,2024-05-27,N
C105452,Divya Srivastava,Chennai,TN,2023-01-25,N
C105453,Amit Mittal,Raipur,CG,2023-08-16,N
C105454,Jaspreet Pillai,Coimbatore,TN,2023-07-05,N
C105455,Abhishek Fernandes,Indore,MP,2022-07-22,N
C105456,Vikram Pillai,Hyderabad,TS,2023-06-21,Y
C105457,Simran Roy,Gurugram,HR,2024-11-25,Y
C105458,Yash Patel,Delhi,DL,2024-04-20,Y
C105459,Saanvi Bansal,Raipur,CG,2023-02-26,N
C105460,Ankit Mishra,Thiruvananthapuram,KL,2024-05-18,N
C105461,Sneha Varghese,Kolkata,WB,2023-09-17,N
C105462,Zaid Rathore,Bhubaneswar,OR,2023-06-21,Y
C105463,Swati Sen,Guwahati,AS,2023-08-13,N
C105464,Tanvi Sheikh,Nashik,MH,2023-08-25,N
C105465,Neha Bhatt,Kochi,KL,2024-07-03,N
C105466,Imran Sen,Nagpur,MH,2023-04-21,Y
C105467,Aarav Mukherjee,Coimbatore,TN,2022-08-23,Y
C105468,Rohan Arora,Hyderabad,TS,2023-08-30,N
C105469,Isha Chauhan,Chennai,TN,2023-01-23,N
C105470,Kabir Qureshi,Surat,GJ,2022-12-19,N
C105471,Rajat Singh,Jaipur,RJ,2023-11-21,N
C105472,Ishaan Siddiqui,Thiruvananthapuram,KL,2023-12-11,Y
C105473,Kunal Deshpande,Indore,MP,2023-06-16,Y
C105474,Nisha Shinde,Thiruvananthapuram,KL,2024-12-10,N
C105475,Meera Reddy,Guwahati,AS,2022-08-04,Y
C105476,Rohit Kaur,Bhubaneswar,OR,2024-04-13,N
C105477,Zoya Joshi,Ahmedabad,GJ,2023-10-07,Y
C105478,Deepak Bhatt,Vadodara,GJ,2023-10-08,Y
C105479,Harsh Mittal,Kochi,KL,2024-11-09,N
C105480,Joseph Trivedi,Bengaluru,KA,2023-09-13,Y
C105481,Rajat Sen,Mysuru,KA,2024-07-29,Y
C105482,Aishwarya Naidu,Gurugram,HR,2024-02-24,N
C105483,Kabir Patil,Nashik,MH,2023-05-11,Y
C105484,Kunal George,Mumbai,MH,2023-01-14,Y
C105485,Zaid Shah,Mumbai,MH,2024-09-22,N
C105486,Faisal Das,Bengaluru,KA,2024-06-10,N
C105487,Vihaan Bose,Delhi,DL,2022-10-26,N
C105488,Manpreet Joshi,Pune,MH,2024-11-10,N
C105489,Komal Shah,Indore,MP,2023-01-16,Y
C105490,Tenzin Deshpande,Vadodara,GJ,2024-02-12,Y
C105491,Tenzin Pereira,Kochi,KL,2023-06-08,Y
C105492,Siddharth Rao,Bhopal,MP,2023-07-23,N
C105493,Anjali Kaur,Ahmedabad,GJ,2024-05-23,Y
C105494,Om Mathew,Mysuru,KA,2024-06-27,Y
C105495,Sameer Goyal,Mumbai,MH,2024-03-30,Y
C105496,Farah Naidu,Bengaluru,KA,2023-12-01,N
C105497,Rohan Bhatia,Nagpur,MH,2023-02-03,N
C105498,Yash Desai,Gurugram,HR,2023-11-09,N
C105499,Varun Das,Guwahati,AS,2023-10-21,Y
C105500,Harpreet Bhatia,Bhopal,MP,2024-04-12,N
C105501,Isha Reddy,Nashik,MH,2023-02-13,N
C105502,Reyansh Gupta,Chandigarh,CH,2022-12-06,N
C105503,Jaspreet Bhatt,Delhi,DL,2022-08-29,Y
C105504,Karan Gill,Ahmedabad,GJ,2023-09-25,N
C105505,Daniel Shah,Visakhapatnam,AP,2023-03-23,N
C105506,Zaid Patel,Pune,MH,2023-11-21,Y
C105507,Thomas Kapoor,Patna,BR,2022-12-08,N
C105508,Tarun Bhatt,Chandigarh,CH,2022-09-27,N
C105509,Aishwarya Malhotra,Kolkata,WB,2024-01-19,Y
C105510,Bhavna Jain,Hyderabad,TS,2024-08-04,Y
C105511,Nikhil Saxena,Bhopal,MP,2022-10-12,N
C105512,Ritika Menon,Lucknow,UP,2024-10-10,N
C105513,Ramesh Rathore,Ahmedabad,GJ,2022-12-28,Y
C105514,Ritika Naidu,Mysuru,KA,2024-02-06,Y
C105515,Simran Desai,Mumbai,MH,2023-04-12,Y
C105516,Sameer Bansal,Bhubaneswar,OR,2022-09-19,Y
C105517,Varun Chopra,Guwahati,AS,2022-11-21,N
C105518,Om Nair,Ranchi,JH,2022-09-01,N
C105519,Priya Bhatia,Mysuru,KA,2022-07-30,Y
C105520,Pranav Nair,Raipur,CG,2023-08-25,Y
C105521,Sunita Khanna,Guwahati,AS,2022-12-26,N
C105522,Sai Gupta,Guwahati,AS,2024-05-27,N
C105523,Vivaan Sen,Mysuru,KA,2024-09-04,Y
C105524,Ananya Fernandes,Ahmedabad,GJ,2024-07-14,N
C105525,Komal Nair,Chandigarh,CH,2024-02-28,Y
C105526,Neha Desai,Vadodara,GJ,2023-01-04,N
C105527,Krishna Mehta,Bhubaneswar,OR,2023-09-05,N
C105528,Joseph Mishra,Noida,UP,2023-02-06,N
C105529,Shreya Bose,Raipur,CG,2023-06-14,N
C105530,Aditya Mishra,Surat,GJ,2024-03-17,N
C105531,Geeta Sen,Pune,MH,2024-12-05,Y
C105532,Sunita Naidu,Kolkata,WB,2022-09-02,Y
C105533,Anjali Banerjee,Delhi,DL,2023-07-03,N
C105534,Faisal Shinde,Guwahati,AS,2022-12-11,N
C105535,Lobsang Sethi,Thiruvananthapuram,KL,2022-10-12,N
C105536,Joseph Rathore,Noida,UP,2024-12-02,N
C105537,Sai Pereira,Guwahati,AS,2023-08-09,Y
C105538,Isha Jain,Kochi,KL,2024-04-08,N
C105539,Yash Chauhan,Pune,MH,2024-05-17,N
C105540,Ayaan Nair,Jaipur,RJ,2022-12-17,N
C105541,Sameer Bhatt,Visakhapatnam,AP,2024-12-02,N
C105542,Vikram Mittal,Guwahati,AS,2024-01-26,N
C105543,Sukhwinder Goyal,Indore,MP,2023-12-25,N
C105544,Steven Jadhav,Indore,MP,2022-09-08,Y
C105545,Vikram Shinde,Raipur,CG,2024-10-28,Y
C105546,Imran Pawar,Vadodara,GJ,2023-08-16,N
C105547,Vihaan Mittal,Bhubaneswar,OR,2024-10-02,N
C105548,Lakshmi Varghese,Mysuru,KA,2022-09-21,Y
C105549,Diya Menon,Dehradun,UK,2024-11-29,N
C105550,Mohammed Pereira,Gurugram,HR,2023-08-04,Y
C105551,Yash Gupta,Bhubaneswar,OR,2023-12-13,N
C105552,Harpreet Iyer,Thiruvananthapuram,KL,2024-01-06,N
C105553,Sneha Kulkarni,Vadodara,GJ,2023-03-27,N
C105554,Rohit Mukherjee,Vadodara,GJ,2023-10-03,N
C105555,Rohit Nair,Bengaluru,KA,2024-02-18,Y
C105556,Ayaan Bansal,Kolkata,WB,2024-05-16,Y
C105557,Faisal Malhotra,Patna,BR,2024-11-05,N
C105558,Jaspreet Sharma,Nashik,MH,2023-12-16,N
C105559,Tanvi Desai,Thiruvananthapuram,KL,2023-11-22,Y
C105560,Om Saxena,Gurugram,HR,2022-11-03,Y
C105561,Komal Shinde,Kochi,KL,2024-02-25,N
C105562,Sukhwinder Gaikwad,Kolkata,WB,2023-01-06,Y
C105563,Lobsang Joshi,Bengaluru,KA,2023-04-21,N
C105564,Aishwarya Naidu,Raipur,CG,2024-09-26,N
C105565,Yash Varghese,Mysuru,KA,2024-04-06,N
C105566,Meera Srivastava,Pune,MH,2023-06-27,N
C105567,Mohammed Dhillon,Jaipur,RJ,2024-11-26,N
C105568,Harpreet Pereira,Chandigarh,CH,2023-08-08,N
C105569,Nisha Chatterjee,Kochi,KL,2023-07-28,N
C105570,Pranav Kaur,Nagpur,MH,2024-08-23,Y
C105571,Rohit Khanna,Lucknow,UP,2024-05-24,N
C105572,Ayaan Desai,Patna,BR,2024-02-07,N
C105573,Daniel Siddiqui,Visakhapatnam,AP,2024-01-23,N
C105574,Anjali Patel,Hyderabad,TS,2023-07-09,N
C105575,Harsh Bhatt,Dehradun,UK,2024-09-06,Y
C105576,Ritika Sharma,Jaipur,RJ,2024-10-27,N
C105577,Zaid Patil,Mysuru,KA,2024-10-23,N
C105578,Kunal Sharma,Bengaluru,KA,2024-03-15,Y
C105579,Jaspreet Mathew,Guwahati,AS,2024-08-29,N
C105580,Vihaan Sharma,Visakhapatnam,AP,2024-11-30,N
C105581,Faisal Ghosh,Gurugram,HR,2022-10-01,Y
C105582,Diya Das,Vadodara,GJ,2023-03-13,N
C105583,Riya Pawar,Gurugram,HR,2023-03-17,Y
C105584,Aishwarya Rathore,Delhi,DL,2022-11-27,N
C105585,Rahul Kapoor,Lucknow,UP,2024-07-19,Y
C105586,Aditya Pillai,Thiruvananthapuram,KL,2024-02-27,Y
C105587,Pranav Mehta,Bhopal,MP,2022-10-03,N
C105588,Saanvi Kulkarni,Indore,MP,2023-12-07,N
C105589,Riya Gaikwad,Gurugram,HR,2024-12-18,Y
C105590,Siddharth Sharma,Mysuru,KA,2024-07-26,N
C105591,Manpreet Shah,Thiruvananthapuram,KL,2023-11-24,N
C105592,Arjun Srivastava,Delhi,DL,2024-09-20,N
C105593,Tenzin Naidu,Visakhapatnam,AP,2022-08-12,Y
C105594,Neha Sandhu,Bhopal,MP,2022-10-16,Y
C105595,Zaid Iyer,Hyderabad,TS,2024-04-29,N
C105596,Rajat Dhillon,Patna,BR,2024-12-10,Y
C105597,Meera Mishra,Bhubaneswar,OR,2023-07-08,N
C105598,Sai Sen,Pune,MH,2023-08-28,N
C105599,Harpreet Pillai,Visakhapatnam,AP,2023-10-17,N
C105600,Bhavna Kumar,Gurugram,HR,2023-01-12,Y
C105601,Meera Verma,Bhubaneswar,OR,2023-03-23,Y
C105602,Pranav Rathore,Guwahati,AS,2023-04-08,N
C105603,Vikram Pereira,Nagpur,MH,2024-08-17,N
C105604,Joseph Chauhan,Nashik,MH,2024-10-05,N
C105605,Aishwarya Khanna,Pune,MH,2024-12-25,N
C105606,Riya Bansal,Thiruvananthapuram,KL,2023-06-30,N
C105607,Kavya Goyal,Kochi,KL,2023-08-13,N
C105608,Pooja Pandey,Nagpur,MH,2024-01-11,N
C105609,Amit Deshpande,Kochi,KL,2023-06-04,N
C105610,Amit Sandhu,Bengaluru,KA,2024-02-12,N
C105611,Rohit Tiwari,Delhi,DL,2024-04-09,N
C105612,Harpreet D'Souza,Vadodara,GJ,2023-09-08,N
C105613,Neha Pawar,Indore,MP,2024-11-11,Y
C105614,Riya Bansal,Chandigarh,CH,2023-08-20,N
C105615,Gurpreet Sharma,Surat,GJ,2024-01-11,Y
C105616,Rahul Bhatia,Delhi,DL,2023-09-08,N
C105617,Dev Saxena,Raipur,CG,2022-07-24,N
C105618,Payal Mukherjee,Mumbai,MH,2022-08-24,Y
C105619,Vikram Nair,Nagpur,MH,2023-06-14,Y
C105620,Ankit Das,Jaipur,RJ,2023-10-28,Y
C105621,Anjali Kapoor,Coimbatore,TN,2024-09-03,Y
C105622,Om Desai,Mumbai,MH,2023-09-21,Y
C105623,Daniel Rao,Mysuru,KA,2023-05-14,N
C105624,Om Naidu,Noida,UP,2023-01-03,N
C105625,Sukhwinder Deshpande,Nashik,MH,2023-02-10,N
C105626,Daniel Trivedi,Gurugram,HR,2023-11-28,N
C105627,Sneha Pawar,Delhi,DL,2022-08-04,N
C105628,Yash Pereira,Nashik,MH,2023-07-04,N
C105629,Jaspreet Desai,Kochi,KL,2024-04-05,Y
C105630,Krishna Jain,Lucknow,UP,2024-07-18,N
C105631,Mohammed Das,Bhopal,MP,2022-08-07,N
C105632,Zoya Roy,Bhopal,MP,2022-12-23,N
C105633,Zaid Banerjee,Mumbai,MH,2023-01-20,N
C105634,Priya Shinde,Thiruvananthapuram,KL,2024-12-31,Y
C105635,Jaspreet Iyer,Coimbatore,TN,2024-06-03,N
C105636,Vikram Qureshi,Jaipur,RJ,2024-07-15,Y
C105637,Harpreet Menon,Kochi,KL,2024-04-05,N
C105638,Karan Pandey,Vadodara,GJ,2024-07-27,N
C105639,Bhavna Srivastava,Chandigarh,CH,2024-11-14,N
C105640,Sneha Jain,Guwahati,AS,2024-10-10,N
C105641,Dev Banerjee,Kolkata,WB,2023-10-19,N
C105642,Abhishek Saxena,Chandigarh,CH,2023-04-21,Y
C105643,Harsh Pereira,Surat,GJ,2023-03-03,N
C105644,Steven Das,Vadodara,GJ,2024-04-22,Y
C105645,Steven Bose,Mysuru,KA,2024-06-19,N
C105646,Krishna Mishra,Coimbatore,TN,2024-04-27,N
C105647,Lobsang Bose,Jaipur,RJ,2024-12-14,Y
C105648,Saanvi Shinde,Pune,MH,2024-08-12,Y
C105649,Krishna Jadhav,Pune,MH,2024-07-30,N
C105650,Varun Rathore,Lucknow,UP,2023-05-03,N
C105651,Deepak Verma,Mysuru,KA,2024-10-16,N
C105652,Steven Fernandes,Chennai,TN,2024-02-28,N
C105653,Ishaan Nair,Bhubaneswar,OR,2022-11-26,N
C105654,Vihaan Fernandes,Guwahati,AS,2023-04-22,N
C105655,Swati Rathore,Nashik,MH,2024-12-16,N
C105656,Ritika Goyal,Chennai,TN,2023-01-31,N
C105657,Reyansh Bhatia,Kochi,KL,2024-10-06,N
C105658,Om Desai,Lucknow,UP,2023-05-02,N
C105659,Mohammed Shah,Lucknow,UP,2024-11-14,Y
C105660,Swati Arora,Chandigarh,CH,2024-04-10,N
C105661,Karan Fernandes,Chandigarh,CH,2023-07-16,N
C105662,Megha Iyer,Pune,MH,2023-02-21,Y
C105663,Komal Menon,Nagpur,MH,2022-07-18,N
C105664,Kabir Reddy,Surat,GJ,2024-10-07,Y
C105665,Mohammed Kaur,Pune,MH,2024-04-29,N
C105666,Priya Sharma,Delhi,DL,2022-08-13,N
C105667,Saanvi Sheikh,Nashik,MH,2023-10-16,N
C105668,Krishna Ghosh,Nagpur,MH,2022-08-01,Y
C105669,Sameer Sandhu,Lucknow,UP,2023-03-03,N
C105670,Om Sheikh,Mumbai,MH,2024-10-09,N
C105671,Suresh Kaur,Kolkata,WB,2022-08-20,Y
C105672,Priya Shinde,Delhi,DL,2024-01-22,N
C105673,Amit Jain,Chennai,TN,2023-06-24,N
C105674,Lakshmi Singh,Kochi,KL,2023-02-09,Y
C105675,Ishaan Arora,Hyderabad,TS,2023-08-04,Y
C105676,Nikhil Verma,Jaipur,RJ,2024-12-01,N
C105677,Rajat Gupta,Ranchi,JH,2022-08-26,N
C105678,Kabir Mittal,Mysuru,KA,2022-12-04,N
C105679,Vihaan Verma,Vadodara,GJ,2022-07-16,N
C105680,Kabir Kapoor,Gurugram,HR,2024-01-03,N
C105681,Rohan Patil,Kochi,KL,2023-07-14,N
C105682,Isha Khan,Mumbai,MH,2022-08-24,N
C105683,Mohammed Nair,Ranchi,JH,2022-12-10,Y
C105684,Diya Sandhu,Thiruvananthapuram,KL,2022-12-23,N
C105685,Pooja Singh,Jaipur,RJ,2023-10-01,Y
C105686,Kavya Bhatia,Coimbatore,TN,2024-03-18,N
C105687,Deepak Sandhu,Bengaluru,KA,2022-09-10,Y
C105688,Siddharth Fernandes,Delhi,DL,2024-10-22,N
C105689,Lobsang Agarwal,Thiruvananthapuram,KL,2023-02-22,Y
C105690,Nikhil Mehta,Mysuru,KA,2024-04-25,N
C105691,Suresh Sheikh,Mysuru,KA,2023-06-19,Y
C105692,Steven Pillai,Chennai,TN,2024-09-04,N
C105693,Zaid Qureshi,Mysuru,KA,2024-07-05,N
C105694,Bhavna Mathew,Delhi,DL,2024-03-13,N
C105695,Bhavna Mukherjee,Hyderabad,TS,2023-06-22,N
C105696,Riya Gill,Noida,UP,2023-05-30,N
C105697,Aarav Qureshi,Mumbai,MH,2024-02-07,N
C105698,Rohan Bhatia,Dehradun,UK,2023-04-25,N
C105699,Reyansh Mittal,Chennai,TN,2023-10-12,N
C105700,Lakshmi Arora,Ranchi,JH,2024-05-21,N
C105701,Tanvi Tiwari,Indore,MP,2023-08-01,N
C105702,Anjali Chopra,Raipur,CG,2024-05-30,Y
C105703,Komal Jadhav,Nagpur,MH,2024-01-11,N
C105704,Deepak Malhotra,Bengaluru,KA,2023-03-11,N
C105705,Geeta Khanna,Hyderabad,TS,2024-04-06,N
C105706,Saanvi Sandhu,Patna,BR,2024-04-30,Y
C105707,Rohan Pandey,Delhi,DL,2022-09-17,N
C105708,Kabir Nair,Chandigarh,CH,2023-02-03,Y
C105709,Sameer Bhatt,Noida,UP,2023-10-23,Y
C105710,Sameer Sethi,Nashik,MH,2024-06-25,N
C105711,Nikhil Nair,Guwahati,AS,2023-06-15,Y
C105712,Aadhya Kapoor,Mysuru,KA,2023-03-03,N
C105713,Lakshmi Mukherjee,Chennai,TN,2023-07-25,N
C105714,Komal Agarwal,Dehradun,UK,2022-08-14,Y
C105715,Thomas Nair,Vadodara,GJ,2024-10-11,N
C105716,Manish Pawar,Lucknow,UP,2024-09-04,N
C105717,Diya Pandey,Chandigarh,CH,2022-12-07,N
C105718,Deepak Das,Mysuru,KA,2023-01-20,Y
C105719,Sameer Goyal,Gurugram,HR,2024-09-15,Y
C105720,Thomas Kulkarni,Raipur,CG,2022-08-04,Y
C105721,Sunita Dutta,Pune,MH,2023-01-29,N
C105722,Daniel Kaur,Thiruvananthapuram,KL,2024-09-27,N
C105723,Swati Joshi,Surat,GJ,2023-07-24,Y
C105724,Kavya Kumar,Bhubaneswar,OR,2023-09-25,N
C105725,Joseph Dutta,Bhubaneswar,OR,2023-12-18,N
C105726,Krishna Menon,Ranchi,JH,2024-11-03,N
C105727,Ankit D'Souza,Mysuru,KA,2024-01-07,N
C105728,Tenzin Dhillon,Delhi,DL,2023-12-24,N
C105729,Ritika Chatterjee,Patna,BR,2023-08-25,N
C105730,Sneha Kumar,Bengaluru,KA,2023-06-16,N
C105731,Tenzin Saxena,Bhopal,MP,2023-01-08,N
C105732,Siddharth Das,Lucknow,UP,2023-03-13,N
C105733,Steven Qureshi,Dehradun,UK,2023-03-05,N
C105734,Abhishek Kumar,Ranchi,JH,2022-10-15,N
C105735,Vihaan Ansari,Indore,MP,2022-11-02,N
C105736,Sai Sheikh,Jaipur,RJ,2024-10-02,N
C105737,Lobsang Reddy,Bhubaneswar,OR,2024-06-18,N
C105738,Tenzin Trivedi,Noida,UP,2024-01-01,N
C105739,Harpreet Chatterjee,Guwahati,AS,2023-09-24,Y
C105740,Tenzin Mishra,Noida,UP,2022-08-15,Y
C105741,Pooja Jain,Thiruvananthapuram,KL,2024-03-21,N
C105742,Ayaan Khan,Bhubaneswar,OR,2024-09-18,N
C105743,Ishaan Kapoor,Nashik,MH,2024-01-06,N
C105744,Amit Sharma,Bhopal,MP,2023-08-25,Y
C105745,Sneha Dutta,Pune,MH,2022-12-08,N
C105746,Rohan Arora,Coimbatore,TN,2023-08-08,Y
C105747,Steven Bose,Indore,MP,2024-09-09,Y
C105748,Neha Iyer,Kolkata,WB,2023-09-22,Y
C105749,Gurpreet Saxena,Chandigarh,CH,2024-06-07,N
C105750,Kavya Kaur,Kolkata,WB,2023-10-16,N
C105751,Varun Bhatia,Hyderabad,TS,2022-09-23,Y
C105752,Gurpreet Nair,Nashik,MH,2023-08-16,N
C105753,Farah Ghosh,Thiruvananthapuram,KL,2023-12-26,N
C105754,Anjali Naidu,Pune,MH,2024-01-08,N
C105755,Diya Deshpande,Mumbai,MH,2024-11-17,N
C105756,Rahul Tiwari,Bhopal,MP,2023-11-11,Y
C105757,Divya George,Indore,MP,2023-07-22,Y
C105758,Priya Mehta,Surat,GJ,2023-03-07,N
C105759,Steven Patel,Guwahati,AS,2022-09-18,N
C105760,Kavya Pandey,Pune,MH,2023-09-22,Y
C105761,Sneha Pillai,Noida,UP,2022-10-10,N
C105762,Riya Agarwal,Surat,GJ,2022-10-31,Y
C105763,Sukhwinder Desai,Gurugram,HR,2023-11-15,Y
C105764,Tarun Ansari,Noida,UP,2023-04-21,Y
C105765,Saanvi Kulkarni,Bhubaneswar,OR,2023-07-10,N
C105766,Tarun Sharma,Dehradun,UK,2024-04-06,N
C105767,Aarav Jadhav,Visakhapatnam,AP,2024-04-19,N
C105768,Meera Yadav,Delhi,DL,2022-09-15,N
C105769,Amit Chatterjee,Delhi,DL,2024-04-12,Y
C105770,Zoya D'Souza,Surat,GJ,2024-12-08,N
C105771,Priya Sethi,Kochi,KL,2023-10-13,N
C105772,Reyansh Roy,Pune,MH,2024-12-09,Y
C105773,Steven Goyal,Ahmedabad,GJ,2023-07-30,N
C105774,Ramesh Fernandes,Gurugram,HR,2024-08-29,N
C105775,Krishna Iyer,Hyderabad,TS,2022-09-08,Y
C105776,Pooja Dhillon,Mysuru,KA,2023-10-10,N
C105777,Sai Sheikh,Delhi,DL,2024-11-15,Y
C105778,Komal Verma,Indore,MP,2023-02-06,Y
C105779,Harpreet Shinde,Jaipur,RJ,2024-08-01,N
C105780,Lakshmi Tiwari,Raipur,CG,2023-12-26,Y
C105781,Amit Tiwari,Coimbatore,TN,2022-11-09,N
C105782,Manish Fernandes,Thiruvananthapuram,KL,2024-03-10,Y
C105783,Aditya Das,Thiruvananthapuram,KL,2024-08-19,N
C105784,Zoya Kulkarni,Ranchi,JH,2024-07-30,N
C105785,Ananya Sharma,Ranchi,JH,2022-07-30,Y
C105786,Thomas Trivedi,Noida,UP,2023-04-25,N
C105787,Ananya Ansari,Ranchi,JH,2024-10-25,N
C105788,Aishwarya Sharma,Indore,MP,2024-01-27,N
C105789,Aditya Tiwari,Dehradun,UK,2024-04-23,N
C105790,Arjun Fernandes,Surat,GJ,2023-03-18,N
C105791,Vikram Gupta,Raipur,CG,2022-11-01,N
C105792,Imran Goyal,Chennai,TN,2022-09-24,N
C105793,Dev Verma,Mumbai,MH,2023-02-09,N
C105794,Nisha Varghese,Hyderabad,TS,2023-06-18,N
C105795,Siddharth Deshpande,Kolkata,WB,2024-11-30,N
C105796,Tarun Arora,Indore,MP,2024-10-10,Y
C105797,Aditya Khanna,Nashik,MH,2023-02-17,Y
C105798,Reyansh Menon,Bhopal,MP,2024-11-28,N
C105799,Harsh Banerjee,Visakhapatnam,AP,2023-11-24,Y
C105800,Nikhil Bhatia,Bhubaneswar,OR,2024-03-15,N
C105801,Karan George,Bhopal,MP,2022-11-13,Y
C105802,Daniel Ghosh,Bhopal,MP,2022-08-16,N
C105803,Geeta Sheikh,Nagpur,MH,2024-06-03,Y
C105804,Kabir Kulkarni,Indore,MP,2022-10-13,N
C105805,Dev Sethi,Ahmedabad,GJ,2023-02-05,N
C105806,Swati Sethi,Coimbatore,TN,2023-08-19,N
C105807,Swati Kaur,Indore,MP,2024-03-14,N
C105808,Varun Shah,Dehradun,UK,2024-11-29,N
C105809,Bhavna Reddy,Jaipur,RJ,2023-11-01,N
C105810,Farah Sen,Chandigarh,CH,2023-06-17,N
C105811,Lobsang Mukherjee,Coimbatore,TN,2024-03-19,Y
C105812,Imran Tiwari,Guwahati,AS,2023-10-31,Y
C105813,Sameer Sandhu,Pune,MH,2022-10-19,N
C105814,Om Pawar,Thiruvananthapuram,KL,2024-12-06,N
C105815,Sukhwinder Chauhan,Bhopal,MP,2023-09-21,N
C105816,Deepak Chopra,Bengaluru,KA,2023-03-21,N
C105817,Zaid Bhatia,Ahmedabad,GJ,2023-09-24,N
C105818,Manish Malhotra,Patna,BR,2023-02-15,N
C105819,Vihaan Menon,Bengaluru,KA,2023-09-04,N
C105820,Tanvi Tiwari,Mysuru,KA,2023-02-07,N
C105821,Tenzin Fernandes,Coimbatore,TN,2023-03-26,N
C105822,Dev Rao,Hyderabad,TS,2023-03-29,Y
C105823,Tenzin Pillai,Bhopal,MP,2023-04-30,N
C105824,Saanvi Pereira,Bhopal,MP,2024-09-27,N
C105825,Nikhil Ghosh,Chennai,TN,2023-03-02,Y
C105826,Payal Goyal,Ahmedabad,GJ,2023-12-06,Y
C105827,Ramesh Sharma,Delhi,DL,2024-07-30,N
C105828,Reyansh Mehta,Coimbatore,TN,2022-11-04,N
C105829,Varun Singh,Coimbatore,TN,2023-04-25,N
C105830,Bhavna Sen,Hyderabad,TS,2024-05-05,N
C105831,Kavya Naidu,Gurugram,HR,2023-02-06,Y
C105832,Ankit Tiwari,Noida,UP,2023-11-12,Y
C105833,Divya Sharma,Ranchi,JH,2023-04-17,Y
C105834,Neha Pandey,Guwahati,AS,2024-03-27,N
C105835,Nisha Dhillon,Gurugram,HR,2023-03-18,N
C105836,Varun Mathew,Hyderabad,TS,2022-11-03,N
C105837,Steven Saxena,Delhi,DL,2022-08-19,N
C105838,Manish Sheikh,Bhubaneswar,OR,2022-08-21,Y
C105839,Ayaan Arora,Raipur,CG,2023-11-14,Y
C105840,Daniel Fernandes,Surat,GJ,2023-10-05,N
C105841,Jaspreet Siddiqui,Jaipur,RJ,2022-11-13,N
C105842,Karan Saxena,Mysuru,KA,2024-06-30,N
C105843,Nikhil Reddy,Mumbai,MH,2024-11-30,N
C105844,Rajat Sheikh,Delhi,DL,2023-09-24,Y
C105845,Geeta Roy,Thiruvananthapuram,KL,2024-12-24,Y
C105846,Nikhil George,Vadodara,GJ,2025-01-01,Y
C105847,Reyansh Rao,Noida,UP,2023-02-04,N
C105848,Manish Saxena,Noida,UP,2023-12-20,N
C105849,Ayaan Kulkarni,Thiruvananthapuram,KL,2023-01-04,Y
C105850,Aishwarya Ghosh,Kolkata,WB,2022-09-28,Y
C105851,Manpreet Rao,Thiruvananthapuram,KL,2022-09-06,Y
C105852,Deepak Naidu,Bhubaneswar,OR,2023-03-16,Y
C105853,Ishaan Goyal,Surat,GJ,2022-09-14,Y
C105854,Krishna Trivedi,Patna,BR,2022-09-08,N
C105855,Amit Yadav,Surat,GJ,2024-08-25,N
C105856,Ayaan Pawar,Mysuru,KA,2022-12-08,N
C105857,Divya Varghese,Bengaluru,KA,2024-06-03,N
C105858,Shreya Mehta,Nagpur,MH,2023-09-29,Y
C105859,Aditya Mukherjee,Hyderabad,TS,2023-08-15,N
C105860,Aarav Deshpande,Kolkata,WB,2023-05-13,N
C105861,Daniel Bose,Pune,MH,2024-02-11,N
C105862,Swati Das,Gurugram,HR,2022-10-10,Y
C105863,Faisal Agarwal,Patna,BR,2023-03-20,N
C105864,Thomas Mukherjee,Chandigarh,CH,2023-06-05,N
C105865,Pooja D'Souza,Pune,MH,2022-08-26,N
C105866,Rohan Jadhav,Noida,UP,2023-10-20,Y
C105867,Sameer Gupta,Vadodara,GJ,2023-06-09,N
C105868,Ankit Chatterjee,Mysuru,KA,2024-02-11,N
C105869,Sunita Das,Kochi,KL,2024-10-04,N
C105870,Imran Rathore,Raipur,CG,2023-06-07,N
C105871,Farah Chatterjee,Kochi,KL,2023-02-17,N
C105872,Sneha Jadhav,Coimbatore,TN,2022-11-20,N
C105873,Saanvi Sandhu,Ahmedabad,GJ,2024-02-15,N
C105874,Amit Roy,Bhopal,MP,2023-03-12,N
C105875,Zoya Shinde,Kolkata,WB,2024-07-02,N
C105876,Deepak Bhatt,Delhi,DL,2023-03-01,N
C105877,Krishna Gaikwad,Indore,MP,2023-10-31,N
C105878,Saanvi Das,Delhi,DL,2024-04-20,Y
C105879,Dev Patel,Vadodara,GJ,2023-01-14,N
C105880,Riya Reddy,Nashik,MH,2023-09-11,N
C105881,Swati Srivastava,Thiruvananthapuram,KL,2024-09-10,N
C105882,Dev Das,Dehradun,UK,2023-12-19,N
C105883,Nikhil Sandhu,Hyderabad,TS,2022-11-02,N
C105884,Reyansh Siddiqui,Thiruvananthapuram,KL,2024-06-11,Y
C105885,Aadhya Mathew,Mumbai,MH,2024-11-20,N
C105886,Daniel Nair,Visakhapatnam,AP,2023-10-29,Y
C105887,Bhavna Mukherjee,Bhopal,MP,2024-03-05,N
C105888,Lobsang Yadav,Delhi,DL,2024-03-08,N
C105889,Pooja Goyal,Ahmedabad,GJ,2023-02-18,N
C105890,Sukhwinder Desai,Hyderabad,TS,2023-01-13,N
C105891,Sai Shah,Chandigarh,CH,2023-09-14,N
C105892,Rahul Gaikwad,Delhi,DL,2023-11-12,N
C105893,Suresh Gaikwad,Gurugram,HR,2024-09-23,N
C105894,Manpreet Desai,Lucknow,UP,2024-06-22,N
C105895,Neha Pandey,Raipur,CG,2023-04-10,Y
C105896,Lobsang Joshi,Visakhapatnam,AP,2024-03-21,Y
C105897,Aishwarya Jadhav,Lucknow,UP,2023-04-12,N
C105898,Steven Tiwari,Thiruvananthapuram,KL,2023-09-21,N
C105899,Lakshmi Tiwari,Delhi,DL,2024-04-13,Y
C105900,Dev Gaikwad,Guwahati,AS,2024-04-14,N
C105901,Sneha Dutta,Coimbatore,TN,2024-05-30,N
C105902,Varun Bhatia,Jaipur,RJ,2023-07-10,N
C105903,Harsh Shah,Lucknow,UP,2023-12-08,N
C105904,Jaspreet Jadhav,Bengaluru,KA,2022-08-16,Y
C105905,Riya Chatterjee,Bhopal,MP,2024-05-03,N
C105906,Manpreet Kapoor,Ranchi,JH,2024-02-24,N
C105907,Aishwarya Rao,Patna,BR,2023-07-13,Y
C105908,Riya Shinde,Mysuru,KA,2024-07-12,Y
C105909,Jaspreet Goyal,Chennai,TN,2022-11-19,Y
C105910,Varun Pillai,Gurugram,HR,2022-09-06,N
C105911,Rohit Das,Guwahati,AS,2022-10-22,N
C105912,Isha Menon,Surat,GJ,2024-06-29,Y
C105913,Kabir Sharma,Nashik,MH,2024-06-13,N
C105914,Diya Rathore,Surat,GJ,2024-05-15,Y
C105915,Vihaan Patel,Jaipur,RJ,2023-12-10,Y
C105916,Kavya Bansal,Visakhapatnam,AP,2022-11-23,Y
C105917,Kavya Srivastava,Ahmedabad,GJ,2024-12-20,Y
C105918,Vivaan Mishra,Bhopal,MP,2024-04-02,N
C105919,Abhishek Sen,Indore,MP,2023-10-19,N
C105920,Yash Bansal,Noida,UP,2023-07-10,N
C105921,Neha Sen,Chandigarh,CH,2024-03-04,N
C105922,Isha Kaur,Jaipur,RJ,2024-10-05,N
C105923,Joseph Nair,Bhopal,MP,2022-08-17,N
C105924,Bhavna Chatterjee,Ahmedabad,GJ,2023-07-25,N
C105925,Rohan Chatterjee,Hyderabad,TS,2024-05-22,Y
C105926,Tarun Deshpande,Coimbatore,TN,2022-12-05,N
C105927,Kunal Mittal,Guwahati,AS,2023-07-21,Y
C105928,Faisal Bhatt,Ahmedabad,GJ,2024-07-29,N
C105929,Shreya Menon,Dehradun,UK,2024-01-09,Y
C105930,Krishna Fernandes,Bhopal,MP,2024-03-08,N
C105931,Zaid Pillai,Indore,MP,2024-05-21,N
C105932,Lobsang Jain,Nashik,MH,2023-09-12,N
C105933,Kunal Mishra,Ranchi,JH,2024-12-22,N
C105934,Nikhil Mukherjee,Patna,BR,2022-08-10,N
C105935,Ritika Dhillon,Ranchi,JH,2024-05-14,N
C105936,Daniel Mukherjee,Mysuru,KA,2022-10-04,N
C105937,Varun Mukherjee,Guwahati,AS,2022-12-26,N
C105938,Kunal Sen,Lucknow,UP,2024-11-10,Y
C105939,Rohan Bhatt,Coimbatore,TN,2023-10-08,N
C105940,Amit Arora,Bhopal,MP,2024-09-27,Y
C105941,Tarun Mittal,Gurugram,HR,2024-01-18,Y
C105942,Saanvi Rathore,Raipur,CG,2023-03-13,Y
C105943,Ankit Arora,Indore,MP,2024-06-02,N
C105944,Lakshmi Menon,Kochi,KL,2024-01-13,Y
C105945,Arjun Das,Bengaluru,KA,2024-05-29,N
C105946,Nikhil Kapoor,Mumbai,MH,2022-10-08,N
C105947,Manpreet Gupta,Pune,MH,2024-04-14,Y
C105948,Kunal Menon,Patna,BR,2024-03-12,N
C105949,Om Deshpande,Visakhapatnam,AP,2024-08-12,N
C105950,Kunal Kapoor,Surat,GJ,2022-09-04,N
C105951,Tenzin Bansal,Ahmedabad,GJ,2023-10-29,N
C105952,Sneha Dhillon,Nagpur,MH,2023-10-28,Y
C105953,Vivaan Pawar,Jaipur,RJ,2023-12-09,N
C105954,Arjun Jadhav,Mumbai,MH,2024-08-23,N
C105955,Payal Tiwari,Jaipur,RJ,2022-11-26,N
C105956,Riya Dutta,Vadodara,GJ,2023-05-13,N
C105957,Kabir D'Souza,Mumbai,MH,2024-03-14,Y
C105958,Tenzin Arora,Dehradun,UK,2024-03-02,N
C105959,Abhishek Pawar,Raipur,CG,2024-12-11,N
C105960,Pooja Das,Pune,MH,2022-09-12,N
C105961,Sukhwinder Das,Hyderabad,TS,2023-12-13,N
C105962,Gurpreet Rao,Bhopal,MP,2022-12-07,N
C105963,Varun Shah,Bhopal,MP,2023-12-25,N
C105964,Rajat George,Gurugram,HR,2022-08-10,N
C105965,Tarun Menon,Delhi,DL,2024-07-27,Y
C105966,Shreya Kapoor,Chandigarh,CH,2023-06-17,N
C105967,Karan Trivedi,Ahmedabad,GJ,2024-08-12,N
C105968,Varun Patil,Coimbatore,TN,2024-02-25,N
C105969,Kavya Nair,Chandigarh,CH,2024-10-26,N
C105970,Riya Trivedi,Mumbai,MH,2024-03-12,N
C105971,Faisal Trivedi,Nagpur,MH,2023-10-17,N
C105972,Arjun Jadhav,Raipur,CG,2023-08-08,N
C105973,Deepak Rathore,Bhopal,MP,2022-10-21,N
C105974,Rohan Sharma,Coimbatore,TN,2023-11-27,N
C105975,Abhishek Bhatia,Patna,BR,2024-02-28,N
C105976,Geeta Qureshi,Kochi,KL,2022-07-19,N
C105977,Sneha Chopra,Noida,UP,2023-11-20,N
C105978,Megha Singh,Noida,UP,2024-05-10,Y
C105979,Shreya Verma,Dehradun,UK,2023-05-04,N
C105980,Swati Goyal,Bhopal,MP,2022-12-15,Y
C105981,Deepak Gill,Ahmedabad,GJ,2023-01-24,N
C105982,Ayaan Chopra,Patna,BR,2024-01-10,N
C105983,Nisha Bhatt,Visakhapatnam,AP,2023-02-04,N
C105984,Pranav Khanna,Bhopal,MP,2024-06-20,N
C105985,Rahul Sharma,Nashik,MH,2022-11-11,Y
C105986,Nikhil Sandhu,Gurugram,HR,2024-07-31,Y
C105987,Lobsang Patel,Nagpur,MH,2024-10-23,Y
C105988,Bhavna Qureshi,Mumbai,MH,2023-03-06,N
C105989,Pooja Malhotra,Noida,UP,2023-07-31,N
C105990,Sai Naidu,Chandigarh,CH,2023-01-07,N
C105991,Riya Desai,Delhi,DL,2023-02-07,N
C105992,Tarun Mathew,Gurugram,HR,2023-10-17,Y
C105993,Aditya Roy,Vadodara,GJ,2023-06-26,N
C105994,Pooja Rathore,Chennai,TN,2022-10-07,Y
C105995,Faisal Trivedi,Nashik,MH,2024-03-06,N
C105996,Jaspreet Patel,Nagpur,MH,2023-02-18,N
C105997,Ishaan Kaur,Coimbatore,TN,2024-09-04,N
C105998,Diya Chopra,Ranchi,JH,2022-08-05,N
C105999,Swati Sandhu,Raipur,CG,2024-02-27,N
C106000,Zaid Sharma,Visakhapatnam,AP,2024-03-05,N
C106001,Saanvi Menon,Noida,UP,2022-12-02,Y
C106002,Varun Jain,Hyderabad,TS,2023-10-17,N
C106003,Sneha Srivastava,Coimbatore,TN,2023-10-02,Y
C106004,Vikram Patil,Patna,BR,2024-07-09,N
C106005,Rahul Kulkarni,Indore,MP,2024-06-03,Y
C106006,Tanvi Dhillon,Mumbai,MH,2024-06-02,N
C106007,Saanvi Naidu,Patna,BR,2023-11-14,N
C106008,Lobsang Saxena,Chandigarh,CH,2024-06-21,N
C106009,Vikram Mukherjee,Nashik,MH,2022-08-17,N
C106010,Nisha Gaikwad,Noida,UP,2023-01-25,N
C106011,Abhishek Menon,Kolkata,WB,2023-11-05,N
C106012,Aadhya Sen,Vadodara,GJ,2023-04-09,N
C106013,Zoya Mishra,Visakhapatnam,AP,2024-03-17,Y
C106014,Yash Qureshi,Mysuru,KA,2023-09-17,N
C106015,Reyansh Malhotra,Chennai,TN,2023-10-23,Y
C106016,Om Jadhav,Vadodara,GJ,2022-10-15,N
C106017,Sunita Roy,Bengaluru,KA,2024-06-01,N
C106018,Deepak Agarwal,Mysuru,KA,2023-04-15,Y
C106019,Isha Sharma,Jaipur,RJ,2023-04-11,N
C106020,Divya Ansari,Delhi,DL,2023-08-14,Y
C106021,Imran Bansal,Bhopal,MP,2023-12-23,Y
C106022,Rohit Singh,Noida,UP,2023-10-01,N
C106023,Rajat Singh,Bhopal,MP,2023-10-30,N
C106024,Riya Verma,Delhi,DL,2024-01-19,Y
C106025,Simran Roy,Nashik,MH,2022-10-27,N
C106026,Diya Menon,Bhubaneswar,OR,2022-08-12,Y
C106027,Neha Siddiqui,Guwahati,AS,2024-11-13,N
C106028,Aditya Ansari,Kochi,KL,2023-04-14,N
C106029,Mohammed Tiwari,Bhopal,MP,2024-11-11,Y
C106030,Faisal Deshpande,Hyderabad,TS,2024-09-05,N
C106031,Vikram Gill,Coimbatore,TN,2023-12-25,N
C106032,Harsh Banerjee,Hyderabad,TS,2023-12-12,N
C106033,Aishwarya Gill,Ahmedabad,GJ,2024-04-09,Y
C106034,Yash Mathew,Chennai,TN,2024-05-12,N
C106035,Meera Banerjee,Nagpur,MH,2023-06-13,Y
C106036,Krishna Shinde,Kolkata,WB,2024-01-10,Y
C106037,Lakshmi Gill,Nashik,MH,2023-02-27,Y
C106038,Gurpreet Pandey,Bhubaneswar,OR,2024-12-22,N
C106039,Zoya Mehta,Lucknow,UP,2022-07-18,N
C106040,Nikhil Khanna,Patna,BR,2024-05-18,Y
C106041,Dev George,Ranchi,JH,2023-11-02,Y
C106042,Isha Patel,Kochi,KL,2023-06-20,Y
C106043,Om Chopra,Pune,MH,2024-01-06,N
C106044,Daniel Sandhu,Pune,MH,2022-08-17,N
C106045,Tenzin Bansal,Nagpur,MH,2024-11-16,N
C106046,Ayaan Ghosh,Ahmedabad,GJ,2023-10-02,N
C106047,Kabir Mathew,Bengaluru,KA,2023-11-17,N
C106048,Aishwarya Goyal,Hyderabad,TS,2023-03-30,N
C106049,Harsh Mishra,Noida,UP,2024-08-01,N
C106050,Reyansh Iyer,Kolkata,WB,2024-02-12,N
C106051,Ramesh Chopra,Patna,BR,2024-09-09,Y
C106052,Isha Mukherjee,Vadodara,GJ,2023-01-19,N
C106053,Krishna Patel,Lucknow,UP,2023-06-18,Y
C106054,Sai Menon,Patna,BR,2024-10-17,N
C106055,Ankit Desai,Guwahati,AS,2023-09-17,N
C106056,Ankit Nair,Kolkata,WB,2023-04-10,Y
C106057,Faisal Chopra,Kochi,KL,2024-08-28,N
C106058,Kavya Sheikh,Ranchi,JH,2023-12-30,N
C106059,Ananya Mukherjee,Ahmedabad,GJ,2022-12-04,N
C106060,Kabir Mukherjee,Chennai,TN,2023-02-13,N
C106061,Imran Fernandes,Vadodara,GJ,2022-09-20,N
C106062,Abhishek Trivedi,Surat,GJ,2023-03-05,N
C106063,Ishaan Verma,Chandigarh,CH,2024-10-21,N
C106064,Payal Rathore,Gurugram,HR,2024-02-22,Y
C106065,Vihaan Varghese,Raipur,CG,2023-10-10,N
C106066,Dev Mittal,Thiruvananthapuram,KL,2024-03-28,N
C106067,Steven Mishra,Coimbatore,TN,2022-08-16,Y
C106068,Sukhwinder Dutta,Nashik,MH,2024-05-30,N
C106069,Ishaan Qureshi,Nashik,MH,2022-09-03,N
C106070,Thomas Mukherjee,Gurugram,HR,2024-08-08,N
C106071,Yash Deshpande,Mysuru,KA,2024-11-14,N
C106072,Vivaan Chauhan,Lucknow,UP,2023-11-27,Y
C106073,Neha Sharma,Nashik,MH,2023-07-24,N
C106074,Rohit Chatterjee,Mysuru,KA,2023-09-02,Y
C106075,Ankit Patil,Dehradun,UK,2024-11-03,N
C106076,Arjun Agarwal,Hyderabad,TS,2022-08-18,N
C106077,Sameer Fernandes,Kolkata,WB,2024-01-22,N
C106078,Manish Kaur,Kolkata,WB,2024-03-12,Y
C106079,Vikram Patel,Chennai,TN,2024-07-10,N
C106080,Anjali Arora,Mysuru,KA,2023-04-29,N
C106081,Yash Gaikwad,Bengaluru,KA,2022-12-18,N
C106082,Neha Saxena,Mysuru,KA,2024-01-24,Y
C106083,Geeta Joshi,Thiruvananthapuram,KL,2024-01-31,Y
C106084,Saanvi Sen,Jaipur,RJ,2022-10-14,Y
C106085,Shreya Gupta,Nagpur,MH,2024-11-04,N
C106086,Suresh Kaur,Guwahati,AS,2024-06-08,N
C106087,Simran Ghosh,Nagpur,MH,2022-11-11,N
C106088,Reyansh Shah,Patna,BR,2022-08-18,Y
C106089,Deepak Sandhu,Noida,UP,2023-09-22,N
C106090,Harsh Trivedi,Bhubaneswar,OR,2024-05-14,N
C106091,Dev Kumar,Chennai,TN,2023-03-10,N
C106092,Krishna Reddy,Surat,GJ,2023-03-18,N
C106093,Gurpreet Fernandes,Indore,MP,2022-08-01,Y
C106094,Rohit Qureshi,Noida,UP,2023-12-24,Y
C106095,Karan Agarwal,Gurugram,HR,2024-09-08,N
C106096,Manish Dutta,Gurugram,HR,2022-09-01,N
C106097,Siddharth Dutta,Indore,MP,2024-10-30,N
C106098,Tarun Rathore,Mysuru,KA,2024-08-27,Y
C106099,Zaid Bose,Bhopal,MP,2022-11-29,Y
C106100,Harpreet Deshpande,Indore,MP,2023-12-29,Y
C106101,Tenzin Arora,Bhopal,MP,2023-10-13,N
C106102,Amit Shah,Jaipur,RJ,2023-09-08,N
C106103,Reyansh Chopra,Coimbatore,TN,2024-02-11,Y
C106104,Sneha Pawar,Noida,UP,2023-08-05,N
C106105,Sai Das,Nashik,MH,2024-07-26,N
C106106,Tarun Srivastava,Visakhapatnam,AP,2024-12-17,Y
C106107,Jaspreet Mehta,Chennai,TN,2023-09-06,N
C106108,Mohammed Khanna,Chennai,TN,2024-10-02,N
C106109,Sukhwinder Deshpande,Mumbai,MH,2024-12-26,N
C106110,Jaspreet Rathore,Gurugram,HR,2024-12-23,N
C106111,Karan Pereira,Kochi,KL,2023-02-15,N
C106112,Ishaan Chopra,Noida,UP,2023-03-09,Y
C106113,Aadhya Varghese,Coimbatore,TN,2024-07-01,N
C106114,Sneha Chauhan,Guwahati,AS,2022-07-21,N
C106115,Ayaan Pillai,Bhopal,MP,2023-03-23,Y
C106116,Imran Das,Raipur,CG,2024-02-14,N
C106117,Karan Tiwari,Vadodara,GJ,2023-03-23,Y
C106118,Bhavna Shah,Bengaluru,KA,2024-03-27,Y
C106119,Megha Khan,Guwahati,AS,2024-05-05,N
C106120,Anjali Jadhav,Kochi,KL,2023-08-31,N
C106121,Zaid Banerjee,Mysuru,KA,2023-05-16,Y
C106122,Harpreet Rathore,Surat,GJ,2023-10-31,N
C106123,Karan Gaikwad,Nagpur,MH,2024-11-12,N
C106124,Deepak Qureshi,Ahmedabad,GJ,2024-09-22,N
C106125,Vivaan Iyer,Dehradun,UK,2023-01-21,Y
C106126,Reyansh Tiwari,Dehradun,UK,2024-09-09,N
C106127,Komal Yadav,Hyderabad,TS,2023-02-07,Y
C106128,Nisha Chatterjee,Kolkata,WB,2024-02-14,Y
C106129,Imran Pillai,Patna,BR,2024-10-15,N
C106130,Deepak Agarwal,Coimbatore,TN,2022-11-24,N
C106131,Ananya Dutta,Noida,UP,2023-12-06,N
C106132,Vivaan Dhillon,Coimbatore,TN,2022-12-14,N
C106133,Simran Jain,Delhi,DL,2022-09-10,Y
C106134,Rajat Gupta,Guwahati,AS,2023-03-14,N
C106135,Amit Mukherjee,Bengaluru,KA,2024-03-31,N
C106136,Rohan Mukherjee,Raipur,CG,2024-08-02,N
C106137,Nisha Banerjee,Lucknow,UP,2024-01-19,N
C106138,Rahul Srivastava,Dehradun,UK,2024-10-04,N
C106139,Daniel Goyal,Noida,UP,2025-01-01,N
C106140,Krishna Jadhav,Kolkata,WB,2023-12-11,Y
C106141,Harpreet Srivastava,Noida,UP,2024-08-13,Y
C106142,Krishna Gill,Lucknow,UP,2024-05-20,N
C106143,Nisha Patel,Lucknow,UP,2023-06-07,N
C106144,Faisal Rao,Bhubaneswar,OR,2023-09-17,N
C106145,Harpreet Varghese,Indore,MP,2024-04-22,N
C106146,Daniel Gill,Nashik,MH,2023-10-21,N
C106147,Lobsang Jadhav,Mumbai,MH,2023-01-11,Y
C106148,Faisal Chatterjee,Gurugram,HR,2023-04-19,N
C106149,Simran Fernandes,Chennai,TN,2024-10-04,N
C106150,Sneha Agarwal,Nagpur,MH,2024-06-25,Y
C106151,Kabir Khan,Indore,MP,2023-01-11,Y
C106152,Priya Joshi,Coimbatore,TN,2024-12-17,N
C106153,Rahul Deshpande,Mysuru,KA,2023-06-01,N
C106154,Meera Mittal,Ranchi,JH,2024-01-11,N
C106155,Swati Bose,Nagpur,MH,2024-10-06,N
C106156,Sameer Agarwal,Pune,MH,2023-04-11,Y
C106157,Zaid Sheikh,Noida,UP,2023-01-06,N
C106158,Swati Kumar,Bhubaneswar,OR,2022-08-28,Y
C106159,Jaspreet Arora,Noida,UP,2022-12-22,Y
C106160,Aditya Srivastava,Chennai,TN,2024-08-10,N
C106161,Nisha Yadav,Dehradun,UK,2023-11-25,N
C106162,Lobsang Bose,Ranchi,JH,2024-07-23,N
C106163,Ritika Arora,Dehradun,UK,2023-10-15,N
C106164,Ankit Siddiqui,Guwahati,AS,2023-12-27,N
C106165,Vivaan Trivedi,Nashik,MH,2022-07-19,N
C106166,Anjali Ansari,Dehradun,UK,2024-09-11,Y
C106167,Imran Bose,Raipur,CG,2024-09-26,N
C106168,Vihaan Chatterjee,Guwahati,AS,2022-11-26,Y
C106169,Divya Trivedi,Hyderabad,TS,2023-03-29,N
C106170,Ankit Sheikh,Gurugram,HR,2023-08-31,Y
C106171,Sameer Dutta,Kolkata,WB,2023-05-14,Y
C106172,Sai Iyer,Kochi,KL,2023-08-24,Y
C106173,Rohan Pillai,Bhopal,MP,2023-03-20,Y
C106174,Simran Mathew,Nagpur,MH,2022-12-21,N
C106175,Manpreet Mehta,Noida,UP,2022-11-09,N
C106176,Abhishek Sheikh,Nagpur,MH,2022-09-14,N
C106177,Kabir Arora,Kolkata,WB,2022-07-27,N
C106178,Harsh Kulkarni,Ranchi,JH,2022-08-11,N
C106179,Bhavna Iyer,Kolkata,WB,2023-11-03,Y
C106180,Om Yadav,Kolkata,WB,2023-03-11,Y
C106181,Daniel Yadav,Noida,UP,2023-10-16,N
C106182,Kavya Naidu,Bengaluru,KA,2023-10-24,Y
C106183,Isha Arora,Pune,MH,2024-02-09,N
C106184,Divya Qureshi,Thiruvananthapuram,KL,2024-01-03,N
C106185,Geeta Khanna,Surat,GJ,2022-12-29,N
C106186,Joseph Pandey,Chennai,TN,2024-09-07,N
C106187,Neha Bhatt,Bhopal,MP,2023-07-09,N
C106188,Imran Banerjee,Patna,BR,2023-06-13,N
C106189,Siddharth Pandey,Jaipur,RJ,2024-04-01,N
C106190,Siddharth Bhatt,Jaipur,RJ,2024-06-10,Y
C106191,Shreya Jadhav,Vadodara,GJ,2024-03-11,Y
C106192,Om Kumar,Guwahati,AS,2024-03-22,N
C106193,Kabir Saxena,Lucknow,UP,2024-07-07,N
C106194,Kabir Mehta,Ahmedabad,GJ,2023-09-03,N
C106195,Aarav Pawar,Gurugram,HR,2024-01-28,Y
C106196,Pranav Mishra,Bhubaneswar,OR,2024-03-25,N
C106197,Vikram Yadav,Raipur,CG,2023-04-06,N
C106198,Reyansh Patel,Guwahati,AS,2023-08-11,N
C106199,Kabir Sen,Surat,GJ,2022-07-18,Y
C106200,Deepak Sharma,Visakhapatnam,AP,2023-06-17,N
C106201,Sunita Sen,Nagpur,MH,2023-11-19,N
C106202,Aarav Gill,Ranchi,JH,2024-11-04,N
C106203,Amit Mehta,Raipur,CG,2023-04-04,N
C106204,Shreya Ghosh,Bhopal,MP,2024-06-21,N
C106205,Simran Iyer,Nagpur,MH,2022-11-25,N
C106206,Aarav Chatterjee,Indore,MP,2024-07-14,N
C106207,Tenzin Mittal,Dehradun,UK,2023-12-10,Y
C106208,Tenzin Bansal,Bhopal,MP,2022-08-11,N
C106209,Sunita Pawar,Ranchi,JH,2024-12-22,Y
C106210,Abhishek Das,Pune,MH,2023-09-04,N
C106211,Sunita Yadav,Visakhapatnam,AP,2024-02-17,N
C106212,Daniel Iyer,Mysuru,KA,2023-08-22,N
C106213,Meera Shinde,Kolkata,WB,2023-07-12,N
C106214,Sunita Shinde,Vadodara,GJ,2022-10-06,N
C106215,Harsh Bhatt,Guwahati,AS,2023-12-10,N
C106216,Megha Trivedi,Ahmedabad,GJ,2023-05-13,Y
C106217,Sunita Yadav,Visakhapatnam,AP,2024-04-03,Y
C106218,Bhavna Sandhu,Pune,MH,2022-10-27,Y
C106219,Imran Gupta,Thiruvananthapuram,KL,2024-02-13,Y
C106220,Rahul Gupta,Chandigarh,CH,2022-12-14,N
C106221,Swati Chatterjee,Pune,MH,2023-04-01,N
C106222,Farah Rao,Vadodara,GJ,2023-06-10,N
C106223,Sunita Joshi,Pune,MH,2023-08-24,N
C106224,Ritika Sandhu,Kolkata,WB,2023-03-09,N
C106225,Faisal Singh,Delhi,DL,2023-12-08,Y
C106226,Swati Gaikwad,Chandigarh,CH,2023-08-17,N
C106227,Tenzin Shah,Coimbatore,TN,2024-08-21,N
C106228,Neha Gupta,Kochi,KL,2024-02-22,N
C106229,Diya Reddy,Ranchi,JH,2023-09-26,N
C106230,Daniel Arora,Chennai,TN,2024-12-02,N
C106231,Komal Gaikwad,Delhi,DL,2022-07-27,N
C106232,Manish Bhatt,Surat,GJ,2023-03-22,Y
C106233,Joseph Sandhu,Surat,GJ,2022-09-22,N
C106234,Kunal Gupta,Thiruvananthapuram,KL,2024-04-02,N
C106235,Tarun Chopra,Delhi,DL,2024-07-03,N
C106236,Sukhwinder Saxena,Nagpur,MH,2023-06-12,N
C106237,Sneha Naidu,Indore,MP,2024-12-24,N
C106238,Nikhil Naidu,Vadodara,GJ,2024-03-14,N
C106239,Steven Tiwari,Kolkata,WB,2022-11-29,N
C106240,Ayaan Chatterjee,Delhi,DL,2023-01-27,N
C106241,Aarav Rao,Noida,UP,2023-03-17,N
C106242,Ishaan Sharma,Coimbatore,TN,2024-01-17,N
C106243,Amit Ansari,Visakhapatnam,AP,2024-07-26,N
C106244,Vihaan Joshi,Bhopal,MP,2023-11-22,N
C106245,Meera Roy,Visakhapatnam,AP,2023-06-13,Y
C106246,Ankit Pereira,Indore,MP,2024-01-27,N
C106247,Karan George,Delhi,DL,2023-06-03,N
C106248,Aishwarya Sethi,Ranchi,JH,2024-06-25,N
C106249,Faisal Nair,Mysuru,KA,2023-03-02,N
C106250,Karan Dutta,Patna,BR,2024-08-01,N
C106251,Thomas Sheikh,Bengaluru,KA,2023-07-25,N
C106252,Kabir Pandey,Kochi,KL,2024-02-21,N
C106253,Vikram Mathew,Chandigarh,CH,2024-12-08,Y
C106254,Rohan Pereira,Gurugram,HR,2023-11-24,N
C106255,Amit Sen,Kolkata,WB,2022-09-03,N
C106256,Zaid Pandey,Vadodara,GJ,2023-01-12,N
C106257,Ananya Agarwal,Mumbai,MH,2023-01-09,Y
C106258,Simran Gill,Coimbatore,TN,2023-12-09,Y
C106259,Kabir Pereira,Raipur,CG,2024-01-22,N
C106260,Sai Rathore,Ranchi,JH,2024-01-21,N
C106261,Kabir Agarwal,Bhopal,MP,2023-12-26,N
C106262,Vivaan Joshi,Visakhapatnam,AP,2024-05-09,N
C106263,Gurpreet Gill,Gurugram,HR,2023-12-09,Y
C106264,Saanvi Mukherjee,Mumbai,MH,2024-09-02,N
C106265,Divya Bansal,Kochi,KL,2023-01-02,N
C106266,Tanvi Gupta,Coimbatore,TN,2024-01-26,N
C106267,Rajat Mukherjee,Mysuru,KA,2023-08-04,N
C106268,Aarav Siddiqui,Noida,UP,2022-10-01,Y
C106269,Tanvi Saxena,Patna,BR,2024-01-17,Y
C106270,Karan Reddy,Ahmedabad,GJ,2022-07-21,Y
C106271,Rajat Bhatia,Ranchi,JH,2024-07-29,Y
C106272,Lobsang Khanna,Vadodara,GJ,2023-07-23,N
C106273,Kabir Sharma,Mumbai,MH,2022-11-12,N
C106274,Lobsang Roy,Raipur,CG,2024-11-17,N
C106275,Ananya Shah,Gurugram,HR,2023-11-01,N
C106276,Nisha Qureshi,Dehradun,UK,2024-09-01,N
C106277,Vihaan D'Souza,Pune,MH,2023-07-07,Y
C106278,Geeta Naidu,Delhi,DL,2024-02-07,Y
C106279,Rajat Joshi,Indore,MP,2024-01-22,Y
C106280,Ayaan Banerjee,Mysuru,KA,2024-11-09,N
C106281,Tanvi Banerjee,Gurugram,HR,2024-05-16,N
C106282,Divya Mehta,Vadodara,GJ,2024-06-16,N
C106283,Simran Chatterjee,Hyderabad,TS,2023-05-14,N
C106284,Ishaan Pandey,Guwahati,AS,2023-11-11,N
C106285,Manish Das,Chandigarh,CH,2023-01-11,Y
C106286,Rahul Sheikh,Noida,UP,2023-12-08,Y
C106287,Nisha Shah,Jaipur,RJ,2024-07-09,N
C106288,Vikram Dhillon,Indore,MP,2024-02-13,N
C106289,Ananya Rao,Ahmedabad,GJ,2022-08-19,Y
C106290,Ankit Patil,Ranchi,JH,2024-08-01,N
C106291,Kabir Mittal,Ahmedabad,GJ,2023-08-13,N
C106292,Ananya Patil,Chandigarh,CH,2023-01-31,N
C106293,Mohammed Reddy,Surat,GJ,2024-09-14,Y
C106294,Riya Malhotra,Delhi,DL,2023-01-18,N
C106295,Yash Bansal,Surat,GJ,2024-01-06,N
C106296,Ananya Jain,Guwahati,AS,2022-09-19,N
C106297,Priya Naidu,Hyderabad,TS,2024-06-06,N
C106298,Ritika Singh,Guwahati,AS,2023-05-01,N
C106299,Ayaan Sen,Nashik,MH,2023-04-23,N
C106300,Rajat Kapoor,Bhopal,MP,2023-01-06,N
C106301,Manish Sheikh,Patna,BR,2022-09-05,Y
C106302,Daniel Goyal,Lucknow,UP,2023-12-26,N
C106303,Kabir Singh,Lucknow,UP,2023-07-05,N
C106304,Ankit Agarwal,Chandigarh,CH,2022-09-11,N
C106305,Sai Mishra,Vadodara,GJ,2024-09-13,N
C106306,Manpreet Rathore,Nashik,MH,2024-11-03,N
C106307,Riya Roy,Lucknow,UP,2023-09-25,N
C106308,Geeta Pereira,Kolkata,WB,2023-08-18,Y
C106309,Varun Siddiqui,Nagpur,MH,2023-09-14,N
C106310,Jaspreet Srivastava,Ranchi,JH,2022-07-28,N
C106311,Kavya Chatterjee,Delhi,DL,2022-10-06,N
C106312,Lakshmi Fernandes,Ranchi,JH,2024-10-26,N
C106313,Pooja Trivedi,Bengaluru,KA,2024-07-25,N
C106314,Nikhil Bhatia,Ahmedabad,GJ,2023-08-31,N
C106315,Komal Jain,Visakhapatnam,AP,2023-02-18,N
C106316,Pooja Kaur,Dehradun,UK,2023-09-11,Y
C106317,Krishna Das,Guwahati,AS,2023-09-15,N
C106318,Thomas Varghese,Lucknow,UP,2024-04-13,Y
C106319,Sai Menon,Gurugram,HR,2024-04-01,N
C106320,Deepak Shinde,Hyderabad,TS,2023-01-10,Y
C106321,Diya Gaikwad,Nashik,MH,2024-03-13,N
C106322,Anjali Rathore,Dehradun,UK,2024-03-01,Y
C106323,Diya D'Souza,Jaipur,RJ,2023-06-01,Y
C106324,Aditya Reddy,Coimbatore,TN,2024-01-24,Y
C106325,Komal Patil,Hyderabad,TS,2022-11-08,N
C106326,Kavya Dhillon,Mysuru,KA,2022-07-28,Y
C106327,Imran Saxena,Indore,MP,2023-12-08,Y
C106328,Varun Bose,Ranchi,JH,2023-02-01,N
C106329,Anjali Sethi,Gurugram,HR,2022-08-29,N
C106330,Aishwarya Mukherjee,Delhi,DL,2022-12-31,N
C106331,Tarun Nair,Bengaluru,KA,2024-12-16,N
C106332,Anjali Banerjee,Indore,MP,2023-03-19,N
C106333,Joseph Reddy,Delhi,DL,2023-01-24,Y
C106334,Imran Sandhu,Bengaluru,KA,2023-02-18,Y
C106335,Steven Desai,Bengaluru,KA,2022-10-03,N
C106336,Saanvi Arora,Ahmedabad,GJ,2022-11-01,N
C106337,Kabir Kumar,Dehradun,UK,2024-10-16,Y
C106338,Sameer Trivedi,Ranchi,JH,2023-11-10,N
C106339,Ishaan Mittal,Mysuru,KA,2023-04-05,Y
C106340,Manpreet Pandey,Thiruvananthapuram,KL,2024-08-19,N
C106341,Divya Trivedi,Guwahati,AS,2024-04-19,Y
C106342,Faisal Kaur,Raipur,CG,2023-08-17,N
C106343,Sukhwinder Mukherjee,Gurugram,HR,2024-02-11,N
C106344,Harpreet Kaur,Gurugram,HR,2023-06-25,N
C106345,Yash Naidu,Guwahati,AS,2023-11-01,Y
C106346,Steven Patel,Kolkata,WB,2023-08-09,N
C106347,Riya Patil,Ahmedabad,GJ,2024-12-27,N
C106348,Kavya Pillai,Kolkata,WB,2022-11-02,Y
C106349,Sukhwinder Rathore,Lucknow,UP,2022-10-20,N
C106350,Nisha Ghosh,Coimbatore,TN,2024-05-01,N
C106351,Reyansh Bhatia,Chennai,TN,2024-09-26,Y
C106352,Manish Mathew,Visakhapatnam,AP,2024-08-19,Y
C106353,Riya Mehta,Raipur,CG,2024-03-22,Y
C106354,Suresh Reddy,Mumbai,MH,2022-08-12,N
C106355,Jaspreet Gupta,Mysuru,KA,2022-11-28,N
C106356,Manpreet Ansari,Jaipur,RJ,2024-03-06,Y
C106357,Pranav Desai,Guwahati,AS,2024-02-18,N
C106358,Kavya Mittal,Nagpur,MH,2024-07-13,N
C106359,Payal Fernandes,Thiruvananthapuram,KL,2023-05-28,N
C106360,Saanvi Gill,Thiruvananthapuram,KL,2023-12-07,N
C106361,Saanvi Chopra,Guwahati,AS,2024-04-09,N
C106362,Amit Kumar,Gurugram,HR,2024-01-02,N
C106363,Tanvi Desai,Pune,MH,2022-12-08,Y
C106364,Sameer Saxena,Jaipur,RJ,2023-08-12,N
C106365,Ananya Mittal,Surat,GJ,2024-07-14,Y
C106366,Rahul Mathew,Kolkata,WB,2022-10-21,N
C106367,Manpreet Gill,Visakhapatnam,AP,2022-10-10,N
C106368,Lobsang Bose,Nagpur,MH,2024-11-29,N
C106369,Suresh Goyal,Visakhapatnam,AP,2023-04-30,N
C106370,Manpreet Gill,Hyderabad,TS,2024-01-02,Y
C106371,Sameer Verma,Hyderabad,TS,2022-08-01,N
C106372,Nikhil Sen,Hyderabad,TS,2024-07-02,N
C106373,Rajat Kapoor,Hyderabad,TS,2023-08-21,N
C106374,Anjali Chatterjee,Noida,UP,2023-08-24,N
C106375,Thomas Mittal,Nagpur,MH,2024-07-08,N
C106376,Simran Sen,Ahmedabad,GJ,2023-01-02,N
C106377,Rajat George,Bengaluru,KA,2022-10-31,Y
C106378,Kavya Shah,Bengaluru,KA,2022-07-25,Y
C106379,Payal Iyer,Chennai,TN,2024-07-16,N
C106380,Saanvi Nair,Gurugram,HR,2024-03-18,Y
C106381,Karan Sandhu,Thiruvananthapuram,KL,2023-01-14,Y
C106382,Megha Malhotra,Chennai,TN,2022-08-06,Y
C106383,Zaid Yadav,Delhi,DL,2023-09-21,Y
C106384,Sameer Trivedi,Indore,MP,2023-03-22,N
C106385,Vihaan Pillai,Ahmedabad,GJ,2022-08-24,Y
C106386,Krishna Patil,Ahmedabad,GJ,2024-05-05,N
C106387,Vihaan D'Souza,Kochi,KL,2022-10-24,Y
C106388,Saanvi Khanna,Ahmedabad,GJ,2023-06-16,Y
C106389,Vikram Chatterjee,Delhi,DL,2022-08-16,Y
C106390,Suresh Sheikh,Kochi,KL,2024-12-17,N
C106391,Ishaan Chatterjee,Thiruvananthapuram,KL,2023-02-14,Y
C106392,Rajat Yadav,Kochi,KL,2023-08-28,Y
C106393,Mohammed Bhatt,Mysuru,KA,2023-07-16,N
C106394,Sameer Roy,Chennai,TN,2023-06-18,N
C106395,Rohit Gupta,Jaipur,RJ,2023-04-18,N
C106396,Jaspreet Mishra,Delhi,DL,2022-11-12,N
C106397,Jaspreet Pandey,Patna,BR,2023-07-02,Y
C106398,Rohit Fernandes,Ranchi,JH,2022-07-27,N
C106399,Varun Chatterjee,Chennai,TN,2022-11-30,Y
C106400,Manish Sethi,Patna,BR,2023-01-23,N
C106401,Rajat Deshpande,Lucknow,UP,2024-05-28,N
C106402,Suresh Pawar,Mumbai,MH,2023-10-26,N
C106403,Karan Tiwari,Visakhapatnam,AP,2022-11-11,N
C106404,Suresh Sethi,Chennai,TN,2022-08-14,N
C106405,Mohammed Arora,Kolkata,WB,2024-04-18,N
C106406,Tenzin Pawar,Nagpur,MH,2023-10-11,N
C106407,Neha Joshi,Bhubaneswar,OR,2024-03-18,N
C106408,Imran Agarwal,Lucknow,UP,2022-08-06,N
C106409,Jaspreet Deshpande,Noida,UP,2023-12-04,N
C106410,Aadhya Iyer,Raipur,CG,2023-06-13,Y
C106411,Faisal Nair,Chennai,TN,2023-11-12,N
C106412,Aadhya Jain,Coimbatore,TN,2023-02-19,N
C106413,Megha Goyal,Surat,GJ,2023-11-06,N
C106414,Reyansh Tiwari,Ahmedabad,GJ,2024-02-14,N
C106415,Sameer Sethi,Mumbai,MH,2023-05-01,Y
C106416,Meera Sandhu,Kolkata,WB,2024-07-10,Y
C106417,Sneha Rathore,Dehradun,UK,2023-11-26,Y
C106418,Abhishek Arora,Chandigarh,CH,2024-01-10,N
C106419,Meera Bhatia,Guwahati,AS,2022-11-15,N
C106420,Harpreet Pandey,Chennai,TN,2023-11-03,N
C106421,Aadhya Mathew,Mysuru,KA,2023-07-13,N
C106422,Tarun Gupta,Ahmedabad,GJ,2023-05-02,N
C106423,Reyansh Bhatia,Kochi,KL,2024-09-18,N
C106424,Imran Saxena,Hyderabad,TS,2023-09-27,N
C106425,Neha Banerjee,Lucknow,UP,2024-11-10,N
C106426,Riya Sethi,Kolkata,WB,2023-01-21,N
C106427,Deepak Chatterjee,Lucknow,UP,2024-01-08,N
C106428,Lakshmi Roy,Coimbatore,TN,2024-03-27,N
C106429,Riya Pawar,Indore,MP,2022-08-01,Y
C106430,Tanvi Joshi,Mysuru,KA,2024-11-24,N
C106431,Harsh Sandhu,Kochi,KL,2023-04-07,Y
C106432,Isha Shinde,Surat,GJ,2023-11-24,N
C106433,Sneha Jain,Noida,UP,2024-07-07,Y
C106434,Suresh Verma,Bengaluru,KA,2022-07-19,N
C106435,Rajat Khan,Chennai,TN,2023-09-01,N
C106436,Krishna Chatterjee,Thiruvananthapuram,KL,2023-08-27,N
C106437,Diya Kapoor,Coimbatore,TN,2024-02-28,N
C106438,Vikram Shinde,Bhubaneswar,OR,2024-03-04,N
C106439,Pranav Mukherjee,Bengaluru,KA,2023-08-02,N
C106440,Aadhya Tiwari,Bhopal,MP,2023-05-18,N
C106441,Lobsang Sheikh,Patna,BR,2023-12-29,N
C106442,Reyansh Bose,Dehradun,UK,2024-12-10,N
C106443,Pranav Sharma,Nagpur,MH,2024-12-19,N
C106444,Saanvi Naidu,Nashik,MH,2022-12-26,Y
C106445,Deepak Gupta,Gurugram,HR,2024-12-05,N
C106446,Rohan Trivedi,Delhi,DL,2023-12-13,Y
C106447,Farah D'Souza,Raipur,CG,2022-12-07,Y
C106448,Vihaan Varghese,Bengaluru,KA,2023-01-29,N
C106449,Swati Qureshi,Kolkata,WB,2023-06-04,N
C106450,Sukhwinder Khanna,Bengaluru,KA,2024-03-22,Y
C106451,Isha Fernandes,Surat,GJ,2022-10-13,N
C106452,Anjali Sen,Coimbatore,TN,2024-08-14,N
C106453,Riya Shah,Bhopal,MP,2024-08-11,Y
C106454,Sai Sharma,Bhubaneswar,OR,2024-09-30,Y
C106455,Aditya Ghosh,Chandigarh,CH,2024-07-20,N
C106456,Jaspreet Kaur,Chennai,TN,2024-10-24,N
C106457,Suresh Jadhav,Nagpur,MH,2023-09-02,N
C106458,Ayaan Rao,Guwahati,AS,2024-02-03,N
C106459,Lakshmi Bhatia,Patna,BR,2023-08-28,N
C106460,Meera Kumar,Dehradun,UK,2022-12-03,Y
C106461,Vihaan Shinde,Patna,BR,2024-04-09,N
C106462,Krishna Roy,Thiruvananthapuram,KL,2023-10-05,Y
C106463,Harsh Ghosh,Hyderabad,TS,2023-05-17,Y
C106464,Ayaan Chatterjee,Chennai,TN,2022-09-04,N
C106465,Arjun Gupta,Mumbai,MH,2023-08-29,N
C106466,Thomas Singh,Mumbai,MH,2023-01-29,N
C106467,Vihaan Jadhav,Visakhapatnam,AP,2024-06-17,Y
C106468,Sunita Deshpande,Mysuru,KA,2022-09-18,N
C106469,Aarav Singh,Mysuru,KA,2024-05-18,N
C106470,Sukhwinder Mathew,Bhubaneswar,OR,2024-11-10,Y
C106471,Lakshmi Siddiqui,Noida,UP,2023-11-09,N
C106472,Divya Jain,Thiruvananthapuram,KL,2023-03-03,N
C106473,Sukhwinder Desai,Hyderabad,TS,2024-01-11,N
C106474,Om Agarwal,Visakhapatnam,AP,2022-12-14,N
C106475,Jaspreet Ansari,Visakhapatnam,AP,2024-06-01,Y
C106476,Bhavna Dutta,Mysuru,KA,2023-12-25,N
C106477,Ramesh Pandey,Bhubaneswar,OR,2023-03-14,N
C106478,Divya Gaikwad,Patna,BR,2022-08-18,N
C106479,Aditya Deshpande,Bengaluru,KA,2024-07-24,Y
C106480,Ananya Das,Guwahati,AS,2022-12-20,N
C106481,Arjun Bose,Ranchi,JH,2024-12-03,Y
C106482,Tenzin Yadav,Bengaluru,KA,2024-08-14,N
C106483,Farah Singh,Chennai,TN,2023-11-25,Y
C106484,Karan Singh,Delhi,DL,2024-11-24,Y
C106485,Nisha Kulkarni,Vadodara,GJ,2024-08-24,N
C106486,Rohan Sen,Bhubaneswar,OR,2023-11-20,N
C106487,Sai Trivedi,Coimbatore,TN,2024-02-28,Y
C106488,Krishna Desai,Vadodara,GJ,2024-03-18,N
C106489,Geeta Patil,Thiruvananthapuram,KL,2023-04-30,N
C106490,Arjun Chauhan,Hyderabad,TS,2024-01-23,N
C106491,Neha Yadav,Mysuru,KA,2024-02-09,N
C106492,Sameer Jadhav,Bhubaneswar,OR,2024-11-10,N
C106493,Sai Sethi,Pune,MH,2024-01-31,N
C106494,Aarav Mukherjee,Hyderabad,TS,2023-07-14,N
C106495,Deepak Verma,Visakhapatnam,AP,2024-11-03,N
C106496,Sukhwinder Reddy,Gurugram,HR,2022-08-28,Y
C106497,Riya Chopra,Bhopal,MP,2023-09-08,N
C106498,Zoya Bhatt,Indore,MP,2024-04-05,Y
C106499,Zaid Bhatt,Mumbai,MH,2023-09-05,N
C106500,Ankit Khan,Indore,MP,2024-09-07,N
C106501,Suresh Gaikwad,Mumbai,MH,2023-06-05,N
C106502,Ayaan Patil,Indore,MP,2022-07-26,Y
C106503,Krishna Patil,Kochi,KL,2023-06-07,N
C106504,Ramesh Sethi,Kolkata,WB,2023-03-28,N
C106505,Yash Dutta,Chandigarh,CH,2024-03-01,N
C106506,Pranav Gill,Coimbatore,TN,2022-12-09,N
C106507,Ananya George,Chandigarh,CH,2024-07-13,N
C106508,Nikhil Roy,Chandigarh,CH,2024-12-28,Y
C106509,Anjali Gill,Hyderabad,TS,2024-04-19,N
C106510,Amit Dhillon,Mysuru,KA,2023-12-22,N
C106511,Imran Ghosh,Lucknow,UP,2023-11-28,Y
C106512,Aadhya Goyal,Thiruvananthapuram,KL,2023-12-13,N
C106513,Sai Srivastava,Patna,BR,2023-08-13,N
C106514,Krishna Mishra,Kochi,KL,2024-10-25,Y
C106515,Pooja Bansal,Chennai,TN,2024-12-06,Y
C106516,Neha Mathew,Surat,GJ,2024-12-14,N
C106517,Kavya Chauhan,Jaipur,RJ,2024-03-23,Y
C106518,Bhavna Malhotra,Ahmedabad,GJ,2023-01-30,N
C106519,Payal Naidu,Visakhapatnam,AP,2023-02-25,N
C106520,Krishna Bansal,Visakhapatnam,AP,2024-10-18,N
C106521,Harpreet Kumar,Raipur,CG,2023-12-13,Y
C106522,Ayaan Iyer,Lucknow,UP,2023-06-05,Y
C106523,Om Chatterjee,Mumbai,MH,2023-12-20,N
C106524,Bhavna Gupta,Chennai,TN,2024-04-18,N
C106525,Dev Siddiqui,Raipur,CG,2024-01-30,Y
C106526,Rajat Mishra,Gurugram,HR,2023-04-15,N
C106527,Lakshmi Qureshi,Kochi,KL,2023-02-18,N
C106528,Isha Fernandes,Pune,MH,2023-03-23,Y
C106529,Karan Trivedi,Patna,BR,2023-03-31,N
C106530,Komal Fernandes,Lucknow,UP,2023-12-03,N
C106531,Pranav Naidu,Surat,GJ,2024-03-02,N
C106532,Vihaan Dutta,Surat,GJ,2024-04-04,N
C106533,Shreya Sethi,Delhi,DL,2023-11-14,N
C106534,Krishna Chopra,Bengaluru,KA,2023-02-04,N
C106535,Kavya Tiwari,Bhopal,MP,2023-10-25,Y
C106536,Manpreet Malhotra,Coimbatore,TN,2023-08-16,N
C106537,Kunal Mittal,Coimbatore,TN,2022-08-31,Y
C106538,Joseph Mishra,Vadodara,GJ,2022-11-07,N
C106539,Faisal Pereira,Guwahati,AS,2023-06-08,Y
C106540,Joseph Dutta,Delhi,DL,2023-10-06,N
C106541,Imran Sandhu,Delhi,DL,2023-08-23,N
C106542,Pooja Singh,Kolkata,WB,2024-07-24,N
C106543,Ishaan Sharma,Mumbai,MH,2024-10-08,N
C106544,Neha Sethi,Delhi,DL,2024-11-24,Y
C106545,Pooja Desai,Indore,MP,2023-02-09,N
C106546,Payal Pandey,Nagpur,MH,2024-11-12,N
C106547,Amit Malhotra,Ranchi,JH,2023-09-03,Y
C106548,Meera Kapoor,Raipur,CG,2024-09-29,N
C106549,Aishwarya Bose,Bhopal,MP,2023-04-08,N
C106550,Abhishek Yadav,Chandigarh,CH,2024-11-22,N
C106551,Thomas Sharma,Nashik,MH,2024-08-13,N
C106552,Aarav Tiwari,Lucknow,UP,2024-05-16,N
C106553,Dev Dhillon,Chandigarh,CH,2023-12-04,N
C106554,Divya Mukherjee,Kolkata,WB,2022-08-10,N
C106555,Karan Chatterjee,Vadodara,GJ,2022-12-17,N
C106556,Lakshmi Kapoor,Jaipur,RJ,2023-12-17,N
C106557,Krishna D'Souza,Dehradun,UK,2022-09-14,N
C106558,Nisha Siddiqui,Bhubaneswar,OR,2023-09-08,Y
C106559,Imran Gupta,Indore,MP,2022-10-31,N
C106560,Rohan Das,Bhopal,MP,2023-09-08,N
C106561,Pranav Mathew,Visakhapatnam,AP,2022-08-12,N
C106562,Sai Mittal,Vadodara,GJ,2024-04-17,N
C106563,Lakshmi Sharma,Kolkata,WB,2024-11-02,N
C106564,Isha Menon,Hyderabad,TS,2024-02-27,N
C106565,Harsh Mishra,Bhubaneswar,OR,2024-11-10,N
C106566,Priya Desai,Pune,MH,2023-01-13,N
C106567,Lobsang Pillai,Bhubaneswar,OR,2023-01-15,N
C106568,Lobsang Jadhav,Gurugram,HR,2023-02-19,N
C106569,Shreya Gaikwad,Dehradun,UK,2024-10-05,N
C106570,Rohan George,Bhopal,MP,2023-05-06,Y
C106571,Aadhya Kulkarni,Guwahati,AS,2023-05-04,N
C106572,Ramesh Fernandes,Bengaluru,KA,2024-12-13,N
C106573,Ananya Mishra,Chandigarh,CH,2023-06-30,Y
C106574,Rohit Das,Chennai,TN,2022-12-22,N
C106575,Shreya Shinde,Kochi,KL,2022-09-26,Y
C106576,Simran Bhatia,Raipur,CG,2024-02-21,N
C106577,Suresh Mishra,Visakhapatnam,AP,2024-10-15,Y
C106578,Steven Khan,Lucknow,UP,2024-02-29,N
C106579,Mohammed Yadav,Raipur,CG,2024-11-08,N
C106580,Varun Siddiqui,Noida,UP,2023-02-25,N
C106581,Aditya Mehta,Raipur,CG,2023-06-09,Y
C106582,Manish Patel,Surat,GJ,2024-10-07,N
C106583,Thomas Gupta,Gurugram,HR,2024-01-18,N
C106584,Vikram Ansari,Ranchi,JH,2023-06-12,N
C106585,Mohammed Trivedi,Mysuru,KA,2022-10-26,Y
C106586,Abhishek Kumar,Gurugram,HR,2022-11-18,Y
C106587,Isha Jadhav,Nashik,MH,2023-01-29,N
C106588,Reyansh Sheikh,Kochi,KL,2024-03-13,N
C106589,Isha Pawar,Nagpur,MH,2023-08-27,N
C106590,Rohan Dutta,Kochi,KL,2023-02-12,N
C106591,Vihaan Sethi,Visakhapatnam,AP,2024-12-22,N
C106592,Anjali Patel,Delhi,DL,2023-07-04,Y
C106593,Kavya Gill,Chennai,TN,2023-05-07,N
C106594,Ananya Nair,Pune,MH,2024-01-16,N
C106595,Vihaan Pillai,Chennai,TN,2022-08-04,N
C106596,Manpreet Sen,Jaipur,RJ,2024-09-06,N
C106597,Pooja Tiwari,Jaipur,RJ,2023-04-16,N
C106598,Priya Sharma,Chennai,TN,2023-02-19,Y
C106599,Karan Gaikwad,Raipur,CG,2024-11-25,N
C106600,Saanvi Patil,Chandigarh,CH,2024-03-05,N
C106601,Manpreet Saxena,Surat,GJ,2024-06-18,Y
C106602,Ramesh Rao,Nagpur,MH,2024-05-11,Y
C106603,Siddharth Pillai,Pune,MH,2023-06-27,N
C106604,Sameer Mittal,Indore,MP,2024-03-14,N
C106605,Steven Tiwari,Nagpur,MH,2023-01-27,N
C106606,Ishaan Patel,Bhubaneswar,OR,2023-06-08,Y
C106607,Steven Naidu,Mumbai,MH,2023-02-18,N
C106608,Reyansh Mathew,Bengaluru,KA,2024-12-18,N
C106609,Jaspreet Bhatt,Coimbatore,TN,2024-02-15,N
C106610,Abhishek Yadav,Chandigarh,CH,2024-01-26,N
C106611,Pooja Pawar,Bhubaneswar,OR,2023-09-19,N
C106612,Geeta Sharma,Ranchi,JH,2022-11-03,N
C106613,Sameer Nair,Hyderabad,TS,2024-07-01,N
C106614,Vihaan Kulkarni,Noida,UP,2023-12-02,N
C106615,Tarun Saxena,Jaipur,RJ,2024-10-29,N
C106616,Faisal Sethi,Ranchi,JH,2023-09-23,N
C106617,Karan Mukherjee,Kochi,KL,2022-09-07,N
C106618,Shreya Siddiqui,Mumbai,MH,2023-08-29,Y
C106619,Priya Joshi,Hyderabad,TS,2023-09-22,N
C106620,Swati Bansal,Patna,BR,2024-01-27,N
C106621,Daniel Arora,Delhi,DL,2023-09-14,N
C106622,Jaspreet Arora,Pune,MH,2022-09-25,N
C106623,Priya Gill,Visakhapatnam,AP,2022-11-09,Y
C106624,Isha Fernandes,Thiruvananthapuram,KL,2023-07-01,N
C106625,Kabir Sharma,Delhi,DL,2022-12-29,Y
C106626,Sameer Sheikh,Bhopal,MP,2022-12-15,Y
C106627,Siddharth Das,Chennai,TN,2023-04-20,Y
C106628,Steven Varghese,Raipur,CG,2024-10-09,Y
C106629,Rohit Qureshi,Pune,MH,2022-11-17,Y
C106630,Payal Arora,Visakhapatnam,AP,2024-12-10,Y
C106631,Gurpreet Yadav,Coimbatore,TN,2023-03-20,Y
C106632,Jaspreet Dhillon,Kochi,KL,2023-11-06,N
C106633,Sukhwinder Qureshi,Chennai,TN,2022-12-20,N
C106634,Dev Shah,Guwahati,AS,2024-02-18,N
C106635,Meera Yadav,Thiruvananthapuram,KL,2022-11-12,Y
C106636,Steven Bhatia,Coimbatore,TN,2024-04-22,Y
C106637,Aishwarya Fernandes,Hyderabad,TS,2023-01-23,N
C106638,Gurpreet Shinde,Visakhapatnam,AP,2023-02-11,N
C106639,Ishaan Mittal,Ahmedabad,GJ,2023-06-11,N
C106640,Harpreet Kapoor,Pune,MH,2023-12-19,N
C106641,Rahul Khanna,Ranchi,JH,2024-10-29,Y
C106642,Divya Menon,Bengaluru,KA,2023-10-17,Y
C106643,Om Sethi,Thiruvananthapuram,KL,2023-09-29,Y
C106644,Nisha Saxena,Pune,MH,2023-05-11,N
C106645,Abhishek Singh,Chandigarh,CH,2024-06-25,N
C106646,Rohan Pereira,Ahmedabad,GJ,2023-09-10,N
C106647,Dev Khanna,Lucknow,UP,2023-08-06,Y
C106648,Deepak Jain,Pune,MH,2024-03-01,N
C106649,Tenzin Singh,Visakhapatnam,AP,2023-10-17,N
C106650,Joseph Joshi,Lucknow,UP,2023-02-13,N
C106651,Kavya Trivedi,Ahmedabad,GJ,2022-12-08,N
C106652,Karan George,Nagpur,MH,2023-01-16,N
C106653,Gurpreet Naidu,Vadodara,GJ,2023-09-19,Y
C106654,Krishna Ghosh,Visakhapatnam,AP,2023-08-17,Y
C106655,Siddharth Jadhav,Surat,GJ,2024-02-25,N
C106656,Komal Kulkarni,Jaipur,RJ,2024-07-05,N
C106657,Aditya Bose,Gurugram,HR,2024-02-17,Y
C106658,Yash Tiwari,Noida,UP,2024-01-26,Y
C106659,Priya Kulkarni,Indore,MP,2023-07-04,Y
C106660,Joseph Sandhu,Coimbatore,TN,2024-09-05,Y
C106661,Aarav Jain,Kochi,KL,2022-08-26,N
C106662,Zoya Pawar,Ranchi,JH,2024-07-04,N
C106663,Vikram Jain,Nagpur,MH,2023-11-22,N
C106664,Ankit Trivedi,Kolkata,WB,2023-06-14,Y
C106665,Kabir Mishra,Mysuru,KA,2024-11-21,N
C106666,Ramesh Singh,Thiruvananthapuram,KL,2023-08-28,Y
C106667,Isha George,Bhopal,MP,2024-08-18,Y
C106668,Megha Khanna,Bhopal,MP,2022-12-25,Y
C106669,Varun Bhatt,Nashik,MH,2024-03-25,N
C106670,Siddharth Kulkarni,Hyderabad,TS,2024-03-21,N
C106671,Simran Bhatt,Patna,BR,2024-02-05,N
C106672,Sameer Ansari,Mysuru,KA,2022-08-25,N
C106673,Sneha Qureshi,Bengaluru,KA,2022-11-21,N
C106674,Vivaan Patel,Raipur,CG,2022-07-18,N
C106675,Kabir Patel,Kochi,KL,2024-11-09,N
C106676,Amit Kaur,Ahmedabad,GJ,2023-07-17,N
C106677,Sameer Tiwari,Mumbai,MH,2023-10-13,N
C106678,Siddharth Tiwari,Kolkata,WB,2023-09-14,N
C106679,Swati Shah,Chennai,TN,2023-10-19,N
C106680,Tarun Chopra,Guwahati,AS,2023-09-29,N
C106681,Shreya Jain,Bengaluru,KA,2023-10-19,N
C106682,Reyansh Joshi,Raipur,CG,2024-09-22,N
C106683,Ishaan Dutta,Kochi,KL,2022-07-19,N
C106684,Diya Pereira,Kolkata,WB,2024-07-24,N
C106685,Reyansh Nair,Bhubaneswar,OR,2024-02-29,N
C106686,Simran Rathore,Chandigarh,CH,2023-12-31,N
C106687,Pooja Sharma,Bhopal,MP,2024-07-20,Y
C106688,Rajat Rathore,Bhubaneswar,OR,2024-09-15,N
C106689,Payal Bansal,Mysuru,KA,2022-09-29,N
C106690,Nikhil Siddiqui,Indore,MP,2022-12-02,Y
C106691,Shreya Rathore,Bengaluru,KA,2022-12-05,N
C106692,Diya Joshi,Ranchi,JH,2023-03-29,N
C106693,Vihaan Qureshi,Patna,BR,2022-10-08,N
C106694,Isha Bose,Kochi,KL,2023-10-04,N
C106695,Saanvi George,Visakhapatnam,AP,2024-09-08,Y
C106696,Manpreet Naidu,Mysuru,KA,2024-01-28,N
C106697,Vivaan Bhatt,Surat,GJ,2022-11-13,N
C106698,Aditya Patel,Gurugram,HR,2023-07-23,N
C106699,Tenzin Pandey,Vadodara,GJ,2022-11-29,N
C106700,Aishwarya Jain,Jaipur,RJ,2024-01-04,N
C106701,Om Patel,Chandigarh,CH,2023-03-11,Y
C106702,Yash Dutta,Coimbatore,TN,2022-08-22,N
C106703,Harpreet Khan,Bhubaneswar,OR,2024-09-17,N
C106704,Megha Mathew,Kochi,KL,2024-10-25,N
C106705,Aarav Ghosh,Surat,GJ,2022-10-02,N
C106706,Anjali Iyer,Nashik,MH,2024-03-19,Y
C106707,Imran Kulkarni,Kolkata,WB,2023-02-10,Y
C106708,Aarav Reddy,Bhopal,MP,2024-05-19,Y
C106709,Aadhya Ansari,Bhubaneswar,OR,2024-06-25,Y
C106710,Nikhil Das,Jaipur,RJ,2023-02-13,N
C106711,Jaspreet Sharma,Kolkata,WB,2022-10-20,N
C106712,Reyansh Bhatia,Lucknow,UP,2023-01-07,N
C106713,Vivaan Kumar,Vadodara,GJ,2024-03-16,N
C106714,Thomas Shah,Kolkata,WB,2024-02-17,Y
C106715,Kunal Trivedi,Noida,UP,2024-12-26,Y
C106716,Meera Qureshi,Kolkata,WB,2024-03-01,N
C106717,Ramesh Bansal,Patna,BR,2024-11-29,N
C106718,Rahul Kapoor,Hyderabad,TS,2023-10-11,N
C106719,Vikram Desai,Patna,BR,2023-09-10,Y
C106720,Anjali Khanna,Nagpur,MH,2024-02-12,Y
C106721,Sameer Dutta,Bengaluru,KA,2023-05-23,N
C106722,Joseph Mathew,Patna,BR,2024-05-15,N
C106723,Tanvi Patel,Thiruvananthapuram,KL,2023-08-24,N
C106724,Gurpreet Chauhan,Ranchi,JH,2024-05-24,N
C106725,Priya Deshpande,Nashik,MH,2022-09-23,N
C106726,Rohit Shinde,Raipur,CG,2024-03-14,N
C106727,Sunita Gupta,Ranchi,JH,2024-02-03,N
C106728,Mohammed Ansari,Ranchi,JH,2024-03-25,N
C106729,Zaid Desai,Pune,MH,2023-05-03,N
C106730,Nisha Sen,Delhi,DL,2022-10-15,Y
C106731,Aarav Rathore,Thiruvananthapuram,KL,2023-12-28,N
C106732,Aarav Pillai,Nagpur,MH,2023-04-10,N
C106733,Ishaan Sen,Mumbai,MH,2023-11-26,Y
C106734,Joseph Sandhu,Bhubaneswar,OR,2024-04-19,N
C106735,Anjali Pereira,Pune,MH,2023-07-16,N
C106736,Ishaan Menon,Vadodara,GJ,2022-09-19,N
C106737,Rahul Gill,Vadodara,GJ,2024-01-28,N
C106738,Tenzin Bhatia,Delhi,DL,2022-11-22,Y
C106739,Suresh Chatterjee,Thiruvananthapuram,KL,2022-08-30,Y
C106740,Thomas Mishra,Indore,MP,2023-07-12,Y
C106741,Megha Yadav,Guwahati,AS,2023-04-13,N
C106742,Shreya Iyer,Bhubaneswar,OR,2023-04-14,N
C106743,Aadhya Agarwal,Ahmedabad,GJ,2022-11-20,N
C106744,Ramesh Fernandes,Gurugram,HR,2022-07-18,N
C106745,Meera Pillai,Guwahati,AS,2022-08-17,Y
C106746,Payal Reddy,Vadodara,GJ,2023-09-06,N
C106747,Rahul Kumar,Indore,MP,2023-12-18,N
C106748,Amit Patil,Kolkata,WB,2023-01-16,N
C106749,Aadhya Khanna,Guwahati,AS,2024-04-12,Y
C106750,Gurpreet Goyal,Nagpur,MH,2022-10-21,Y
C106751,Saanvi Pawar,Bhubaneswar,OR,2023-04-22,N
C106752,Ankit Saxena,Ahmedabad,GJ,2023-06-17,Y
C106753,Harpreet D'Souza,Kochi,KL,2023-01-18,Y
C106754,Suresh Deshpande,Delhi,DL,2023-05-25,Y
C106755,Zaid Pereira,Mumbai,MH,2022-09-23,Y
C106756,Om Bansal,Bhopal,MP,2023-10-04,N
C106757,Suresh Mishra,Jaipur,RJ,2023-09-05,N
C106758,Tanvi Sharma,Bhopal,MP,2023-07-06,N
C106759,Faisal Fernandes,Chandigarh,CH,2024-11-24,N
C106760,Siddharth Sheikh,Kolkata,WB,2024-11-13,Y
C106761,Tanvi Menon,Chennai,TN,2023-03-29,N
C106762,Priya Singh,Bengaluru,KA,2024-12-20,Y
C106763,Tanvi Fernandes,Chandigarh,CH,2023-04-14,Y
C106764,Swati Pandey,Surat,GJ,2023-04-18,Y
C106765,Joseph Das,Guwahati,AS,2023-01-18,N
C106766,Om Chatterjee,Raipur,CG,2024-11-19,N
C106767,Yash Gupta,Chandigarh,CH,2023-06-28,N
C106768,Bhavna Das,Noida,UP,2023-01-01,N
C106769,Joseph Dutta,Bengaluru,KA,2024-10-31,N
C106770,Sunita Yadav,Mumbai,MH,2023-12-13,N
C106771,Suresh Pereira,Bengaluru,KA,2023-03-07,N
C106772,Vikram Verma,Patna,BR,2022-08-03,N
C106773,Farah Deshpande,Kochi,KL,2024-10-17,N
C106774,Geeta Bhatt,Vadodara,GJ,2024-03-18,Y
C106775,Aarav Varghese,Bhubaneswar,OR,2023-04-14,N
C106776,Gurpreet Shinde,Bhopal,MP,2024-01-31,N
C106777,Simran Yadav,Bengaluru,KA,2024-04-30,Y
C106778,Ishaan Das,Indore,MP,2022-09-05,Y
C106779,Suresh Malhotra,Ahmedabad,GJ,2024-07-01,N
C106780,Riya Dutta,Ranchi,JH,2023-05-17,Y
C106781,Aditya Sharma,Ahmedabad,GJ,2023-05-28,N
C106782,Ananya Deshpande,Bhopal,MP,2024-07-29,N
C106783,Payal Ansari,Raipur,CG,2023-07-03,Y
C106784,Vihaan Dutta,Vadodara,GJ,2022-12-24,N
C106785,Farah Bhatt,Bhubaneswar,OR,2023-04-24,N
C106786,Siddharth Naidu,Coimbatore,TN,2023-09-05,Y
C106787,Krishna Chopra,Vadodara,GJ,2023-06-01,N
C106788,Nikhil Menon,Noida,UP,2024-09-01,Y
C106789,Dev Pandey,Guwahati,AS,2024-01-06,Y
C106790,Aadhya Patil,Bengaluru,KA,2024-07-27,N
C106791,Steven Kaur,Dehradun,UK,2023-05-06,Y
C106792,Yash Gaikwad,Dehradun,UK,2022-10-07,N
C106793,Meera Dutta,Kolkata,WB,2024-02-21,N
C106794,Meera Gupta,Chennai,TN,2023-06-27,N
C106795,Aadhya George,Nashik,MH,2023-06-20,N
C106796,Neha Chopra,Delhi,DL,2022-08-23,N
C106797,Zaid Pillai,Nagpur,MH,2023-05-15,N
C106798,Rajat Kulkarni,Chennai,TN,2022-09-14,Y
C106799,Rahul Qureshi,Chennai,TN,2023-12-14,Y
C106800,Aadhya Ansari,Pune,MH,2024-04-09,N
C106801,Swati Singh,Chennai,TN,2023-02-24,Y
C106802,Ananya Banerjee,Nashik,MH,2022-11-18,N
C106803,Aarav Verma,Kolkata,WB,2023-07-28,N
C106804,Anjali Khanna,Patna,BR,2024-07-24,Y
C106805,Diya Bhatt,Ahmedabad,GJ,2024-12-01,N
C106806,Deepak Rao,Surat,GJ,2024-07-21,N
C106807,Payal Dhillon,Ahmedabad,GJ,2023-04-12,N
C106808,Arjun Mittal,Chennai,TN,2023-03-14,N
C106809,Ramesh Bose,Bhopal,MP,2023-07-21,N
C106810,Arjun Iyer,Jaipur,RJ,2024-04-23,N
C106811,Manpreet Mishra,Mysuru,KA,2022-08-25,N
C106812,Arjun Patil,Kochi,KL,2024-11-22,N
C106813,Manpreet Bansal,Vadodara,GJ,2023-05-07,Y
C106814,Vikram Gupta,Kochi,KL,2023-04-19,N
C106815,Kabir Srivastava,Dehradun,UK,2023-07-12,Y
C106816,Ishaan Agarwal,Chennai,TN,2022-12-23,N
C106817,Joseph Dutta,Vadodara,GJ,2024-11-22,N
C106818,Deepak Agarwal,Thiruvananthapuram,KL,2022-10-01,Y
C106819,Manish Ghosh,Guwahati,AS,2023-05-28,N
C106820,Karan Roy,Bhubaneswar,OR,2023-09-07,N
C106821,Tarun Gaikwad,Chandigarh,CH,2023-08-03,Y
C106822,Om Khanna,Mysuru,KA,2023-05-04,Y
C106823,Saanvi Iyer,Patna,BR,2023-09-29,N
C106824,Simran Yadav,Pune,MH,2023-03-27,N
C106825,Simran Kumar,Raipur,CG,2022-11-26,N
C106826,Divya Menon,Indore,MP,2024-09-08,N
C106827,Joseph Mathew,Hyderabad,TS,2023-02-11,N
C106828,Diya Menon,Chennai,TN,2023-06-06,Y
C106829,Harsh Chopra,Nagpur,MH,2023-07-30,N
C106830,Farah Pillai,Gurugram,HR,2022-07-23,Y
C106831,Pooja Jadhav,Nagpur,MH,2023-01-24,N
C106832,Karan Sharma,Lucknow,UP,2024-08-28,Y
C106833,Ramesh Fernandes,Mumbai,MH,2023-01-11,N
C106834,Saanvi Mittal,Surat,GJ,2023-07-08,Y
C106835,Rohan Fernandes,Bengaluru,KA,2022-11-19,N
C106836,Tarun Sen,Hyderabad,TS,2023-06-06,N
C106837,Vivaan Trivedi,Ahmedabad,GJ,2024-07-24,Y
C106838,Nikhil Chauhan,Kochi,KL,2022-10-26,Y
C106839,Sneha Patil,Raipur,CG,2023-08-28,N
C106840,Megha Ghosh,Mysuru,KA,2024-04-23,N
C106841,Jaspreet Jadhav,Indore,MP,2023-08-03,N
C106842,Ayaan Mathew,Nagpur,MH,2023-04-06,Y
C106843,Shreya Deshpande,Bhubaneswar,OR,2024-07-20,Y
C106844,Karan Patel,Bhubaneswar,OR,2023-09-26,Y
C106845,Aadhya Qureshi,Vadodara,GJ,2024-06-20,N
C106846,Harsh Bose,Guwahati,AS,2022-08-14,N
C106847,Pooja Mishra,Ahmedabad,GJ,2024-01-22,Y
C106848,Amit Joshi,Kochi,KL,2024-09-22,N
C106849,Aditya Bose,Ahmedabad,GJ,2024-12-17,Y
C106850,Yash Verma,Visakhapatnam,AP,2024-11-24,N
C106851,Rohit Menon,Jaipur,RJ,2024-07-26,Y
C106852,Saanvi Sandhu,Chennai,TN,2024-09-09,Y
C106853,Ankit Sen,Mysuru,KA,2022-07-17,N
C106854,Yash Kulkarni,Gurugram,HR,2023-02-01,N
C106855,Manpreet Saxena,Ranchi,JH,2024-11-15,N
C106856,Aditya Gill,Mumbai,MH,2022-12-04,N
C106857,Aadhya Bhatia,Surat,GJ,2024-07-19,N
C106858,Nisha Gaikwad,Nagpur,MH,2023-06-20,Y
C106859,Kunal Chopra,Bhubaneswar,OR,2022-09-14,Y
C106860,Abhishek Rathore,Lucknow,UP,2023-07-15,N
C106861,Rajat Deshpande,Nashik,MH,2023-10-31,N
C106862,Divya Bhatia,Bhubaneswar,OR,2023-06-11,Y
C106863,Anjali Verma,Bengaluru,KA,2022-09-27,Y
C106864,Vihaan Reddy,Bengaluru,KA,2022-11-29,N
C106865,Neha Pandey,Coimbatore,TN,2022-09-11,N
C106866,Anjali Sandhu,Ahmedabad,GJ,2023-08-03,N
C106867,Zoya Khan,Jaipur,RJ,2024-10-24,N
C106868,Ramesh Patel,Kochi,KL,2023-01-14,N
C106869,Amit Sheikh,Surat,GJ,2022-12-03,Y
C106870,Nisha Shah,Guwahati,AS,2024-05-31,N
C106871,Thomas Naidu,Mysuru,KA,2024-03-01,N
C106872,Reyansh Pereira,Nashik,MH,2024-04-04,Y
C106873,Karan Deshpande,Indore,MP,2022-12-16,Y
C106874,Priya Srivastava,Chandigarh,CH,2024-11-23,N
C106875,Ritika Dutta,Kochi,KL,2023-09-10,N
C106876,Ananya Mishra,Kochi,KL,2023-04-22,N
C106877,Aishwarya Verma,Coimbatore,TN,2024-09-03,Y
C106878,Lobsang Mehta,Nagpur,MH,2024-10-18,Y
C106879,Rajat Chauhan,Nagpur,MH,2022-08-25,Y
C106880,Steven Kaur,Chennai,TN,2024-10-12,Y
C106881,Reyansh Siddiqui,Visakhapatnam,AP,2023-07-28,N
C106882,Riya Bhatt,Ranchi,JH,2023-05-24,Y
C106883,Kavya Sethi,Ahmedabad,GJ,2024-07-26,N
C106884,Rohan Naidu,Bengaluru,KA,2024-12-28,N
C106885,Rohit Goyal,Thiruvananthapuram,KL,2023-06-09,N
C106886,Arjun Gupta,Noida,UP,2022-11-01,N
C106887,Siddharth Qureshi,Patna,BR,2023-03-27,N
C106888,Krishna Pawar,Pune,MH,2024-08-24,N
C106889,Om Sharma,Pune,MH,2022-10-24,N
C106890,Ananya Shinde,Noida,UP,2023-02-19,N
C106891,Sneha Qureshi,Bengaluru,KA,2023-10-22,N
C106892,Yash Khanna,Nashik,MH,2022-07-28,N
C106893,Arjun Roy,Chandigarh,CH,2023-07-30,Y
C106894,Tenzin Mittal,Bhopal,MP,2024-03-07,Y
C106895,Rahul Menon,Hyderabad,TS,2024-08-21,N
C106896,Payal Kapoor,Guwahati,AS,2022-07-30,N
C106897,Swati Khan,Coimbatore,TN,2024-04-10,N
C106898,Ramesh Patil,Visakhapatnam,AP,2023-01-22,N
C106899,Daniel Khanna,Ahmedabad,GJ,2023-12-09,N
C106900,Isha Patil,Guwahati,AS,2024-03-16,N
C106901,Sai Deshpande,Gurugram,HR,2023-10-15,Y
C106902,Rahul Siddiqui,Ranchi,JH,2024-05-21,N
C106903,Suresh Sen,Noida,UP,2022-09-05,N
C106904,Zaid Dutta,Bengaluru,KA,2024-12-09,Y
C106905,Steven Mathew,Coimbatore,TN,2024-04-03,Y
C106906,Simran George,Mumbai,MH,2024-08-09,N
C106907,Pranav George,Pune,MH,2023-01-21,Y
C106908,Karan Khanna,Delhi,DL,2023-01-28,N
C106909,Rohit Gupta,Hyderabad,TS,2022-07-21,N
C106910,Ananya Arora,Indore,MP,2022-12-16,N
C106911,Jaspreet Naidu,Vadodara,GJ,2024-10-23,Y
C106912,Jaspreet Mishra,Nagpur,MH,2023-04-30,N
C106913,Aadhya Bhatt,Kolkata,WB,2024-09-08,N
C106914,Rohit Arora,Lucknow,UP,2022-12-17,N
C106915,Aditya Desai,Gurugram,HR,2023-07-27,N
C106916,Siddharth Khanna,Indore,MP,2024-11-02,N
C106917,Zoya Mehta,Mysuru,KA,2024-09-17,N
C106918,Sukhwinder Siddiqui,Mumbai,MH,2024-10-18,Y
C106919,Aadhya Saxena,Kolkata,WB,2023-04-02,N
C106920,Divya Nair,Gurugram,HR,2024-09-18,N
C106921,Sameer Dutta,Ranchi,JH,2023-04-20,Y
C106922,Kavya Patel,Patna,BR,2024-09-15,Y
C106923,Manpreet Trivedi,Mumbai,MH,2023-08-07,N
C106924,Ritika Trivedi,Noida,UP,2023-01-25,N
C106925,Karan George,Dehradun,UK,2024-03-27,N
C106926,Ishaan Pillai,Bengaluru,KA,2024-12-31,N
C106927,Abhishek George,Pune,MH,2022-07-26,Y
C106928,Meera Mehta,Ranchi,JH,2023-10-20,Y
C106929,Ananya Kumar,Dehradun,UK,2023-09-22,Y
C106930,Vihaan Rathore,Bengaluru,KA,2024-05-28,N
C106931,Sneha Gupta,Jaipur,RJ,2022-10-20,N
C106932,Shreya Bose,Nashik,MH,2022-12-23,N
C106933,Amit Malhotra,Visakhapatnam,AP,2024-07-13,Y
C106934,Tanvi Sethi,Delhi,DL,2024-07-29,N
C106935,Amit Trivedi,Kochi,KL,2024-02-20,N
C106936,Lobsang Bhatt,Pune,MH,2023-04-05,N
C106937,Tarun Pandey,Ahmedabad,GJ,2022-12-20,N
C106938,Ayaan Kulkarni,Dehradun,UK,2024-09-05,N
C106939,Mohammed Shinde,Mumbai,MH,2023-04-06,N
C106940,Saanvi Pandey,Bengaluru,KA,2024-07-06,N
C106941,Rohit Chatterjee,Visakhapatnam,AP,2022-10-17,Y
C106942,Ritika Patil,Noida,UP,2024-02-05,N
C106943,Bhavna Sharma,Bengaluru,KA,2023-10-22,N
C106944,Ankit Patil,Pune,MH,2022-11-04,Y
C106945,Sunita Reddy,Mumbai,MH,2024-12-13,Y
C106946,Mohammed Gupta,Bhubaneswar,OR,2023-10-12,N
C106947,Faisal Varghese,Kolkata,WB,2023-05-03,Y
C106948,Saanvi Pawar,Chandigarh,CH,2023-05-08,Y
C106949,Pranav Joshi,Hyderabad,TS,2024-07-18,N
C106950,Nisha Shah,Hyderabad,TS,2024-01-23,Y
C106951,Aadhya D'Souza,Gurugram,HR,2023-05-15,N
C106952,Rohit Nair,Raipur,CG,2024-07-18,N
C106953,Deepak Mehta,Gurugram,HR,2024-03-04,N
C106954,Geeta Patil,Delhi,DL,2023-04-21,N
C106955,Vihaan Kaur,Nagpur,MH,2023-03-20,Y
C106956,Joseph Roy,Patna,BR,2022-09-21,N
C106957,Lakshmi Pereira,Guwahati,AS,2022-08-25,N
C106958,Ankit Srivastava,Dehradun,UK,2024-01-23,N
C106959,Amit Bose,Bhubaneswar,OR,2023-02-28,Y
C106960,Bhavna Pillai,Visakhapatnam,AP,2023-11-30,N
C106961,Shreya Srivastava,Patna,BR,2023-01-15,N
C106962,Vihaan Mittal,Coimbatore,TN,2023-08-29,N
C106963,Nisha Reddy,Gurugram,HR,2024-01-14,N
C106964,Lakshmi Arora,Nagpur,MH,2023-01-05,N
C106965,Ankit Sheikh,Surat,GJ,2022-09-26,Y
C106966,Gurpreet Mishra,Ranchi,JH,2022-08-03,N
C106967,Tenzin Chopra,Nashik,MH,2023-01-21,N
C106968,Imran Kulkarni,Lucknow,UP,2023-08-04,N
C106969,Simran Kapoor,Bhopal,MP,2024-03-16,N
C106970,Varun Kulkarni,Vadodara,GJ,2023-03-10,Y
C106971,Zaid Singh,Lucknow,UP,2023-02-12,N
C106972,Deepak Chauhan,Vadodara,GJ,2022-10-10,N
C106973,Kabir Menon,Guwahati,AS,2024-11-08,N
C106974,Kavya Pandey,Gurugram,HR,2022-12-22,Y
C106975,Manish Singh,Visakhapatnam,AP,2024-04-12,N
C106976,Sai George,Visakhapatnam,AP,2022-10-08,N
C106977,Rahul Verma,Delhi,DL,2023-01-24,N
C106978,Komal Das,Raipur,CG,2022-09-14,N
C106979,Vivaan Pawar,Raipur,CG,2024-03-20,N
C106980,Meera Yadav,Visakhapatnam,AP,2023-01-29,N
C106981,Manpreet Srivastava,Kolkata,WB,2023-11-27,N
C106982,Priya Mittal,Gurugram,HR,2023-01-25,N
C106983,Riya Shah,Coimbatore,TN,2024-09-05,N
C106984,Arjun Mathew,Bengaluru,KA,2022-11-08,Y
C106985,Ramesh Nair,Kochi,KL,2023-08-11,Y
C106986,Komal Shinde,Coimbatore,TN,2024-03-14,N
C106987,Tarun Chatterjee,Bhubaneswar,OR,2024-12-09,Y
C106988,Vivaan Pillai,Visakhapatnam,AP,2024-12-20,N
C106989,Komal Varghese,Ranchi,JH,2023-01-22,N
C106990,Tenzin Roy,Chandigarh,CH,2023-04-27,N
C106991,Faisal Mathew,Chennai,TN,2023-03-29,N
C106992,Megha Chauhan,Noida,UP,2024-09-08,N
C106993,Ishaan Bhatia,Gurugram,HR,2023-02-06,N
C106994,Siddharth Reddy,Dehradun,UK,2023-06-02,N
C106995,Ramesh Siddiqui,Coimbatore,TN,2022-11-22,N
C106996,Sneha Khan,Noida,UP,2024-11-29,Y
C106997,Rahul Dhillon,Bhubaneswar,OR,2022-12-30,N
C106998,Aditya Dhillon,Delhi,DL,2023-01-07,Y
C106999,Vihaan Chopra,Nagpur,MH,2022-11-20,Y
C107000,Komal Mukherjee,Patna,BR,2023-08-01,N
C107001,Saanvi Ansari,Gurugram,HR,2023-06-10,N
C107002,Daniel Fernandes,Vadodara,GJ,2024-07-14,Y
C107003,Jaspreet Singh,Ahmedabad,GJ,2023-12-03,N
C107004,Arjun Bose,Jaipur,RJ,2024-10-13,Y
C107005,Zaid Sethi,Raipur,CG,2022-08-26,N
C107006,Zoya Patil,Nagpur,MH,2023-02-12,N
C107007,Geeta Gaikwad,Bhopal,MP,2024-01-13,Y
C107008,Dev Pandey,Mumbai,MH,2024-02-27,N
C107009,Rohit Siddiqui,Lucknow,UP,2024-03-28,Y
C107010,Manish Sheikh,Surat,GJ,2023-03-18,Y
C107011,Ananya Naidu,Ranchi,JH,2024-03-01,N
C107012,Neha Mathew,Mysuru,KA,2024-08-12,Y
C107013,Tenzin Srivastava,Ranchi,JH,2023-05-02,N
C107014,Megha Qureshi,Surat,GJ,2023-03-04,Y
C107015,Geeta Pawar,Bengaluru,KA,2024-10-24,N
C107016,Neha Dutta,Guwahati,AS,2023-03-18,N
C107017,Om Pawar,Hyderabad,TS,2023-05-14,N
C107018,Tanvi Pillai,Visakhapatnam,AP,2022-08-30,N
C107019,Sai Qureshi,Visakhapatnam,AP,2023-03-10,N
C107020,Manish Pereira,Delhi,DL,2022-12-14,N
C107021,Anjali Mittal,Thiruvananthapuram,KL,2024-08-07,N
C107022,Nisha Agarwal,Bhubaneswar,OR,2024-12-15,Y
C107023,Farah Sethi,Mysuru,KA,2023-10-01,Y
C107024,Aditya Khan,Vadodara,GJ,2023-12-06,Y
C107025,Ayaan Jadhav,Bhubaneswar,OR,2023-07-03,Y
C107026,Imran Rao,Noida,UP,2022-12-21,N
C107027,Kabir Gill,Mysuru,KA,2023-06-13,Y
C107028,Pooja Ansari,Gurugram,HR,2024-04-14,N
C107029,Ananya Dhillon,Kochi,KL,2023-04-12,N
C107030,Priya Bansal,Pune,MH,2024-01-15,N
C107031,Vihaan Mathew,Dehradun,UK,2023-03-05,N
C107032,Thomas Bhatia,Thiruvananthapuram,KL,2022-09-01,N
C107033,Neha Pawar,Kolkata,WB,2024-09-01,N
C107034,Sai Tiwari,Lucknow,UP,2022-09-03,N
C107035,Ayaan Jain,Hyderabad,TS,2023-03-29,N
C107036,Ankit Goyal,Jaipur,RJ,2022-12-07,N
C107037,Kavya Gupta,Chennai,TN,2024-05-24,N
C107038,Sai Chopra,Dehradun,UK,2024-10-12,N
C107039,Vihaan Chopra,Surat,GJ,2022-10-27,N
C107040,Anjali Kaur,Kochi,KL,2023-08-12,N
C107041,Lobsang Varghese,Coimbatore,TN,2024-06-04,N
C107042,Imran D'Souza,Visakhapatnam,AP,2024-01-17,N
C107043,Anjali Chauhan,Chandigarh,CH,2022-08-01,N
C107044,Swati Jain,Kochi,KL,2022-08-25,N
C107045,Rohan Trivedi,Nagpur,MH,2024-04-23,N
C107046,Aarav Ghosh,Jaipur,RJ,2023-11-30,N
C107047,Anjali Mishra,Ahmedabad,GJ,2024-02-17,N
C107048,Om Trivedi,Patna,BR,2022-10-03,N
C107049,Jaspreet Chopra,Vadodara,GJ,2024-06-04,N
C107050,Payal Sandhu,Jaipur,RJ,2023-07-20,N
C107051,Nisha Mishra,Kochi,KL,2024-08-09,N
C107052,Anjali Desai,Raipur,CG,2024-11-03,N
C107053,Varun Kapoor,Hyderabad,TS,2023-09-07,N
C107054,Faisal Kulkarni,Kochi,KL,2023-08-22,Y
C107055,Farah Bhatia,Kochi,KL,2023-07-17,N
C107056,Aditya Chatterjee,Noida,UP,2023-12-24,N
C107057,Nisha Reddy,Ranchi,JH,2024-12-09,N
C107058,Ananya Jain,Ahmedabad,GJ,2022-11-10,N
C107059,Vivaan Gill,Guwahati,AS,2022-11-11,N
C107060,Abhishek Jain,Visakhapatnam,AP,2023-01-18,Y
C107061,Isha Deshpande,Dehradun,UK,2024-03-30,N
C107062,Manish Bansal,Indore,MP,2024-03-02,N
C107063,Ramesh Shinde,Delhi,DL,2023-04-27,N
C107064,Arjun Verma,Chandigarh,CH,2022-12-29,Y
C107065,Aishwarya Siddiqui,Gurugram,HR,2023-03-05,N
C107066,Rahul Sheikh,Bhopal,MP,2024-09-08,N
C107067,Rohit Shah,Mysuru,KA,2024-09-05,N
C107068,Ishaan Mishra,Bengaluru,KA,2022-12-29,Y
C107069,Daniel Banerjee,Patna,BR,2022-08-28,N
C107070,Payal Verma,Ahmedabad,GJ,2023-07-01,N
C107071,Nisha Bhatia,Hyderabad,TS,2022-08-14,Y
C107072,Mohammed Singh,Jaipur,RJ,2023-10-18,N
C107073,Meera Tiwari,Bhubaneswar,OR,2023-07-17,N
C107074,Saanvi Mittal,Chennai,TN,2022-11-04,Y
C107075,Rahul Jadhav,Ahmedabad,GJ,2023-09-09,Y
C107076,Neha Rathore,Guwahati,AS,2024-04-06,N
C107077,Mohammed Yadav,Kolkata,WB,2023-07-05,N
C107078,Arjun Chauhan,Indore,MP,2022-07-22,N
C107079,Sunita Joshi,Surat,GJ,2023-10-05,N
C107080,Manish D'Souza,Visakhapatnam,AP,2022-11-24,Y
C107081,Zaid Jain,Visakhapatnam,AP,2024-02-28,N
C107082,Rohan Bose,Raipur,CG,2022-08-14,N
C107083,Nikhil Chopra,Bhubaneswar,OR,2024-02-08,N
C107084,Deepak Dhillon,Mysuru,KA,2024-11-07,N
C107085,Shreya Srivastava,Mumbai,MH,2024-12-04,Y
C107086,Pranav Mathew,Visakhapatnam,AP,2023-02-06,N
C107087,Rajat Pawar,Jaipur,RJ,2023-10-03,Y
C107088,Pooja Kaur,Thiruvananthapuram,KL,2023-08-17,N
C107089,Faisal Menon,Jaipur,RJ,2024-05-18,N
C107090,Ritika Verma,Coimbatore,TN,2023-12-01,Y
C107091,Kabir Das,Raipur,CG,2022-10-02,Y
C107092,Ankit Naidu,Jaipur,RJ,2022-11-28,Y
C107093,Sneha Chatterjee,Jaipur,RJ,2022-08-17,N
C107094,Krishna Arora,Raipur,CG,2023-04-03,N
C107095,Lobsang Varghese,Guwahati,AS,2023-07-19,Y
C107096,Siddharth Ghosh,Kolkata,WB,2024-02-29,N
C107097,Manpreet Mittal,Lucknow,UP,2023-04-04,Y
C107098,Mohammed Fernandes,Hyderabad,TS,2024-08-01,N
C107099,Lobsang Pawar,Kolkata,WB,2022-11-21,N
C107100,Deepak Menon,Nashik,MH,2022-11-19,Y
C107101,Aishwarya Chopra,Kolkata,WB,2024-11-25,N
C107102,Amit Bhatia,Mysuru,KA,2023-08-12,N
C107103,Amit Kapoor,Kolkata,WB,2022-09-01,N
C107104,Sameer Banerjee,Gurugram,HR,2022-12-02,N
C107105,Sneha Jadhav,Patna,BR,2022-11-17,N
C107106,Karan Sen,Guwahati,AS,2024-09-18,N
C107107,Bhavna Pawar,Visakhapatnam,AP,2022-10-28,Y
C107108,Divya Bose,Thiruvananthapuram,KL,2024-09-12,N
C107109,Sukhwinder Banerjee,Lucknow,UP,2024-10-10,Y
C107110,Arjun Kapoor,Noida,UP,2023-03-05,N
C107111,Rajat Chopra,Kochi,KL,2024-08-27,Y
C107112,Zoya Jain,Dehradun,UK,2024-08-12,Y
C107113,Vivaan Gupta,Indore,MP,2024-04-21,N
C107114,Vivaan Pandey,Nagpur,MH,2022-08-12,N
C107115,Ananya Singh,Guwahati,AS,2023-04-12,Y
C107116,Sai Chauhan,Patna,BR,2024-11-03,Y
C107117,Sukhwinder Chatterjee,Surat,GJ,2023-12-04,Y
C107118,Ishaan George,Patna,BR,2023-12-26,N
C107119,Payal Bansal,Pune,MH,2023-10-01,N
C107120,Zoya Verma,Pune,MH,2024-02-18,Y
C107121,Krishna Gill,Indore,MP,2023-12-06,N
C107122,Reyansh Reddy,Raipur,CG,2024-08-24,N
C107123,Siddharth Banerjee,Dehradun,UK,2022-07-29,N
C107124,Sameer Ghosh,Nashik,MH,2024-10-07,N
C107125,Om Dhillon,Kolkata,WB,2023-02-12,Y
C107126,Faisal Goyal,Jaipur,RJ,2022-11-20,N
C107127,Ishaan Gaikwad,Vadodara,GJ,2023-08-20,Y
C107128,Sameer Pillai,Pune,MH,2023-07-04,Y
C107129,Rahul Patil,Chandigarh,CH,2024-05-23,N
C107130,Mohammed Verma,Raipur,CG,2023-04-28,N
C107131,Ritika Goyal,Pune,MH,2023-12-19,Y
C107132,Diya Gupta,Thiruvananthapuram,KL,2022-10-01,Y
C107133,Vikram Trivedi,Guwahati,AS,2024-06-18,N
C107134,Steven Banerjee,Dehradun,UK,2024-06-18,N
C107135,Rohan Jadhav,Coimbatore,TN,2024-08-02,N
C107136,Siddharth Reddy,Jaipur,RJ,2023-12-21,N
C107137,Sunita Mittal,Visakhapatnam,AP,2024-08-01,N
C107138,Rohan Bansal,Mysuru,KA,2022-09-17,N
C107139,Ayaan Arora,Chandigarh,CH,2024-01-12,N
C107140,Lakshmi Kumar,Kochi,KL,2024-10-19,N
C107141,Riya Goyal,Gurugram,HR,2022-12-23,N
C107142,Kabir Pereira,Kochi,KL,2024-04-01,Y
C107143,Tarun Saxena,Bengaluru,KA,2022-12-07,N
C107144,Komal Kulkarni,Bengaluru,KA,2023-11-13,Y
C107145,Om Pillai,Kochi,KL,2023-12-03,N
C107146,Joseph Kulkarni,Coimbatore,TN,2023-02-06,Y
C107147,Siddharth Banerjee,Mumbai,MH,2024-02-27,N
C107148,Divya Reddy,Visakhapatnam,AP,2024-02-27,N
C107149,Sameer Malhotra,Ranchi,JH,2023-09-28,Y
C107150,Kabir Chauhan,Mysuru,KA,2024-01-23,N
C107151,Ayaan Desai,Kochi,KL,2022-10-20,N
C107152,Deepak Mittal,Lucknow,UP,2023-11-17,N
C107153,Kavya Yadav,Lucknow,UP,2024-10-18,N
C107154,Harsh Patel,Indore,MP,2024-06-17,Y
C107155,Aishwarya Mukherjee,Coimbatore,TN,2024-07-05,N
C107156,Zoya Iyer,Vadodara,GJ,2022-09-21,N
C107157,Tarun Sethi,Thiruvananthapuram,KL,2023-12-25,N
C107158,Vihaan Patil,Indore,MP,2023-01-03,N
C107159,Om Pandey,Mysuru,KA,2022-11-19,N
C107160,Sameer Kumar,Coimbatore,TN,2023-10-23,N
C107161,Neha Yadav,Nashik,MH,2022-08-03,Y
C107162,Mohammed Kumar,Dehradun,UK,2024-03-30,N
C107163,Swati Deshpande,Patna,BR,2023-02-21,Y
C107164,Harsh Khanna,Mumbai,MH,2023-10-19,N
C107165,Rahul Varghese,Nashik,MH,2023-01-27,N
C107166,Zaid Kapoor,Bhopal,MP,2023-02-10,Y
C107167,Thomas Sen,Ranchi,JH,2024-05-26,N
C107168,Pranav Patel,Indore,MP,2023-12-27,Y
C107169,Reyansh Pandey,Ahmedabad,GJ,2023-02-25,N
C107170,Mohammed Sharma,Indore,MP,2023-06-05,Y
C107171,Vivaan Srivastava,Gurugram,HR,2023-10-28,N
C107172,Aditya Rathore,Mumbai,MH,2022-08-18,N
C107173,Varun Patil,Mysuru,KA,2024-07-07,Y
C107174,Ishaan Arora,Gurugram,HR,2024-03-16,N
C107175,Rahul Shah,Bengaluru,KA,2024-12-30,N
C107176,Swati Pandey,Indore,MP,2022-11-26,N
C107177,Pranav Rao,Patna,BR,2023-05-20,N
C107178,Zaid Chauhan,Mumbai,MH,2024-12-04,N
C107179,Tanvi Pandey,Indore,MP,2024-10-18,N
C107180,Faisal Dutta,Nagpur,MH,2024-01-28,Y
C107181,Rohit Malhotra,Surat,GJ,2023-06-01,N
C107182,Yash Sandhu,Vadodara,GJ,2024-12-08,N
C107183,Varun Bose,Kolkata,WB,2024-02-28,N
C107184,Neha Sethi,Guwahati,AS,2023-10-11,Y
C107185,Yash Rao,Delhi,DL,2023-04-02,N
C107186,Aadhya Kumar,Guwahati,AS,2023-07-14,Y
C107187,Gurpreet Chopra,Jaipur,RJ,2022-10-18,N
C107188,Rajat Sheikh,Surat,GJ,2023-10-21,N
C107189,Om Naidu,Thiruvananthapuram,KL,2023-10-22,N
C107190,Sukhwinder Chauhan,Ahmedabad,GJ,2024-03-27,N
C107191,Nisha Sethi,Chandigarh,CH,2022-08-22,Y
C107192,Ankit Singh,Surat,GJ,2023-10-12,N
C107193,Rohan Fernandes,Mysuru,KA,2024-06-08,N
C107194,Neha Chopra,Nagpur,MH,2023-10-08,Y
C107195,Zoya Sen,Nagpur,MH,2024-09-10,N
C107196,Tenzin Rao,Guwahati,AS,2024-05-16,Y
C107197,Bhavna Banerjee,Kolkata,WB,2023-09-20,Y
C107198,Bhavna Gaikwad,Hyderabad,TS,2024-11-23,N
C107199,Tenzin Malhotra,Raipur,CG,2022-08-02,Y
C107200,Kunal Desai,Ranchi,JH,2023-09-04,N
C107201,Isha Shinde,Hyderabad,TS,2024-03-03,Y
C107202,Suresh Pandey,Chandigarh,CH,2024-11-22,N
C107203,Geeta Sen,Coimbatore,TN,2024-12-30,N
C107204,Manish Gupta,Ranchi,JH,2024-05-22,Y
C107205,Gurpreet Siddiqui,Nashik,MH,2023-05-09,Y
C107206,Isha Roy,Kochi,KL,2022-09-18,N
C107207,Ayaan Bose,Pune,MH,2024-01-04,N
C107208,Reyansh Banerjee,Nagpur,MH,2023-04-08,Y
C107209,Anjali Yadav,Chennai,TN,2023-06-21,N
C107210,Aditya Khanna,Kochi,KL,2022-10-07,N
C107211,Shreya Rathore,Thiruvananthapuram,KL,2023-07-01,Y
C107212,Om Mathew,Bhopal,MP,2023-04-20,N
C107213,Geeta Saxena,Kochi,KL,2024-09-26,N
C107214,Sneha Das,Chandigarh,CH,2023-10-03,N
C107215,Sameer Pereira,Kochi,KL,2023-03-10,N
C107216,Pranav Patil,Indore,MP,2024-06-26,Y
C107217,Riya Sharma,Ranchi,JH,2023-07-13,N
C107218,Tenzin Sandhu,Patna,BR,2023-01-17,Y
C107219,Shreya Banerjee,Kolkata,WB,2024-03-06,Y
C107220,Manpreet Reddy,Indore,MP,2023-09-16,N
C107221,Rohan Mishra,Gurugram,HR,2022-12-04,Y
C107222,Rohit Bose,Mysuru,KA,2024-01-13,N
C107223,Gurpreet Mishra,Indore,MP,2022-10-13,Y
C107224,Siddharth Desai,Noida,UP,2022-12-23,N
C107225,Aditya Jain,Kolkata,WB,2022-10-08,N
C107226,Swati Varghese,Vadodara,GJ,2024-12-25,N
C107227,Faisal Malhotra,Jaipur,RJ,2022-08-26,Y
C107228,Jaspreet Mishra,Nagpur,MH,2024-09-30,N
C107229,Yash Tiwari,Guwahati,AS,2022-12-20,N
C107230,Saanvi Saxena,Hyderabad,TS,2024-07-15,N
C107231,Faisal Malhotra,Bengaluru,KA,2024-07-18,N
C107232,Rahul Shah,Raipur,CG,2023-08-30,N
C107233,Shreya D'Souza,Noida,UP,2024-11-12,Y
C107234,Joseph Varghese,Hyderabad,TS,2023-06-02,N
C107235,Kunal Jain,Nagpur,MH,2024-03-25,Y
C107236,Ananya Mehta,Noida,UP,2023-11-21,Y
C107237,Simran Nair,Visakhapatnam,AP,2022-09-08,N
C107238,Thomas Bose,Noida,UP,2022-12-31,N
C107239,Steven Tiwari,Kolkata,WB,2024-11-02,N
C107240,Sunita Chatterjee,Indore,MP,2023-06-01,N
C107241,Riya Bhatia,Visakhapatnam,AP,2023-06-11,N
C107242,Jaspreet Sheikh,Indore,MP,2024-06-04,Y
C107243,Steven Bhatt,Mysuru,KA,2024-02-02,N
C107244,Megha Pawar,Noida,UP,2024-09-17,N
C107245,Mohammed Fernandes,Hyderabad,TS,2022-09-10,Y
C107246,Imran Gupta,Delhi,DL,2023-04-11,N
C107247,Thomas Dhillon,Jaipur,RJ,2022-10-03,Y
C107248,Megha Agarwal,Kolkata,WB,2024-08-26,N
C107249,Payal Menon,Guwahati,AS,2024-12-01,N
C107250,Tarun Arora,Delhi,DL,2023-09-16,N
C107251,Tanvi Joshi,Dehradun,UK,2023-02-24,N
C107252,Pooja Agarwal,Gurugram,HR,2023-03-01,N
C107253,Rohit Pillai,Guwahati,AS,2024-06-24,N
C107254,Isha Reddy,Guwahati,AS,2024-04-24,N
C107255,Dev Nair,Bengaluru,KA,2024-03-10,N
C107256,Lobsang Rao,Mysuru,KA,2024-01-14,N
C107257,Lakshmi Sandhu,Chennai,TN,2024-10-05,N
C107258,Sneha Chauhan,Bengaluru,KA,2022-08-28,Y
C107259,Farah Ansari,Hyderabad,TS,2023-02-10,Y
C107260,Faisal Goyal,Jaipur,RJ,2023-07-16,N
C107261,Deepak Tiwari,Patna,BR,2022-10-12,N
C107262,Thomas Sethi,Bengaluru,KA,2024-12-25,N
C107263,Ramesh Pereira,Surat,GJ,2024-04-19,N
C107264,Vihaan Naidu,Hyderabad,TS,2023-09-02,Y
C107265,Sukhwinder Siddiqui,Ahmedabad,GJ,2024-05-30,N
C107266,Manish Gupta,Pune,MH,2024-05-23,N
C107267,Arjun Chopra,Patna,BR,2024-10-02,Y
C107268,Swati Pandey,Nagpur,MH,2024-12-26,N
C107269,Krishna Malhotra,Mysuru,KA,2024-06-30,Y
C107270,Bhavna D'Souza,Indore,MP,2022-10-02,Y
C107271,Krishna Chatterjee,Kolkata,WB,2022-11-07,N
C107272,Geeta Shah,Thiruvananthapuram,KL,2024-01-23,N
C107273,Simran Sharma,Patna,BR,2022-09-18,N
C107274,Reyansh Sheikh,Jaipur,RJ,2023-11-19,N
C107275,Yash Roy,Ahmedabad,GJ,2022-11-28,N
C107276,Suresh Menon,Nashik,MH,2024-05-17,N
C107277,Sameer Pillai,Indore,MP,2024-04-29,N
C107278,Yash Jain,Indore,MP,2024-08-25,N
C107279,Ayaan Gill,Bhopal,MP,2024-08-06,Y
C107280,Reyansh Chopra,Pune,MH,2023-01-08,Y
C107281,Shreya George,Guwahati,AS,2023-12-06,N
C107282,Sai Pereira,Indore,MP,2024-05-14,Y
C107283,Ramesh Kumar,Nashik,MH,2022-10-06,Y
C107284,Mohammed Verma,Ahmedabad,GJ,2023-09-16,N
C107285,Pranav Roy,Bengaluru,KA,2023-09-19,Y
C107286,Rajat Banerjee,Bengaluru,KA,2022-09-07,N
C107287,Tenzin Tiwari,Raipur,CG,2023-10-18,Y
C107288,Abhishek Menon,Chennai,TN,2022-09-18,N
C107289,Ramesh Jadhav,Chennai,TN,2023-01-13,N
C107290,Arjun Pawar,Coimbatore,TN,2024-12-01,Y
C107291,Suresh Naidu,Guwahati,AS,2024-12-22,Y
C107292,Sukhwinder Roy,Coimbatore,TN,2022-09-14,N
C107293,Deepak Goyal,Ranchi,JH,2024-08-26,N
C107294,Rajat Srivastava,Lucknow,UP,2024-09-12,Y
C107295,Thomas Bhatt,Visakhapatnam,AP,2023-11-28,N
C107296,Yash Dutta,Visakhapatnam,AP,2022-11-04,N
C107297,Faisal Mathew,Mysuru,KA,2022-11-20,N
C107298,Megha Nair,Bhopal,MP,2023-03-11,N
C107299,Simran Kulkarni,Ahmedabad,GJ,2022-08-05,N
C107300,Tenzin Tiwari,Kochi,KL,2022-11-04,Y
C107301,Zoya Mishra,Visakhapatnam,AP,2024-05-04,Y
C107302,Tarun Nair,Hyderabad,TS,2022-12-30,N
C107303,Joseph Reddy,Nagpur,MH,2024-11-06,N
C107304,Sunita Sheikh,Dehradun,UK,2024-01-26,N
C107305,Neha Mishra,Bhopal,MP,2024-12-01,N
C107306,Lobsang Gill,Gurugram,HR,2024-06-13,Y
C107307,Manish Pawar,Coimbatore,TN,2022-11-22,N
C107308,Jaspreet Yadav,Bhopal,MP,2024-05-12,Y
C107309,Megha Iyer,Bhubaneswar,OR,2022-11-21,Y
C107310,Ritika Agarwal,Bhopal,MP,2024-09-27,N
C107311,Arjun Bhatia,Visakhapatnam,AP,2023-01-11,N
C107312,Diya Dutta,Nagpur,MH,2024-01-30,N
C107313,Diya Naidu,Hyderabad,TS,2024-06-29,Y
C107314,Nisha Bose,Ranchi,JH,2022-11-19,Y
C107315,Karan Mukherjee,Dehradun,UK,2024-08-28,N
C107316,Deepak Desai,Kochi,KL,2023-08-30,N
C107317,Manpreet Gill,Coimbatore,TN,2022-07-30,Y
C107318,Divya Fernandes,Coimbatore,TN,2024-07-21,Y
C107319,Ramesh Agarwal,Kolkata,WB,2022-12-05,N
C107320,Ritika Pereira,Chennai,TN,2023-09-29,N
C107321,Arjun Naidu,Bengaluru,KA,2023-12-06,N
C107322,Sneha Khanna,Raipur,CG,2022-07-31,Y
C107323,Vikram Patil,Patna,BR,2023-10-25,N
C107324,Varun Siddiqui,Coimbatore,TN,2023-12-29,N
C107325,Meera Pawar,Bengaluru,KA,2024-06-08,Y
C107326,Komal Kapoor,Chandigarh,CH,2023-07-17,N
C107327,Rajat Gupta,Vadodara,GJ,2024-05-23,N
C107328,Manish Goyal,Nashik,MH,2022-10-20,N
C107329,Harpreet Arora,Nashik,MH,2024-01-19,N
C107330,Ayaan Sharma,Chandigarh,CH,2023-09-18,Y
C107331,Vikram Verma,Chennai,TN,2023-06-24,Y
C107332,Ayaan Sharma,Surat,GJ,2023-03-04,N
C107333,Ankit Kapoor,Raipur,CG,2024-05-28,N
C107334,Sukhwinder Rao,Bhopal,MP,2024-04-12,N
C107335,Rajat George,Hyderabad,TS,2024-02-14,N
C107336,Rohan Dutta,Nashik,MH,2023-01-19,N
C107337,Isha Mittal,Bhopal,MP,2022-12-01,N
C107338,Anjali Sheikh,Pune,MH,2024-09-13,N
C107339,Kavya Trivedi,Dehradun,UK,2023-07-02,N
C107340,Rohit Ansari,Kochi,KL,2024-08-29,N
C107341,Dev Srivastava,Visakhapatnam,AP,2023-11-17,N
C107342,Aditya Gill,Mumbai,MH,2023-02-21,N
C107343,Nikhil Roy,Gurugram,HR,2024-11-13,N
C107344,Siddharth Banerjee,Chennai,TN,2023-10-17,N
C107345,Sneha Shah,Delhi,DL,2024-02-17,Y
C107346,Isha Fernandes,Gurugram,HR,2023-01-02,N
C107347,Sneha Khanna,Ranchi,JH,2023-09-21,Y
C107348,Reyansh Dutta,Ahmedabad,GJ,2024-03-19,Y
C107349,Sneha Bose,Mumbai,MH,2023-06-07,Y
C107350,Swati Gupta,Chandigarh,CH,2024-11-01,Y
C107351,Arjun Rathore,Indore,MP,2023-10-17,N
C107352,Dev Yadav,Hyderabad,TS,2024-03-09,N
C107353,Manish Deshpande,Patna,BR,2024-06-18,N
C107354,Karan Patil,Lucknow,UP,2024-08-11,Y
C107355,Pranav Agarwal,Pune,MH,2022-08-09,Y
C107356,Zaid Chatterjee,Kochi,KL,2024-02-27,N
C107357,Zoya Singh,Ahmedabad,GJ,2022-11-05,Y
C107358,Swati Gill,Visakhapatnam,AP,2024-03-29,N
C107359,Dev Das,Bhopal,MP,2024-04-15,N
C107360,Isha Yadav,Nashik,MH,2024-11-27,Y
C107361,Rahul Bhatt,Bengaluru,KA,2024-03-20,Y
C107362,Shreya Das,Kochi,KL,2022-11-01,N
C107363,Rohan Desai,Noida,UP,2023-08-01,N
C107364,Vikram Roy,Guwahati,AS,2024-10-25,N
C107365,Geeta Shah,Guwahati,AS,2023-07-09,N
C107366,Simran Khan,Bhopal,MP,2024-04-20,N
C107367,Gurpreet Ansari,Gurugram,HR,2022-10-02,N
C107368,Vihaan Jadhav,Patna,BR,2024-03-24,Y
C107369,Shreya Joshi,Gurugram,HR,2022-11-24,N
C107370,Tanvi Bansal,Mysuru,KA,2024-11-02,N
C107371,Daniel Rathore,Kochi,KL,2024-02-13,N
C107372,Isha Shah,Vadodara,GJ,2023-07-30,Y
C107373,Pooja Deshpande,Gurugram,HR,2023-08-26,Y
C107374,Ramesh Patel,Nagpur,MH,2023-11-05,N
C107375,Aarav Pandey,Visakhapatnam,AP,2024-11-28,N
C107376,Nikhil Menon,Guwahati,AS,2023-11-13,N
C107377,Manish Sandhu,Hyderabad,TS,2024-01-28,N
C107378,Vikram Sandhu,Gurugram,HR,2024-07-31,N
C107379,Aditya Ghosh,Ranchi,JH,2024-12-24,Y
C107380,Sukhwinder Menon,Chennai,TN,2023-05-08,N
C107381,Ishaan Varghese,Guwahati,AS,2023-07-02,Y
C107382,Jaspreet Kapoor,Nagpur,MH,2022-09-09,N
C107383,Karan Verma,Thiruvananthapuram,KL,2023-04-17,N
C107384,Vivaan Kapoor,Thiruvananthapuram,KL,2024-06-20,Y
C107385,Reyansh Jadhav,Noida,UP,2022-12-08,N
C107386,Tarun Deshpande,Mumbai,MH,2024-05-10,Y
C107387,Kabir George,Ahmedabad,GJ,2024-01-01,N
C107388,Amit Kumar,Thiruvananthapuram,KL,2024-04-22,N
C107389,Harpreet Patel,Ranchi,JH,2023-06-03,N
C107390,Arjun Kumar,Delhi,DL,2022-12-28,N
C107391,Diya Pandey,Pune,MH,2024-05-15,N
C107392,Pranav Mathew,Nagpur,MH,2023-09-22,N
C107393,Mohammed Mukherjee,Vadodara,GJ,2022-10-05,N
C107394,Zoya Qureshi,Noida,UP,2023-01-18,N
C107395,Rahul Saxena,Raipur,CG,2024-02-08,Y
C107396,Karan Jadhav,Noida,UP,2022-07-18,Y
C107397,Vihaan Khan,Kochi,KL,2023-06-04,Y
C107398,Geeta D'Souza,Visakhapatnam,AP,2023-10-27,N
C107399,Zoya Varghese,Coimbatore,TN,2024-09-23,N
C107400,Simran Nair,Chennai,TN,2024-07-05,Y
C107401,Vihaan Fernandes,Raipur,CG,2024-09-28,N
C107402,Priya Chauhan,Delhi,DL,2023-03-25,N
C107403,Priya Pereira,Mysuru,KA,2024-04-04,N
C107404,Aarav Tiwari,Thiruvananthapuram,KL,2024-10-22,N
C107405,Steven Sen,Nagpur,MH,2023-06-17,N
C107406,Rohan Sethi,Nagpur,MH,2023-10-25,Y
C107407,Mohammed Mittal,Hyderabad,TS,2024-08-18,N
C107408,Daniel Sheikh,Noida,UP,2022-12-02,Y
C107409,Tanvi Khan,Hyderabad,TS,2023-04-09,N
C107410,Joseph Kapoor,Bhubaneswar,OR,2023-12-19,Y
C107411,Riya Verma,Coimbatore,TN,2023-04-07,N
C107412,Kavya Rathore,Chandigarh,CH,2024-04-28,N
C107413,Aadhya Mittal,Surat,GJ,2024-08-27,N
C107414,Kunal Kulkarni,Kolkata,WB,2023-08-08,Y
C107415,Tanvi Gill,Ranchi,JH,2022-07-17,N
C107416,Meera Dhillon,Patna,BR,2023-03-06,N
C107417,Komal Jadhav,Nagpur,MH,2024-02-28,N
C107418,Manish Kumar,Lucknow,UP,2022-11-10,N
C107419,Neha Singh,Nagpur,MH,2023-05-24,N
C107420,Riya Kaur,Indore,MP,2023-12-13,Y
C107421,Vihaan Shinde,Nagpur,MH,2023-11-12,N
C107422,Farah Sen,Noida,UP,2023-03-31,Y
C107423,Dev Gill,Dehradun,UK,2022-08-21,Y
C107424,Geeta Sandhu,Noida,UP,2022-12-09,N
C107425,Lakshmi Chauhan,Bhopal,MP,2023-09-08,Y
C107426,Deepak Patil,Indore,MP,2024-05-17,N
C107427,Steven Tiwari,Gurugram,HR,2023-06-02,N
C107428,Dev Mishra,Surat,GJ,2022-11-24,Y
C107429,Priya Pereira,Mysuru,KA,2023-09-23,Y
C107430,Aditya Kaur,Thiruvananthapuram,KL,2023-08-08,N
C107431,Aarav Kumar,Patna,BR,2024-08-12,N
C107432,Megha Tiwari,Mumbai,MH,2023-01-31,N
C107433,Neha Trivedi,Bhopal,MP,2024-08-08,N
C107434,Steven Gill,Pune,MH,2023-08-15,N
C107435,Divya Dhillon,Visakhapatnam,AP,2023-04-24,Y
C107436,Aadhya Dhillon,Lucknow,UP,2024-03-07,Y
C107437,Meera Gupta,Lucknow,UP,2023-02-13,N
C107438,Neha Pereira,Mumbai,MH,2023-03-06,N
C107439,Vihaan Kaur,Kolkata,WB,2022-09-29,N
C107440,Vivaan Sheikh,Delhi,DL,2022-11-24,N
C107441,Reyansh Fernandes,Bhopal,MP,2023-03-24,N
C107442,Aishwarya Pereira,Mysuru,KA,2023-08-21,Y
C107443,Sukhwinder Iyer,Chennai,TN,2022-09-24,N
C107444,Rahul Nair,Delhi,DL,2023-08-26,N
C107445,Nikhil Tiwari,Jaipur,RJ,2023-02-17,N
C107446,Kunal Gaikwad,Chennai,TN,2024-07-23,N
C107447,Tanvi Chopra,Chennai,TN,2023-02-09,N
C107448,Divya Das,Visakhapatnam,AP,2022-08-07,N
C107449,Krishna Sheikh,Dehradun,UK,2023-04-12,N
C107450,Daniel Das,Nagpur,MH,2023-09-14,N
C107451,Imran Gaikwad,Kolkata,WB,2024-03-29,N
C107452,Neha Ghosh,Patna,BR,2023-04-15,N
C107453,Tanvi Chauhan,Bhubaneswar,OR,2023-03-28,Y
C107454,Priya Rao,Visakhapatnam,AP,2023-10-10,N
C107455,Sukhwinder Mathew,Bhopal,MP,2024-02-29,N
C107456,Vihaan Rao,Kochi,KL,2024-01-24,N
C107457,Kavya Sen,Raipur,CG,2024-10-31,N
C107458,Imran Sharma,Mumbai,MH,2023-05-22,N
C107459,Kabir Gupta,Bengaluru,KA,2024-12-16,Y
C107460,Vikram Srivastava,Patna,BR,2024-05-16,N
C107461,Vihaan Ansari,Jaipur,RJ,2022-08-27,Y
C107462,Siddharth Sen,Bengaluru,KA,2023-02-01,N
C107463,Om Goyal,Bhopal,MP,2023-02-14,N
C107464,Thomas Sen,Bengaluru,KA,2023-09-17,N
C107465,Abhishek D'Souza,Bhopal,MP,2024-12-17,N
C107466,Daniel Chauhan,Coimbatore,TN,2023-02-13,N
C107467,Sameer Singh,Chandigarh,CH,2022-10-13,N
C107468,Nisha Chauhan,Bhopal,MP,2023-02-02,Y
C107469,Imran Srivastava,Ahmedabad,GJ,2024-01-13,N
C107470,Nikhil Singh,Delhi,DL,2022-11-22,Y
C107471,Rahul Iyer,Lucknow,UP,2024-12-10,Y
C107472,Steven Gaikwad,Nagpur,MH,2023-07-05,Y
C107473,Yash Yadav,Guwahati,AS,2024-05-16,N
C107474,Arjun Patil,Gurugram,HR,2024-10-01,Y
C107475,Geeta Shinde,Indore,MP,2024-04-18,Y
C107476,Farah Qureshi,Mumbai,MH,2024-08-11,N
C107477,Isha Kaur,Indore,MP,2023-05-25,N
C107478,Divya Dutta,Dehradun,UK,2023-06-06,N
C107479,Kunal Roy,Bhubaneswar,OR,2024-08-10,N
C107480,Nikhil Iyer,Bhubaneswar,OR,2024-12-20,N
C107481,Pranav Kumar,Ahmedabad,GJ,2023-11-20,N
C107482,Nisha Sen,Kolkata,WB,2023-03-31,N
C107483,Farah Ghosh,Hyderabad,TS,2023-04-20,N
C107484,Komal Sheikh,Bhopal,MP,2022-11-21,N
C107485,Gurpreet Iyer,Ranchi,JH,2022-07-30,N
C107486,Steven Rao,Indore,MP,2024-02-28,N
C107487,Jaspreet Sen,Chandigarh,CH,2024-05-28,N
C107488,Om Iyer,Dehradun,UK,2023-12-29,N
C107489,Om Gill,Bhopal,MP,2024-04-01,Y
C107490,Faisal Dhillon,Coimbatore,TN,2023-11-17,N
C107491,Vihaan Rao,Bhopal,MP,2022-11-25,N
C107492,Aditya Ansari,Ranchi,JH,2022-12-25,Y
C107493,Harsh Ansari,Bengaluru,KA,2023-11-09,N
C107494,Ishaan Patel,Visakhapatnam,AP,2024-07-13,N
C107495,Kunal Chatterjee,Kolkata,WB,2023-02-17,Y
C107496,Farah Das,Ranchi,JH,2024-04-25,Y
C107497,Aarav Yadav,Mumbai,MH,2023-04-21,Y
C107498,Sai Dutta,Noida,UP,2024-02-18,N
C107499,Priya Pereira,Lucknow,UP,2023-01-12,N
C107500,Ayaan Kulkarni,Patna,BR,2024-11-28,N
C107501,Suresh Mukherjee,Coimbatore,TN,2023-06-18,Y
C107502,Payal Sheikh,Gurugram,HR,2024-12-15,N
C107503,Meera Rao,Chandigarh,CH,2024-10-07,N
C107504,Rohan Trivedi,Dehradun,UK,2023-01-02,N
C107505,Sneha Naidu,Nagpur,MH,2023-04-01,N
C107506,Tenzin Kaur,Lucknow,UP,2024-06-13,Y
C107507,Pranav Pillai,Coimbatore,TN,2023-10-29,Y
C107508,Ananya Sheikh,Mumbai,MH,2022-09-14,N
C107509,Aditya Pereira,Gurugram,HR,2023-07-29,Y
C107510,Harsh Deshpande,Chennai,TN,2022-11-08,Y
C107511,Suresh Mehta,Kolkata,WB,2024-09-26,Y
C107512,Zaid Srivastava,Kolkata,WB,2023-05-26,N
C107513,Rohit Roy,Jaipur,RJ,2023-04-23,N
C107514,Tenzin Sheikh,Guwahati,AS,2024-02-29,Y
C107515,Harsh Bansal,Thiruvananthapuram,KL,2024-04-14,N
C107516,Amit Singh,Gurugram,HR,2024-05-20,N
C107517,Tanvi Joshi,Indore,MP,2024-08-13,N
C107518,Amit Chopra,Noida,UP,2024-11-29,N
C107519,Vihaan Sen,Dehradun,UK,2022-10-01,N
C107520,Pooja Tiwari,Vadodara,GJ,2023-01-21,N
C107521,Om Sen,Surat,GJ,2024-06-16,N
C107522,Lobsang Bhatt,Thiruvananthapuram,KL,2024-10-05,N
C107523,Nikhil Roy,Hyderabad,TS,2024-06-26,N
C107524,Aarav Naidu,Jaipur,RJ,2024-10-02,N
C107525,Kavya Shinde,Bhopal,MP,2022-11-23,Y
C107526,Anjali Bhatia,Gurugram,HR,2023-12-20,Y
C107527,Nisha Pandey,Thiruvananthapuram,KL,2022-08-12,N
C107528,Kunal Jadhav,Delhi,DL,2023-12-12,N
C107529,Neha Pawar,Surat,GJ,2024-07-09,Y
C107530,Imran Banerjee,Hyderabad,TS,2023-11-25,N
C107531,Geeta Pereira,Pune,MH,2024-12-15,N
C107532,Vivaan Dutta,Nashik,MH,2024-06-29,N
C107533,Faisal Singh,Noida,UP,2024-02-26,Y
C107534,Aadhya Agarwal,Kolkata,WB,2024-04-14,Y
C107535,Pranav Naidu,Mumbai,MH,2024-04-18,N
C107536,Kabir Trivedi,Ranchi,JH,2024-07-28,N
C107537,Aishwarya Chopra,Bengaluru,KA,2023-10-08,N
C107538,Tenzin Khan,Bhubaneswar,OR,2024-07-25,N
C107539,Farah Desai,Thiruvananthapuram,KL,2023-06-11,Y
C107540,Ananya Shinde,Surat,GJ,2022-10-17,Y
C107541,Aditya Iyer,Chennai,TN,2022-08-28,N
C107542,Shreya Nair,Noida,UP,2024-12-30,Y
C107543,Aditya Sethi,Thiruvananthapuram,KL,2024-05-23,N
C107544,Aarav Kumar,Mysuru,KA,2023-04-17,N
C107545,Farah Mukherjee,Mysuru,KA,2023-09-16,N
C107546,Harpreet Mishra,Chandigarh,CH,2023-11-01,N
C107547,Siddharth Trivedi,Nagpur,MH,2024-11-11,N
C107548,Farah Patel,Noida,UP,2023-12-11,Y
C107549,Meera Bansal,Lucknow,UP,2024-09-13,N
C107550,Tarun Joshi,Mumbai,MH,2023-06-29,Y
C107551,Shreya Gaikwad,Nashik,MH,2022-11-13,Y
C107552,Pranav Pawar,Bhubaneswar,OR,2023-05-01,Y
C107553,Ishaan Bansal,Surat,GJ,2024-09-23,N
C107554,Rajat Shinde,Nashik,MH,2024-12-20,N
C107555,Krishna Varghese,Chandigarh,CH,2024-02-16,Y
C107556,Aarav Pawar,Patna,BR,2023-12-22,N
C107557,Faisal Deshpande,Lucknow,UP,2023-02-23,N
C107558,Dev Pereira,Nashik,MH,2023-10-11,N
C107559,Sneha Desai,Bhubaneswar,OR,2023-10-10,N
C107560,Sneha Banerjee,Bhubaneswar,OR,2024-07-03,N
C107561,Pooja Yadav,Pune,MH,2023-06-24,N
C107562,Gurpreet Qureshi,Guwahati,AS,2022-12-02,Y
C107563,Zaid Khanna,Indore,MP,2024-11-20,N
C107564,Anjali Bhatt,Nagpur,MH,2022-09-06,N
C107565,Tarun Chauhan,Ranchi,JH,2024-05-20,N
C107566,Nisha Ansari,Ranchi,JH,2022-10-09,N
C107567,Sukhwinder Reddy,Bengaluru,KA,2022-12-22,N
C107568,Anjali Rathore,Jaipur,RJ,2024-05-20,N
C107569,Arjun Dutta,Nagpur,MH,2022-10-22,N
C107570,Mohammed Chopra,Raipur,CG,2023-05-01,Y
C107571,Manpreet Mehta,Chandigarh,CH,2023-02-07,N
C107572,Aishwarya Nair,Kolkata,WB,2022-08-06,N
C107573,Zoya Menon,Patna,BR,2024-04-07,Y
C107574,Priya George,Ranchi,JH,2023-08-17,N
C107575,Zaid Ghosh,Nagpur,MH,2024-02-06,N
C107576,Lobsang Yadav,Patna,BR,2023-03-21,Y
C107577,Saanvi Patel,Nashik,MH,2023-09-01,Y
C107578,Vihaan Srivastava,Bhopal,MP,2024-05-03,N
C107579,Tarun Kaur,Hyderabad,TS,2024-08-22,N
C107580,Deepak Sandhu,Bhubaneswar,OR,2024-05-15,Y
C107581,Aadhya Chauhan,Delhi,DL,2022-12-07,N
C107582,Neha Qureshi,Ahmedabad,GJ,2024-08-21,N
C107583,Swati Qureshi,Chennai,TN,2024-01-05,N
C107584,Sunita Jadhav,Vadodara,GJ,2023-03-09,N
C107585,Swati Chatterjee,Noida,UP,2023-11-24,Y
C107586,Mohammed Nair,Thiruvananthapuram,KL,2023-11-10,N
C107587,Rahul Kulkarni,Nashik,MH,2023-09-11,Y
C107588,Manpreet Patil,Guwahati,AS,2023-12-24,Y
C107589,Suresh Joshi,Dehradun,UK,2024-11-08,N
C107590,Daniel Srivastava,Gurugram,HR,2023-02-21,N
C107591,Sameer Bose,Chennai,TN,2024-07-10,Y
C107592,Varun Malhotra,Chandigarh,CH,2023-03-28,N
C107593,Rohit Jain,Mumbai,MH,2022-09-26,Y
C107594,Saanvi George,Ahmedabad,GJ,2024-11-23,N
C107595,Joseph Banerjee,Lucknow,UP,2024-09-18,N
C107596,Ankit Bose,Patna,BR,2023-07-27,N
C107597,Om Siddiqui,Kochi,KL,2024-11-13,N
C107598,Rohit Agarwal,Vadodara,GJ,2022-10-16,Y
C107599,Ishaan Kumar,Guwahati,AS,2024-10-20,N
C107600,Krishna Agarwal,Coimbatore,TN,2023-09-14,Y
C107601,Meera Pandey,Kolkata,WB,2022-11-26,N
C107602,Simran Goyal,Nashik,MH,2024-09-19,N
C107603,Kavya Chopra,Delhi,DL,2023-10-18,Y
C107604,Priya Trivedi,Coimbatore,TN,2024-03-29,N
C107605,Priya Mathew,Patna,BR,2024-07-27,N
C107606,Imran Chauhan,Indore,MP,2022-10-27,N
C107607,Anjali Agarwal,Delhi,DL,2024-12-09,N
C107608,Isha Pillai,Patna,BR,2023-09-18,N
C107609,Vikram Jadhav,Bhubaneswar,OR,2022-11-10,N
C107610,Swati Ansari,Kolkata,WB,2024-09-22,N
C107611,Reyansh Mukherjee,Coimbatore,TN,2023-06-29,Y
C107612,Aditya Bose,Bhopal,MP,2022-08-21,Y
C107613,Payal Kulkarni,Indore,MP,2024-08-29,N
C107614,Gurpreet Dhillon,Raipur,CG,2022-11-04,N
C107615,Ramesh Nair,Chandigarh,CH,2022-08-31,N
C107616,Suresh Khanna,Patna,BR,2024-12-24,N
C107617,Ramesh Gaikwad,Jaipur,RJ,2024-04-20,N
C107618,Rohit Shah,Hyderabad,TS,2023-10-25,N
C107619,Tenzin George,Coimbatore,TN,2024-10-16,N
C107620,Sai Rathore,Indore,MP,2024-08-11,N
C107621,Om Gupta,Bhopal,MP,2024-05-02,Y
C107622,Deepak Srivastava,Coimbatore,TN,2023-08-26,N
C107623,Megha Mehta,Dehradun,UK,2024-05-20,Y
C107624,Harsh Chauhan,Raipur,CG,2024-05-01,Y
C107625,Pranav Mathew,Gurugram,HR,2023-02-24,Y
C107626,Aishwarya Sethi,Hyderabad,TS,2022-10-05,N
C107627,Sameer Bose,Guwahati,AS,2024-07-29,N
C107628,Daniel Gupta,Coimbatore,TN,2024-12-14,Y
C107629,Nikhil Mishra,Raipur,CG,2024-11-26,Y
C107630,Karan Mathew,Indore,MP,2022-11-10,N
C107631,Steven Goyal,Kochi,KL,2022-12-29,N
C107632,Geeta Shah,Mumbai,MH,2024-04-20,N
C107633,Kunal Reddy,Nagpur,MH,2024-06-08,N
C107634,Abhishek Mukherjee,Ranchi,JH,2022-08-10,N
C107635,Sneha George,Mumbai,MH,2024-10-24,Y
C107636,Nisha Iyer,Kochi,KL,2023-09-28,N
C107637,Rohan Bose,Guwahati,AS,2024-09-01,Y
C107638,Neha Sandhu,Vadodara,GJ,2022-08-24,N
C107639,Varun Yadav,Bengaluru,KA,2024-03-08,Y
C107640,Krishna Saxena,Bhopal,MP,2023-05-30,N
C107641,Aditya Kaur,Vadodara,GJ,2023-03-02,Y
C107642,Aditya Arora,Patna,BR,2024-09-10,N
C107643,Joseph Srivastava,Pune,MH,2022-07-25,N
C107644,Jaspreet Jadhav,Kolkata,WB,2024-01-23,Y
C107645,Ramesh Pereira,Jaipur,RJ,2022-08-05,N
C107646,Amit Saxena,Patna,BR,2024-08-01,Y
C107647,Karan Sharma,Hyderabad,TS,2023-05-04,N
C107648,Sukhwinder Chauhan,Thiruvananthapuram,KL,2024-09-09,N
C107649,Anjali Roy,Raipur,CG,2024-12-02,N
C107650,Amit Pandey,Pune,MH,2023-02-25,N
C107651,Lobsang Shinde,Hyderabad,TS,2022-10-19,N
C107652,Rajat Ansari,Bengaluru,KA,2023-10-26,Y
C107653,Vikram Gaikwad,Patna,BR,2022-08-07,N
C107654,Yash Das,Chandigarh,CH,2022-11-30,N
C107655,Ritika Srivastava,Bengaluru,KA,2023-07-28,N
C107656,Tenzin Joshi,Patna,BR,2022-10-06,N
C107657,Sneha Trivedi,Dehradun,UK,2023-06-24,Y
C107658,Aarav Mittal,Dehradun,UK,2024-12-21,N
C107659,Dev Bhatt,Kochi,KL,2024-08-12,Y
C107660,Suresh Patel,Vadodara,GJ,2024-10-26,N
C107661,Tenzin Patel,Nashik,MH,2023-09-23,N
C107662,Nikhil Khanna,Coimbatore,TN,2023-02-11,N
C107663,Thomas Rao,Patna,BR,2023-04-21,N
C107664,Daniel Deshpande,Visakhapatnam,AP,2023-12-15,N
C107665,Vihaan Ansari,Noida,UP,2023-11-05,Y
C107666,Lobsang Jain,Ahmedabad,GJ,2024-05-01,Y
C107667,Komal Malhotra,Thiruvananthapuram,KL,2022-08-20,N
C107668,Rohan Bhatia,Chennai,TN,2024-04-02,N
C107669,Manish Sharma,Nagpur,MH,2022-09-25,N
C107670,Kabir Gill,Bhubaneswar,OR,2024-08-01,N
C107671,Sameer Reddy,Surat,GJ,2022-11-15,Y
C107672,Nisha Sharma,Indore,MP,2023-04-18,N
C107673,Neha Bose,Bhubaneswar,OR,2024-01-26,N
C107674,Aditya Kaur,Ranchi,JH,2022-11-25,N
C107675,Geeta Patel,Ranchi,JH,2024-03-10,Y
C107676,Simran Singh,Bhubaneswar,OR,2023-02-20,N
C107677,Rohit Sharma,Chennai,TN,2022-10-26,N
C107678,Manpreet Shah,Chandigarh,CH,2023-09-08,Y
C107679,Yash Singh,Kolkata,WB,2024-06-03,Y
C107680,Varun Rao,Nagpur,MH,2023-06-23,N
C107681,Lobsang Pillai,Nashik,MH,2024-06-12,N
C107682,Rajat Bansal,Lucknow,UP,2022-11-11,N
C107683,Priya Reddy,Raipur,CG,2022-10-04,Y
C107684,Kavya Gupta,Ahmedabad,GJ,2024-12-12,Y
C107685,Kabir Sheikh,Lucknow,UP,2023-02-01,N
C107686,Pooja Tiwari,Pune,MH,2023-03-03,N
C107687,Siddharth Shinde,Bhopal,MP,2024-07-04,Y
C107688,Ritika Mishra,Hyderabad,TS,2024-02-29,N
C107689,Kunal Sen,Kochi,KL,2023-04-18,N
C107690,Abhishek Shah,Gurugram,HR,2023-05-06,Y
C107691,Saanvi Trivedi,Dehradun,UK,2023-01-05,Y
C107692,Thomas D'Souza,Noida,UP,2024-04-20,Y
C107693,Simran Roy,Visakhapatnam,AP,2023-01-21,N
C107694,Lakshmi Rathore,Mumbai,MH,2024-03-16,Y
C107695,Varun Rao,Indore,MP,2022-08-11,N
C107696,Neha Mehta,Raipur,CG,2023-03-21,N
C107697,Manpreet Mukherjee,Surat,GJ,2023-02-15,N
C107698,Rajat George,Surat,GJ,2024-11-30,N
C107699,Joseph Arora,Bhubaneswar,OR,2022-09-25,N
C107700,Joseph Chopra,Indore,MP,2024-07-09,N
C107701,Zoya Jain,Nagpur,MH,2023-05-17,N
C107702,Saanvi Roy,Kolkata,WB,2023-11-27,Y
C107703,Sai Sethi,Coimbatore,TN,2023-01-14,N
C107704,Pranav Banerjee,Pune,MH,2024-04-16,N
C107705,Siddharth Kapoor,Ahmedabad,GJ,2022-11-22,N
C107706,Faisal Mukherjee,Hyderabad,TS,2024-09-19,N
C107707,Farah Pereira,Pune,MH,2022-10-07,N
C107708,Mohammed Gupta,Guwahati,AS,2023-10-16,N
C107709,Krishna Patel,Kochi,KL,2022-11-01,N
C107710,Simran Kulkarni,Vadodara,GJ,2024-09-17,N
C107711,Varun Shinde,Kochi,KL,2022-07-20,Y
C107712,Rajat George,Delhi,DL,2023-05-16,Y
C107713,Pooja Kulkarni,Bhubaneswar,OR,2023-05-13,Y
C107714,Swati Joshi,Kochi,KL,2022-12-05,N
C107715,Aditya Mittal,Hyderabad,TS,2022-10-21,N
C107716,Riya Kulkarni,Kolkata,WB,2024-06-11,N
C107717,Rohit Dhillon,Kolkata,WB,2023-11-11,Y
C107718,Payal Agarwal,Bhopal,MP,2022-09-26,N
C107719,Neha Iyer,Kochi,KL,2023-11-13,Y
C107720,Manish Srivastava,Coimbatore,TN,2023-12-21,Y
C107721,Manish Pawar,Gurugram,HR,2024-03-08,N
C107722,Tenzin Malhotra,Indore,MP,2023-08-22,N
C107723,Sameer Bhatt,Guwahati,AS,2023-10-26,Y
C107724,Vivaan Shinde,Gurugram,HR,2023-03-21,Y
C107725,Rohan Gaikwad,Raipur,CG,2022-11-25,N
C107726,Rajat D'Souza,Coimbatore,TN,2023-06-14,Y
C107727,Geeta Chatterjee,Visakhapatnam,AP,2022-10-12,N
C107728,Amit Mukherjee,Kochi,KL,2024-10-08,N
C107729,Harsh Sheikh,Raipur,CG,2024-10-16,N
C107730,Zaid D'Souza,Chandigarh,CH,2024-02-03,N
C107731,Sunita Mukherjee,Guwahati,AS,2022-09-12,N
C107732,Ayaan Patil,Visakhapatnam,AP,2024-09-07,Y
C107733,Komal Verma,Vadodara,GJ,2024-06-08,N
C107734,Lakshmi Pandey,Ranchi,JH,2024-09-22,Y
C107735,Deepak Sharma,Pune,MH,2024-10-13,N
C107736,Mohammed Naidu,Raipur,CG,2023-10-12,Y
C107737,Nisha Nair,Mysuru,KA,2024-06-07,N
C107738,Zaid Naidu,Indore,MP,2022-12-21,N
C107739,Lakshmi Dhillon,Chennai,TN,2024-06-23,N
C107740,Tenzin Kumar,Bhubaneswar,OR,2024-12-21,N
C107741,Pranav Bansal,Dehradun,UK,2022-08-04,N
C107742,Diya Sethi,Bhubaneswar,OR,2023-04-12,N
C107743,Krishna Sethi,Thiruvananthapuram,KL,2023-12-27,Y
C107744,Ankit Bansal,Mysuru,KA,2024-07-10,Y
C107745,Vivaan George,Lucknow,UP,2024-06-27,Y
C107746,Farah Gill,Mumbai,MH,2023-07-01,N
C107747,Kabir Iyer,Surat,GJ,2022-10-16,N
C107748,Kabir Bhatia,Kolkata,WB,2023-08-11,N
C107749,Anjali Tiwari,Guwahati,AS,2024-01-21,Y
C107750,Imran Menon,Bengaluru,KA,2023-04-03,N
C107751,Aditya Desai,Noida,UP,2023-04-24,Y
C107752,Imran Sharma,Mumbai,MH,2023-12-21,Y
C107753,Ramesh Das,Ahmedabad,GJ,2023-09-29,N
C107754,Geeta Kumar,Bengaluru,KA,2024-07-12,N
C107755,Meera Desai,Jaipur,RJ,2024-11-17,Y
C107756,Megha Dhillon,Indore,MP,2024-05-03,N
C107757,Sameer Ghosh,Patna,BR,2023-07-18,N
C107758,Yash Shinde,Patna,BR,2024-05-06,N
C107759,Krishna Ansari,Bengaluru,KA,2022-11-13,Y
C107760,Krishna Chopra,Kochi,KL,2022-12-19,N
C107761,Sneha Gaikwad,Bhubaneswar,OR,2022-07-20,N
C107762,Karan Singh,Delhi,DL,2024-09-06,Y
C107763,Bhavna Khan,Kolkata,WB,2023-11-05,N
C107764,Sukhwinder Khanna,Thiruvananthapuram,KL,2024-12-21,N
C107765,Riya Mishra,Vadodara,GJ,2024-02-04,N
C107766,Joseph D'Souza,Guwahati,AS,2024-07-20,N
C107767,Siddharth Pillai,Guwahati,AS,2022-08-19,Y
C107768,Shreya Patel,Bengaluru,KA,2024-09-25,N
C107769,Vivaan Pawar,Surat,GJ,2024-02-03,N
C107770,Vihaan Rathore,Jaipur,RJ,2024-07-15,N
C107771,Komal Chopra,Mumbai,MH,2023-02-28,Y
C107772,Mohammed Saxena,Mumbai,MH,2024-07-30,Y
C107773,Sai Singh,Nashik,MH,2023-09-26,N
C107774,Simran Bose,Coimbatore,TN,2023-08-02,N
C107775,Tenzin Singh,Chennai,TN,2024-08-11,Y
C107776,Swati Singh,Jaipur,RJ,2024-12-12,Y
C107777,Geeta Chauhan,Chennai,TN,2024-06-14,N
C107778,Gurpreet Bose,Gurugram,HR,2024-12-20,Y
C107779,Lakshmi Pillai,Vadodara,GJ,2022-08-10,N
C107780,Diya Bhatt,Kolkata,WB,2023-08-09,N
C107781,Krishna Khanna,Lucknow,UP,2023-09-24,N
C107782,Jaspreet Pandey,Hyderabad,TS,2024-08-15,N
C107783,Vikram Banerjee,Gurugram,HR,2022-07-19,Y
C107784,Joseph Ansari,Noida,UP,2023-06-13,N
C107785,Farah Dhillon,Nagpur,MH,2022-10-20,N
C107786,Priya Dutta,Ahmedabad,GJ,2024-10-13,N
C107787,Dev Reddy,Surat,GJ,2023-04-09,N
C107788,Harsh Mittal,Chandigarh,CH,2024-09-02,Y
C107789,Aarav Pillai,Bhopal,MP,2024-01-22,N
C107790,Abhishek Reddy,Nagpur,MH,2024-07-20,N
C107791,Om Pawar,Mumbai,MH,2024-02-07,N
C107792,Varun Das,Patna,BR,2024-08-10,N
C107793,Vivaan Jadhav,Lucknow,UP,2024-04-17,Y
C107794,Siddharth Kumar,Kolkata,WB,2023-01-26,N
C107795,Shreya Chauhan,Indore,MP,2023-03-21,N
C107796,Priya Sharma,Vadodara,GJ,2022-12-13,Y
C107797,Imran Rao,Mumbai,MH,2024-11-29,Y
C107798,Harsh Desai,Gurugram,HR,2023-09-26,Y
C107799,Siddharth Saxena,Vadodara,GJ,2023-01-15,Y
C107800,Pooja Deshpande,Patna,BR,2024-12-28,Y
C107801,Saanvi Sheikh,Mumbai,MH,2024-04-20,N
C107802,Krishna Shah,Indore,MP,2024-07-26,N
C107803,Steven Saxena,Dehradun,UK,2023-07-15,N
C107804,Rohan Khan,Raipur,CG,2024-10-02,Y
C107805,Arjun Reddy,Kolkata,WB,2023-09-13,N
C107806,Vihaan Gaikwad,Vadodara,GJ,2022-10-28,Y
C107807,Abhishek Bansal,Raipur,CG,2024-10-23,Y
C107808,Rahul Mittal,Gurugram,HR,2024-08-29,Y
C107809,Ishaan Dutta,Visakhapatnam,AP,2023-01-19,N
C107810,Kabir Chopra,Mysuru,KA,2024-03-01,N
C107811,Mohammed Arora,Pune,MH,2023-11-06,Y
C107812,Tarun Reddy,Coimbatore,TN,2023-01-15,N
C107813,Ritika Gaikwad,Ranchi,JH,2023-02-18,N
C107814,Daniel Ghosh,Gurugram,HR,2023-01-31,N
C107815,Kunal Singh,Gurugram,HR,2023-08-25,N
C107816,Yash Shinde,Bhubaneswar,OR,2023-08-01,N
C107817,Geeta Sandhu,Nashik,MH,2022-09-08,Y
C107818,Suresh Gaikwad,Ranchi,JH,2023-05-16,Y
C107819,Yash Shah,Noida,UP,2024-05-24,N
C107820,Komal Banerjee,Kochi,KL,2023-04-20,N
C107821,Kavya Singh,Bhubaneswar,OR,2022-12-24,Y
C107822,Deepak Trivedi,Jaipur,RJ,2022-08-18,N
C107823,Steven Sheikh,Ahmedabad,GJ,2023-10-20,N
C107824,Suresh Srivastava,Mysuru,KA,2023-03-29,N
C107825,Bhavna Deshpande,Chandigarh,CH,2022-11-21,N
C107826,Ananya Chatterjee,Bhopal,MP,2024-05-01,Y
C107827,Arjun Siddiqui,Raipur,CG,2023-08-08,N
C107828,Farah Ghosh,Indore,MP,2022-11-29,N
C107829,Pranav Rao,Indore,MP,2023-02-28,N
C107830,Isha Yadav,Hyderabad,TS,2024-07-05,Y
C107831,Aarav Mathew,Kochi,KL,2023-02-04,Y
C107832,Karan Ansari,Hyderabad,TS,2022-07-19,N
C107833,Harsh Chopra,Mysuru,KA,2023-09-01,Y
C107834,Geeta Verma,Visakhapatnam,AP,2024-03-12,N
C107835,Saanvi Mehta,Bhubaneswar,OR,2024-05-18,N
C107836,Pranav Pereira,Lucknow,UP,2023-07-31,Y
C107837,Krishna Gill,Kolkata,WB,2024-03-06,Y
C107838,Neha Dhillon,Chennai,TN,2023-07-30,Y
C107839,Krishna Bose,Noida,UP,2024-07-06,Y
C107840,Bhavna Kumar,Bhubaneswar,OR,2024-05-25,N
C107841,Zoya Iyer,Mumbai,MH,2022-12-26,N
C107842,Anjali Chopra,Coimbatore,TN,2022-07-17,N
C107843,Geeta Sethi,Bhopal,MP,2023-07-02,Y
C107844,Lobsang Menon,Thiruvananthapuram,KL,2024-11-08,Y
C107845,Gurpreet Varghese,Noida,UP,2024-09-01,N
C107846,Tenzin Srivastava,Indore,MP,2022-08-26,N
C107847,Meera Verma,Pune,MH,2022-10-16,Y
C107848,Nisha Banerjee,Chennai,TN,2022-10-25,N
C107849,Vihaan Kaur,Visakhapatnam,AP,2024-01-09,N
C107850,Tenzin Bhatt,Raipur,CG,2023-10-20,Y
C107851,Rajat Mishra,Ahmedabad,GJ,2023-03-07,Y
C107852,Varun Gaikwad,Bengaluru,KA,2022-10-16,Y
C107853,Karan Srivastava,Indore,MP,2023-09-25,N
C107854,Vivaan Deshpande,Kolkata,WB,2024-11-01,N
C107855,Vikram Srivastava,Bhopal,MP,2024-08-05,N
C107856,Ananya Arora,Pune,MH,2023-02-18,N
C107857,Meera Qureshi,Kolkata,WB,2022-07-26,N
C107858,Om Bansal,Nagpur,MH,2023-08-27,N
C107859,Rohit Pandey,Guwahati,AS,2023-11-27,Y
C107860,Aishwarya Pereira,Ahmedabad,GJ,2024-03-18,N
C107861,Varun Khanna,Chandigarh,CH,2022-09-24,N
C107862,Amit Mittal,Dehradun,UK,2024-08-13,N
C107863,Kabir Rathore,Indore,MP,2023-06-16,Y
C107864,Bhavna D'Souza,Mumbai,MH,2023-07-03,Y
C107865,Yash Sandhu,Bengaluru,KA,2024-08-03,Y
C107866,Simran Rathore,Kochi,KL,2023-02-27,N
C107867,Tarun Pandey,Indore,MP,2024-12-30,Y
C107868,Diya Yadav,Surat,GJ,2024-10-19,N
C107869,Yash Das,Surat,GJ,2024-12-09,N
C107870,Lobsang Pawar,Chennai,TN,2023-06-12,N
C107871,Komal Mehta,Kolkata,WB,2023-01-25,Y
C107872,Mohammed Singh,Visakhapatnam,AP,2023-04-11,N
C107873,Vihaan Pawar,Noida,UP,2023-01-04,Y
C107874,Karan Verma,Lucknow,UP,2024-08-07,Y
C107875,Lobsang Deshpande,Ranchi,JH,2024-02-15,Y
C107876,Gurpreet Sharma,Bhopal,MP,2023-07-28,N
C107877,Nisha Chopra,Thiruvananthapuram,KL,2022-09-03,N
C107878,Amit Mishra,Hyderabad,TS,2022-10-11,N
C107879,Rahul Pandey,Bhopal,MP,2023-11-19,Y
C107880,Gurpreet Tiwari,Chennai,TN,2023-03-31,N
C107881,Gurpreet Kapoor,Nashik,MH,2024-03-07,N
C107882,Suresh Sandhu,Ahmedabad,GJ,2022-09-07,N
C107883,Tarun Saxena,Ahmedabad,GJ,2023-01-08,N
C107884,Nisha Dhillon,Hyderabad,TS,2024-04-17,N
C107885,Anjali Kulkarni,Gurugram,HR,2024-07-22,Y
C107886,Komal Saxena,Bhubaneswar,OR,2022-09-08,N
C107887,Pranav Kaur,Ahmedabad,GJ,2023-12-08,N
C107888,Priya Sandhu,Guwahati,AS,2024-04-27,Y
C107889,Kavya Goyal,Bengaluru,KA,2024-03-23,Y
C107890,Ramesh Joshi,Jaipur,RJ,2023-01-05,N
C107891,Faisal Bansal,Ranchi,JH,2024-09-30,N
C107892,Arjun Singh,Mysuru,KA,2023-02-13,N
C107893,Varun Jadhav,Kolkata,WB,2024-12-11,N
C107894,Saanvi Gill,Hyderabad,TS,2024-02-22,N
C107895,Ankit Siddiqui,Thiruvananthapuram,KL,2024-03-03,N
C107896,Meera Nair,Hyderabad,TS,2024-08-23,N
C107897,Shreya Sen,Nashik,MH,2023-05-02,N
C107898,Suresh Sandhu,Indore,MP,2022-12-12,N
C107899,Ananya Banerjee,Indore,MP,2024-07-22,N
C107900,Pooja Qureshi,Ahmedabad,GJ,2022-09-25,N
C107901,Rohan Khan,Delhi,DL,2024-05-29,N
C107902,Bhavna Ansari,Delhi,DL,2023-01-03,Y
C107903,Priya Naidu,Kochi,KL,2024-03-23,N
C107904,Tarun Yadav,Chandigarh,CH,2024-11-21,Y
C107905,Jaspreet Srivastava,Vadodara,GJ,2022-12-30,N
C107906,Ayaan Siddiqui,Guwahati,AS,2023-05-17,N
C107907,Reyansh Gill,Bhopal,MP,2024-01-11,N
C107908,Arjun Nair,Chandigarh,CH,2024-11-15,N
C107909,Rohit Sandhu,Ahmedabad,GJ,2024-06-16,Y
C107910,Megha Bhatt,Raipur,CG,2024-10-02,N
C107911,Lobsang Verma,Coimbatore,TN,2023-09-01,N
C107912,Amit Desai,Lucknow,UP,2023-09-26,N
C107913,Ramesh Saxena,Ahmedabad,GJ,2024-09-16,N
C107914,Aarav Kapoor,Surat,GJ,2024-05-17,Y
C107915,Simran Jadhav,Bengaluru,KA,2024-10-05,N
C107916,Riya Sethi,Indore,MP,2023-04-06,Y
C107917,Saanvi Sen,Thiruvananthapuram,KL,2023-06-06,N
C107918,Kunal Desai,Visakhapatnam,AP,2024-03-12,Y
C107919,Farah Shah,Delhi,DL,2022-10-05,N
C107920,Aditya Iyer,Vadodara,GJ,2024-01-15,N
C107921,Kavya Yadav,Dehradun,UK,2022-09-26,N
C107922,Imran Reddy,Delhi,DL,2024-01-19,N
C107923,Karan Naidu,Kolkata,WB,2023-11-23,Y
C107924,Arjun Das,Indore,MP,2023-09-11,Y
C107925,Nikhil Gaikwad,Surat,GJ,2024-10-06,Y
C107926,Shreya Naidu,Gurugram,HR,2023-06-12,N
C107927,Sameer Iyer,Visakhapatnam,AP,2024-04-26,N
C107928,Tarun Chopra,Hyderabad,TS,2023-04-07,Y
C107929,Rohan Pereira,Kochi,KL,2024-03-15,N
C107930,Pranav Dhillon,Patna,BR,2024-04-04,N
C107931,Dev Pereira,Surat,GJ,2023-12-22,N
C107932,Suresh Deshpande,Ranchi,JH,2023-07-24,N
C107933,Sunita Deshpande,Jaipur,RJ,2024-09-17,N
C107934,Ishaan Verma,Lucknow,UP,2023-11-22,N
C107935,Riya Gaikwad,Kolkata,WB,2023-05-24,N
C107936,Aditya Rao,Nashik,MH,2022-10-22,N
C107937,Rahul Patel,Jaipur,RJ,2023-05-22,N
C107938,Riya Das,Kochi,KL,2024-08-01,N
C107939,Kabir Qureshi,Bengaluru,KA,2024-03-05,N
C107940,Meera Das,Jaipur,RJ,2023-11-03,N
C107941,Harpreet Kapoor,Thiruvananthapuram,KL,2024-05-24,N
C107942,Isha Dutta,Delhi,DL,2023-01-02,N
C107943,Rajat Ghosh,Indore,MP,2022-12-23,N
C107944,Vikram George,Mumbai,MH,2023-02-21,N
C107945,Anjali Shah,Nagpur,MH,2022-07-28,N
C107946,Steven Chopra,Thiruvananthapuram,KL,2024-01-02,Y
C107947,Riya Dutta,Delhi,DL,2022-07-23,Y
C107948,Steven Iyer,Raipur,CG,2022-12-08,N
C107949,Anjali Jadhav,Bhubaneswar,OR,2022-11-05,N
C107950,Priya Kapoor,Mumbai,MH,2024-07-01,Y
C107951,Aditya Patel,Coimbatore,TN,2023-10-25,Y
C107952,Riya Rathore,Hyderabad,TS,2024-11-27,N
C107953,Geeta Varghese,Gurugram,HR,2024-12-25,N
C107954,Saanvi Jadhav,Mumbai,MH,2023-11-15,N
C107955,Steven George,Thiruvananthapuram,KL,2023-02-20,N
C107956,Sunita Mishra,Pune,MH,2024-10-21,N
C107957,Rahul George,Bhubaneswar,OR,2022-09-29,N
C107958,Sai Khan,Lucknow,UP,2024-08-16,N
C107959,Faisal Deshpande,Thiruvananthapuram,KL,2024-12-05,Y
C107960,Anjali Patil,Noida,UP,2024-09-28,N
C107961,Sunita Saxena,Raipur,CG,2024-07-26,N
C107962,Vivaan Deshpande,Thiruvananthapuram,KL,2024-08-16,N
C107963,Kabir Bhatia,Jaipur,RJ,2024-06-15,N
C107964,Krishna Khanna,Delhi,DL,2023-10-22,N
C107965,Jaspreet Malhotra,Surat,GJ,2024-05-30,Y
C107966,Vikram Gupta,Visakhapatnam,AP,2024-10-19,Y
C107967,Om Sethi,Indore,MP,2024-08-31,N
C107968,Bhavna Gupta,Surat,GJ,2023-10-07,N
C107969,Sameer Iyer,Bhubaneswar,OR,2024-08-02,N
C107970,Geeta Mukherjee,Jaipur,RJ,2022-10-17,N
C107971,Nikhil Das,Indore,MP,2023-08-17,N
C107972,Tenzin Bhatia,Gurugram,HR,2023-02-02,N
C107973,Divya Singh,Ranchi,JH,2024-10-01,N
C107974,Rohan Goyal,Vadodara,GJ,2022-08-21,N
C107975,Aadhya Pereira,Thiruvananthapuram,KL,2024-08-11,N
C107976,Nikhil Jain,Gurugram,HR,2024-04-12,N
C107977,Ramesh Iyer,Raipur,CG,2024-02-22,N
C107978,Anjali Deshpande,Nagpur,MH,2024-08-07,N
C107979,Rohan Mukherjee,Mysuru,KA,2024-04-26,N
C107980,Swati Gill,Noida,UP,2024-01-24,N
C107981,Manish Shah,Bhubaneswar,OR,2024-12-10,N
C107982,Faisal Bose,Thiruvananthapuram,KL,2024-01-07,Y
C107983,Diya Mehta,Noida,UP,2023-09-23,Y
C107984,Sukhwinder Kaur,Surat,GJ,2023-09-29,Y
C107985,Sameer Dhillon,Lucknow,UP,2023-06-11,Y
C107986,Sai Mukherjee,Guwahati,AS,2023-05-26,N
C107987,Karan Iyer,Mumbai,MH,2023-05-24,N
C107988,Rohit Bose,Surat,GJ,2023-02-28,N
C107989,Riya Mishra,Nashik,MH,2023-08-17,N
C107990,Zoya Chopra,Pune,MH,2023-06-23,N
C107991,Lobsang Mukherjee,Guwahati,AS,2023-07-23,Y
C107992,Reyansh Srivastava,Visakhapatnam,AP,2023-08-25,Y
C107993,Lobsang Gaikwad,Pune,MH,2024-02-14,N
C107994,Jaspreet Singh,Bhubaneswar,OR,2024-09-10,N
C107995,Imran Ghosh,Kochi,KL,2023-08-29,Y
C107996,Harsh Bansal,Jaipur,RJ,2023-03-25,N
C107997,Sai Patil,Lucknow,UP,2024-06-05,Y
C107998,Amit Sharma,Vadodara,GJ,2022-07-28,N
C107999,Harsh Rao,Gurugram,HR,2023-01-28,N
C108000,Yash Yadav,Indore,MP,2024-03-31,Y
C108001,Ananya Malhotra,Chandigarh,CH,2023-06-20,N
C108002,Joseph Mishra,Chennai,TN,2022-08-12,N
C108003,Ishaan Rao,Delhi,DL,2022-12-09,N
C108004,Rohit Kumar,Nashik,MH,2022-12-31,N
C108005,Faisal Dutta,Visakhapatnam,AP,2023-05-14,Y
C108006,Swati George,Kolkata,WB,2024-10-08,N
C108007,Thomas Bhatt,Visakhapatnam,AP,2022-07-28,N
C108008,Kabir Malhotra,Jaipur,RJ,2022-10-18,Y
C108009,Divya Menon,Patna,BR,2023-10-08,N
C108010,Zoya Chopra,Ahmedabad,GJ,2024-05-23,N
C108011,Aarav Qureshi,Coimbatore,TN,2024-07-27,N
C108012,Steven Shah,Visakhapatnam,AP,2024-08-21,N
C108013,Arjun Chatterjee,Indore,MP,2023-07-01,N
C108014,Priya Yadav,Kochi,KL,2024-01-24,Y
C108015,Komal Kumar,Jaipur,RJ,2022-09-13,N
C108016,Vihaan Kulkarni,Kochi,KL,2024-09-14,N
C108017,Ankit Varghese,Thiruvananthapuram,KL,2024-11-20,N
C108018,Reyansh Bhatia,Mysuru,KA,2023-01-13,N
C108019,Riya Kumar,Dehradun,UK,2024-03-01,N
C108020,Rahul Rao,Mumbai,MH,2024-09-15,Y
C108021,Dev Bose,Bhopal,MP,2022-11-03,Y
C108022,Meera Rao,Pune,MH,2024-05-16,N
C108023,Zoya Gupta,Nashik,MH,2023-11-10,Y
C108024,Nisha Yadav,Ranchi,JH,2022-10-23,N
C108025,Sukhwinder Deshpande,Chandigarh,CH,2023-05-23,Y
C108026,Faisal Mehta,Bengaluru,KA,2024-07-16,Y
C108027,Shreya Pillai,Mysuru,KA,2024-04-11,N
C108028,Vivaan Arora,Bhubaneswar,OR,2024-03-18,N
C108029,Karan Mathew,Gurugram,HR,2024-07-14,N
C108030,Ayaan George,Chandigarh,CH,2023-11-22,Y
C108031,Bhavna Desai,Nagpur,MH,2022-12-28,N
C108032,Priya Pereira,Delhi,DL,2024-09-12,Y
C108033,Saanvi Khan,Mumbai,MH,2024-10-24,N
C108034,Simran Sandhu,Ahmedabad,GJ,2024-09-28,N
C108035,Aarav Rao,Patna,BR,2023-06-12,N
C108036,Meera Mathew,Lucknow,UP,2022-09-30,N
C108037,Zaid Jadhav,Mysuru,KA,2022-12-29,N
C108038,Tanvi Patel,Coimbatore,TN,2023-03-06,N
C108039,Rohan Mukherjee,Hyderabad,TS,2024-09-25,Y
C108040,Aarav Pandey,Kolkata,WB,2023-09-02,N
C108041,Yash Gupta,Bhopal,MP,2023-05-27,Y
C108042,Rohit Roy,Guwahati,AS,2024-05-25,Y
C108043,Daniel Sheikh,Ranchi,JH,2023-05-29,N
C108044,Ankit Patil,Indore,MP,2023-02-27,N
C108045,Shreya Nair,Ranchi,JH,2023-09-01,N
C108046,Ayaan Ghosh,Bengaluru,KA,2023-01-24,N
C108047,Aishwarya Roy,Pune,MH,2023-11-02,N
C108048,Rohit Fernandes,Indore,MP,2024-10-05,Y
C108049,Lobsang Goyal,Ahmedabad,GJ,2024-06-15,N
C108050,Vihaan Bose,Ahmedabad,GJ,2024-11-10,N
C108051,Nikhil Joshi,Jaipur,RJ,2022-11-05,Y
C108052,Aarav Jadhav,Noida,UP,2024-10-10,N
C108053,Mohammed Kapoor,Dehradun,UK,2024-08-27,N
C108054,Gurpreet Bhatt,Thiruvananthapuram,KL,2023-02-06,Y
C108055,Imran Banerjee,Ahmedabad,GJ,2024-07-07,N
C108056,Faisal Gill,Hyderabad,TS,2022-08-19,N
C108057,Zaid Qureshi,Dehradun,UK,2024-06-08,N
C108058,Meera Fernandes,Bhopal,MP,2024-06-26,N
C108059,Shreya Mukherjee,Kochi,KL,2023-10-02,Y
C108060,Karan Kumar,Mysuru,KA,2024-04-17,N
C108061,Nikhil Khanna,Noida,UP,2023-09-12,N
C108062,Steven Ansari,Vadodara,GJ,2024-12-12,N
C108063,Tanvi Mittal,Ranchi,JH,2024-01-24,N
C108064,Ishaan Mukherjee,Jaipur,RJ,2023-05-19,N
C108065,Saanvi Pillai,Hyderabad,TS,2023-10-14,N
C108066,Vikram Dutta,Lucknow,UP,2022-11-08,N
C108067,Sai Mathew,Thiruvananthapuram,KL,2024-09-04,N
C108068,Shreya Rathore,Kolkata,WB,2023-11-14,N
C108069,Kabir Joshi,Bhubaneswar,OR,2024-12-07,N
C108070,Lakshmi Trivedi,Coimbatore,TN,2023-05-30,N
C108071,Sunita Chatterjee,Nashik,MH,2022-09-05,N
C108072,Ishaan Naidu,Bengaluru,KA,2022-09-23,Y
C108073,Simran Tiwari,Mysuru,KA,2022-11-08,N
C108074,Divya Patil,Visakhapatnam,AP,2024-01-21,N
C108075,Isha Pawar,Surat,GJ,2023-01-28,N
C108076,Vivaan Banerjee,Coimbatore,TN,2023-05-01,N
C108077,Divya Jain,Nagpur,MH,2024-06-18,N
C108078,Sai Mathew,Noida,UP,2023-11-06,N
C108079,Manpreet Sharma,Indore,MP,2022-10-22,N
C108080,Aarav Bose,Dehradun,UK,2023-11-26,N
C108081,Pooja Das,Chandigarh,CH,2024-10-25,Y
C108082,Gurpreet Yadav,Lucknow,UP,2024-03-01,N
C108083,Isha Trivedi,Lucknow,UP,2024-10-20,Y
C108084,Rohit Deshpande,Hyderabad,TS,2023-09-17,N
C108085,Aditya Kumar,Mysuru,KA,2023-10-20,N
C108086,Swati Sheikh,Pune,MH,2023-03-01,N
C108087,Pooja Goyal,Vadodara,GJ,2023-10-27,N
C108088,Rohit Mittal,Indore,MP,2024-07-22,N
C108089,Zaid Rathore,Vadodara,GJ,2023-09-16,N
C108090,Abhishek Menon,Nagpur,MH,2024-11-14,N
C108091,Krishna Pillai,Bhopal,MP,2024-12-17,Y
C108092,Tenzin Pereira,Ahmedabad,GJ,2022-08-07,N
C108093,Ayaan Naidu,Surat,GJ,2024-06-13,N
C108094,Steven Trivedi,Gurugram,HR,2022-10-29,Y
C108095,Sunita Kaur,Lucknow,UP,2024-01-12,N
C108096,Ananya Jadhav,Pune,MH,2022-08-24,N
C108097,Rajat Dhillon,Mumbai,MH,2024-01-19,Y
C108098,Rohit Kumar,Chennai,TN,2022-11-19,Y
C108099,Lakshmi Rao,Coimbatore,TN,2024-11-12,N
C108100,Karan Chauhan,Noida,UP,2023-03-28,N
C108101,Suresh Rao,Dehradun,UK,2024-03-24,N
C108102,Abhishek Kulkarni,Vadodara,GJ,2023-05-01,Y
C108103,Gurpreet Jain,Visakhapatnam,AP,2024-03-18,N
C108104,Neha Qureshi,Lucknow,UP,2024-02-22,Y
C108105,Ramesh Roy,Visakhapatnam,AP,2024-10-15,N
C108106,Daniel Nair,Jaipur,RJ,2022-09-15,N
C108107,Diya Agarwal,Visakhapatnam,AP,2023-11-02,N
C108108,Tenzin Singh,Vadodara,GJ,2024-08-13,N
C108109,Vikram Kaur,Kochi,KL,2024-06-02,N
C108110,Rajat Chauhan,Vadodara,GJ,2024-04-21,N
C108111,Siddharth Kaur,Bhopal,MP,2023-09-17,N
C108112,Rohit Mishra,Jaipur,RJ,2023-09-09,N
C108113,Saanvi Saxena,Patna,BR,2024-08-19,N
C108114,Bhavna Rao,Vadodara,GJ,2022-07-27,N
C108115,Joseph Nair,Mumbai,MH,2022-11-20,N
C108116,Payal Kulkarni,Bengaluru,KA,2024-03-13,N
C108117,Reyansh Joshi,Lucknow,UP,2024-08-17,N
C108118,Vihaan George,Kolkata,WB,2023-05-27,N
C108119,Krishna Joshi,Jaipur,RJ,2024-10-11,N
C108120,Kavya Mukherjee,Nashik,MH,2024-09-17,N
C108121,Imran Kulkarni,Kolkata,WB,2022-10-03,Y
C108122,Rohan Sheikh,Kolkata,WB,2022-10-10,N
C108123,Swati Varghese,Lucknow,UP,2023-06-22,N
C108124,Siddharth Bose,Bhubaneswar,OR,2024-09-20,Y
C108125,Aadhya Kapoor,Mumbai,MH,2023-03-14,N
C108126,Aditya Goyal,Surat,GJ,2024-01-20,N
C108127,Sukhwinder Sheikh,Bengaluru,KA,2023-03-21,N
C108128,Ankit Rathore,Jaipur,RJ,2024-04-23,N
C108129,Tanvi Siddiqui,Chandigarh,CH,2023-08-12,N
C108130,Rohan Goyal,Chandigarh,CH,2024-11-09,N
C108131,Neha D'Souza,Hyderabad,TS,2023-11-22,N
C108132,Manpreet Das,Hyderabad,TS,2022-07-27,N
C108133,Megha Mathew,Visakhapatnam,AP,2022-08-08,Y
C108134,Aishwarya Sen,Nagpur,MH,2023-06-13,N
C108135,Sameer Patel,Indore,MP,2023-01-12,Y
C108136,Isha Mittal,Pune,MH,2024-12-31,Y
C108137,Sameer Mehta,Bhopal,MP,2022-11-18,N
C108138,Yash Jadhav,Thiruvananthapuram,KL,2023-09-29,Y
C108139,Tenzin Fernandes,Chennai,TN,2024-03-06,N
C108140,Joseph Roy,Bengaluru,KA,2023-11-27,N
C108141,Ramesh Banerjee,Mumbai,MH,2023-08-20,Y
C108142,Tanvi Gaikwad,Ranchi,JH,2024-08-18,N
C108143,Pooja Jadhav,Chennai,TN,2024-01-16,N
C108144,Shreya Banerjee,Gurugram,HR,2022-08-05,N
C108145,Komal Pillai,Gurugram,HR,2023-11-23,N
C108146,Saanvi Menon,Chandigarh,CH,2024-05-21,N
C108147,Swati Mukherjee,Mysuru,KA,2022-11-06,N
C108148,Siddharth Shinde,Kolkata,WB,2024-04-06,N
C108149,Abhishek Srivastava,Dehradun,UK,2024-12-31,N
C108150,Tarun Mishra,Chennai,TN,2023-11-04,N
C108151,Mohammed Qureshi,Pune,MH,2024-09-07,N
C108152,Tanvi Pereira,Ranchi,JH,2024-01-19,N
C108153,Suresh Pandey,Patna,BR,2022-10-21,N
C108154,Anjali Verma,Noida,UP,2023-01-15,N
C108155,Harpreet Pereira,Jaipur,RJ,2024-07-30,N
C108156,Lakshmi Jain,Bhubaneswar,OR,2023-01-29,Y
C108157,Aarav Kulkarni,Noida,UP,2022-09-12,N
C108158,Saanvi Verma,Bhopal,MP,2023-04-14,N
C108159,Tanvi Iyer,Guwahati,AS,2023-12-24,N
C108160,Siddharth Agarwal,Delhi,DL,2022-10-31,N
C108161,Tarun Pereira,Dehradun,UK,2024-11-05,N
C108162,Rohan Desai,Nagpur,MH,2023-09-03,N
C108163,Kabir Bose,Patna,BR,2024-07-22,Y
C108164,Pranav Nair,Mumbai,MH,2024-09-10,N
C108165,Varun Naidu,Pune,MH,2023-10-16,Y
C108166,Faisal Joshi,Mysuru,KA,2024-08-14,N
C108167,Geeta Sharma,Thiruvananthapuram,KL,2024-04-01,Y
C108168,Reyansh Roy,Surat,GJ,2024-10-01,N
C108169,Kunal Dhillon,Kochi,KL,2024-01-02,N
C108170,Diya Kapoor,Indore,MP,2024-03-14,N
C108171,Siddharth Mishra,Thiruvananthapuram,KL,2023-05-22,Y
C108172,Farah Gill,Kochi,KL,2024-09-17,N
C108173,Shreya Sethi,Pune,MH,2023-02-02,N
C108174,Deepak Kaur,Surat,GJ,2024-07-07,Y
C108175,Ishaan Kapoor,Kochi,KL,2024-04-26,Y
C108176,Nisha Varghese,Bengaluru,KA,2023-08-29,N
C108177,Mohammed Pillai,Delhi,DL,2024-02-20,N
C108178,Deepak Khanna,Kochi,KL,2024-02-04,N
C108179,Ritika Pillai,Ahmedabad,GJ,2024-10-19,N
C108180,Riya Pillai,Visakhapatnam,AP,2023-01-06,N
C108181,Payal Singh,Chennai,TN,2022-08-18,N
C108182,Vihaan Trivedi,Dehradun,UK,2024-06-11,Y
C108183,Lobsang Kulkarni,Mumbai,MH,2024-03-04,Y
C108184,Amit George,Vadodara,GJ,2024-05-30,Y
C108185,Ishaan Srivastava,Raipur,CG,2023-05-07,N
C108186,Suresh Kapoor,Mysuru,KA,2024-10-04,Y
C108187,Saanvi Mittal,Chennai,TN,2023-09-26,Y
C108188,Manish Singh,Nashik,MH,2022-10-18,N
C108189,Daniel Chopra,Visakhapatnam,AP,2024-12-11,Y
C108190,Harpreet Kumar,Visakhapatnam,AP,2022-10-02,N
C108191,Tanvi Naidu,Kolkata,WB,2023-11-20,Y
C108192,Rohan Nair,Coimbatore,TN,2024-08-18,N
C108193,Dev Agarwal,Chennai,TN,2023-07-12,N
C108194,Sneha Chopra,Bhubaneswar,OR,2023-06-26,Y
C108195,Steven Dhillon,Indore,MP,2024-03-27,N
C108196,Gurpreet Mishra,Mumbai,MH,2023-05-13,N
C108197,Rahul Singh,Bhopal,MP,2024-11-28,N
C108198,Yash Pawar,Mumbai,MH,2022-10-02,N
C108199,Riya Srivastava,Nashik,MH,2023-03-13,Y
C108200,Faisal Iyer,Noida,UP,2022-09-22,N
C108201,Ananya Chopra,Hyderabad,TS,2022-10-12,Y
C108202,Ritika Varghese,Hyderabad,TS,2024-11-11,Y
C108203,Arjun Reddy,Indore,MP,2023-12-27,Y
C108204,Pranav Khanna,Indore,MP,2024-11-05,N
C108205,Rohit Qureshi,Patna,BR,2024-02-22,N
C108206,Lobsang Pereira,Delhi,DL,2022-08-24,N
C108207,Isha Qureshi,Ahmedabad,GJ,2023-07-16,Y
C108208,Komal Deshpande,Chandigarh,CH,2023-06-02,Y
C108209,Bhavna Agarwal,Chandigarh,CH,2022-11-27,Y
C108210,Zoya Shinde,Hyderabad,TS,2022-09-28,Y
C108211,Manish Iyer,Thiruvananthapuram,KL,2024-10-03,Y
C108212,Faisal Khan,Thiruvananthapuram,KL,2024-11-17,N
C108213,Pranav Goyal,Mysuru,KA,2023-03-26,N
C108214,Rahul Bansal,Dehradun,UK,2023-04-08,Y
C108215,Manpreet Ansari,Nashik,MH,2023-08-12,N
C108216,Yash Mishra,Jaipur,RJ,2024-03-01,Y
C108217,Kavya Siddiqui,Thiruvananthapuram,KL,2023-08-27,N
C108218,Harpreet Naidu,Nashik,MH,2023-06-11,N
C108219,Suresh Kaur,Noida,UP,2024-11-21,N
C108220,Tenzin Yadav,Jaipur,RJ,2023-07-27,N
C108221,Kavya Sethi,Chandigarh,CH,2023-06-07,Y
C108222,Manish Menon,Bhubaneswar,OR,2023-10-07,N
C108223,Komal Ansari,Bhopal,MP,2024-02-24,N
C108224,Daniel Iyer,Ahmedabad,GJ,2023-12-12,Y
C108225,Megha Kaur,Indore,MP,2022-11-19,N
C108226,Ramesh Saxena,Pune,MH,2023-06-10,Y
C108227,Tanvi Chauhan,Bhopal,MP,2024-03-31,N
C108228,Pranav Mathew,Chennai,TN,2024-04-24,Y
C108229,Pranav Das,Coimbatore,TN,2024-11-01,N
C108230,Rohan Ghosh,Guwahati,AS,2024-07-18,N
C108231,Riya Das,Chandigarh,CH,2022-07-27,N
C108232,Ayaan Shinde,Coimbatore,TN,2024-05-15,N
C108233,Ishaan Sharma,Gurugram,HR,2024-07-16,N
C108234,Harsh Qureshi,Guwahati,AS,2023-02-16,Y
C108235,Kabir Mittal,Bengaluru,KA,2024-10-24,N
C108236,Bhavna Bose,Indore,MP,2024-12-23,Y
C108237,Imran Bose,Gurugram,HR,2024-12-31,Y
C108238,Vihaan Chopra,Nagpur,MH,2024-07-06,N
C108239,Meera Sheikh,Delhi,DL,2023-09-06,N
C108240,Vivaan Ghosh,Patna,BR,2024-06-19,N
C108241,Sunita Deshpande,Kolkata,WB,2024-09-12,Y
C108242,Aadhya Pawar,Raipur,CG,2024-06-30,Y
C108243,Rajat Desai,Pune,MH,2023-08-25,N
C108244,Simran Khanna,Dehradun,UK,2024-02-26,Y
C108245,Thomas Verma,Noida,UP,2024-02-12,N
C108246,Sneha Dhillon,Guwahati,AS,2023-10-30,N
C108247,Payal Deshpande,Indore,MP,2023-11-15,Y
C108248,Lobsang Yadav,Bhopal,MP,2023-05-20,Y
C108249,Reyansh Dhillon,Kolkata,WB,2024-09-24,Y
C108250,Swati Chauhan,Guwahati,AS,2024-05-27,N
C108251,Ishaan Desai,Coimbatore,TN,2022-11-20,Y
C108252,Imran Bose,Mumbai,MH,2023-01-03,N
C108253,Jaspreet D'Souza,Hyderabad,TS,2024-09-01,N
C108254,Swati Agarwal,Delhi,DL,2023-04-29,N
C108255,Diya Tiwari,Nagpur,MH,2024-03-12,N
C108256,Shreya Kulkarni,Vadodara,GJ,2023-10-18,N
C108257,Aishwarya Jain,Nagpur,MH,2024-01-18,N
C108258,Lakshmi Ghosh,Vadodara,GJ,2023-11-21,Y
C108259,Sneha Goyal,Bhubaneswar,OR,2024-04-20,N
C108260,Ritika Banerjee,Guwahati,AS,2023-06-20,N
C108261,Joseph Sharma,Chandigarh,CH,2023-02-05,N
C108262,Priya Pillai,Surat,GJ,2023-11-04,N
C108263,Zaid Shah,Chennai,TN,2022-10-20,N
C108264,Anjali Das,Bengaluru,KA,2023-12-30,N
C108265,Jaspreet Kapoor,Visakhapatnam,AP,2023-08-17,Y
C108266,Gurpreet Kumar,Chennai,TN,2024-06-26,N
C108267,Imran Rathore,Raipur,CG,2023-11-04,N
C108268,Vivaan Reddy,Lucknow,UP,2024-03-11,N
C108269,Steven Nair,Bhubaneswar,OR,2024-06-27,N
C108270,Geeta Rao,Bhopal,MP,2024-05-17,N
C108271,Amit Sheikh,Bhopal,MP,2024-11-19,N
C108272,Nikhil Gill,Jaipur,RJ,2024-03-27,Y
C108273,Pranav Verma,Coimbatore,TN,2024-05-05,N
C108274,Yash Iyer,Bengaluru,KA,2023-03-07,N
C108275,Imran Pawar,Thiruvananthapuram,KL,2024-04-07,N
C108276,Vihaan Agarwal,Surat,GJ,2023-12-23,N
C108277,Sameer Kapoor,Nashik,MH,2024-11-30,Y
C108278,Imran Das,Ahmedabad,GJ,2024-11-28,N
C108279,Gurpreet Kaur,Ranchi,JH,2024-09-20,N
C108280,Sameer Tiwari,Lucknow,UP,2023-08-28,Y
C108281,Manpreet Agarwal,Bhubaneswar,OR,2022-08-11,N
C108282,Ishaan Nair,Dehradun,UK,2022-10-07,Y
C108283,Vihaan Iyer,Bengaluru,KA,2023-07-16,Y
C108284,Pranav Das,Ahmedabad,GJ,2022-08-16,N
C108285,Divya Nair,Patna,BR,2024-03-03,N
C108286,Simran Fernandes,Mysuru,KA,2024-02-29,Y
C108287,Manish Singh,Chandigarh,CH,2022-08-18,N
C108288,Amit Jadhav,Pune,MH,2023-09-28,Y
C108289,Om Chauhan,Gurugram,HR,2023-03-09,N
C108290,Mohammed Verma,Coimbatore,TN,2023-06-23,Y
C108291,Tanvi Shinde,Lucknow,UP,2024-11-27,Y
C108292,Tanvi Desai,Kochi,KL,2023-07-09,N
C108293,Bhavna Goyal,Kochi,KL,2022-12-04,N
C108294,Komal D'Souza,Hyderabad,TS,2024-08-05,Y
C108295,Isha Bose,Bhopal,MP,2024-07-13,Y
C108296,Varun Gupta,Thiruvananthapuram,KL,2023-09-17,Y
C108297,Ritika Siddiqui,Hyderabad,TS,2024-05-21,N
C108298,Sneha Qureshi,Coimbatore,TN,2024-05-05,N
C108299,Thomas Fernandes,Raipur,CG,2023-01-05,N
C108300,Rahul Varghese,Guwahati,AS,2024-09-22,Y
C108301,Farah Naidu,Kolkata,WB,2024-08-06,Y
C108302,Divya Joshi,Thiruvananthapuram,KL,2024-02-27,N
C108303,Joseph Sen,Bengaluru,KA,2024-05-21,N
C108304,Amit Gill,Chandigarh,CH,2024-04-28,N
C108305,Lakshmi Ansari,Surat,GJ,2024-07-21,N
C108306,Joseph Singh,Chennai,TN,2023-06-03,N
C108307,Krishna Sen,Thiruvananthapuram,KL,2024-07-04,N
C108308,Nikhil Pandey,Delhi,DL,2024-05-08,N
C108309,Diya Menon,Kolkata,WB,2023-08-29,Y
C108310,Vihaan Pawar,Kolkata,WB,2024-10-18,N
C108311,Siddharth Gaikwad,Ranchi,JH,2022-12-07,Y
C108312,Tarun Desai,Nashik,MH,2022-12-10,N
C108313,Saanvi Mehta,Hyderabad,TS,2023-09-24,N
C108314,Harpreet Shinde,Bhopal,MP,2024-05-14,N
C108315,Gurpreet Chatterjee,Bhopal,MP,2023-12-15,N
C108316,Tenzin Menon,Bengaluru,KA,2023-06-05,Y
C108317,Aishwarya Pillai,Ahmedabad,GJ,2024-07-16,Y
C108318,Rohan Sharma,Patna,BR,2024-07-18,N
C108319,Thomas Mittal,Chennai,TN,2023-04-26,N
C108320,Imran Pawar,Patna,BR,2022-10-13,Y
C108321,Steven Agarwal,Mumbai,MH,2023-12-19,N
C108322,Faisal Mishra,Hyderabad,TS,2024-05-14,Y
C108323,Farah Mehta,Visakhapatnam,AP,2022-09-09,N
C108324,Sneha Ansari,Indore,MP,2024-04-27,N
C108325,Faisal Ghosh,Mysuru,KA,2024-04-28,N
C108326,Priya Mittal,Kolkata,WB,2023-01-01,Y
C108327,Bhavna Pawar,Dehradun,UK,2023-02-28,N
C108328,Jaspreet Saxena,Noida,UP,2022-08-17,N
C108329,Amit Chauhan,Raipur,CG,2023-08-26,Y
C108330,Vikram Desai,Bhubaneswar,OR,2022-10-27,N
C108331,Varun Chauhan,Surat,GJ,2022-10-03,N
C108332,Pooja Saxena,Jaipur,RJ,2024-01-11,N
C108333,Nikhil D'Souza,Jaipur,RJ,2024-05-10,Y
C108334,Thomas Chopra,Ahmedabad,GJ,2023-02-14,N
C108335,Ayaan Ansari,Kochi,KL,2024-04-20,Y
C108336,Saanvi Kaur,Mysuru,KA,2023-08-30,N
C108337,Manpreet Sandhu,Kochi,KL,2022-09-05,N
C108338,Ayaan Bhatia,Bhubaneswar,OR,2024-02-29,N
C108339,Aadhya Saxena,Visakhapatnam,AP,2022-10-29,N
C108340,Tarun Deshpande,Bengaluru,KA,2023-08-18,N
C108341,Gurpreet Verma,Noida,UP,2023-02-09,N
C108342,Jaspreet Goyal,Coimbatore,TN,2022-07-24,N
C108343,Thomas Pillai,Dehradun,UK,2023-08-07,N
C108344,Ramesh Tiwari,Patna,BR,2024-07-13,Y
C108345,Neha Chopra,Nagpur,MH,2024-04-22,Y
C108346,Kunal Pereira,Lucknow,UP,2024-11-27,N
C108347,Imran Sharma,Bhubaneswar,OR,2022-08-05,N
C108348,Pranav Sandhu,Chennai,TN,2024-01-01,N
C108349,Ishaan Bhatt,Vadodara,GJ,2023-02-26,N
C108350,Isha Gupta,Thiruvananthapuram,KL,2024-11-01,N
C108351,Harsh Kulkarni,Guwahati,AS,2024-02-17,N
C108352,Ayaan Agarwal,Bhubaneswar,OR,2024-01-23,N
C108353,Megha Verma,Kochi,KL,2023-10-24,N
C108354,Abhishek Yadav,Kolkata,WB,2022-10-09,N
C108355,Kavya Chopra,Dehradun,UK,2023-12-15,N
C108356,Anjali Gaikwad,Lucknow,UP,2023-08-24,N
C108357,Meera Pandey,Kochi,KL,2024-03-08,Y
C108358,Isha Rao,Bengaluru,KA,2024-04-02,Y
C108359,Megha Pandey,Mumbai,MH,2024-07-27,N
C108360,Varun Singh,Patna,BR,2023-02-07,N
C108361,Isha Singh,Patna,BR,2024-11-30,N
C108362,Vihaan Rathore,Patna,BR,2023-05-03,Y
C108363,Kavya Bhatia,Delhi,DL,2024-01-04,Y
C108364,Varun Bhatia,Vadodara,GJ,2024-12-04,N
C108365,Sukhwinder Pereira,Jaipur,RJ,2022-11-23,Y
C108366,Lakshmi Pandey,Bhubaneswar,OR,2024-05-16,N
C108367,Lobsang Rathore,Bengaluru,KA,2024-11-30,N
C108368,Megha Dhillon,Surat,GJ,2024-09-16,N
C108369,Faisal Pandey,Thiruvananthapuram,KL,2023-06-15,N
C108370,Kavya Pereira,Gurugram,HR,2023-11-06,N
C108371,Ritika Khanna,Gurugram,HR,2024-06-16,N
C108372,Nikhil Khan,Chennai,TN,2023-07-30,Y
C108373,Vivaan Mathew,Raipur,CG,2024-12-26,Y
C108374,Priya Shinde,Dehradun,UK,2024-04-27,Y
C108375,Varun Shah,Thiruvananthapuram,KL,2023-12-26,N
C108376,Anjali Sandhu,Kolkata,WB,2022-11-17,N
C108377,Kavya Sheikh,Kolkata,WB,2023-03-04,N
C108378,Ishaan Desai,Dehradun,UK,2024-04-11,N
C108379,Sukhwinder Fernandes,Mumbai,MH,2022-08-03,Y
C108380,Karan Gupta,Guwahati,AS,2024-11-22,Y
C108381,Tanvi Goyal,Bengaluru,KA,2024-05-07,Y
C108382,Rohit Srivastava,Chandigarh,CH,2024-02-07,N
C108383,Rohit Dutta,Vadodara,GJ,2024-12-03,Y
C108384,Deepak Mehta,Dehradun,UK,2023-06-24,Y
C108385,Steven Sen,Kolkata,WB,2024-09-15,N
C108386,Tenzin Banerjee,Pune,MH,2023-05-19,N
C108387,Divya George,Nashik,MH,2024-02-01,N
C108388,Faisal Srivastava,Bhopal,MP,2024-06-27,Y
C108389,Aditya Mukherjee,Visakhapatnam,AP,2023-05-03,N
C108390,Farah Shinde,Bengaluru,KA,2023-11-03,Y
C108391,Steven Sharma,Coimbatore,TN,2024-01-30,N
C108392,Amit Pawar,Mumbai,MH,2024-10-10,N
C108393,Sameer Qureshi,Kolkata,WB,2024-12-25,N
C108394,Aarav Bansal,Nashik,MH,2022-09-09,Y
C108395,Priya Varghese,Bhopal,MP,2024-03-04,Y
C108396,Vikram Sharma,Nashik,MH,2023-12-28,Y
C108397,Ananya Verma,Pune,MH,2023-01-05,N
C108398,Ankit Naidu,Surat,GJ,2024-04-29,N
C108399,Joseph Pereira,Bhubaneswar,OR,2024-04-29,N
C108400,Riya Mishra,Raipur,CG,2023-02-23,N
C108401,Divya Deshpande,Kolkata,WB,2024-04-04,N
C108402,Suresh Chauhan,Patna,BR,2022-10-12,Y
C108403,Isha Pillai,Mysuru,KA,2022-12-05,N
C108404,Varun Trivedi,Noida,UP,2023-01-23,N
C108405,Anjali George,Kochi,KL,2022-10-12,Y
C108406,Kunal Desai,Kolkata,WB,2023-03-20,N
C108407,Ritika Shah,Lucknow,UP,2023-11-12,N
C108408,Aadhya Jadhav,Kolkata,WB,2023-12-27,N
C108409,Riya Tiwari,Dehradun,UK,2023-08-29,Y
C108410,Priya Ghosh,Bhopal,MP,2024-10-04,N
C108411,Arjun Ghosh,Kolkata,WB,2024-04-12,Y
C108412,Deepak Rao,Ranchi,JH,2024-08-06,N
C108413,Ankit Gaikwad,Bhopal,MP,2022-12-11,N
C108414,Abhishek Ghosh,Ahmedabad,GJ,2023-10-22,N
C108415,Imran Chatterjee,Hyderabad,TS,2022-08-15,N
C108416,Saanvi Chatterjee,Jaipur,RJ,2023-07-17,N
C108417,Daniel Pawar,Pune,MH,2023-01-09,Y
C108418,Ramesh Sen,Jaipur,RJ,2024-10-16,N
C108419,Tarun Singh,Kolkata,WB,2023-08-24,N
C108420,Saanvi Khan,Raipur,CG,2024-07-03,Y
C108421,Om Roy,Bhopal,MP,2024-10-05,N
C108422,Abhishek Malhotra,Jaipur,RJ,2023-09-16,Y
C108423,Rohit Menon,Mysuru,KA,2022-11-23,N
C108424,Daniel Pereira,Delhi,DL,2023-02-15,N
C108425,Tanvi Joshi,Guwahati,AS,2024-09-29,Y
C108426,Amit Khan,Lucknow,UP,2023-05-12,N
C108427,Aarav Das,Bhubaneswar,OR,2024-03-24,N
C108428,Sunita Sethi,Jaipur,RJ,2023-12-10,N
C108429,Manpreet Dutta,Dehradun,UK,2024-09-02,N
C108430,Rahul Menon,Bhopal,MP,2024-06-04,N
C108431,Kavya Desai,Coimbatore,TN,2023-02-04,Y
C108432,Rohan Bhatia,Gurugram,HR,2024-04-13,N
C108433,Siddharth Sen,Hyderabad,TS,2024-10-09,Y
C108434,Nisha Patel,Bhubaneswar,OR,2022-12-11,N
C108435,Aditya Arora,Visakhapatnam,AP,2024-08-06,N
C108436,Gurpreet Ghosh,Patna,BR,2023-05-03,N
C108437,Ayaan Shinde,Ahmedabad,GJ,2023-10-26,N
C108438,Joseph Kumar,Mumbai,MH,2023-07-23,N
C108439,Zoya Chopra,Visakhapatnam,AP,2023-08-17,N
C108440,Swati Kapoor,Chandigarh,CH,2023-04-30,Y
C108441,Abhishek Pandey,Jaipur,RJ,2023-03-04,Y
C108442,Shreya Sheikh,Visakhapatnam,AP,2024-09-12,Y
C108443,Geeta Gill,Mysuru,KA,2023-02-08,Y
C108444,Pranav Jain,Surat,GJ,2024-10-24,Y
C108445,Dev Kumar,Visakhapatnam,AP,2024-05-02,N
C108446,Aadhya Jadhav,Nagpur,MH,2024-10-27,N
C108447,Aadhya Mishra,Noida,UP,2023-03-15,N
C108448,Mohammed Tiwari,Lucknow,UP,2023-06-19,N
C108449,Dev Agarwal,Hyderabad,TS,2022-12-05,Y
C108450,Siddharth George,Patna,BR,2024-03-11,N
C108451,Arjun Patil,Bhubaneswar,OR,2023-02-21,N
C108452,Deepak Mishra,Gurugram,HR,2024-01-25,N
C108453,Yash Ghosh,Kochi,KL,2024-07-04,N
C108454,Varun Shah,Lucknow,UP,2023-07-08,Y
C108455,Arjun Patel,Vadodara,GJ,2023-07-13,Y
C108456,Lakshmi Jadhav,Bhopal,MP,2024-07-21,N
C108457,Manish Goyal,Nagpur,MH,2023-12-01,N
C108458,Rohit Chauhan,Bengaluru,KA,2024-08-25,N
C108459,Payal Mishra,Bhopal,MP,2024-03-20,Y
C108460,Meera Dutta,Nagpur,MH,2022-12-15,N
C108461,Divya Pillai,Nashik,MH,2024-09-01,N
C108462,Siddharth Gupta,Ahmedabad,GJ,2023-11-08,N
C108463,Meera Naidu,Thiruvananthapuram,KL,2024-12-25,N
C108464,Rohit Srivastava,Thiruvananthapuram,KL,2022-09-13,Y
C108465,Aishwarya D'Souza,Mysuru,KA,2024-10-23,N
C108466,Ishaan Joshi,Ranchi,JH,2023-09-08,N
C108467,Kavya Chatterjee,Bhopal,MP,2024-06-06,N
C108468,Siddharth Shah,Noida,UP,2024-06-17,Y
C108469,Varun Chauhan,Raipur,CG,2024-06-23,Y
C108470,Lakshmi Jadhav,Bengaluru,KA,2024-10-02,Y
C108471,Bhavna Sethi,Thiruvananthapuram,KL,2024-11-22,N
C108472,Rajat Jadhav,Mumbai,MH,2023-08-23,Y
C108473,Manish Gaikwad,Dehradun,UK,2023-08-21,N
C108474,Amit D'Souza,Raipur,CG,2023-08-02,N
C108475,Bhavna Malhotra,Patna,BR,2023-02-05,N
C108476,Swati Kulkarni,Ranchi,JH,2023-09-27,Y
C108477,Kavya Ghosh,Delhi,DL,2022-08-30,N
C108478,Harpreet Reddy,Delhi,DL,2024-02-16,N
C108479,Saanvi Mathew,Mysuru,KA,2024-06-18,N
C108480,Diya Pillai,Lucknow,UP,2024-07-01,N
C108481,Simran Ansari,Mysuru,KA,2023-03-04,N
C108482,Shreya Shah,Kolkata,WB,2022-07-16,Y
C108483,Imran Verma,Jaipur,RJ,2023-04-29,N
C108484,Harpreet Yadav,Indore,MP,2024-04-02,N
C108485,Komal Bhatia,Mumbai,MH,2023-01-06,N
C108486,Ishaan Sandhu,Ranchi,JH,2022-09-15,Y
C108487,Harpreet Bose,Surat,GJ,2023-05-28,N
C108488,Aadhya D'Souza,Guwahati,AS,2023-02-21,Y
C108489,Sai Bhatt,Guwahati,AS,2024-04-29,N
C108490,Aadhya Gaikwad,Thiruvananthapuram,KL,2023-11-02,Y
C108491,Zaid Pandey,Nashik,MH,2023-06-03,Y
C108492,Abhishek Menon,Mysuru,KA,2024-05-03,N
C108493,Meera Ansari,Nashik,MH,2024-07-23,N
C108494,Vikram Nair,Dehradun,UK,2023-11-04,N
C108495,Dev Jadhav,Indore,MP,2023-01-12,N
C108496,Komal Mukherjee,Gurugram,HR,2023-07-19,N
C108497,Rajat Kumar,Hyderabad,TS,2022-07-30,N
C108498,Kabir Rao,Guwahati,AS,2023-01-24,N
C108499,Tarun Jain,Noida,UP,2022-08-25,Y
C108500,Tarun Arora,Raipur,CG,2024-11-01,N
C108501,Anjali Roy,Indore,MP,2024-02-15,Y
C108502,Aadhya D'Souza,Mysuru,KA,2024-01-05,N
C108503,Abhishek Sen,Kolkata,WB,2023-04-29,N
C108504,Priya Naidu,Bengaluru,KA,2024-04-17,N
C108505,Lobsang Desai,Gurugram,HR,2023-08-25,Y
C108506,Ananya Agarwal,Ahmedabad,GJ,2024-03-27,Y
C108507,Krishna Bansal,Vadodara,GJ,2024-07-21,N
C108508,Harpreet Pillai,Noida,UP,2024-07-21,Y
C108509,Riya Kaur,Mysuru,KA,2023-04-28,N
C108510,Sai Mehta,Guwahati,AS,2023-08-15,N
C108511,Aditya Jain,Patna,BR,2024-01-30,N
C108512,Megha Trivedi,Mysuru,KA,2024-07-12,N
C108513,Varun Bhatt,Hyderabad,TS,2022-11-29,N
C108514,Kavya Banerjee,Gurugram,HR,2024-05-06,Y
C108515,Rajat Banerjee,Kochi,KL,2024-03-01,N
C108516,Sai Das,Guwahati,AS,2023-04-30,N
C108517,Kabir Patel,Nagpur,MH,2023-03-10,N
C108518,Kavya Banerjee,Bengaluru,KA,2022-09-19,Y
C108519,Sukhwinder Dhillon,Indore,MP,2023-05-17,N
C108520,Lobsang Goyal,Bhopal,MP,2024-04-14,Y
C108521,Divya Fernandes,Guwahati,AS,2022-10-03,N
C108522,Rohit Agarwal,Visakhapatnam,AP,2024-11-22,Y
C108523,Saanvi Mukherjee,Ahmedabad,GJ,2024-09-07,N
C108524,Joseph Desai,Kochi,KL,2023-08-17,N
C108525,Saanvi Sandhu,Coimbatore,TN,2024-12-03,Y
C108526,Zaid Bose,Visakhapatnam,AP,2023-02-08,Y
C108527,Vihaan Kapoor,Surat,GJ,2024-05-27,Y
C108528,Shreya Kaur,Bhopal,MP,2022-11-11,Y
C108529,Ritika Menon,Kochi,KL,2024-10-12,N
C108530,Riya Jadhav,Delhi,DL,2023-03-25,Y
C108531,Meera Verma,Raipur,CG,2023-05-15,N
C108532,Kunal Shah,Visakhapatnam,AP,2024-07-12,N
C108533,Rajat Dhillon,Ranchi,JH,2023-12-07,N
C108534,Om Yadav,Coimbatore,TN,2023-09-02,N
C108535,Pranav Varghese,Mumbai,MH,2024-06-30,N
C108536,Ankit Chauhan,Mumbai,MH,2022-11-08,N
C108537,Priya Nair,Coimbatore,TN,2024-09-13,N
C108538,Zaid George,Chandigarh,CH,2023-07-23,N
C108539,Manpreet Sethi,Hyderabad,TS,2024-08-26,Y
C108540,Divya Jadhav,Hyderabad,TS,2023-11-28,Y
C108541,Abhishek Bhatia,Thiruvananthapuram,KL,2022-08-12,N
C108542,Jaspreet Chatterjee,Bhubaneswar,OR,2024-09-19,Y
C108543,Zaid Ghosh,Lucknow,UP,2024-07-08,N
C108544,Ramesh Rathore,Guwahati,AS,2022-12-02,N
C108545,Zaid George,Coimbatore,TN,2023-01-04,Y
C108546,Komal Banerjee,Mumbai,MH,2023-01-31,N
C108547,Om Desai,Noida,UP,2024-12-16,N
C108548,Ishaan Dhillon,Thiruvananthapuram,KL,2023-12-22,N
C108549,Dev Trivedi,Coimbatore,TN,2022-12-13,N
C108550,Kunal Sharma,Bhopal,MP,2024-09-15,N
C108551,Shreya Chatterjee,Vadodara,GJ,2023-03-11,Y
C108552,Rohan Das,Ranchi,JH,2023-03-28,N
C108553,Ankit Jain,Bengaluru,KA,2023-04-27,N
C108554,Rajat Sethi,Hyderabad,TS,2024-08-06,N
C108555,Tanvi Sandhu,Hyderabad,TS,2024-05-13,N
C108556,Krishna Sheikh,Dehradun,UK,2023-08-05,Y
C108557,Megha Joshi,Mysuru,KA,2024-06-16,Y
C108558,Zaid Rathore,Vadodara,GJ,2024-09-03,N
C108559,Aadhya Pandey,Bhubaneswar,OR,2024-04-16,Y
C108560,Aadhya Pillai,Patna,BR,2022-11-13,Y
C108561,Sameer Trivedi,Patna,BR,2023-05-21,N
C108562,Pooja Agarwal,Chandigarh,CH,2023-05-05,N
C108563,Rohan Jadhav,Lucknow,UP,2024-11-13,N
C108564,Isha Trivedi,Kolkata,WB,2024-11-15,N
C108565,Imran Khanna,Raipur,CG,2023-06-29,Y
C108566,Karan Chauhan,Nashik,MH,2024-09-13,N
C108567,Ananya Siddiqui,Visakhapatnam,AP,2023-11-08,N
C108568,Nikhil Mishra,Indore,MP,2023-12-29,Y
C108569,Rajat Khanna,Gurugram,HR,2022-08-24,N
C108570,Ananya Malhotra,Vadodara,GJ,2023-11-02,N
C108571,Lobsang Reddy,Bhubaneswar,OR,2024-09-01,Y
C108572,Aarav Shinde,Chandigarh,CH,2023-03-05,N
C108573,Steven Srivastava,Bhopal,MP,2023-02-27,N
C108574,Imran Dhillon,Coimbatore,TN,2024-03-10,N
C108575,Zaid Nair,Hyderabad,TS,2024-06-23,N
C108576,Neha Mehta,Lucknow,UP,2023-06-06,N
C108577,Manpreet Patel,Delhi,DL,2024-11-18,N
C108578,Gurpreet Rathore,Kolkata,WB,2024-08-31,N
C108579,Gurpreet Gaikwad,Ranchi,JH,2023-01-29,N
C108580,Aadhya Desai,Lucknow,UP,2023-12-14,N
C108581,Diya Fernandes,Bhubaneswar,OR,2024-01-12,N
C108582,Anjali Khan,Coimbatore,TN,2023-07-11,N
C108583,Manish Dutta,Bhopal,MP,2023-02-07,N
C108584,Riya Gupta,Visakhapatnam,AP,2023-04-05,N
C108585,Karan Chauhan,Mysuru,KA,2024-04-04,N
C108586,Mohammed Verma,Kochi,KL,2024-05-18,Y
C108587,Dev Das,Bengaluru,KA,2023-04-04,Y
C108588,Vivaan Kapoor,Pune,MH,2024-07-23,N
C108589,Sunita Naidu,Chandigarh,CH,2023-09-21,N
C108590,Ishaan Pillai,Gurugram,HR,2022-08-21,N
C108591,Sukhwinder Kaur,Chennai,TN,2023-01-24,N
C108592,Divya Pawar,Hyderabad,TS,2023-10-15,Y
C108593,Rohan Reddy,Jaipur,RJ,2022-12-06,N
C108594,Neha Menon,Bengaluru,KA,2024-08-14,N
C108595,Divya Bhatia,Delhi,DL,2022-12-12,N
C108596,Kunal Pandey,Indore,MP,2023-11-13,Y
C108597,Deepak Bose,Ranchi,JH,2024-03-29,Y
C108598,Tenzin Siddiqui,Delhi,DL,2023-12-15,N
C108599,Manpreet Arora,Nashik,MH,2024-02-08,N
C108600,Ritika Siddiqui,Thiruvananthapuram,KL,2024-04-24,N
C108601,Meera Patel,Chandigarh,CH,2024-07-08,Y
C108602,Rahul Dutta,Mumbai,MH,2023-06-08,Y
C108603,Komal Pawar,Guwahati,AS,2023-10-06,Y
C108604,Lobsang Pillai,Gurugram,HR,2022-10-06,N
C108605,Suresh Sandhu,Kochi,KL,2023-09-15,Y
C108606,Zaid Saxena,Chennai,TN,2024-10-11,N
C108607,Saanvi George,Nashik,MH,2024-02-04,N
C108608,Sunita Sandhu,Nagpur,MH,2024-10-20,N
C108609,Vihaan Sen,Noida,UP,2024-03-07,N
C108610,Arjun Deshpande,Gurugram,HR,2023-01-20,N
C108611,Om Mishra,Mumbai,MH,2024-02-14,Y
C108612,Bhavna Shinde,Ahmedabad,GJ,2022-08-05,Y
C108613,Vihaan Shah,Kolkata,WB,2023-04-01,Y
C108614,Sai Trivedi,Guwahati,AS,2022-09-04,Y
C108615,Kavya Kumar,Lucknow,UP,2022-11-29,Y
C108616,Shreya Mehta,Coimbatore,TN,2024-11-28,Y
C108617,Varun Saxena,Pune,MH,2022-10-20,N
C108618,Nikhil Qureshi,Ranchi,JH,2023-03-09,N
C108619,Geeta Gill,Chandigarh,CH,2022-07-28,N
C108620,Swati Sethi,Delhi,DL,2023-08-04,Y
C108621,Varun Gaikwad,Kolkata,WB,2024-04-20,Y
C108622,Divya Kulkarni,Chennai,TN,2022-12-12,N
C108623,Ritika Fernandes,Ranchi,JH,2024-11-20,Y
C108624,Zaid Kapoor,Surat,GJ,2024-10-20,N
C108625,Aishwarya Pillai,Mysuru,KA,2024-05-08,Y
C108626,Arjun Das,Coimbatore,TN,2023-01-01,Y
C108627,Ishaan Sandhu,Bhopal,MP,2022-11-02,Y
C108628,Kabir Naidu,Visakhapatnam,AP,2023-08-31,N
C108629,Meera Gaikwad,Chennai,TN,2023-11-04,N
C108630,Reyansh Siddiqui,Bengaluru,KA,2024-10-29,N
C108631,Ayaan Das,Visakhapatnam,AP,2023-11-22,N
C108632,Imran Pillai,Bhubaneswar,OR,2024-06-05,N
C108633,Riya Mittal,Bhopal,MP,2023-03-06,Y
C108634,Ankit Kumar,Bhubaneswar,OR,2024-02-21,N
C108635,Suresh Roy,Vadodara,GJ,2024-11-10,N
C108636,Priya Mathew,Hyderabad,TS,2024-05-12,Y
C108637,Sameer Mathew,Bhubaneswar,OR,2024-12-21,N
C108638,Joseph Das,Ranchi,JH,2023-03-02,Y
C108639,Priya Malhotra,Ranchi,JH,2024-12-04,N
C108640,Abhishek Naidu,Jaipur,RJ,2024-07-17,N
C108641,Megha Bose,Mysuru,KA,2023-04-01,N
C108642,Steven Mathew,Chandigarh,CH,2022-12-20,N
C108643,Kunal Naidu,Thiruvananthapuram,KL,2023-08-10,Y
C108644,Manish Gill,Thiruvananthapuram,KL,2023-11-04,N
C108645,Tanvi Bansal,Hyderabad,TS,2024-07-22,N
C108646,Rahul Bansal,Patna,BR,2023-02-12,N
C108647,Harpreet Kumar,Nashik,MH,2023-07-20,N
C108648,Yash D'Souza,Surat,GJ,2024-10-20,N
C108649,Sukhwinder Reddy,Pune,MH,2022-11-28,Y
C108650,Aarav Yadav,Indore,MP,2023-07-08,N
C108651,Pranav Sethi,Dehradun,UK,2024-11-08,Y
C108652,Kavya Chauhan,Chandigarh,CH,2023-02-14,N
C108653,Farah Khan,Mysuru,KA,2022-12-27,N
C108654,Karan Ghosh,Dehradun,UK,2024-10-04,Y
C108655,Aishwarya Shah,Pune,MH,2024-07-20,Y
C108656,Deepak Kulkarni,Bengaluru,KA,2023-07-27,N
C108657,Lakshmi Jain,Bhopal,MP,2024-05-19,Y
C108658,Harpreet Tiwari,Bhopal,MP,2023-01-12,N
C108659,Rajat Khanna,Ranchi,JH,2024-08-01,N
C108660,Sai Dhillon,Surat,GJ,2023-09-04,Y
C108661,Karan Sandhu,Kochi,KL,2024-11-05,Y
C108662,Nisha Bose,Mysuru,KA,2024-01-18,N
C108663,Riya Dutta,Bengaluru,KA,2024-04-06,N
C108664,Krishna Menon,Kolkata,WB,2024-01-18,N
C108665,Aditya Mittal,Mysuru,KA,2022-12-10,N
C108666,Komal Gaikwad,Ranchi,JH,2023-12-03,N
C108667,Rohan Sharma,Ranchi,JH,2023-09-08,N
C108668,Zaid Arora,Hyderabad,TS,2024-02-09,N
C108669,Sai Pawar,Noida,UP,2024-03-04,N
C108670,Suresh Patel,Patna,BR,2024-06-04,N
C108671,Ramesh Trivedi,Thiruvananthapuram,KL,2022-11-12,Y
C108672,Nikhil Mehta,Dehradun,UK,2023-07-15,Y
C108673,Sneha Varghese,Kolkata,WB,2023-05-23,N
C108674,Ananya Khanna,Nagpur,MH,2023-05-29,Y
C108675,Aditya Patil,Pune,MH,2022-09-28,N
C108676,Harpreet Tiwari,Guwahati,AS,2024-02-13,N
C108677,Ramesh Dutta,Ranchi,JH,2024-07-24,N
C108678,Rohan Menon,Surat,GJ,2024-03-17,N
C108679,Priya Sharma,Surat,GJ,2022-11-25,Y
C108680,Yash Pawar,Mumbai,MH,2022-08-15,N
C108681,Rohan Chopra,Chandigarh,CH,2023-01-17,N
C108682,Aditya Ansari,Nagpur,MH,2022-08-10,N
C108683,Zoya Malhotra,Chennai,TN,2024-06-03,N
C108684,Ayaan Agarwal,Chandigarh,CH,2023-12-01,N
C108685,Rahul Pandey,Nashik,MH,2024-08-04,N
C108686,Gurpreet Khanna,Lucknow,UP,2023-10-29,Y
C108687,Geeta Bhatt,Patna,BR,2022-11-27,N
C108688,Daniel Khanna,Vadodara,GJ,2022-08-19,Y
C108689,Farah Yadav,Nashik,MH,2024-06-27,N
C108690,Pooja Mehta,Mysuru,KA,2024-09-06,N
C108691,Meera Gupta,Dehradun,UK,2022-10-16,Y
C108692,Ramesh Verma,Hyderabad,TS,2023-06-10,N
C108693,Suresh Joshi,Guwahati,AS,2024-11-08,Y
C108694,Joseph Patil,Bengaluru,KA,2023-10-03,N
C108695,Priya Shah,Delhi,DL,2024-02-26,N
C108696,Kabir Malhotra,Hyderabad,TS,2023-06-03,N
C108697,Om Desai,Jaipur,RJ,2023-07-25,N
C108698,Krishna Sheikh,Patna,BR,2024-08-18,N
C108699,Rohan Gill,Jaipur,RJ,2022-11-20,N
C108700,Lobsang Arora,Pune,MH,2023-11-20,Y
C108701,Daniel Chopra,Indore,MP,2024-09-27,N
C108702,Zoya Tiwari,Chandigarh,CH,2024-09-21,Y
C108703,Ankit Gupta,Coimbatore,TN,2024-02-24,N
C108704,Mohammed Das,Surat,GJ,2023-06-15,N
C108705,Rohit Kulkarni,Bhopal,MP,2023-07-08,N
C108706,Arjun Joshi,Noida,UP,2024-03-30,N
C108707,Rajat Trivedi,Jaipur,RJ,2023-03-15,N
C108708,Reyansh Sharma,Vadodara,GJ,2024-11-23,N
C108709,Yash Rathore,Thiruvananthapuram,KL,2022-07-22,Y
C108710,Varun Khanna,Bengaluru,KA,2023-06-14,Y
C108711,Kabir Goyal,Dehradun,UK,2024-12-24,Y
C108712,Kabir Rao,Chennai,TN,2024-04-14,N
C108713,Suresh Pandey,Ranchi,JH,2023-08-14,N
C108714,Rajat Chopra,Vadodara,GJ,2023-06-27,N
C108715,Sameer Das,Coimbatore,TN,2024-05-28,N
C108716,Ramesh Saxena,Chandigarh,CH,2024-02-15,N
C108717,Dev Desai,Nashik,MH,2024-08-06,Y
C108718,Harpreet Dutta,Mysuru,KA,2024-11-06,Y
C108719,Komal Chauhan,Noida,UP,2024-06-10,N
C108720,Varun Siddiqui,Vadodara,GJ,2023-05-23,Y
C108721,Sameer Mehta,Noida,UP,2024-05-31,N
C108722,Bhavna Varghese,Dehradun,UK,2024-05-24,Y
C108723,Shreya George,Vadodara,GJ,2024-08-14,N
C108724,Rajat Bhatia,Kolkata,WB,2023-06-17,N
C108725,Anjali Dhillon,Nagpur,MH,2023-12-16,N
C108726,Nisha Naidu,Nashik,MH,2023-12-09,N
C108727,Sunita Ghosh,Dehradun,UK,2024-09-02,N
C108728,Aadhya Pandey,Thiruvananthapuram,KL,2023-10-31,N
C108729,Jaspreet Mathew,Nagpur,MH,2023-07-22,N
C108730,Vivaan Varghese,Lucknow,UP,2023-08-25,N
C108731,Riya Gaikwad,Kolkata,WB,2024-10-15,N
C108732,Neha Dutta,Nashik,MH,2023-12-17,N
C108733,Nikhil Nair,Thiruvananthapuram,KL,2022-09-01,Y
C108734,Imran Singh,Chennai,TN,2024-05-27,N
C108735,Joseph Shah,Bhubaneswar,OR,2023-12-02,Y
C108736,Tanvi Mukherjee,Coimbatore,TN,2024-09-03,N
C108737,Rajat Sethi,Vadodara,GJ,2023-08-15,N
C108738,Jaspreet Singh,Guwahati,AS,2023-03-10,Y
C108739,Farah Kapoor,Dehradun,UK,2024-06-23,N
C108740,Rahul Banerjee,Bhubaneswar,OR,2023-11-06,Y
C108741,Krishna Siddiqui,Chandigarh,CH,2023-02-07,N
C108742,Zaid Mishra,Coimbatore,TN,2024-10-28,N
C108743,Zaid Khan,Patna,BR,2024-03-08,Y
C108744,Lakshmi Qureshi,Surat,GJ,2023-07-30,Y
C108745,Farah Pawar,Bhubaneswar,OR,2023-10-16,Y
C108746,Thomas Mathew,Hyderabad,TS,2022-08-13,Y
C108747,Manpreet Bansal,Delhi,DL,2023-06-03,N
C108748,Zaid Shinde,Vadodara,GJ,2022-09-07,N
C108749,Daniel Pillai,Vadodara,GJ,2024-01-30,N
C108750,Simran Dhillon,Patna,BR,2023-12-10,N
C108751,Rohan Mathew,Gurugram,HR,2024-07-08,N
C108752,Tarun Pawar,Dehradun,UK,2024-02-13,N
C108753,Aditya Jain,Chennai,TN,2023-04-30,N
C108754,Ritika Sheikh,Thiruvananthapuram,KL,2024-03-26,N
C108755,Lakshmi Khanna,Bhubaneswar,OR,2023-08-18,N
C108756,Zaid Chauhan,Nagpur,MH,2023-09-05,N
C108757,Varun Singh,Indore,MP,2022-11-12,N
C108758,Gurpreet Kulkarni,Surat,GJ,2024-03-17,N
C108759,Vikram Chopra,Bhopal,MP,2023-12-05,N
C108760,Aadhya Tiwari,Bhopal,MP,2023-12-29,N
C108761,Tarun Sandhu,Coimbatore,TN,2023-03-01,Y
C108762,Deepak Trivedi,Gurugram,HR,2022-07-25,N
C108763,Sunita Tiwari,Chennai,TN,2023-12-07,N
C108764,Nikhil Gupta,Noida,UP,2023-07-15,Y
C108765,Varun Patel,Coimbatore,TN,2024-09-06,N
C108766,Neha Jadhav,Lucknow,UP,2024-01-09,N
C108767,Kabir Sheikh,Coimbatore,TN,2024-05-10,N
C108768,Tarun Reddy,Ahmedabad,GJ,2024-06-18,N
C108769,Meera Nair,Ahmedabad,GJ,2024-07-28,N
C108770,Sunita Mukherjee,Ahmedabad,GJ,2022-12-14,N
C108771,Sneha Rao,Dehradun,UK,2023-12-14,Y
C108772,Dev Ansari,Surat,GJ,2024-11-10,N
C108773,Nikhil Chopra,Nagpur,MH,2024-06-26,N
C108774,Ritika Srivastava,Gurugram,HR,2023-09-27,N
C108775,Payal Mishra,Visakhapatnam,AP,2022-09-24,N
C108776,Aishwarya Iyer,Kochi,KL,2023-05-26,N
C108777,Arjun Siddiqui,Vadodara,GJ,2024-06-20,N
C108778,Suresh Srivastava,Gurugram,HR,2024-04-15,Y
C108779,Sunita Iyer,Bhopal,MP,2024-09-04,N
C108780,Aishwarya Rathore,Indore,MP,2023-03-04,N
C108781,Shreya Jain,Delhi,DL,2024-11-23,Y
C108782,Karan Ghosh,Patna,BR,2024-03-26,N
C108783,Nisha Tiwari,Thiruvananthapuram,KL,2024-02-08,N
C108784,Pranav George,Hyderabad,TS,2023-09-17,N
C108785,Komal Saxena,Visakhapatnam,AP,2023-06-17,N
C108786,Swati Pereira,Dehradun,UK,2023-02-05,N
C108787,Thomas Shah,Vadodara,GJ,2023-03-13,N
C108788,Ayaan Sen,Thiruvananthapuram,KL,2022-07-18,N
C108789,Varun Khanna,Nashik,MH,2024-12-26,Y
C108790,Swati Shah,Bhopal,MP,2023-10-23,N
C108791,Diya Dutta,Nashik,MH,2024-02-12,N
C108792,Kabir Shinde,Visakhapatnam,AP,2023-11-29,Y
C108793,Steven Mukherjee,Delhi,DL,2023-12-22,N
C108794,Steven Naidu,Mysuru,KA,2023-07-11,N
C108795,Siddharth Pawar,Chennai,TN,2024-01-16,N
C108796,Swati Desai,Visakhapatnam,AP,2024-10-31,N
C108797,Manpreet Singh,Patna,BR,2024-08-09,N
C108798,Geeta Kapoor,Bhubaneswar,OR,2023-05-22,Y
C108799,Ishaan Joshi,Mumbai,MH,2022-12-31,N
C108800,Lobsang Malhotra,Chennai,TN,2024-05-02,N
C108801,Vihaan Iyer,Jaipur,RJ,2024-11-25,N
C108802,Manish Sandhu,Kolkata,WB,2024-03-16,N
C108803,Manish Bose,Chandigarh,CH,2023-04-23,N
C108804,Pooja D'Souza,Noida,UP,2023-04-29,Y
C108805,Mohammed Bhatia,Surat,GJ,2023-10-13,Y
C108806,Vivaan Yadav,Coimbatore,TN,2024-10-28,N
C108807,Faisal Trivedi,Nashik,MH,2023-06-03,Y
C108808,Suresh Jain,Kolkata,WB,2022-12-30,N
C108809,Diya Mathew,Ranchi,JH,2023-12-21,N
C108810,Kabir Shinde,Chandigarh,CH,2024-02-09,N
C108811,Zoya Goyal,Chandigarh,CH,2022-08-10,N
C108812,Gurpreet Khan,Ranchi,JH,2024-04-08,N
C108813,Karan Mathew,Coimbatore,TN,2024-11-19,N
C108814,Gurpreet Mishra,Vadodara,GJ,2024-11-08,Y
C108815,Meera Sheikh,Hyderabad,TS,2023-09-12,N
C108816,Pooja Saxena,Bhubaneswar,OR,2022-10-16,N
C108817,Thomas Qureshi,Coimbatore,TN,2023-03-28,N
C108818,Kunal Iyer,Hyderabad,TS,2023-09-11,N
C108819,Meera Singh,Bhubaneswar,OR,2023-03-24,N
C108820,Sunita Gill,Visakhapatnam,AP,2024-09-09,N
C108821,Ritika Ansari,Indore,MP,2023-02-01,N
C108822,Komal Khan,Jaipur,RJ,2024-08-14,Y
C108823,Bhavna Trivedi,Bengaluru,KA,2024-08-28,Y
C108824,Arjun D'Souza,Dehradun,UK,2023-12-10,N
C108825,Lobsang Rao,Visakhapatnam,AP,2023-04-15,N
C108826,Kunal Ghosh,Surat,GJ,2024-01-15,Y
C108827,Meera Bhatia,Delhi,DL,2023-12-18,N
C108828,Sukhwinder Ansari,Bhopal,MP,2022-11-22,N
C108829,Vihaan Mittal,Thiruvananthapuram,KL,2024-04-27,N
C108830,Anjali Pillai,Visakhapatnam,AP,2023-01-10,N
C108831,Rohit Desai,Thiruvananthapuram,KL,2022-11-02,N
C108832,Arjun Iyer,Guwahati,AS,2022-12-19,N
C108833,Bhavna Patil,Noida,UP,2024-07-07,Y
C108834,Aadhya Nair,Raipur,CG,2023-12-21,N
C108835,Saanvi Khan,Ahmedabad,GJ,2022-09-29,Y
C108836,Riya Dutta,Hyderabad,TS,2023-07-17,N
C108837,Farah Khanna,Patna,BR,2024-02-07,N
C108838,Komal Siddiqui,Bhubaneswar,OR,2023-05-14,N
C108839,Priya Kumar,Bhubaneswar,OR,2024-04-10,N
C108840,Pranav Dhillon,Vadodara,GJ,2023-12-02,N
C108841,Mohammed Mishra,Bhubaneswar,OR,2022-12-16,Y
C108842,Ramesh D'Souza,Mysuru,KA,2022-08-26,Y
C108843,Shreya Iyer,Chandigarh,CH,2022-11-28,Y
C108844,Harpreet Rao,Raipur,CG,2024-01-27,N
C108845,Rajat Deshpande,Gurugram,HR,2024-10-11,N
C108846,Manpreet George,Indore,MP,2024-11-18,N
C108847,Suresh Dutta,Chennai,TN,2023-07-17,N
C108848,Priya Srivastava,Coimbatore,TN,2024-09-11,N
C108849,Simran Pillai,Kochi,KL,2024-04-23,N
C108850,Anjali Bhatt,Surat,GJ,2022-10-14,N
C108851,Reyansh Rao,Mysuru,KA,2023-08-22,Y
C108852,Tenzin Srivastava,Bhubaneswar,OR,2024-02-07,N
C108853,Abhishek Sandhu,Pune,MH,2024-10-19,Y
C108854,Riya Goyal,Lucknow,UP,2024-02-14,Y
C108855,Neha Gupta,Bengaluru,KA,2024-04-13,Y
C108856,Payal Verma,Kolkata,WB,2022-07-20,N
C108857,Tenzin Kumar,Jaipur,RJ,2023-09-13,N
C108858,Yash Kaur,Nagpur,MH,2022-11-12,Y
C108859,Siddharth Mishra,Kochi,KL,2024-02-20,N
C108860,Nisha Pillai,Bhopal,MP,2023-09-18,N
C108861,Karan Kulkarni,Hyderabad,TS,2023-07-04,N
C108862,Zaid Gupta,Nagpur,MH,2023-09-09,N
C108863,Vivaan Bansal,Patna,BR,2023-08-23,N
C108864,Yash Desai,Kolkata,WB,2024-09-29,Y
C108865,Varun Qureshi,Raipur,CG,2023-04-25,N
C108866,Rohan Varghese,Surat,GJ,2022-11-02,Y
C108867,Swati Agarwal,Mysuru,KA,2023-08-21,Y
C108868,Faisal Iyer,Ranchi,JH,2024-12-26,Y
C108869,Kavya Patel,Jaipur,RJ,2024-05-14,N
C108870,Meera Das,Nagpur,MH,2023-12-23,Y
C108871,Lakshmi Qureshi,Hyderabad,TS,2023-08-08,N
C108872,Faisal Khanna,Indore,MP,2024-10-19,N
C108873,Diya Dhillon,Gurugram,HR,2022-12-20,Y
C108874,Zoya Das,Raipur,CG,2023-08-15,N
C108875,Dev Rathore,Raipur,CG,2023-08-17,N
C108876,Amit Yadav,Bhubaneswar,OR,2023-05-11,N
C108877,Vihaan Das,Mysuru,KA,2024-11-11,N
C108878,Pooja Fernandes,Indore,MP,2024-01-03,Y
C108879,Krishna Qureshi,Raipur,CG,2024-06-03,Y
C108880,Yash Naidu,Gurugram,HR,2024-05-27,Y
C108881,Arjun Shinde,Raipur,CG,2022-07-25,N
C108882,Ayaan Mukherjee,Patna,BR,2023-07-05,N
C108883,Rajat Chauhan,Kochi,KL,2022-08-24,Y
C108884,Simran Tiwari,Chandigarh,CH,2024-08-14,N
C108885,Kavya Nair,Vadodara,GJ,2023-01-06,N
C108886,Sunita Mehta,Delhi,DL,2023-12-16,N
C108887,Riya Trivedi,Mumbai,MH,2023-11-21,N
C108888,Divya Desai,Lucknow,UP,2024-12-29,N
C108889,Ayaan Kapoor,Kochi,KL,2024-10-13,N
C108890,Rahul Sandhu,Coimbatore,TN,2022-12-28,Y
C108891,Rajat Reddy,Chennai,TN,2023-11-25,N
C108892,Kavya Chauhan,Thiruvananthapuram,KL,2024-09-29,N
C108893,Ankit Shinde,Pune,MH,2022-09-14,N
C108894,Lakshmi Saxena,Guwahati,AS,2024-11-25,N
C108895,Manpreet Das,Thiruvananthapuram,KL,2023-06-20,N
C108896,Thomas Bhatt,Delhi,DL,2023-08-21,Y
C108897,Sukhwinder Malhotra,Gurugram,HR,2024-01-29,N
C108898,Ayaan Kapoor,Chennai,TN,2023-03-02,N
C108899,Manpreet Yadav,Surat,GJ,2023-12-08,N
C108900,Steven Fernandes,Coimbatore,TN,2024-03-25,N
C108901,Divya Shinde,Gurugram,HR,2024-08-03,N
C108902,Om Bose,Nashik,MH,2024-08-08,N
C108903,Bhavna Bhatt,Indore,MP,2023-03-04,N
C108904,Neha Khanna,Noida,UP,2023-01-09,N
C108905,Sameer Jain,Guwahati,AS,2023-09-15,Y
C108906,Harsh Das,Coimbatore,TN,2022-11-25,N
C108907,Kunal Srivastava,Surat,GJ,2022-12-24,N
C108908,Divya Mathew,Indore,MP,2024-09-01,N
C108909,Yash George,Dehradun,UK,2024-11-05,N
C108910,Megha Rao,Lucknow,UP,2023-09-03,N
C108911,Payal Desai,Chandigarh,CH,2023-10-08,Y
C108912,Om Patel,Pune,MH,2023-09-10,N
C108913,Neha Kapoor,Bengaluru,KA,2022-12-05,N
C108914,Karan Banerjee,Ahmedabad,GJ,2024-02-15,N
C108915,Thomas Mittal,Vadodara,GJ,2022-09-05,Y
C108916,Karan George,Gurugram,HR,2024-04-16,N
C108917,Vihaan Rathore,Chennai,TN,2023-03-24,Y
C108918,Joseph Patel,Mumbai,MH,2024-01-17,N
C108919,Divya Pillai,Hyderabad,TS,2023-08-12,N
C108920,Manish Banerjee,Jaipur,RJ,2023-05-04,N
C108921,Komal Kaur,Delhi,DL,2024-02-09,N
C108922,Harsh Reddy,Hyderabad,TS,2023-11-01,N
C108923,Tarun Fernandes,Hyderabad,TS,2023-09-26,N
C108924,Aarav Jadhav,Ahmedabad,GJ,2024-01-12,N
C108925,Lobsang Reddy,Mumbai,MH,2023-01-06,N
C108926,Siddharth Jain,Surat,GJ,2024-06-12,N
C108927,Mohammed Varghese,Mumbai,MH,2022-12-17,N
C108928,Vivaan Sethi,Visakhapatnam,AP,2024-07-17,N
C108929,Vivaan Arora,Jaipur,RJ,2022-08-30,N
C108930,Thomas Nair,Mumbai,MH,2024-03-04,N
C108931,Mohammed Gill,Noida,UP,2022-12-30,N
C108932,Joseph Siddiqui,Visakhapatnam,AP,2024-07-21,Y
C108933,Yash Chopra,Gurugram,HR,2023-12-20,N
C108934,Krishna Mukherjee,Ranchi,JH,2022-10-09,N
C108935,Dev Sen,Nashik,MH,2022-07-20,Y
C108936,Ananya Khan,Nashik,MH,2022-08-28,N
C108937,Ishaan Ansari,Delhi,DL,2022-10-25,Y
C108938,Priya Mittal,Bengaluru,KA,2023-05-27,Y
C108939,Rohan Das,Patna,BR,2022-10-17,Y
C108940,Pooja Srivastava,Lucknow,UP,2023-04-10,N
C108941,Karan Kaur,Nagpur,MH,2024-02-25,N
C108942,Gurpreet Ansari,Nagpur,MH,2022-08-10,Y
C108943,Tenzin Joshi,Coimbatore,TN,2024-06-25,Y
C108944,Pranav Malhotra,Indore,MP,2024-06-11,Y
C108945,Pranav Gaikwad,Gurugram,HR,2024-01-25,N
C108946,Diya Mathew,Gurugram,HR,2024-03-28,N
C108947,Daniel Khanna,Mumbai,MH,2022-10-20,N
C108948,Nikhil George,Visakhapatnam,AP,2023-02-01,N
C108949,Suresh Trivedi,Surat,GJ,2022-09-17,N
C108950,Rohit Kumar,Bengaluru,KA,2023-12-15,Y
C108951,Kunal Arora,Ahmedabad,GJ,2024-03-20,Y
C108952,Swati Singh,Nagpur,MH,2023-01-18,N
C108953,Joseph Sharma,Guwahati,AS,2023-10-08,N
C108954,Rohan Patil,Guwahati,AS,2022-09-08,N
C108955,Thomas Bhatia,Indore,MP,2024-08-25,N
C108956,Sneha Das,Jaipur,RJ,2023-10-15,N
C108957,Aditya Gupta,Gurugram,HR,2024-12-27,Y
C108958,Varun Agarwal,Vadodara,GJ,2023-07-26,N
C108959,Isha Patil,Kolkata,WB,2022-09-02,N
C108960,Manpreet Mathew,Bhubaneswar,OR,2023-01-16,Y
C108961,Siddharth Kulkarni,Kolkata,WB,2024-04-05,Y
C108962,Harsh Rao,Coimbatore,TN,2024-07-26,N
C108963,Lobsang Gaikwad,Gurugram,HR,2023-09-12,N
C108964,Saanvi Ghosh,Ranchi,JH,2023-06-17,N
C108965,Vikram Malhotra,Lucknow,UP,2024-12-26,Y
C108966,Saanvi Saxena,Ranchi,JH,2024-11-29,N
C108967,Swati Rao,Hyderabad,TS,2023-11-04,Y
C108968,Diya Mittal,Indore,MP,2023-04-24,N
C108969,Yash Das,Gurugram,HR,2024-07-13,N
C108970,Tarun D'Souza,Bhopal,MP,2023-02-10,N
C108971,Simran Deshpande,Kolkata,WB,2022-11-06,N
C108972,Tanvi Varghese,Thiruvananthapuram,KL,2022-09-30,N
C108973,Siddharth Srivastava,Guwahati,AS,2022-12-20,Y
C108974,Gurpreet D'Souza,Mumbai,MH,2022-10-01,Y
C108975,Ishaan Pandey,Ranchi,JH,2023-05-04,N
C108976,Harsh Goyal,Indore,MP,2024-04-27,Y
C108977,Neha Jain,Ahmedabad,GJ,2024-12-12,N
C108978,Gurpreet Bansal,Kolkata,WB,2023-01-16,Y
C108979,Komal Srivastava,Kochi,KL,2023-08-24,Y
C108980,Rohan Shah,Patna,BR,2024-09-29,N
C108981,Ankit Agarwal,Thiruvananthapuram,KL,2023-08-05,Y
C108982,Sukhwinder Qureshi,Delhi,DL,2023-04-15,N
C108983,Rahul Dutta,Nagpur,MH,2024-01-10,N
C108984,Manpreet Naidu,Coimbatore,TN,2024-04-12,N
C108985,Siddharth Bhatia,Mysuru,KA,2024-11-18,N
C108986,Vikram Khan,Thiruvananthapuram,KL,2023-11-19,N
C108987,Lobsang Agarwal,Nashik,MH,2024-03-10,N
C108988,Tarun Gupta,Mysuru,KA,2023-06-03,N
C108989,Diya Pillai,Delhi,DL,2022-10-06,N
C108990,Sukhwinder Qureshi,Nagpur,MH,2023-09-13,N
C108991,Meera Bose,Chennai,TN,2022-09-04,N
C108992,Yash Jain,Ranchi,JH,2023-01-03,N
C108993,Yash Pandey,Lucknow,UP,2024-03-04,N
C108994,Ananya Sandhu,Bhubaneswar,OR,2023-10-28,N
C108995,Anjali Srivastava,Noida,UP,2022-07-20,N
C108996,Swati Iyer,Dehradun,UK,2023-06-07,Y
C108997,Ayaan Bhatt,Kolkata,WB,2024-02-23,N
C108998,Arjun Rathore,Ahmedabad,GJ,2023-09-28,N
C108999,Harpreet Pillai,Lucknow,UP,2024-05-02,Y
C109000,Ankit Saxena,Ranchi,JH,2024-01-08,N
C109001,Siddharth Agarwal,Nagpur,MH,2024-07-20,N
C109002,Lakshmi Fernandes,Noida,UP,2023-07-27,N
C109003,Ishaan Pawar,Nagpur,MH,2022-12-28,N
C109004,Vihaan Chauhan,Indore,MP,2024-03-14,Y
C109005,Sameer Naidu,Bhubaneswar,OR,2024-07-11,N
C109006,Ayaan Bansal,Pune,MH,2024-10-02,Y
C109007,Meera Mathew,Bengaluru,KA,2024-07-09,N
C109008,Rohit Siddiqui,Noida,UP,2024-06-15,Y
C109009,Rohit Sheikh,Noida,UP,2024-01-16,Y
C109010,Ankit Shah,Coimbatore,TN,2022-09-20,N
C109011,Riya Patil,Raipur,CG,2024-01-03,N
C109012,Pooja Kapoor,Chennai,TN,2023-11-01,N
C109013,Neha Sen,Bhopal,MP,2023-07-11,N
C109014,Harpreet George,Nashik,MH,2023-06-19,N
C109015,Harpreet Sen,Delhi,DL,2023-02-13,N
C109016,Ayaan Jain,Chennai,TN,2022-11-06,Y
C109017,Yash Goyal,Noida,UP,2024-04-15,N
C109018,Shreya Chauhan,Delhi,DL,2024-12-21,N
C109019,Vivaan Gupta,Coimbatore,TN,2023-05-07,N
C109020,Deepak Chopra,Chandigarh,CH,2023-11-06,N
C109021,Suresh Shinde,Bhubaneswar,OR,2023-06-10,N
C109022,Jaspreet Jain,Mysuru,KA,2023-09-29,Y
C109023,Dev Rathore,Guwahati,AS,2024-01-06,N
C109024,Bhavna Gill,Patna,BR,2023-03-08,N
C109025,Aadhya Qureshi,Nashik,MH,2023-03-04,N
C109026,Kabir Dutta,Bhubaneswar,OR,2023-03-19,Y
C109027,Ananya Pandey,Kochi,KL,2024-10-24,N
C109028,Arjun Gupta,Ranchi,JH,2023-01-04,N
C109029,Rahul Patil,Hyderabad,TS,2023-06-18,N
C109030,Nisha Banerjee,Bhubaneswar,OR,2022-12-28,N
C109031,Ankit Goyal,Mysuru,KA,2023-05-23,Y
C109032,Manish Mishra,Dehradun,UK,2023-03-22,N
C109033,Lakshmi Pereira,Vadodara,GJ,2023-05-08,Y
C109034,Aadhya Siddiqui,Pune,MH,2023-04-13,N
C109035,Daniel Pandey,Indore,MP,2024-01-19,N
C109036,Tenzin Fernandes,Mumbai,MH,2022-10-09,N
C109037,Suresh Kaur,Mysuru,KA,2023-10-05,Y
C109038,Farah Qureshi,Kolkata,WB,2024-10-08,Y
C109039,Nikhil Bhatt,Indore,MP,2023-07-29,N
C109040,Karan Goyal,Visakhapatnam,AP,2023-09-03,Y
C109041,Saanvi Rathore,Coimbatore,TN,2023-06-07,Y
C109042,Sunita Tiwari,Bhopal,MP,2023-03-24,N
C109043,Pranav Naidu,Noida,UP,2022-10-19,N
C109044,Komal Sethi,Nagpur,MH,2024-11-04,Y
C109045,Bhavna Dhillon,Indore,MP,2023-07-05,N
C109046,Rajat Bhatt,Nashik,MH,2022-08-30,N
C109047,Sai Verma,Indore,MP,2024-08-28,Y
C109048,Dev Bhatia,Guwahati,AS,2022-11-06,Y
C109049,Riya Singh,Guwahati,AS,2023-12-11,N
C109050,Krishna Khan,Delhi,DL,2023-03-05,Y
C109051,Pranav Dhillon,Noida,UP,2023-01-19,N
C109052,Saanvi Verma,Ranchi,JH,2024-11-10,Y
C109053,Shreya George,Mysuru,KA,2023-10-17,N
C109054,Ritika Rathore,Raipur,CG,2023-01-17,Y
C109055,Mohammed Deshpande,Chennai,TN,2023-07-12,N
C109056,Tanvi Mukherjee,Guwahati,AS,2024-05-03,N
C109057,Sunita D'Souza,Nashik,MH,2024-08-25,Y
C109058,Vikram Mathew,Jaipur,RJ,2024-03-15,N
C109059,Dev Chatterjee,Bhopal,MP,2023-12-09,Y
C109060,Aarav Srivastava,Jaipur,RJ,2024-09-13,N
C109061,Neha Banerjee,Vadodara,GJ,2023-05-22,N
C109062,Lakshmi Menon,Chennai,TN,2022-07-18,N
C109063,Gurpreet Pawar,Visakhapatnam,AP,2023-02-03,N
C109064,Manpreet Saxena,Noida,UP,2024-01-15,Y
C109065,Kavya Deshpande,Vadodara,GJ,2023-01-22,N
C109066,Arjun Ghosh,Bhopal,MP,2024-08-01,N
C109067,Varun Varghese,Nagpur,MH,2023-08-13,N
C109068,Siddharth Kulkarni,Kolkata,WB,2023-02-05,Y
C109069,Jaspreet Pereira,Jaipur,RJ,2023-11-29,N
C109070,Joseph Gaikwad,Ranchi,JH,2023-12-05,Y
C109071,Yash Gill,Chandigarh,CH,2023-01-18,N
C109072,Mohammed Agarwal,Chandigarh,CH,2024-12-26,Y
C109073,Faisal Kapoor,Bhopal,MP,2024-12-03,N
C109074,Suresh D'Souza,Guwahati,AS,2023-11-16,Y
C109075,Aadhya Naidu,Visakhapatnam,AP,2024-04-16,Y
C109076,Priya Sharma,Ahmedabad,GJ,2024-01-01,N
C109077,Rajat Kaur,Ahmedabad,GJ,2024-10-13,Y
C109078,Manish Pawar,Bengaluru,KA,2024-03-22,Y
C109079,Siddharth Yadav,Guwahati,AS,2024-07-24,N
C109080,Aadhya Banerjee,Bhubaneswar,OR,2024-07-26,N
C109081,Geeta Kaur,Visakhapatnam,AP,2022-07-18,N
C109082,Farah D'Souza,Patna,BR,2024-05-25,N
C109083,Ananya Jadhav,Gurugram,HR,2023-11-16,N
C109084,Isha Fernandes,Raipur,CG,2023-07-15,N
C109085,Priya Gill,Surat,GJ,2023-09-29,N
C109086,Meera Mishra,Thiruvananthapuram,KL,2024-02-20,N
C109087,Vikram Chatterjee,Jaipur,RJ,2024-04-06,N
C109088,Isha Sethi,Jaipur,RJ,2022-08-26,Y
C109089,Diya Patil,Delhi,DL,2023-10-10,N
C109090,Dev Verma,Dehradun,UK,2024-03-16,N
C109091,Ishaan Dhillon,Kochi,KL,2024-11-21,Y
C109092,Saanvi Yadav,Vadodara,GJ,2024-05-20,N
C109093,Rohit Dhillon,Vadodara,GJ,2023-05-14,Y
C109094,Daniel Naidu,Mumbai,MH,2023-05-11,N
C109095,Kavya Mukherjee,Delhi,DL,2024-06-23,N
C109096,Swati Khan,Pune,MH,2023-08-19,N
C109097,Tenzin Chatterjee,Jaipur,RJ,2024-08-13,N
C109098,Vikram Kulkarni,Nagpur,MH,2023-10-09,Y
C109099,Sukhwinder Rao,Kochi,KL,2023-06-27,N
C109100,Aditya Patel,Ahmedabad,GJ,2024-05-25,N
C109101,Lobsang Naidu,Bengaluru,KA,2022-10-17,N
C109102,Zoya Shinde,Jaipur,RJ,2023-04-30,N
C109103,Harsh Dhillon,Dehradun,UK,2024-06-15,N
C109104,Aarav Jadhav,Kolkata,WB,2023-07-27,N
C109105,Swati Malhotra,Chandigarh,CH,2024-10-21,Y
C109106,Saanvi Dutta,Noida,UP,2023-01-03,Y
C109107,Lakshmi Bhatia,Surat,GJ,2022-10-18,Y
C109108,Kavya Sen,Dehradun,UK,2024-09-25,N
C109109,Vivaan Kaur,Kolkata,WB,2024-05-20,N
C109110,Steven Mathew,Kolkata,WB,2024-09-05,N
C109111,Ananya Shah,Pune,MH,2023-05-11,N
C109112,Daniel Kaur,Dehradun,UK,2023-08-29,Y
C109113,Lakshmi Naidu,Visakhapatnam,AP,2024-07-29,N
C109114,Kunal Trivedi,Nashik,MH,2024-01-16,N
C109115,Payal Jadhav,Ahmedabad,GJ,2024-02-01,N
C109116,Imran Qureshi,Surat,GJ,2022-11-14,N
C109117,Kunal D'Souza,Bhubaneswar,OR,2022-11-17,N
C109118,Kunal Bansal,Pune,MH,2023-02-25,N
C109119,Ramesh Sandhu,Hyderabad,TS,2024-03-27,Y
C109120,Imran Yadav,Lucknow,UP,2024-04-07,N
C109121,Saanvi Ghosh,Dehradun,UK,2024-07-30,N
C109122,Pooja Verma,Indore,MP,2022-07-25,N
C109123,Nikhil Dutta,Guwahati,AS,2024-04-14,Y
C109124,Aditya Arora,Dehradun,UK,2023-02-10,N
C109125,Kavya Mathew,Gurugram,HR,2023-07-11,N
C109126,Joseph Roy,Dehradun,UK,2022-08-09,N
C109127,Anjali Banerjee,Jaipur,RJ,2024-12-30,N
C109128,Ritika Shinde,Noida,UP,2024-04-19,N
C109129,Sneha Pillai,Kochi,KL,2024-08-07,N
C109130,Lakshmi Sen,Ahmedabad,GJ,2024-11-24,Y
C109131,Ramesh Rathore,Hyderabad,TS,2024-07-20,N
C109132,Yash Joshi,Chennai,TN,2022-11-21,N
C109133,Om Jadhav,Raipur,CG,2024-02-22,N
C109134,Shreya Patil,Raipur,CG,2023-06-13,N
C109135,Saanvi Pereira,Raipur,CG,2022-10-13,N
C109136,Siddharth Reddy,Hyderabad,TS,2023-09-04,Y
C109137,Komal Fernandes,Kochi,KL,2023-03-29,N
C109138,Tarun Gupta,Noida,UP,2022-11-04,N
C109139,Siddharth Bansal,Patna,BR,2023-10-09,N
C109140,Aarav Bhatt,Lucknow,UP,2023-05-19,N
C109141,Swati Malhotra,Noida,UP,2023-05-11,N
C109142,Vivaan Chauhan,Raipur,CG,2024-03-18,N
C109143,Nisha Mishra,Bhopal,MP,2024-10-17,N
C109144,Thomas Bhatt,Chandigarh,CH,2023-02-07,N
C109145,Faisal Ghosh,Nashik,MH,2023-12-12,N
C109146,Krishna Sheikh,Surat,GJ,2023-04-08,N
C109147,Bhavna Pillai,Bengaluru,KA,2023-04-07,N
C109148,Tarun Gill,Nashik,MH,2023-03-18,N
C109149,Siddharth Kulkarni,Chandigarh,CH,2023-11-29,N
C109150,Ritika Kumar,Bengaluru,KA,2023-04-28,Y
C109151,Imran Qureshi,Mumbai,MH,2022-08-13,N
C109152,Sunita Kulkarni,Ahmedabad,GJ,2024-06-19,Y
C109153,Kunal Patel,Pune,MH,2023-03-22,Y
C109154,Aditya Reddy,Jaipur,RJ,2023-08-16,N
C109155,Siddharth Chatterjee,Visakhapatnam,AP,2023-02-04,N
C109156,Harpreet Saxena,Mysuru,KA,2024-02-27,N
C109157,Krishna Sen,Coimbatore,TN,2023-03-09,N
C109158,Bhavna Varghese,Nashik,MH,2023-08-02,Y
C109159,Nisha Arora,Mysuru,KA,2023-03-14,N
C109160,Harpreet Pereira,Thiruvananthapuram,KL,2023-06-07,N
C109161,Jaspreet Mathew,Patna,BR,2023-11-30,N
C109162,Om Dhillon,Pune,MH,2024-01-23,N
C109163,Meera Mehta,Hyderabad,TS,2024-12-11,N
C109164,Mohammed Nair,Bhopal,MP,2024-02-09,N
C109165,Faisal Desai,Pune,MH,2024-05-22,Y
C109166,Suresh Sethi,Indore,MP,2024-11-13,N
C109167,Ayaan Desai,Bengaluru,KA,2023-11-01,N
C109168,Ishaan D'Souza,Gurugram,HR,2024-04-17,N
C109169,Simran Qureshi,Thiruvananthapuram,KL,2024-12-26,N
C109170,Om Mishra,Mumbai,MH,2023-08-26,N
C109171,Sunita Kaur,Chandigarh,CH,2023-11-28,Y
C109172,Pranav Sharma,Ranchi,JH,2024-07-01,N
C109173,Payal Menon,Raipur,CG,2022-09-28,N
C109174,Farah Patil,Jaipur,RJ,2023-08-02,N
C109175,Komal Nair,Jaipur,RJ,2024-01-09,N
C109176,Pranav Kumar,Bhubaneswar,OR,2023-02-21,N
C109177,Meera Deshpande,Mumbai,MH,2022-12-31,N
C109178,Yash Iyer,Chennai,TN,2022-11-04,N
C109179,Lobsang Mishra,Indore,MP,2024-05-13,N
C109180,Harsh Mehta,Mysuru,KA,2023-01-04,N
C109181,Nisha Pillai,Bhubaneswar,OR,2024-04-08,N
C109182,Kavya Roy,Nagpur,MH,2023-08-27,N
C109183,Nisha Pawar,Visakhapatnam,AP,2024-09-03,N
C109184,Sunita Patel,Vadodara,GJ,2023-02-08,Y
C109185,Nikhil Reddy,Mysuru,KA,2024-12-09,N
C109186,Amit Pandey,Chennai,TN,2023-03-10,N
C109187,Aadhya Roy,Guwahati,AS,2023-02-01,N
C109188,Meera Qureshi,Noida,UP,2024-06-07,N
C109189,Deepak Qureshi,Chandigarh,CH,2024-10-06,Y
C109190,Bhavna Pawar,Nagpur,MH,2023-09-24,N
C109191,Ananya Rao,Bhopal,MP,2023-09-11,Y
C109192,Faisal Sheikh,Bhopal,MP,2024-03-23,N
C109193,Pranav Kapoor,Dehradun,UK,2024-03-08,N
C109194,Kabir Arora,Chennai,TN,2022-11-08,Y
C109195,Meera Kapoor,Kolkata,WB,2022-08-29,N
C109196,Siddharth Singh,Vadodara,GJ,2023-10-31,N
C109197,Farah Naidu,Ahmedabad,GJ,2023-09-04,Y
C109198,Manpreet Kaur,Thiruvananthapuram,KL,2024-05-30,Y
C109199,Aishwarya Rathore,Delhi,DL,2023-03-19,N
C109200,Varun Khanna,Kolkata,WB,2023-07-25,N
C109201,Aarav Trivedi,Ranchi,JH,2023-10-08,N
C109202,Karan Pillai,Patna,BR,2024-05-28,N
C109203,Ishaan George,Hyderabad,TS,2022-07-24,N
C109204,Siddharth Kaur,Bengaluru,KA,2024-03-22,N
C109205,Rohit Gupta,Nashik,MH,2024-12-30,N
C109206,Kabir Banerjee,Bhopal,MP,2024-06-22,N
C109207,Farah Rao,Thiruvananthapuram,KL,2023-01-17,Y
C109208,Ishaan Pereira,Bengaluru,KA,2024-03-16,Y
C109209,Payal Desai,Chandigarh,CH,2023-06-27,Y
C109210,Amit Pandey,Indore,MP,2024-11-25,N
C109211,Ritika Ghosh,Mysuru,KA,2023-07-08,Y
C109212,Rajat Reddy,Bhopal,MP,2022-09-05,N
C109213,Megha Bhatt,Delhi,DL,2024-02-05,N
C109214,Swati Chopra,Nashik,MH,2024-01-09,N
C109215,Sunita Siddiqui,Indore,MP,2023-01-07,Y
C109216,Diya Patel,Ranchi,JH,2024-03-25,N
C109217,Megha Agarwal,Bhopal,MP,2023-03-04,Y
C109218,Lakshmi Goyal,Thiruvananthapuram,KL,2023-08-16,N
C109219,Abhishek Dutta,Bhopal,MP,2023-10-06,N
C109220,Lakshmi Varghese,Surat,GJ,2024-08-17,N
C109221,Meera Patil,Patna,BR,2023-06-05,N
C109222,Om D'Souza,Delhi,DL,2024-12-01,Y
C109223,Vikram Nair,Pune,MH,2024-08-21,N
C109224,Jaspreet Bansal,Hyderabad,TS,2024-12-10,N
C109225,Swati Banerjee,Ranchi,JH,2022-10-27,N
C109226,Jaspreet Patel,Pune,MH,2023-06-22,N
C109227,Kunal Patil,Ahmedabad,GJ,2023-09-20,Y
C109228,Vikram Bose,Bengaluru,KA,2023-03-17,N
C109229,Karan Das,Bhopal,MP,2023-05-15,N
C109230,Amit Reddy,Thiruvananthapuram,KL,2024-05-20,Y
C109231,Meera Gaikwad,Visakhapatnam,AP,2024-02-12,N
C109232,Jaspreet Khan,Bhopal,MP,2023-07-20,N
C109233,Simran Chopra,Vadodara,GJ,2024-12-07,N
C109234,Anjali Bhatia,Ranchi,JH,2024-10-21,N
C109235,Abhishek Sen,Dehradun,UK,2023-08-24,N
C109236,Suresh Kulkarni,Ahmedabad,GJ,2024-10-05,Y
C109237,Ishaan Roy,Thiruvananthapuram,KL,2022-07-29,N
C109238,Sai Shinde,Bhopal,MP,2023-10-04,N
C109239,Vivaan Saxena,Indore,MP,2023-09-24,Y
C109240,Vihaan Desai,Guwahati,AS,2023-06-08,Y
C109241,Yash Malhotra,Bhubaneswar,OR,2024-05-27,N
C109242,Varun Singh,Chandigarh,CH,2024-06-20,Y
C109243,Karan Saxena,Nashik,MH,2023-10-19,Y
C109244,Yash Desai,Mumbai,MH,2024-08-31,N
C109245,Vikram Siddiqui,Kochi,KL,2022-10-17,N
C109246,Lobsang Bose,Patna,BR,2023-09-03,N
C109247,Ayaan Shinde,Vadodara,GJ,2024-09-29,N
C109248,Ramesh Bansal,Ranchi,JH,2024-11-09,N
C109249,Simran Gaikwad,Nashik,MH,2023-01-03,N
C109250,Ramesh Patel,Chandigarh,CH,2023-09-14,N
C109251,Sneha Ghosh,Mumbai,MH,2024-02-26,Y
C109252,Simran Bhatia,Vadodara,GJ,2022-12-11,N
C109253,Manish Patel,Bengaluru,KA,2023-04-19,N
C109254,Imran Singh,Bengaluru,KA,2023-06-25,N
C109255,Yash Chauhan,Ranchi,JH,2023-05-21,N
C109256,Simran Desai,Gurugram,HR,2023-02-28,N
C109257,Rajat Fernandes,Chennai,TN,2024-01-14,Y
C109258,Shreya Pandey,Indore,MP,2023-01-05,N
C109259,Kabir Dutta,Raipur,CG,2024-11-22,N
C109260,Dev Ansari,Ahmedabad,GJ,2024-11-28,N
C109261,Zaid Patil,Dehradun,UK,2023-03-07,N
C109262,Komal Khan,Bhubaneswar,OR,2023-07-10,Y
C109263,Anjali Pawar,Delhi,DL,2024-04-24,Y
C109264,Sunita Nair,Noida,UP,2023-06-20,N
C109265,Swati Varghese,Hyderabad,TS,2024-10-10,N
C109266,Aadhya Gaikwad,Patna,BR,2022-10-17,Y
C109267,Lobsang Bansal,Chandigarh,CH,2024-04-12,N
C109268,Ananya Pereira,Surat,GJ,2023-12-31,N
C109269,Ananya Srivastava,Guwahati,AS,2023-05-19,N
C109270,Anjali Desai,Kolkata,WB,2022-10-05,N
C109271,Saanvi Singh,Ranchi,JH,2024-07-27,Y
C109272,Megha Rao,Patna,BR,2023-08-07,Y
C109273,Komal Tiwari,Delhi,DL,2024-05-28,Y
C109274,Neha Deshpande,Coimbatore,TN,2024-11-03,N
C109275,Ankit Shinde,Ranchi,JH,2024-05-08,N
C109276,Joseph Pillai,Bhubaneswar,OR,2022-11-20,N
C109277,Zaid Pawar,Bhopal,MP,2023-12-29,N
C109278,Isha Mukherjee,Mumbai,MH,2024-05-02,N
C109279,Zaid Iyer,Guwahati,AS,2022-10-29,Y
C109280,Siddharth Chauhan,Hyderabad,TS,2023-09-30,Y
C109281,Meera Siddiqui,Guwahati,AS,2024-04-01,Y
C109282,Ananya Rathore,Raipur,CG,2024-06-06,Y
C109283,Sai George,Gurugram,HR,2022-10-23,N
C109284,Daniel Chauhan,Pune,MH,2023-08-02,N
C109285,Diya Pawar,Noida,UP,2023-12-22,N
C109286,Sukhwinder Dutta,Thiruvananthapuram,KL,2024-12-01,Y
C109287,Thomas Singh,Kochi,KL,2022-10-16,Y
C109288,Lakshmi George,Gurugram,HR,2024-08-06,Y
C109289,Daniel Khan,Thiruvananthapuram,KL,2022-11-07,Y
C109290,Dev Pawar,Lucknow,UP,2024-12-23,N
C109291,Siddharth Deshpande,Visakhapatnam,AP,2023-12-04,N
C109292,Joseph D'Souza,Jaipur,RJ,2023-03-04,N
C109293,Payal Jadhav,Bengaluru,KA,2023-06-24,N
C109294,Zaid Chatterjee,Vadodara,GJ,2024-10-16,N
C109295,Rajat Kulkarni,Jaipur,RJ,2024-01-07,N
C109296,Ayaan Dhillon,Coimbatore,TN,2024-04-26,N
C109297,Kunal Patel,Nashik,MH,2023-01-19,N
C109298,Arjun Iyer,Bhubaneswar,OR,2024-02-07,Y
C109299,Gurpreet Rao,Thiruvananthapuram,KL,2023-05-06,N
C109300,Ritika Shinde,Noida,UP,2023-08-03,N
C109301,Gurpreet Ansari,Ranchi,JH,2022-10-26,Y
C109302,Imran Sen,Delhi,DL,2022-08-05,N
C109303,Riya Sen,Kochi,KL,2024-06-17,N
C109304,Bhavna Roy,Mumbai,MH,2024-11-23,N
C109305,Kabir Chatterjee,Pune,MH,2023-06-09,Y
C109306,Suresh Pereira,Coimbatore,TN,2023-01-17,N
C109307,Dev Rathore,Delhi,DL,2023-02-20,Y
C109308,Vikram Mishra,Jaipur,RJ,2024-08-21,Y
C109309,Faisal Das,Coimbatore,TN,2024-05-08,N
C109310,Deepak Mathew,Kolkata,WB,2022-07-16,Y
C109311,Harpreet Jain,Kolkata,WB,2022-10-15,N
C109312,Suresh Sheikh,Visakhapatnam,AP,2023-05-11,N
C109313,Vivaan Roy,Thiruvananthapuram,KL,2023-12-02,Y
C109314,Diya Goyal,Bhopal,MP,2024-02-11,N
C109315,Anjali Roy,Vadodara,GJ,2023-12-17,N
C109316,Simran Banerjee,Ahmedabad,GJ,2024-01-01,Y
C109317,Rajat Mukherjee,Kolkata,WB,2023-09-28,N
C109318,Kunal Patil,Patna,BR,2023-11-11,Y
C109319,Kunal Bhatt,Indore,MP,2024-09-19,N
C109320,Manish Rathore,Hyderabad,TS,2023-09-13,N
C109321,Varun Mathew,Raipur,CG,2024-07-19,N
C109322,Mohammed Yadav,Patna,BR,2024-01-29,N
C109323,Ankit Desai,Chandigarh,CH,2024-11-21,N
C109324,Harpreet Yadav,Vadodara,GJ,2022-11-26,N
C109325,Ananya Sen,Vadodara,GJ,2023-04-28,N
C109326,Tanvi Roy,Bhopal,MP,2024-05-28,Y
C109327,Anjali Jain,Chennai,TN,2024-08-05,Y
C109328,Pranav Deshpande,Chennai,TN,2024-08-13,N
C109329,Neha Iyer,Vadodara,GJ,2022-09-30,N
C109330,Harsh Ansari,Ahmedabad,GJ,2022-12-02,N
C109331,Sameer Jain,Raipur,CG,2024-10-19,N
C109332,Sameer Ansari,Bengaluru,KA,2023-12-08,N
C109333,Pooja Varghese,Dehradun,UK,2023-04-17,N
C109334,Pranav Rathore,Ahmedabad,GJ,2023-04-21,N
C109335,Tanvi Kaur,Indore,MP,2024-03-31,Y
C109336,Tarun Chatterjee,Kochi,KL,2024-11-13,N
C109337,Kunal Sheikh,Patna,BR,2024-05-27,Y
C109338,Farah Nair,Ahmedabad,GJ,2024-08-10,Y
C109339,Vihaan Bhatt,Indore,MP,2023-05-16,Y
C109340,Isha Naidu,Raipur,CG,2022-12-16,N
C109341,Ankit Jain,Raipur,CG,2023-09-24,N
C109342,Ankit Agarwal,Mumbai,MH,2022-09-03,Y
C109343,Rahul Mittal,Gurugram,HR,2024-06-17,N
C109344,Payal Chauhan,Chennai,TN,2024-12-27,Y
C109345,Vikram Pawar,Delhi,DL,2024-12-09,N
C109346,Rohit Dhillon,Raipur,CG,2023-11-11,Y
C109347,Manish Bhatia,Indore,MP,2023-10-15,Y
C109348,Riya Kaur,Jaipur,RJ,2023-12-03,N
C109349,Ayaan Dutta,Coimbatore,TN,2024-09-05,Y
C109350,Ayaan Dutta,Visakhapatnam,AP,2023-01-14,N
C109351,Riya Sethi,Dehradun,UK,2022-12-06,N
C109352,Anjali Pillai,Hyderabad,TS,2024-04-16,Y
C109353,Tarun Shah,Noida,UP,2024-05-08,N
C109354,Swati Trivedi,Ahmedabad,GJ,2024-05-13,N
C109355,Priya Naidu,Dehradun,UK,2022-07-21,N
C109356,Rajat Sandhu,Mumbai,MH,2023-08-30,N
C109357,Faisal Rathore,Kolkata,WB,2023-12-30,N
C109358,Nisha Iyer,Thiruvananthapuram,KL,2024-05-11,N
C109359,Kabir Ansari,Indore,MP,2022-10-20,N
C109360,Dev Trivedi,Bengaluru,KA,2024-02-09,N
C109361,Diya Chatterjee,Noida,UP,2024-10-13,N
C109362,Tenzin Siddiqui,Nagpur,MH,2023-06-19,Y
C109363,Zoya Patel,Mysuru,KA,2023-09-20,N
C109364,Sai Dhillon,Gurugram,HR,2023-08-25,Y
C109365,Vihaan Tiwari,Dehradun,UK,2024-08-20,N
C109366,Rahul Sandhu,Raipur,CG,2023-09-30,N
C109367,Sai Sen,Indore,MP,2024-04-25,N
C109368,Gurpreet Bose,Kochi,KL,2023-07-18,N
C109369,Krishna Malhotra,Patna,BR,2024-03-04,N
C109370,Sameer Bhatt,Surat,GJ,2024-03-12,N
C109371,Arjun Pandey,Coimbatore,TN,2023-06-03,N
C109372,Farah Srivastava,Patna,BR,2024-12-19,N
C109373,Lobsang Ansari,Thiruvananthapuram,KL,2024-02-29,Y
C109374,Siddharth Roy,Bhubaneswar,OR,2024-03-03,N
C109375,Suresh Bhatia,Noida,UP,2024-11-02,N
C109376,Diya Bhatt,Thiruvananthapuram,KL,2023-12-13,N
C109377,Diya Pillai,Mumbai,MH,2023-01-09,Y
C109378,Ritika Das,Kochi,KL,2023-09-05,Y
C109379,Suresh Mittal,Indore,MP,2024-01-11,N
C109380,Abhishek Deshpande,Surat,GJ,2023-05-08,N
C109381,Sameer Das,Chennai,TN,2024-08-11,N
C109382,Amit Dutta,Ranchi,JH,2023-09-15,N
C109383,Aditya Rao,Jaipur,RJ,2024-07-29,N
C109384,Ishaan Srivastava,Pune,MH,2022-11-15,Y
C109385,Bhavna Shinde,Delhi,DL,2023-12-26,Y
C109386,Steven Sen,Ahmedabad,GJ,2024-07-16,N
C109387,Ishaan Mukherjee,Chandigarh,CH,2024-06-14,Y
C109388,Imran Roy,Coimbatore,TN,2024-08-18,N
C109389,Rajat Mittal,Gurugram,HR,2022-09-08,N
C109390,Karan Menon,Gurugram,HR,2024-01-13,N
C109391,Geeta Sheikh,Bhopal,MP,2024-11-29,N
C109392,Pooja Ghosh,Vadodara,GJ,2022-08-10,N
C109393,Zaid Deshpande,Pune,MH,2023-09-21,N
C109394,Rohan Deshpande,Mumbai,MH,2024-10-09,N
C109395,Vihaan Pandey,Hyderabad,TS,2024-02-15,Y
C109396,Ritika Sethi,Noida,UP,2022-09-05,N
C109397,Sunita Rao,Kochi,KL,2024-10-12,N
C109398,Komal Mishra,Chennai,TN,2022-08-27,N
C109399,Lobsang Patil,Lucknow,UP,2023-07-19,Y
C109400,Reyansh Chauhan,Vadodara,GJ,2024-11-03,N
C109401,Arjun Bose,Jaipur,RJ,2024-12-24,N
C109402,Steven Sheikh,Noida,UP,2023-07-29,N
C109403,Rohan Reddy,Kochi,KL,2023-01-21,Y
C109404,Divya Shinde,Visakhapatnam,AP,2023-09-26,N
C109405,Geeta Roy,Patna,BR,2023-12-09,N
C109406,Varun Gupta,Thiruvananthapuram,KL,2022-07-20,N
C109407,Sunita Khanna,Thiruvananthapuram,KL,2022-11-28,N
C109408,Yash Shah,Kolkata,WB,2024-10-19,Y
C109409,Daniel Shah,Chandigarh,CH,2024-05-20,N
C109410,Pooja Roy,Ranchi,JH,2023-03-22,Y
C109411,Kunal Pandey,Lucknow,UP,2023-03-22,Y
C109412,Aditya Mukherjee,Dehradun,UK,2023-12-12,N
C109413,Aadhya Bhatt,Bhopal,MP,2023-07-26,N
C109414,Riya Srivastava,Surat,GJ,2024-10-22,Y
C109415,Mohammed Singh,Raipur,CG,2023-08-22,Y
C109416,Riya Mukherjee,Thiruvananthapuram,KL,2022-08-16,N
C109417,Ishaan Pillai,Mumbai,MH,2024-02-08,N
C109418,Yash Pereira,Vadodara,GJ,2024-11-02,N
C109419,Riya Dhillon,Visakhapatnam,AP,2022-09-13,Y
C109420,Ritika Bhatia,Ranchi,JH,2022-09-01,N
C109421,Simran Qureshi,Ahmedabad,GJ,2024-12-08,N
C109422,Om Ansari,Surat,GJ,2022-08-07,N
C109423,Yash Varghese,Mysuru,KA,2024-01-31,N
C109424,Manish Trivedi,Gurugram,HR,2023-12-18,N
C109425,Joseph Patel,Delhi,DL,2022-07-20,N
C109426,Sunita Sharma,Bhubaneswar,OR,2022-10-15,Y
C109427,Tenzin George,Dehradun,UK,2022-11-13,Y
C109428,Sai Pillai,Raipur,CG,2023-11-23,N
C109429,Jaspreet Chauhan,Dehradun,UK,2023-04-22,Y
C109430,Kabir Shinde,Delhi,DL,2024-09-16,N
C109431,Meera Jain,Raipur,CG,2024-03-03,N
C109432,Lakshmi Pandey,Coimbatore,TN,2023-11-15,Y
C109433,Manpreet Rao,Thiruvananthapuram,KL,2024-05-12,N
C109434,Pranav Menon,Surat,GJ,2023-04-05,N
C109435,Ankit Pawar,Guwahati,AS,2023-07-25,N
C109436,Reyansh Chauhan,Hyderabad,TS,2022-10-04,Y
C109437,Varun Sen,Surat,GJ,2022-07-23,N
C109438,Sai Kaur,Indore,MP,2024-09-13,N
C109439,Harsh Kapoor,Bengaluru,KA,2024-01-16,Y
C109440,Steven Khanna,Ahmedabad,GJ,2023-11-22,N
C109441,Shreya Menon,Bhubaneswar,OR,2023-04-08,N
C109442,Imran Trivedi,Bhopal,MP,2024-05-27,Y
C109443,Ananya Sheikh,Thiruvananthapuram,KL,2022-10-22,N
C109444,Farah Menon,Delhi,DL,2024-05-22,N
C109445,Vivaan Kulkarni,Kochi,KL,2022-07-21,N
C109446,Megha Sethi,Hyderabad,TS,2024-09-17,N
C109447,Rohit Iyer,Bengaluru,KA,2024-04-30,Y
C109448,Ishaan Naidu,Chennai,TN,2022-08-19,N
C109449,Tarun Pawar,Kochi,KL,2023-04-08,Y
C109450,Sameer Kumar,Ranchi,JH,2024-11-14,N
C109451,Vihaan Bhatt,Chandigarh,CH,2024-06-28,Y
C109452,Ananya Ghosh,Nagpur,MH,2024-02-22,N
C109453,Sneha Reddy,Pune,MH,2024-11-20,N
C109454,Deepak Kaur,Pune,MH,2023-12-09,N
C109455,Megha Pawar,Raipur,CG,2022-12-14,N
C109456,Riya Arora,Bhubaneswar,OR,2022-12-09,N
C109457,Kabir Bhatia,Mysuru,KA,2024-04-02,N
C109458,Ritika Banerjee,Thiruvananthapuram,KL,2024-11-09,Y
C109459,Om Chopra,Patna,BR,2023-04-26,N
C109460,Ishaan Bhatia,Patna,BR,2024-01-07,N
C109461,Rahul Pereira,Patna,BR,2024-09-22,Y
C109462,Faisal Mishra,Kochi,KL,2022-11-12,Y
C109463,Aadhya Mishra,Thiruvananthapuram,KL,2022-10-11,N
C109464,Krishna Deshpande,Indore,MP,2024-06-13,Y
C109465,Deepak Gupta,Delhi,DL,2024-01-30,N
C109466,Aarav Bhatt,Bhubaneswar,OR,2024-01-23,N
C109467,Ayaan Trivedi,Vadodara,GJ,2024-05-22,N
C109468,Krishna Pillai,Ahmedabad,GJ,2024-12-30,N
C109469,Riya Jadhav,Nashik,MH,2023-01-03,N
C109470,Deepak Srivastava,Kochi,KL,2023-12-28,Y
C109471,Sameer Shah,Visakhapatnam,AP,2024-09-06,Y
C109472,Tarun Patel,Hyderabad,TS,2023-03-08,N
C109473,Payal Sheikh,Raipur,CG,2024-12-08,N
C109474,Yash Banerjee,Ranchi,JH,2023-03-09,N
C109475,Rahul Chatterjee,Kolkata,WB,2023-04-11,N
C109476,Rahul Chauhan,Mumbai,MH,2024-08-04,Y
C109477,Payal Srivastava,Vadodara,GJ,2022-08-22,N
C109478,Sukhwinder Mishra,Raipur,CG,2023-09-17,N
C109479,Divya Banerjee,Chennai,TN,2023-04-01,N
C109480,Siddharth Menon,Nagpur,MH,2023-08-31,Y
C109481,Vihaan Malhotra,Lucknow,UP,2024-06-08,N
C109482,Bhavna Ghosh,Surat,GJ,2022-08-03,Y
C109483,Kunal D'Souza,Raipur,CG,2024-02-01,Y
C109484,Rahul Varghese,Dehradun,UK,2022-10-04,N
C109485,Aarav Menon,Nagpur,MH,2024-01-20,N
C109486,Aishwarya Pandey,Lucknow,UP,2023-02-16,Y
C109487,Rajat Sandhu,Surat,GJ,2022-12-26,Y
C109488,Saanvi Sen,Ahmedabad,GJ,2022-12-19,Y
C109489,Rajat Agarwal,Raipur,CG,2023-07-19,Y
C109490,Neha Gill,Chennai,TN,2024-06-08,Y
C109491,Imran Jadhav,Patna,BR,2023-06-27,N
C109492,Zoya Kaur,Delhi,DL,2024-09-29,N
C109493,Tanvi Siddiqui,Kochi,KL,2024-03-30,N
C109494,Dev Iyer,Jaipur,RJ,2024-06-06,N
C109495,Manpreet Shah,Chennai,TN,2024-10-27,N
C109496,Rajat Mukherjee,Kochi,KL,2022-11-01,N
C109497,Tenzin Jadhav,Pune,MH,2022-11-17,Y
C109498,Ayaan Shah,Kolkata,WB,2024-09-10,N
C109499,Manish Kumar,Coimbatore,TN,2022-09-03,N
