order_id,customer_id,sku,order_date,channel,qty,order_value_inr,lot_code
VR881892,C100416,VA-EB-PL1,2024-06-15,Amazon,1,2374,PL1-2403-4
VR888221,C101629,VA-EB-PL1,2024-06-15,Flipkart,1,2124,PL1-2404-4
VR891729,C103223,VA-HP-ST2,2024-06-15,vireo.in,1,4999,ST2-2405-2
VR892522,C101577,VA-EB-PL1,2024-06-15,vireo.in,1,2499,PL1-2404-3
VR899359,C101975,VA-EB-PL1,2024-06-15,vireo.in,1,2374,PL1-2403-3
VR899472,C108058,VA-AC-CBL,2024-06-15,vireo.in,1,399,CBL-2403-3
VR899524,C100833,VA-EB-PL1,2024-06-15,vireo.in,1,2499,PL1-2405-2
VR883377,C102135,VA-EB-PL1,2024-06-16,Amazon,1,2374,PL1-2405-3
VR888779,C107703,VA-SP-ORB,2024-06-16,vireo.in,1,5999,ORB-2405-1
VR890374,C109013,VA-NB-ARC,2024-06-16,vireo.in,2,2338,ARC-2405-3
VR894872,C103739,VA-EB-PL1,2024-06-16,Amazon,1,2499,PL1-2404-3
VR895234,C100968,VA-EB-PL1,2024-06-16,Amazon,1,1999,PL1-2405-3
VR895595,C102043,VA-EB-PL1,2024-06-16,Flipkart,1,2499,PL1-2404-3
VR897475,C101926,VA-NB-ARC,2024-06-16,Amazon,1,1169,ARC-2405-2
VR907187,C104136,VA-NB-ARC,2024-06-16,Amazon,1,1104,ARC-2404-3
VR884695,C104674,VA-NB-ARC,2024-06-17,vireo.in,2,2598,ARC-2405-2
VR886495,C101119,VA-EB-PL1,2024-06-17,Amazon,1,2499,PL1-2405-4
VR887782,C105540,VA-EB-PL1,2024-06-17,Amazon,1,1999,PL1-2403-3
VR894363,C104470,VA-SP-ORB,2024-06-17,Amazon,1,5999,ORB-2403-3
VR906080,C105209,VA-SP-ORB,2024-06-17,vireo.in,1,4799,ORB-2403-3
VR906302,C108813,VA-EB-PL1,2024-06-17,Amazon,1,2249,PL1-2403-2
VR882787,C105483,VA-NB-ARC,2024-06-18,vireo.in,1,1169,ARC-2404-1
VR894074,C107757,VA-EB-PL1,2024-06-18,vireo.in,1,2499,PL1-2405-2
VR902019,C101207,VA-EB-PL1,2024-06-18,vireo.in,1,2374,PL1-2404-4
VR904450,C106340,VA-EB-PL1,2024-06-18,vireo.in,1,2249,PL1-2405-2
VR882363,C108312,VA-EB-PL1,2024-06-19,vireo.in,2,4998,PL1-2405-2
VR897413,C101881,VA-SP-ORB,2024-06-19,Amazon,1,5999,ORB-2404-4
VR898250,C105788,VA-EB-PL1,2024-06-19,vireo.in,1,2499,PL1-2404-4
VR898305,C104619,VA-NB-ARC,2024-06-19,vireo.in,1,1299,ARC-2405-3
VR896805,C105379,VA-SW-NX1,2024-06-20,vireo.in,1,4249,NX1-2403-1
VR897389,C103148,VA-EB-PL1,2024-06-20,vireo.in,1,2499,PL1-2404-4
VR901743,C100611,VA-EB-PL1,2024-06-20,vireo.in,1,1999,PL1-2403-4
VR904982,C105993,VA-EB-PL1,2024-06-20,vireo.in,1,2249,PL1-2403-3
VR880228,C104191,VA-EB-PL1,2024-06-21,Amazon,1,2499,PL1-2405-1
VR892496,C107405,VA-EB-PL1,2024-06-21,vireo.in,1,2374,PL1-2405-4
VR893867,C105456,VA-EB-PL1,2024-06-21,vireo.in,1,1999,PL1-2403-4
VR897911,C107426,VA-SP-ORB,2024-06-21,Amazon,1,5999,ORB-2404-1
VR900666,C100076,VA-EB-PL1,2024-06-21,Flipkart,1,1999,PL1-2404-3
VR882559,C106926,VA-SW-NX1,2024-06-22,Amazon,1,3999,NX1-2404-1
VR893392,C104586,VA-EB-PL1,2024-06-22,Flipkart,1,1999,PL1-2403-2
VR895072,C100365,VA-EB-PL1,2024-06-22,vireo.in,1,2499,PL1-2405-2
VR896096,C102000,VA-SW-NX1,2024-06-22,Amazon,1,4999,NX1-2405-4
VR896792,C105978,VA-SW-NX1,2024-06-22,vireo.in,1,3999,NX1-2404-3
VR898948,C105382,VA-EB-PL1,2024-06-22,vireo.in,1,2499,PL1-2403-1
VR902099,C106796,VA-EB-PL1,2024-06-22,Flipkart,1,2499,PL1-2405-1
VR902428,C107788,VA-EB-PL1,2024-06-22,vireo.in,1,1999,PL1-2405-1
VR892941,C101069,VA-EB-PL1,2024-06-23,vireo.in,1,1999,PL1-2404-3
VR894752,C103477,VA-NB-ARC,2024-06-23,vireo.in,2,2078,ARC-2404-2
VR902294,C105697,VA-EB-PL1,2024-06-23,vireo.in,1,2374,PL1-2405-3
VR880435,C103165,VA-SW-NX1,2024-06-24,Flipkart,1,3999,NX1-2406-3
VR881480,C109048,VA-EB-PL1,2024-06-24,Flipkart,1,2499,PL1-2403-3
VR885310,C103758,VA-AC-CH65,2024-06-24,Flipkart,1,1274,CH65-2406-2
VR887388,C102857,VA-SP-ORB,2024-06-24,Amazon,1,5099,ORB-2405-1
VR889374,C101958,VA-AC-CH65,2024-06-24,Flipkart,1,1499,CH65-2404-2
VR897909,C101047,VA-AC-CH65,2024-06-24,Amazon,1,1499,CH65-2403-3
VR898922,C102307,VA-EB-PL1,2024-06-24,vireo.in,1,2499,PL1-2404-1
VR900183,C106223,VA-SP-ORB,2024-06-24,vireo.in,1,5099,ORB-2403-2
VR903690,C100492,VA-EB-PL1,2024-06-24,vireo.in,1,2499,PL1-2404-4
VR906638,C103937,VA-EB-PL1,2024-06-24,vireo.in,2,4998,PL1-2405-2
VR907059,C101297,VA-EB-PL1,2024-06-24,Amazon,1,1999,PL1-2403-2
VR907880,C105398,VA-EB-PL1,2024-06-24,Amazon,1,2499,PL1-2403-1
VR885032,C102039,VA-EB-PL1,2024-06-25,Amazon,1,2249,PL1-2404-2
VR889804,C103425,VA-NB-ARC,2024-06-25,Amazon,1,1234,ARC-2405-2
VR890881,C100173,VA-AC-CH65,2024-06-25,Amazon,1,1424,CH65-2403-1
VR892817,C105035,VA-EB-PL1,2024-06-25,Amazon,2,4248,PL1-2403-1
VR902205,C100618,VA-HP-ST2,2024-06-25,Amazon,1,3999,ST2-2403-1
VR903896,C104977,VA-EB-PL1,2024-06-25,Amazon,1,2499,PL1-2405-4
VR909988,C107743,VA-EB-PL1,2024-06-25,vireo.in,1,2499,PL1-2403-2
VR884841,C103268,VA-EB-PL1,2024-06-26,Amazon,1,2499,PL1-2405-1
VR886746,C100848,VA-EB-PL1,2024-06-26,vireo.in,1,2499,PL1-2404-4
VR887419,C105832,VA-HP-ST2,2024-06-26,vireo.in,1,4749,ST2-2403-2
VR893073,C103953,VA-NB-ARC,2024-06-26,Amazon,1,1234,ARC-2405-4
VR900479,C100319,VA-EB-PL1,2024-06-26,vireo.in,1,2499,PL1-2405-2
VR906012,C105263,VA-SP-ORB,2024-06-26,Flipkart,1,5099,ORB-2405-1
VR881615,C101927,VA-SW-NX1,2024-06-27,vireo.in,1,4999,NX1-2404-2
VR884359,C102579,VA-AC-CBL,2024-06-27,vireo.in,1,339,CBL-2405-3
VR891511,C108226,VA-NB-ARC,2024-06-27,vireo.in,1,1104,ARC-2405-1
VR895168,C103294,VA-SP-ORB,2024-06-27,Amazon,1,5699,ORB-2403-4
VR895825,C105491,VA-EB-PL1,2024-06-27,vireo.in,1,1999,PL1-2403-2
VR891622,C107976,VA-EB-PL1,2024-06-28,Amazon,1,2499,PL1-2405-3
VR897777,C102395,VA-HP-ST2,2024-06-28,Flipkart,1,4749,ST2-2405-1
VR904664,C100821,VA-HP-ST2,2024-06-28,vireo.in,1,4749,ST2-2403-3
VR907112,C102979,VA-SW-NX1,2024-06-28,Amazon,1,3999,NX1-2404-4
VR888712,C108361,VA-EB-PL1,2024-06-29,Amazon,2,3998,PL1-2405-2
VR889634,C109486,VA-AC-CH65,2024-06-29,vireo.in,1,1499,CH65-2404-1
VR890689,C102244,VA-EB-PL1,2024-06-29,vireo.in,1,2499,PL1-2406-4
VR898019,C108670,VA-EB-PL1,2024-06-29,Amazon,2,3998,PL1-2404-4
VR898260,C103829,VA-SW-NX1,2024-06-29,vireo.in,1,4499,NX1-2403-3
VR907926,C106070,VA-EB-PL1,2024-06-29,Flipkart,1,2249,PL1-2405-1
VR885080,C105883,VA-EB-PL1,2024-06-30,vireo.in,1,2499,PL1-2404-3
VR886855,C102481,VA-EB-PL1,2024-06-30,vireo.in,1,2499,PL1-2403-2
VR889744,C108454,VA-SP-ORB,2024-06-30,vireo.in,1,5999,ORB-2405-4
VR898776,C105822,VA-EB-PL1,2024-06-30,Amazon,1,2499,PL1-2403-4
VR880892,C109326,VA-HP-ST2,2024-07-01,vireo.in,1,4999,ST2-2405-3
VR881237,C109112,VA-EB-PL1,2024-07-01,Flipkart,1,2249,PL1-2403-2
VR889769,C107457,VA-EB-PL1,2024-07-01,vireo.in,1,2499,PL1-2405-2
VR890802,C107032,VA-EB-PL1,2024-07-01,vireo.in,1,2499,PL1-2404-4
VR901642,C104431,VA-AC-CH65,2024-07-01,Amazon,1,1349,CH65-2405-4
VR880329,C104753,VA-HP-ST2,2024-07-02,vireo.in,1,4749,ST2-2403-1
VR894876,C106137,VA-EB-PL1,2024-07-02,Amazon,1,2374,PL1-2404-3
VR896196,C107872,VA-SW-NX1,2024-07-02,Amazon,1,4999,NX1-2405-4
VR884520,C100048,VA-NB-ARC,2024-07-03,vireo.in,1,1299,ARC-2403-4
VR886711,C105349,VA-NB-ARC,2024-07-03,Flipkart,2,2208,ARC-2405-3
VR893194,C108939,VA-SP-ORB,2024-07-03,Amazon,1,5999,ORB-2405-3
VR897228,C108618,VA-SW-NX1,2024-07-03,Flipkart,1,4999,NX1-2404-4
VR901464,C101287,VA-SW-NX1,2024-07-03,vireo.in,1,4499,NX1-2405-3
VR881704,C105205,VA-EB-PL1,2024-07-04,Amazon,1,2499,PL1-2405-2
VR885045,C101803,VA-SW-NX1,2024-07-04,Amazon,1,4499,NX1-2406-1
VR885642,C106428,VA-EB-PL1,2024-07-04,Flipkart,1,1999,PL1-2406-1
VR894261,C101047,VA-NB-ARC,2024-07-04,vireo.in,1,1169,ARC-2403-4
VR899728,C109480,VA-EB-PL1,2024-07-04,Amazon,2,3998,PL1-2405-3
VR900018,C105271,VA-AC-CH65,2024-07-04,vireo.in,1,1424,CH65-2406-3
VR900467,C108191,VA-NB-ARC,2024-07-04,Amazon,1,1299,ARC-2404-3
VR888446,C101737,VA-SW-NX1,2024-07-05,vireo.in,1,4999,NX1-2405-3
VR889806,C109317,VA-EB-PL1,2024-07-05,vireo.in,1,1999,PL1-2404-2
VR891687,C106894,VA-AC-CH65,2024-07-05,vireo.in,1,1424,CH65-2404-1
VR893961,C105424,VA-NB-ARC,2024-07-05,Amazon,1,1039,ARC-2404-2
VR899398,C108527,VA-EB-PL1,2024-07-05,Amazon,1,2499,PL1-2403-3
VR904844,C102634,VA-SP-ORB,2024-07-05,Amazon,1,5999,ORB-2405-2
VR907652,C103559,VA-NB-ARC,2024-07-05,vireo.in,1,1299,ARC-2405-2
VR880229,C108494,VA-EB-PL1,2024-07-06,vireo.in,1,2499,PL1-2404-2
VR891605,C105059,VA-EB-PL1,2024-07-06,Flipkart,1,2499,PL1-2404-4
VR894571,C109061,VA-EB-PL1,2024-07-06,vireo.in,1,2499,PL1-2405-2
VR906398,C105240,VA-SP-ORB,2024-07-06,Amazon,1,5099,ORB-2405-2
VR907502,C108667,VA-EB-PL1,2024-07-06,vireo.in,2,4748,PL1-2404-1
VR907970,C104898,VA-EB-PL1,2024-07-06,Amazon,1,2124,PL1-2405-1
VR909352,C109360,VA-EB-PL1,2024-07-06,vireo.in,1,2499,PL1-2405-2
VR886409,C107768,VA-EB-PL1,2024-07-07,Amazon,1,1999,PL1-2404-1
VR888945,C104113,VA-HP-ST2,2024-07-07,vireo.in,1,4499,ST2-2404-2
VR897964,C104370,VA-HP-ST2,2024-07-07,Amazon,1,4999,ST2-2403-1
VR900061,C106985,VA-HP-ST2,2024-07-07,Amazon,1,4249,ST2-2405-2
VR902051,C101260,VA-EB-PL1,2024-07-07,vireo.in,1,2499,PL1-2405-4
VR909252,C108196,VA-AC-CH65,2024-07-07,Amazon,1,1274,CH65-2406-1
VR884075,C107702,VA-EB-PL1,2024-07-08,Amazon,1,2499,PL1-2405-1
VR895684,C102145,VA-SP-ORB,2024-07-08,vireo.in,1,5099,ORB-2404-1
VR897783,C104767,VA-EB-PL1,2024-07-08,vireo.in,1,2499,PL1-2406-4
VR898205,C104584,VA-EB-PL1,2024-07-08,Amazon,1,2124,PL1-2405-3
VR906445,C103987,VA-EB-PL1,2024-07-08,Flipkart,1,1999,PL1-2404-3
VR880419,C100354,VA-HP-ST2,2024-07-09,Flipkart,1,4999,ST2-2405-2
VR880675,C101164,VA-EB-PL1,2024-07-09,vireo.in,1,2499,PL1-2404-2
VR887280,C100254,VA-HP-ST2,2024-07-09,vireo.in,1,4749,ST2-2404-2
VR891793,C105922,VA-EB-PL1,2024-07-09,Amazon,1,2499,PL1-2403-2
VR892076,C109065,VA-HP-ST2,2024-07-09,Amazon,1,4499,ST2-2404-3
VR895724,C106511,VA-EB-PL1,2024-07-09,vireo.in,1,2499,PL1-2406-4
VR902831,C102366,VA-HP-ST2,2024-07-09,vireo.in,1,3999,ST2-2403-4
VR887301,C101779,VA-EB-PL1,2024-07-10,vireo.in,1,1999,PL1-2405-4
VR887314,C102936,VA-EB-PL1,2024-07-10,vireo.in,1,2499,PL1-2404-1
VR895030,C102259,VA-EB-PL1,2024-07-10,vireo.in,1,2499,PL1-2406-1
VR895045,C102329,VA-EB-PL1,2024-07-10,Amazon,1,2124,PL1-2403-3
VR899272,C107243,VA-AC-CH65,2024-07-10,Amazon,1,1199,CH65-2403-1
VR900536,C107927,VA-SW-NX1,2024-07-10,Flipkart,1,4999,NX1-2406-4
VR908333,C106446,VA-EB-PL1,2024-07-10,vireo.in,1,2499,PL1-2406-1
VR908359,C102664,VA-AC-CH65,2024-07-10,vireo.in,1,1199,CH65-2406-4
VR886954,C100812,VA-NB-ARC,2024-07-11,vireo.in,1,1299,ARC-2405-1
VR890705,C107707,VA-EB-PL1,2024-07-11,vireo.in,1,2124,PL1-2405-2
VR895142,C102423,VA-EB-PL1,2024-07-11,vireo.in,1,2499,PL1-2406-4
VR880083,C102392,VA-EB-PL1,2024-07-12,Amazon,1,2374,PL1-2405-3
VR894398,C102058,VA-SP-ORB,2024-07-12,vireo.in,1,5399,ORB-2404-3
VR899705,C108752,VA-EB-PL1,2024-07-12,Amazon,1,1999,PL1-2406-4
VR903700,C104648,VA-EB-PL1,2024-07-12,Amazon,1,2374,PL1-2406-1
VR908374,C107423,VA-HP-ST2,2024-07-12,vireo.in,1,3999,ST2-2406-3
VR881776,C106082,VA-NB-ARC,2024-07-13,Amazon,1,1169,ARC-2404-2
VR896078,C104297,VA-SP-ORB,2024-07-13,vireo.in,1,5699,ORB-2405-3
VR897518,C106692,VA-HP-ST2,2024-07-13,vireo.in,1,4499,ST2-2404-2
VR901766,C108579,VA-SP-ORB,2024-07-13,vireo.in,1,5399,ORB-2404-4
VR901770,C104374,VA-AC-CH65,2024-07-13,Amazon,1,1199,CH65-2404-4
VR910094,C102443,VA-EB-PL1,2024-07-13,vireo.in,1,2499,PL1-2405-2
VR882544,C100074,VA-SW-NX1,2024-07-14,vireo.in,1,4999,NX1-2406-4
VR889663,C107200,VA-SP-ORB,2024-07-14,Amazon,1,5999,ORB-2406-4
VR890753,C109068,VA-NB-ARC,2024-07-14,vireo.in,1,1169,ARC-2405-4
VR900264,C108535,VA-NB-ARC,2024-07-14,vireo.in,1,1169,ARC-2406-4
VR902445,C108903,VA-NB-ARC,2024-07-14,vireo.in,1,1299,ARC-2404-3
VR905092,C103602,VA-EB-PL1,2024-07-14,vireo.in,1,2499,PL1-2406-4
VR906566,C109458,VA-AC-CH65,2024-07-14,Amazon,1,1499,CH65-2404-4
VR908125,C103790,VA-SP-ORB,2024-07-14,vireo.in,1,5999,ORB-2405-4
VR909253,C103612,VA-NB-ARC,2024-07-14,vireo.in,1,1234,ARC-2406-3
VR909472,C100937,VA-EB-PL1,2024-07-14,vireo.in,1,1999,PL1-2404-1
VR909665,C103703,VA-SP-ORB,2024-07-14,Amazon,1,5999,ORB-2405-1
VR883888,C103691,VA-HP-ST2,2024-07-15,vireo.in,2,9998,ST2-2404-3
VR884016,C107190,VA-NB-ARC,2024-07-15,vireo.in,1,1299,ARC-2406-4
VR888129,C103831,VA-SW-NX1,2024-07-15,Amazon,1,4999,NX1-2405-2
VR891756,C101617,VA-EB-PL1,2024-07-15,vireo.in,1,2124,PL1-2406-1
VR896339,C102116,VA-AC-CH65,2024-07-15,vireo.in,1,1499,CH65-2406-1
VR896649,C103771,VA-SP-ORB,2024-07-15,vireo.in,1,5699,ORB-2404-4
VR897645,C101220,VA-SW-NX1,2024-07-15,vireo.in,1,4999,NX1-2404-4
VR904993,C102197,VA-EB-PL1,2024-07-15,Amazon,1,2374,PL1-2405-3
VR881662,C107334,VA-AC-CH65,2024-07-16,Amazon,1,1499,CH65-2405-4
VR896294,C101703,VA-AC-CBL,2024-07-16,Amazon,1,319,CBL-2405-2
VR899730,C102610,VA-HP-ST2,2024-07-16,Amazon,1,4749,ST2-2405-1
VR902000,C103284,VA-NB-ARC,2024-07-16,Amazon,1,1104,ARC-2403-1
VR904710,C109004,VA-EB-PL1,2024-07-16,Amazon,1,2499,PL1-2406-3
VR904888,C103993,VA-AC-CH65,2024-07-16,vireo.in,1,1499,CH65-2405-2
VR906669,C104195,VA-HP-ST2,2024-07-16,Flipkart,2,8498,ST2-2404-1
VR907765,C108976,VA-EB-PL1,2024-07-16,Amazon,1,2499,PL1-2406-4
VR887823,C100686,VA-EB-PL1,2024-07-17,Amazon,1,1999,PL1-2405-1
VR894952,C102527,VA-EB-PL1,2024-07-17,Amazon,1,1999,PL1-2404-1
VR896081,C106501,VA-EB-PL1,2024-07-17,Amazon,1,2374,PL1-2406-3
VR900845,C104229,VA-AC-CH65,2024-07-17,Amazon,1,1274,CH65-2405-4
VR903515,C106538,VA-SW-NX1,2024-07-17,vireo.in,1,4499,NX1-2405-2
VR908379,C103420,VA-EB-PL1,2024-07-17,vireo.in,2,4748,PL1-2406-4
VR890202,C102114,VA-EB-PL1,2024-07-18,Amazon,1,1999,PL1-2406-2
VR891943,C103753,VA-HP-ST2,2024-07-18,vireo.in,1,4999,ST2-2405-1
VR900982,C101461,VA-HP-ST2,2024-07-18,vireo.in,1,4999,ST2-2404-4
VR901007,C106552,VA-NB-ARC,2024-07-18,Flipkart,1,1104,ARC-2403-3
VR902685,C108085,VA-SW-NX1,2024-07-18,vireo.in,1,4749,NX1-2404-2
VR909843,C103379,VA-EB-PL1,2024-07-18,vireo.in,1,2374,PL1-2405-1
VR880841,C101360,VA-SP-ORB,2024-07-19,Amazon,1,5999,ORB-2405-1
VR883379,C106159,VA-SP-ORB,2024-07-19,vireo.in,1,5099,ORB-2405-1
VR898430,C100142,VA-EB-PL1,2024-07-19,Amazon,1,2124,PL1-2405-2
VR902386,C103285,VA-SP-ORB,2024-07-19,vireo.in,1,5099,ORB-2404-2
VR902584,C104581,VA-NB-ARC,2024-07-19,Amazon,2,2598,ARC-2406-2
VR907140,C108851,VA-AC-CH65,2024-07-19,vireo.in,1,1349,CH65-2406-4
VR880438,C102758,VA-EB-PL1,2024-07-20,vireo.in,1,2499,PL1-2404-1
VR883695,C102248,VA-HP-ST2,2024-07-20,vireo.in,1,4999,ST2-2405-2
VR892017,C103410,VA-SP-ORB,2024-07-20,vireo.in,1,5999,ORB-2404-4
VR893663,C105566,VA-NB-ARC,2024-07-20,Amazon,1,1104,ARC-2406-4
VR893857,C100915,VA-NB-ARC,2024-07-20,Flipkart,1,1039,ARC-2405-4
VR895823,C104019,VA-EB-PL1,2024-07-20,Amazon,1,1999,PL1-2406-1
VR901757,C104253,VA-NB-ARC,2024-07-20,Amazon,1,1234,ARC-2406-4
VR906038,C104523,VA-SP-ORB,2024-07-20,Flipkart,1,5999,ORB-2405-2
VR881829,C107941,VA-EB-PL1,2024-07-21,Amazon,1,2124,PL1-2404-1
VR889892,C101200,VA-NB-ARC,2024-07-21,vireo.in,1,1299,ARC-2406-1
VR895551,C100808,VA-EB-PL1,2024-07-21,Amazon,1,2374,PL1-2404-3
VR906337,C100637,VA-NB-ARC,2024-07-21,vireo.in,1,1039,ARC-2404-2
VR886743,C105277,VA-SW-NX1,2024-07-22,Flipkart,1,4999,NX1-2404-1
VR892760,C104867,VA-EB-PL1,2024-07-22,Flipkart,1,2499,PL1-2406-2
VR894451,C105694,VA-HP-ST2,2024-07-22,vireo.in,1,4999,ST2-2405-2
VR895536,C102587,VA-SW-NX1,2024-07-22,Flipkart,1,4249,NX1-2405-1
VR895859,C107775,VA-EB-PL1,2024-07-22,vireo.in,2,3998,PL1-2404-2
VR898957,C104351,VA-HP-ST2,2024-07-22,vireo.in,1,4249,ST2-2404-3
VR899758,C105321,VA-EB-PL1,2024-07-22,Flipkart,1,2499,PL1-2406-4
VR900369,C104498,VA-EB-PL1,2024-07-22,Flipkart,1,1999,PL1-2405-2
VR908761,C107505,VA-AC-CH65,2024-07-22,Amazon,1,1274,CH65-2404-4
VR881541,C103410,VA-SP-ORB,2024-07-23,vireo.in,2,9598,ORB-2404-1
VR907600,C103296,VA-SP-ORB,2024-07-23,vireo.in,1,5999,ORB-2404-3
VR886596,C105735,VA-HP-ST2,2024-07-24,Flipkart,1,4999,ST2-2406-1
VR888657,C106917,VA-SP-ORB,2024-07-24,vireo.in,1,4799,ORB-2406-3
VR893011,C109296,VA-AC-CBL,2024-07-24,vireo.in,1,399,CBL-2404-4
VR895720,C104369,VA-HP-ST2,2024-07-24,vireo.in,1,4999,ST2-2404-2
VR896958,C104341,VA-EB-PL1,2024-07-24,Amazon,1,2499,PL1-2405-2
VR901852,C101955,VA-HP-ST2,2024-07-24,Amazon,1,3999,ST2-2404-1
VR906198,C105874,VA-EB-PL1,2024-07-24,Flipkart,1,2124,PL1-2404-4
VR908467,C104313,VA-SP-ORB,2024-07-24,Flipkart,1,5999,ORB-2405-2
VR880615,C101682,VA-HP-ST2,2024-07-25,Amazon,1,4999,ST2-2406-2
VR885816,C108947,VA-HP-ST2,2024-07-25,vireo.in,1,4999,ST2-2405-1
VR889940,C100227,VA-HP-ST2,2024-07-25,vireo.in,1,4999,ST2-2404-2
VR890522,C104377,VA-SW-NX1,2024-07-25,vireo.in,2,7998,NX1-2405-3
VR891730,C101020,VA-AC-CH65,2024-07-25,vireo.in,1,1499,CH65-2406-1
VR893028,C100613,VA-EB-PL1,2024-07-25,Amazon,1,2249,PL1-2405-2
VR906047,C103666,VA-SP-ORB,2024-07-25,vireo.in,1,5399,ORB-2404-2
VR908861,C105317,VA-EB-PL1,2024-07-25,Amazon,1,2249,PL1-2405-4
VR881254,C108183,VA-EB-PL1,2024-07-26,vireo.in,1,2249,PL1-2404-4
VR882683,C103118,VA-AC-CBL,2024-07-26,vireo.in,1,399,CBL-2405-1
VR884078,C109490,VA-HP-ST2,2024-07-26,vireo.in,1,4499,ST2-2405-3
VR885551,C108694,VA-SW-NX1,2024-07-26,vireo.in,1,4249,NX1-2406-3
VR900110,C108635,VA-EB-PL1,2024-07-26,vireo.in,1,2499,PL1-2404-4
VR901219,C106107,VA-HP-ST2,2024-07-26,vireo.in,1,3999,ST2-2407-3
VR901253,C104049,VA-SP-ORB,2024-07-26,vireo.in,1,5999,ORB-2405-1
VR881525,C103230,VA-EB-PL1,2024-07-27,vireo.in,1,2124,PL1-2406-2
VR883863,C104131,VA-EB-PL1,2024-07-27,vireo.in,1,2499,PL1-2404-3
VR884472,C105340,VA-EB-PL1,2024-07-27,vireo.in,1,2499,PL1-2406-2
VR887030,C102405,VA-SP-ORB,2024-07-27,vireo.in,2,10198,ORB-2405-4
VR901318,C108650,VA-SW-NX1,2024-07-27,Amazon,1,4999,NX1-2405-1
VR908116,C108006,VA-EB-PL1,2024-07-27,Amazon,1,2499,PL1-2404-1
VR880208,C108912,VA-EB-PL1,2024-07-28,vireo.in,1,1999,PL1-2405-2
VR888019,C103102,VA-HP-ST2,2024-07-28,Flipkart,1,4999,ST2-2406-3
VR888903,C104675,VA-SP-ORB,2024-07-28,Flipkart,1,5399,ORB-2404-1
VR896713,C108485,VA-EB-PL1,2024-07-28,vireo.in,1,2499,PL1-2404-2
VR884431,C105097,VA-EB-PL1,2024-07-29,Flipkart,2,4248,PL1-2405-3
VR884847,C102125,VA-EB-PL1,2024-07-29,vireo.in,1,2499,PL1-2406-3
VR894911,C107912,VA-HP-ST2,2024-07-29,Flipkart,1,4999,ST2-2407-3
VR898640,C105598,VA-EB-PL1,2024-07-29,Amazon,1,2249,PL1-2407-1
VR900171,C103662,VA-SP-ORB,2024-07-29,vireo.in,1,5999,ORB-2405-4
VR906839,C100492,VA-SW-NX1,2024-07-29,vireo.in,1,4749,NX1-2405-2
VR884821,C107501,VA-NB-ARC,2024-07-30,Amazon,1,1234,ARC-2406-4
VR885221,C109223,VA-AC-CH65,2024-07-30,vireo.in,1,1499,CH65-2404-3
VR891498,C101755,VA-EB-PL1,2024-07-30,vireo.in,1,2499,PL1-2405-1
VR894499,C102349,VA-SP-ORB,2024-07-30,Flipkart,1,5099,ORB-2405-1
VR894893,C103098,VA-EB-PL1,2024-07-30,vireo.in,1,2374,PL1-2406-2
VR896595,C105290,VA-EB-PL1,2024-07-30,Flipkart,1,2499,PL1-2405-1
VR898701,C104959,VA-EB-PL1,2024-07-30,vireo.in,1,1999,PL1-2406-1
VR898898,C109424,VA-EB-PL1,2024-07-30,Amazon,1,2499,PL1-2407-3
VR903504,C106307,VA-SP-ORB,2024-07-30,vireo.in,1,5999,ORB-2406-3
VR905788,C108727,VA-SW-NX1,2024-07-30,vireo.in,1,4249,NX1-2406-4
VR882019,C101922,VA-AC-CH65,2024-07-31,Amazon,1,1499,CH65-2406-1
VR884856,C109146,VA-SP-ORB,2024-07-31,vireo.in,1,5999,ORB-2407-4
VR897289,C100370,VA-SP-ORB,2024-07-31,vireo.in,1,5399,ORB-2406-2
VR905324,C102130,VA-EB-PL1,2024-07-31,vireo.in,1,2374,PL1-2404-2
VR906776,C101361,VA-EB-PL1,2024-07-31,vireo.in,1,2374,PL1-2405-1
VR880739,C109129,VA-SW-NX1,2024-08-01,vireo.in,2,9998,NX1-2405-4
VR886589,C103714,VA-SW-FIT,2024-08-01,Flipkart,1,1799,FIT-2404-1
VR890364,C108614,VA-AC-CH65,2024-08-01,vireo.in,1,1274,CH65-2406-2
VR893017,C101053,VA-SW-FIT,2024-08-01,vireo.in,1,1799,FIT-2404-2
VR893204,C106958,VA-EB-PL1,2024-08-01,Amazon,1,2499,PL1-2407-1
VR896564,C101712,VA-EB-PL1,2024-08-01,Flipkart,1,2374,PL1-2405-2
VR896699,C104094,VA-AC-CH65,2024-08-01,Amazon,1,1199,CH65-2404-3
VR897285,C106175,VA-AC-CBL,2024-08-01,Flipkart,1,399,CBL-2406-1
VR897729,C105609,VA-NB-ARC,2024-08-01,Amazon,1,1234,ARC-2407-2
VR900462,C107048,VA-HP-ST2,2024-08-01,vireo.in,1,4999,ST2-2406-1
VR908685,C102450,VA-SW-NX1,2024-08-01,vireo.in,1,4999,NX1-2404-2
VR908927,C107902,VA-SW-NX1,2024-08-01,vireo.in,1,4999,NX1-2406-3
VR880119,C106741,VA-EB-PL1,2024-08-02,vireo.in,1,2124,PL1-2405-2
VR881361,C106229,VA-AC-CH65,2024-08-02,Flipkart,1,1499,CH65-2405-2
VR885459,C102002,VA-SW-FIT,2024-08-02,Amazon,1,1799,FIT-2406-2
VR888846,C100779,VA-AC-CH65,2024-08-02,vireo.in,1,1274,CH65-2406-3
VR890262,C103897,VA-NB-ARC,2024-08-02,vireo.in,1,1104,ARC-2405-1
VR894938,C100517,VA-SP-ORB,2024-08-02,Amazon,1,4799,ORB-2406-1
VR898358,C102109,VA-EB-PL1,2024-08-02,Amazon,1,2249,PL1-2405-2
VR898420,C107843,VA-EB-PL1,2024-08-02,Amazon,1,2499,PL1-2406-2
VR883082,C107805,VA-EB-PL1,2024-08-03,vireo.in,1,2124,PL1-2405-4
VR887672,C103708,VA-EB-PL1,2024-08-03,Amazon,1,2374,PL1-2406-4
VR888738,C102007,VA-EB-PL1,2024-08-03,vireo.in,1,2499,PL1-2405-2
VR900257,C101951,VA-EB-PL1,2024-08-03,vireo.in,1,2374,PL1-2404-1
VR902291,C107306,VA-SP-ORB,2024-08-03,Flipkart,1,5099,ORB-2405-1
VR909748,C102775,VA-SW-FIT,2024-08-03,vireo.in,1,1999,FIT-2404-3
VR887038,C103239,VA-EB-PL1,2024-08-04,Amazon,1,2499,PL1-2405-4
VR888881,C103201,VA-EB-PL1,2024-08-04,Flipkart,1,2124,PL1-2404-2
VR894204,C101263,VA-EB-PL1,2024-08-04,Amazon,1,2124,PL1-2406-3
VR897158,C103968,VA-NB-ARC,2024-08-04,Flipkart,1,1039,ARC-2406-1
VR904201,C106395,VA-NB-ARC,2024-08-04,vireo.in,1,1299,ARC-2407-1
VR909329,C100908,VA-EB-PL1,2024-08-04,Flipkart,1,2499,PL1-2405-2
VR893101,C103656,VA-SP-ORB,2024-08-05,vireo.in,1,4799,ORB-2407-1
VR895184,C104110,VA-SW-NX1,2024-08-05,vireo.in,1,4249,NX1-2406-3
VR895662,C105365,VA-SW-FIT,2024-08-05,Amazon,1,1599,FIT-2405-4
VR896637,C106112,VA-EB-PL1,2024-08-05,vireo.in,1,2499,PL1-2404-2
VR898311,C105392,VA-NB-ARC,2024-08-05,vireo.in,1,1039,ARC-2404-3
VR901808,C105722,VA-EB-PL1,2024-08-05,Amazon,1,2499,PL1-2407-2
VR903452,C106969,VA-EB-PL1,2024-08-05,vireo.in,1,2249,PL1-2405-4
VR904669,C108736,VA-SW-FIT,2024-08-05,Amazon,2,3798,FIT-2407-1
VR880830,C108846,VA-EB-PL1,2024-08-06,Flipkart,1,2249,PL1-2404-3
VR881050,C100513,VA-EB-PL1,2024-08-06,Amazon,1,2499,PL1-2405-1
VR882053,C103405,VA-NB-ARC,2024-08-06,vireo.in,1,1039,ARC-2405-1
VR884326,C100112,VA-SW-NX1,2024-08-06,Amazon,1,3999,NX1-2404-2
VR887360,C100388,VA-SW-NX1,2024-08-06,Amazon,2,9998,NX1-2405-3
VR892329,C104621,VA-SW-NX1,2024-08-06,vireo.in,1,4249,NX1-2405-1
VR898567,C100166,VA-EB-PL1,2024-08-06,vireo.in,1,1999,PL1-2406-4
VR904386,C104240,VA-EB-PL1,2024-08-06,vireo.in,1,2124,PL1-2405-3
VR880684,C106629,VA-SP-ORB,2024-08-07,Amazon,1,4799,ORB-2406-3
VR881198,C102917,VA-SW-NX1,2024-08-07,Amazon,1,4249,NX1-2404-3
VR881588,C108480,VA-NB-ARC,2024-08-07,Amazon,1,1299,ARC-2405-4
VR885537,C102160,VA-SP-ORB,2024-08-07,vireo.in,1,5399,ORB-2407-3
VR888243,C104134,VA-SW-FIT,2024-08-07,vireo.in,1,1999,FIT-2406-4
VR888377,C100009,VA-SW-FIT,2024-08-07,vireo.in,1,1699,FIT-2404-3
VR888768,C103443,VA-SW-NX1,2024-08-07,Amazon,1,4999,NX1-2407-3
VR897583,C102879,VA-SW-NX1,2024-08-07,Flipkart,1,4499,NX1-2407-3
VR906691,C104216,VA-EB-PL1,2024-08-07,vireo.in,1,1999,PL1-2406-4
VR907884,C108629,VA-SP-ORB,2024-08-07,vireo.in,1,5999,ORB-2407-4
VR892979,C100098,VA-EB-PL1,2024-08-08,vireo.in,1,2374,PL1-2406-1
VR898022,C100760,VA-SW-FIT,2024-08-08,vireo.in,1,1999,FIT-2405-4
VR904066,C101100,VA-EB-PL1,2024-08-08,vireo.in,1,2124,PL1-2404-3
VR880461,C108477,VA-SW-FIT,2024-08-09,Flipkart,1,1899,FIT-2406-1
VR881169,C103957,VA-EB-PL1,2024-08-09,Flipkart,1,1999,PL1-2406-2
VR881852,C102225,VA-EB-PL1,2024-08-09,Flipkart,1,2499,PL1-2407-3
VR882118,C105059,VA-SW-NX1,2024-08-09,vireo.in,1,4499,NX1-2407-2
VR883831,C101726,VA-EB-PL1,2024-08-09,Flipkart,1,2499,PL1-2405-4
VR901971,C107696,VA-NB-ARC,2024-08-09,vireo.in,1,1104,ARC-2407-1
VR903050,C106923,VA-NB-ARC,2024-08-09,vireo.in,1,1104,ARC-2406-1
VR906025,C104713,VA-HP-ST2,2024-08-09,vireo.in,1,4499,ST2-2404-1
VR908482,C108163,VA-SW-FIT,2024-08-09,vireo.in,1,1999,FIT-2407-3
VR886704,C105248,VA-SW-FIT,2024-08-10,Amazon,1,1899,FIT-2404-2
VR889148,C106865,VA-SP-ORB,2024-08-10,vireo.in,1,5999,ORB-2407-3
VR891810,C106867,VA-EB-PL1,2024-08-10,Amazon,1,2249,PL1-2406-1
VR897451,C107186,VA-SW-NX1,2024-08-10,vireo.in,1,4249,NX1-2406-4
VR903918,C100665,VA-EB-PL1,2024-08-10,Amazon,1,2249,PL1-2407-2
VR908068,C105817,VA-EB-PL1,2024-08-10,vireo.in,1,2499,PL1-2407-1
VR880029,C104322,VA-SW-FIT,2024-08-11,Amazon,1,1999,FIT-2405-4
VR884220,C108089,VA-AC-CH65,2024-08-11,Amazon,1,1499,CH65-2406-2
VR889131,C104303,VA-HP-ST2,2024-08-11,vireo.in,1,4249,ST2-2406-4
VR891088,C102375,VA-AC-CBL,2024-08-11,Amazon,1,319,CBL-2405-4
VR891624,C107382,VA-EB-PL1,2024-08-11,vireo.in,1,2124,PL1-2407-4
VR892521,C109428,VA-EB-PL1,2024-08-11,vireo.in,1,2249,PL1-2406-1
VR896031,C109268,VA-SP-ORB,2024-08-11,Amazon,1,4799,ORB-2407-2
VR897189,C107431,VA-NB-ARC,2024-08-11,vireo.in,1,1169,ARC-2405-3
VR900327,C108906,VA-NB-ARC,2024-08-11,Flipkart,1,1039,ARC-2405-4
VR901791,C106876,VA-EB-PL1,2024-08-11,vireo.in,1,2499,PL1-2405-1
VR903474,C106969,VA-EB-PL1,2024-08-11,Flipkart,1,2249,PL1-2407-4
VR891489,C102711,VA-EB-PL1,2024-08-12,vireo.in,1,2499,PL1-2405-2
VR897521,C100052,VA-EB-PL1,2024-08-12,vireo.in,1,2124,PL1-2406-4
VR908086,C108441,VA-EB-PL1,2024-08-12,vireo.in,2,4998,PL1-2405-1
VR895443,C105916,VA-EB-PL1,2024-08-13,vireo.in,1,2499,PL1-2405-2
VR897315,C108298,VA-EB-PL1,2024-08-13,vireo.in,1,2499,PL1-2406-1
VR897550,C104779,VA-EB-PL1,2024-08-13,vireo.in,1,2124,PL1-2405-1
VR883115,C104350,VA-SP-ORB,2024-08-14,vireo.in,1,4799,ORB-2405-2
VR889753,C108344,VA-EB-PL1,2024-08-14,vireo.in,1,2374,PL1-2405-1
VR891933,C102331,VA-EB-PL1,2024-08-14,Amazon,1,1999,PL1-2407-2
VR892161,C104911,VA-SP-ORB,2024-08-14,vireo.in,1,5999,ORB-2406-2
VR903211,C106114,VA-HP-ST2,2024-08-14,vireo.in,1,3999,ST2-2404-4
VR906068,C104178,VA-EB-PL1,2024-08-14,Amazon,2,4998,PL1-2405-1
VR906628,C101696,VA-EB-PL1,2024-08-14,Amazon,1,1999,PL1-2406-1
VR906861,C104108,VA-SP-ORB,2024-08-14,Amazon,1,5399,ORB-2406-4
VR880497,C102443,VA-SP-ORB,2024-08-15,vireo.in,1,5699,ORB-2407-3
VR884288,C106615,VA-SW-FIT,2024-08-15,vireo.in,1,1999,FIT-2407-4
VR887714,C104463,VA-SW-FIT,2024-08-15,Amazon,2,3598,FIT-2405-2
VR888199,C106555,VA-SP-ORB,2024-08-15,Flipkart,1,5699,ORB-2405-2
VR907414,C103500,VA-SW-NX1,2024-08-15,vireo.in,1,4749,NX1-2405-4
VR908017,C108312,VA-EB-PL1,2024-08-15,vireo.in,2,4998,PL1-2405-4
VR909481,C107383,VA-SW-NX1,2024-08-15,Flipkart,1,4999,NX1-2406-3
VR882768,C102341,VA-SP-ORB,2024-08-16,vireo.in,1,5099,ORB-2406-2
VR885060,C106300,VA-SW-FIT,2024-08-16,vireo.in,1,1899,FIT-2406-4
VR886904,C105348,VA-EB-PL1,2024-08-16,Amazon,1,2374,PL1-2406-3
VR887237,C104544,VA-SW-FIT,2024-08-16,vireo.in,1,1799,FIT-2405-4
VR889499,C102082,VA-SP-ORB,2024-08-16,vireo.in,1,5999,ORB-2405-2
VR902333,C100810,VA-SP-ORB,2024-08-16,vireo.in,1,5999,ORB-2407-4
VR883790,C101896,VA-NB-ARC,2024-08-17,vireo.in,1,1299,ARC-2404-1
VR884387,C104947,VA-EB-PL1,2024-08-17,Amazon,1,2499,PL1-2406-2
VR886066,C102759,VA-SP-ORB,2024-08-17,vireo.in,1,5699,ORB-2406-1
VR886737,C106827,VA-NB-ARC,2024-08-17,Flipkart,1,1104,ARC-2407-4
VR896624,C109474,VA-SW-NX1,2024-08-17,Flipkart,1,4249,NX1-2405-4
VR908515,C108498,VA-SP-ORB,2024-08-17,vireo.in,1,5699,ORB-2405-3
VR882741,C104487,VA-NB-ARC,2024-08-18,vireo.in,1,1104,ARC-2405-1
VR890726,C102397,VA-SW-FIT,2024-08-18,vireo.in,1,1999,FIT-2407-4
VR891033,C105415,VA-NB-ARC,2024-08-18,Amazon,1,1104,ARC-2405-2
VR895697,C104604,VA-EB-PL1,2024-08-18,Amazon,1,2124,PL1-2406-3
VR896603,C102519,VA-NB-ARC,2024-08-18,Flipkart,1,1299,ARC-2406-1
VR905168,C109453,VA-SW-FIT,2024-08-18,Amazon,1,1599,FIT-2405-3
VR910163,C103286,VA-EB-PL1,2024-08-18,vireo.in,1,2374,PL1-2405-3
VR882103,C104629,VA-SW-FIT,2024-08-19,vireo.in,1,1999,FIT-2407-1
VR884670,C102341,VA-SP-ORB,2024-08-19,vireo.in,1,5699,ORB-2406-2
VR885092,C105109,VA-EB-PL1,2024-08-19,Amazon,1,2499,PL1-2405-1
VR891673,C102688,VA-SP-ORB,2024-08-19,Amazon,1,5999,ORB-2407-3
VR899669,C108118,VA-EB-PL1,2024-08-19,Amazon,1,2124,PL1-2405-1
VR901284,C103668,VA-SW-FIT,2024-08-19,vireo.in,1,1599,FIT-2407-4
VR902499,C100680,VA-HP-ST2,2024-08-19,vireo.in,1,4999,ST2-2405-2
VR904180,C109364,VA-SP-ORB,2024-08-19,Flipkart,1,4799,ORB-2407-4
VR904501,C108477,VA-SW-FIT,2024-08-19,Amazon,1,1999,FIT-2406-2
VR881222,C105424,VA-SW-FIT,2024-08-20,vireo.in,1,1899,FIT-2407-4
VR883672,C101075,VA-NB-ARC,2024-08-20,vireo.in,1,1299,ARC-2405-1
VR891047,C102239,VA-EB-PL1,2024-08-20,Amazon,2,4998,PL1-2406-2
VR893436,C100283,VA-EB-PL1,2024-08-20,Amazon,1,2499,PL1-2405-4
VR899870,C106721,VA-EB-PL1,2024-08-20,vireo.in,1,2374,PL1-2407-4
VR902632,C107362,VA-EB-PL1,2024-08-20,Amazon,1,2249,PL1-2406-2
VR904623,C105340,VA-SP-ORB,2024-08-20,Amazon,1,4799,ORB-2407-4
VR909602,C104554,VA-SW-FIT,2024-08-20,Flipkart,1,1999,FIT-2406-2
VR894720,C104101,VA-EB-PL1,2024-08-21,Amazon,1,2249,PL1-2407-1
VR897790,C101844,VA-EB-PL1,2024-08-21,vireo.in,1,2499,PL1-2405-4
VR900001,C108058,VA-SP-ORB,2024-08-21,vireo.in,1,5399,ORB-2405-1
VR905753,C107567,VA-NB-ARC,2024-08-21,vireo.in,1,1234,ARC-2405-4
VR908834,C103842,VA-SP-ORB,2024-08-21,vireo.in,1,5999,ORB-2407-1
VR888533,C105823,VA-SP-ORB,2024-08-22,vireo.in,1,5399,ORB-2406-3
VR890597,C102791,VA-EB-PL1,2024-08-22,Amazon,1,1999,PL1-2406-1
VR890600,C100767,VA-SW-FIT,2024-08-22,vireo.in,1,1799,FIT-2406-2
VR891568,C108757,VA-SW-FIT,2024-08-22,vireo.in,1,1899,FIT-2406-3
VR892732,C106211,VA-EB-PL1,2024-08-22,Flipkart,1,2499,PL1-2406-4
VR894701,C100875,VA-EB-PL1,2024-08-22,Amazon,1,2249,PL1-2407-1
VR900887,C104504,VA-SW-NX1,2024-08-22,Amazon,1,4499,NX1-2405-4
VR882763,C107477,VA-HP-ST2,2024-08-23,vireo.in,1,4499,ST2-2406-4
VR884335,C105801,VA-EB-PL1,2024-08-23,Flipkart,1,2499,PL1-2405-3
VR888261,C102702,VA-SP-ORB,2024-08-23,Flipkart,1,5999,ORB-2406-3
VR890232,C106909,VA-AC-CBL,2024-08-23,vireo.in,1,399,CBL-2407-1
VR902149,C106335,VA-EB-PL1,2024-08-23,vireo.in,1,2499,PL1-2405-4
VR903492,C104199,VA-SW-FIT,2024-08-23,Amazon,1,1999,FIT-2407-4
VR903794,C105608,VA-HP-ST2,2024-08-23,vireo.in,1,4999,ST2-2408-1
VR880171,C108641,VA-NB-ARC,2024-08-24,vireo.in,2,2598,ARC-2408-2
VR882026,C103857,VA-SW-FIT,2024-08-24,vireo.in,1,1999,FIT-2406-4
VR887299,C107076,VA-AC-CBL,2024-08-24,vireo.in,1,399,CBL-2405-1
VR888112,C102928,VA-EB-PL1,2024-08-24,Amazon,1,2499,PL1-2405-1
VR890924,C102311,VA-EB-PL1,2024-08-24,vireo.in,1,2499,PL1-2406-2
VR893705,C103422,VA-EB-PL1,2024-08-24,vireo.in,1,2499,PL1-2407-4
VR899775,C106467,VA-SW-NX1,2024-08-24,vireo.in,1,4999,NX1-2406-1
VR902625,C107430,VA-EB-PL1,2024-08-24,vireo.in,1,2374,PL1-2406-3
VR903136,C102807,VA-AC-CH65,2024-08-24,Amazon,1,1499,CH65-2405-2
VR908591,C103595,VA-NB-ARC,2024-08-24,vireo.in,2,2078,ARC-2407-1
VR881682,C103753,VA-EB-PL1,2024-08-25,vireo.in,1,2499,PL1-2408-2
VR884402,C100022,VA-EB-PL1,2024-08-25,vireo.in,1,2499,PL1-2405-3
VR887062,C103107,VA-SW-FIT,2024-08-25,Flipkart,1,1699,FIT-2407-1
VR887482,C104117,VA-SW-FIT,2024-08-25,Flipkart,1,1599,FIT-2406-2
VR890813,C101200,VA-EB-PL1,2024-08-25,vireo.in,1,2124,PL1-2407-4
VR902306,C103897,VA-EB-PL1,2024-08-25,Amazon,1,2499,PL1-2405-2
VR902590,C109150,VA-NB-ARC,2024-08-25,Amazon,1,1299,ARC-2406-1
VR903471,C108723,VA-SW-FIT,2024-08-25,vireo.in,1,1999,FIT-2407-3
VR905404,C100583,VA-AC-CH65,2024-08-25,Amazon,1,1199,CH65-2407-3
VR905882,C101700,VA-EB-PL1,2024-08-25,vireo.in,1,2124,PL1-2405-2
VR907071,C107267,VA-EB-PL1,2024-08-25,Amazon,1,1999,PL1-2407-4
VR891828,C105084,VA-SW-FIT,2024-08-26,Amazon,1,1999,FIT-2405-2
VR893587,C105545,VA-EB-PL1,2024-08-26,vireo.in,1,1999,PL1-2406-2
VR894343,C100626,VA-AC-CBL,2024-08-26,vireo.in,1,319,CBL-2406-2
VR894950,C103696,VA-AC-CH65,2024-08-26,vireo.in,1,1499,CH65-2406-2
VR902040,C106566,VA-SP-ORB,2024-08-26,Amazon,1,5099,ORB-2407-1
VR903728,C104540,VA-EB-PL1,2024-08-26,vireo.in,1,2124,PL1-2406-2
VR904034,C103550,VA-HP-ST2,2024-08-26,vireo.in,1,4749,ST2-2407-1
VR907902,C102386,VA-SW-NX1,2024-08-26,vireo.in,1,4749,NX1-2405-1
VR908486,C108632,VA-EB-PL1,2024-08-26,vireo.in,1,2499,PL1-2407-3
VR880306,C100334,VA-EB-PL1,2024-08-27,Flipkart,1,2374,PL1-2407-2
VR881451,C101722,VA-SP-ORB,2024-08-27,Flipkart,1,5999,ORB-2406-3
VR895933,C102094,VA-AC-CH65,2024-08-27,Amazon,1,1199,CH65-2406-4
VR904053,C105192,VA-EB-PL1,2024-08-27,Amazon,1,2499,PL1-2405-1
VR887480,C109243,VA-EB-PL1,2024-08-28,vireo.in,1,2499,PL1-2406-4
VR887572,C102349,VA-SW-NX1,2024-08-28,vireo.in,1,4249,NX1-2406-4
VR888509,C107632,VA-EB-PL1,2024-08-28,vireo.in,1,2374,PL1-2408-2
VR892392,C100739,VA-AC-CBL,2024-08-28,Flipkart,1,319,CBL-2407-3
VR896513,C103171,VA-EB-PL1,2024-08-28,vireo.in,1,2499,PL1-2406-4
VR904139,C104064,VA-AC-CH65,2024-08-28,vireo.in,2,2998,CH65-2407-4
VR905645,C100462,VA-SW-FIT,2024-08-28,Amazon,2,3598,FIT-2406-4
VR907126,C107671,VA-SW-NX1,2024-08-28,Flipkart,1,3999,NX1-2406-3
VR881121,C105653,VA-EB-PL1,2024-08-29,Amazon,1,2374,PL1-2406-3
VR883090,C104117,VA-NB-ARC,2024-08-29,Amazon,1,1299,ARC-2405-4
VR883222,C100764,VA-EB-PL1,2024-08-29,Amazon,1,2249,PL1-2406-3
VR884913,C105446,VA-EB-PL1,2024-08-29,Flipkart,1,2499,PL1-2407-1
VR887991,C106698,VA-EB-PL1,2024-08-29,vireo.in,1,2499,PL1-2408-4
VR890491,C108721,VA-SP-ORB,2024-08-29,vireo.in,1,5099,ORB-2405-3
VR899249,C107990,VA-EB-PL1,2024-08-29,Flipkart,1,2124,PL1-2406-2
VR904091,C105782,VA-AC-CH65,2024-08-29,vireo.in,2,2848,CH65-2405-2
VR906627,C103462,VA-AC-CH65,2024-08-29,vireo.in,1,1349,CH65-2405-3
VR882887,C100111,VA-SP-ORB,2024-08-30,vireo.in,1,5399,ORB-2406-1
VR883862,C100657,VA-SP-ORB,2024-08-30,vireo.in,1,5699,ORB-2407-3
VR888931,C108201,VA-AC-CBL,2024-08-30,vireo.in,1,319,CBL-2405-2
VR894042,C101693,VA-HP-ST2,2024-08-30,Amazon,1,4499,ST2-2405-4
VR902539,C100868,VA-AC-CH65,2024-08-30,Flipkart,1,1499,CH65-2406-2
VR903111,C106553,VA-EB-PL1,2024-08-30,Amazon,1,1999,PL1-2406-3
VR906495,C105652,VA-SW-NX1,2024-08-30,Amazon,1,4999,NX1-2406-1
VR909931,C105781,VA-EB-PL1,2024-08-30,vireo.in,1,2499,PL1-2406-3
VR881722,C105487,VA-SW-NX1,2024-08-31,vireo.in,1,4999,NX1-2406-2
VR886593,C101474,VA-SW-NX1,2024-08-31,vireo.in,1,4499,NX1-2405-3
VR887327,C100122,VA-NB-ARC,2024-08-31,vireo.in,1,1299,ARC-2405-1
VR887878,C103836,VA-EB-PL1,2024-08-31,Amazon,1,2249,PL1-2406-4
VR892930,C107355,VA-SW-FIT,2024-08-31,vireo.in,2,3798,FIT-2407-4
VR880379,C103530,VA-EB-PL1,2024-09-01,vireo.in,1,2499,PL1-2406-3
VR884241,C104605,VA-SW-FIT,2024-09-01,vireo.in,1,1999,FIT-2407-3
VR885179,C103951,VA-SW-NX1,2024-09-01,vireo.in,1,4999,NX1-2408-4
VR888177,C105392,VA-NB-ARC,2024-09-01,vireo.in,2,2338,ARC-2405-1
VR891085,C102916,VA-NB-ARC,2024-09-01,vireo.in,1,1104,ARC-2406-1
VR892665,C105901,VA-EB-PL1,2024-09-01,vireo.in,1,2124,PL1-2406-4
VR893000,C101290,VA-SP-ORB,2024-09-01,vireo.in,2,11998,ORB-2405-2
VR893064,C108689,VA-AC-CBL,2024-09-01,Amazon,1,359,CBL-2406-1
VR895233,C107673,VA-SW-FIT,2024-09-01,Amazon,1,1999,FIT-2406-3
VR895440,C104538,VA-EB-PL1,2024-09-01,vireo.in,1,2124,PL1-2407-4
VR900636,C104054,VA-EB-PL1,2024-09-01,vireo.in,1,2249,PL1-2407-1
VR903486,C106693,VA-EB-PL1,2024-09-01,Amazon,1,2499,PL1-2406-2
VR903658,C102791,VA-AC-CBL,2024-09-01,Amazon,1,399,CBL-2405-1
VR904173,C103621,VA-NB-ARC,2024-09-01,Amazon,1,1299,ARC-2407-2
VR909528,C105481,VA-HP-ST2,2024-09-01,Amazon,1,4999,ST2-2408-2
VR883037,C104048,VA-AC-CH65,2024-09-02,vireo.in,1,1499,CH65-2405-2
VR887215,C107138,VA-EB-PL1,2024-09-02,Amazon,1,2374,PL1-2407-2
VR891038,C100220,VA-HP-ST2,2024-09-02,vireo.in,1,4749,ST2-2407-2
VR892921,C103555,VA-HP-ST2,2024-09-02,Amazon,1,4749,ST2-2407-3
VR898506,C107049,VA-HP-ST2,2024-09-02,vireo.in,1,4749,ST2-2406-3
VR904514,C106938,VA-SW-FIT,2024-09-02,Amazon,1,1699,FIT-2406-4
VR904852,C102212,VA-SW-FIT,2024-09-02,Amazon,1,1999,FIT-2406-4
VR908279,C107897,VA-EB-PL1,2024-09-02,vireo.in,1,2499,PL1-2407-3
VR908716,C104369,VA-SW-FIT,2024-09-02,vireo.in,1,1999,FIT-2405-3
VR909443,C108987,VA-HP-ST2,2024-09-02,Flipkart,1,4999,ST2-2406-2
VR883577,C107995,VA-EB-PL1,2024-09-03,Flipkart,1,2499,PL1-2406-4
VR890045,C100633,VA-AC-CH65,2024-09-03,Amazon,1,1499,CH65-2406-3
VR891269,C109070,VA-SW-FIT,2024-09-03,vireo.in,1,1699,FIT-2408-4
VR893719,C107238,VA-SP-ORB,2024-09-03,Amazon,2,9598,ORB-2405-4
VR898580,C106174,VA-SP-ORB,2024-09-03,vireo.in,1,5999,ORB-2407-3
VR906300,C100404,VA-EB-PL1,2024-09-03,Amazon,1,2499,PL1-2407-1
VR906515,C108104,VA-EB-PL1,2024-09-03,vireo.in,1,2374,PL1-2405-2
VR908464,C100120,VA-EB-PL1,2024-09-03,vireo.in,1,2374,PL1-2405-2
VR880402,C109436,VA-AC-CH65,2024-09-04,vireo.in,1,1499,CH65-2407-2
VR883505,C103537,VA-NB-ARC,2024-09-04,Amazon,1,1299,ARC-2405-4
VR883845,C101417,VA-SP-ORB,2024-09-04,Flipkart,1,5999,ORB-2407-3
VR886014,C107061,VA-SP-ORB,2024-09-04,vireo.in,1,4799,ORB-2405-1
VR887023,C109062,VA-EB-PL1,2024-09-04,vireo.in,1,1999,PL1-2407-3
VR887652,C107388,VA-SW-FIT,2024-09-04,vireo.in,1,1999,FIT-2407-1
VR887696,C102925,VA-EB-PL1,2024-09-04,vireo.in,1,2124,PL1-2407-4
VR894915,C107039,VA-SP-ORB,2024-09-04,vireo.in,1,5999,ORB-2406-4
VR904535,C109368,VA-HP-ST2,2024-09-04,Flipkart,1,4999,ST2-2407-3
VR905473,C105999,VA-HP-ST2,2024-09-04,Amazon,1,4999,ST2-2407-1
VR908929,C104311,VA-SP-ORB,2024-09-04,Amazon,1,5999,ORB-2406-3
VR909286,C106234,VA-NB-ARC,2024-09-04,vireo.in,2,2208,ARC-2407-1
VR880693,C100227,VA-SP-ORB,2024-09-05,Amazon,1,5699,ORB-2405-3
VR881068,C103665,VA-SP-ORB,2024-09-05,vireo.in,1,4799,ORB-2406-2
VR882548,C108893,VA-EB-PL1,2024-09-05,Flipkart,1,2499,PL1-2406-2
VR885696,C101633,VA-EB-PL1,2024-09-05,Amazon,1,2374,PL1-2407-1
VR890521,C101526,VA-AC-CH65,2024-09-05,vireo.in,1,1199,CH65-2407-3
VR895310,C107062,VA-SP-ORB,2024-09-05,vireo.in,1,5399,ORB-2407-1
VR900985,C107056,VA-EB-PL1,2024-09-05,Amazon,1,2499,PL1-2406-3
VR902272,C107763,VA-EB-PL1,2024-09-05,vireo.in,1,2499,PL1-2406-4
VR880243,C102099,VA-SW-FIT,2024-09-06,Amazon,1,1699,FIT-2407-3
VR889138,C106175,VA-EB-PL1,2024-09-06,Flipkart,1,2249,PL1-2405-2
VR894401,C105769,VA-SW-NX1,2024-09-06,Flipkart,1,4999,NX1-2407-1
VR897410,C103779,VA-EB-PL1,2024-09-06,Flipkart,1,2124,PL1-2406-4
VR903860,C108794,VA-EB-PL1,2024-09-06,vireo.in,1,2124,PL1-2407-2
VR883317,C103732,VA-SP-ORB,2024-09-07,vireo.in,1,5099,ORB-2407-2
VR884580,C100270,VA-AC-CBL,2024-09-07,vireo.in,1,359,CBL-2405-3
VR885607,C109138,VA-SW-FIT,2024-09-07,Amazon,1,1999,FIT-2405-1
VR886823,C102672,VA-SW-NX1,2024-09-07,vireo.in,1,4999,NX1-2406-3
VR889210,C108751,VA-NB-ARC,2024-09-07,Amazon,1,1104,ARC-2407-1
VR896121,C101456,VA-HP-ST2,2024-09-07,vireo.in,1,4249,ST2-2406-2
VR897261,C100879,VA-SW-FIT,2024-09-07,Flipkart,1,1999,FIT-2408-1
VR902938,C108993,VA-AC-CH65,2024-09-07,vireo.in,2,2848,CH65-2408-4
VR905958,C107197,VA-EB-PL1,2024-09-07,Amazon,2,4998,PL1-2407-1
VR908099,C104554,VA-NB-ARC,2024-09-07,Flipkart,1,1299,ARC-2407-1
VR908458,C107029,VA-EB-PL1,2024-09-07,vireo.in,1,1999,PL1-2405-2
VR886022,C101693,VA-AC-CH65,2024-09-08,vireo.in,2,2998,CH65-2407-1
VR888327,C103205,VA-SP-ORB,2024-09-08,Amazon,2,11998,ORB-2406-2
VR890594,C106836,VA-HP-ST2,2024-09-08,vireo.in,1,4499,ST2-2406-2
VR892132,C107357,VA-EB-PL1,2024-09-08,Amazon,1,2499,PL1-2406-4
VR896211,C103350,VA-EB-PL1,2024-09-08,Amazon,1,2499,PL1-2406-3
VR897486,C105077,VA-SW-FIT,2024-09-08,Amazon,1,1599,FIT-2407-2
VR899427,C107558,VA-AC-CH65,2024-09-08,vireo.in,1,1199,CH65-2408-2
VR903329,C101046,VA-SW-FIT,2024-09-08,Amazon,1,1699,FIT-2408-2
VR905304,C105864,VA-HP-ST2,2024-09-08,vireo.in,2,7998,ST2-2408-4
VR907863,C104869,VA-HP-ST2,2024-09-08,vireo.in,1,4249,ST2-2407-4
VR908528,C104863,VA-SW-FIT,2024-09-08,Amazon,1,1899,FIT-2405-1
VR882895,C106141,VA-EB-PL1,2024-09-09,Flipkart,1,2499,PL1-2408-4
VR884793,C105010,VA-SW-FIT,2024-09-09,vireo.in,2,3998,FIT-2406-1
VR891027,C101141,VA-HP-ST2,2024-09-09,Flipkart,1,4249,ST2-2407-4
VR900402,C106420,VA-SW-FIT,2024-09-09,vireo.in,1,1999,FIT-2406-3
VR902187,C107677,VA-EB-PL1,2024-09-09,vireo.in,1,2124,PL1-2407-1
VR906821,C108792,VA-SW-NX1,2024-09-09,vireo.in,1,4999,NX1-2405-2
VR880501,C101782,VA-EB-PL1,2024-09-10,Amazon,1,2374,PL1-2406-3
VR880522,C102235,VA-SW-FIT,2024-09-10,vireo.in,1,1899,FIT-2406-2
VR883327,C103686,VA-EB-PL1,2024-09-10,vireo.in,1,1999,PL1-2407-3
VR890954,C105983,VA-HP-ST2,2024-09-10,Amazon,1,4999,ST2-2406-4
VR894202,C107853,VA-EB-PL1,2024-09-10,Amazon,1,2499,PL1-2406-4
VR894977,C105037,VA-EB-AIR,2024-09-10,vireo.in,1,1799,AIR-2408-1
VR900897,C105560,VA-HP-ST2,2024-09-10,vireo.in,1,4249,ST2-2407-2
VR903564,C103420,VA-EB-PL1,2024-09-10,vireo.in,1,2374,PL1-2407-1
VR906647,C101795,VA-EB-AIR,2024-09-10,vireo.in,1,1799,AIR-2405-3
VR906836,C107230,VA-SW-NX1,2024-09-10,vireo.in,1,3999,NX1-2407-1
VR881299,C104333,VA-EB-PL1,2024-09-11,Amazon,1,2499,PL1-2408-4
VR884569,C107421,VA-EB-PL1,2024-09-11,vireo.in,1,2374,PL1-2406-2
VR884684,C101501,VA-EB-AIR,2024-09-11,vireo.in,1,1529,AIR-2405-4
VR885736,C105854,VA-EB-AIR,2024-09-11,Amazon,1,1439,AIR-2405-2
VR886157,C107886,VA-SW-NX1,2024-09-11,Flipkart,1,4749,NX1-2407-2
VR888897,C107721,VA-EB-AIR,2024-09-11,vireo.in,1,1529,AIR-2406-3
VR888975,C102301,VA-NB-ARC,2024-09-11,Amazon,1,1299,ARC-2405-1
VR897307,C101487,VA-EB-PL1,2024-09-11,Amazon,1,2249,PL1-2406-4
VR899378,C100098,VA-EB-AIR,2024-09-11,vireo.in,1,1709,AIR-2405-4
VR902598,C105431,VA-EB-PL1,2024-09-11,vireo.in,1,2499,PL1-2406-4
VR905042,C105911,VA-SW-NX1,2024-09-11,vireo.in,1,4999,NX1-2407-4
VR905435,C100144,VA-EB-AIR,2024-09-11,vireo.in,1,1799,AIR-2407-2
VR908073,C103165,VA-EB-PL1,2024-09-11,Amazon,1,2499,PL1-2406-3
VR908093,C107876,VA-HP-ST2,2024-09-11,vireo.in,1,4999,ST2-2406-2
VR909756,C104895,VA-SP-ORB,2024-09-11,vireo.in,1,5999,ORB-2408-1
VR883658,C105178,VA-EB-AIR,2024-09-12,Amazon,1,1529,AIR-2406-3
VR887104,C100703,VA-EB-PL1,2024-09-12,vireo.in,1,2249,PL1-2407-4
VR891850,C101625,VA-EB-AIR,2024-09-12,vireo.in,1,1799,AIR-2407-3
VR893344,C106434,VA-HP-ST2,2024-09-12,vireo.in,1,4999,ST2-2406-1
VR900456,C105796,VA-EB-PL1,2024-09-12,vireo.in,1,2499,PL1-2408-1
VR904266,C106701,VA-EB-AIR,2024-09-12,vireo.in,1,1529,AIR-2405-3
VR904917,C108286,VA-EB-PL1,2024-09-12,Flipkart,1,1999,PL1-2408-3
VR881298,C108236,VA-NB-ARC,2024-09-13,Amazon,1,1169,ARC-2408-4
VR882392,C107742,VA-SW-FIT,2024-09-13,vireo.in,1,1999,FIT-2405-2
VR889952,C102383,VA-EB-AIR,2024-09-13,vireo.in,1,1619,AIR-2408-2
VR890200,C100458,VA-EB-AIR,2024-09-13,Flipkart,1,1799,AIR-2408-1
VR893757,C101384,VA-EB-AIR,2024-09-13,vireo.in,1,1709,AIR-2406-2
VR897297,C101998,VA-HP-ST2,2024-09-13,Flipkart,1,4249,ST2-2407-1
VR897466,C102391,VA-EB-PL1,2024-09-13,Amazon,1,2499,PL1-2406-1
VR903975,C103970,VA-AC-CBL,2024-09-13,vireo.in,1,379,CBL-2408-2
VR909354,C102509,VA-SW-FIT,2024-09-13,vireo.in,1,1799,FIT-2406-2
VR909506,C101739,VA-EB-PL1,2024-09-13,Amazon,1,2249,PL1-2408-2
VR880621,C108819,VA-SP-ORB,2024-09-14,vireo.in,1,5999,ORB-2406-2
VR883764,C107232,VA-EB-PL1,2024-09-14,vireo.in,1,1999,PL1-2406-1
VR886292,C109206,VA-EB-AIR,2024-09-14,vireo.in,1,1799,AIR-2406-1
VR886791,C108522,VA-NB-ARC,2024-09-14,Amazon,1,1299,ARC-2406-4
VR888144,C102408,VA-SW-NX1,2024-09-14,vireo.in,1,4499,NX1-2408-3
VR893140,C107765,VA-EB-AIR,2024-09-14,vireo.in,1,1799,AIR-2406-2
VR903004,C107135,VA-EB-PL1,2024-09-14,vireo.in,1,2499,PL1-2407-2
VR903227,C101617,VA-SP-ORB,2024-09-14,vireo.in,1,5999,ORB-2408-1
VR903409,C105960,VA-EB-PL1,2024-09-14,vireo.in,1,2499,PL1-2406-2
VR889619,C104655,VA-EB-AIR,2024-09-15,Amazon,1,1619,AIR-2407-4
VR891080,C106713,VA-SW-FIT,2024-09-15,Amazon,1,1599,FIT-2407-4
VR891547,C107790,VA-EB-AIR,2024-09-15,Flipkart,1,1439,AIR-2407-1
VR892780,C109466,VA-NB-ARC,2024-09-15,vireo.in,1,1299,ARC-2406-3
VR898353,C104760,VA-EB-AIR,2024-09-15,vireo.in,1,1709,AIR-2405-4
VR903045,C106575,VA-NB-ARC,2024-09-15,Amazon,1,1169,ARC-2408-3
VR881038,C102767,VA-EB-PL1,2024-09-16,Amazon,1,2499,PL1-2407-3
VR881095,C106413,VA-EB-PL1,2024-09-16,vireo.in,1,2374,PL1-2405-2
VR884803,C105443,VA-SW-FIT,2024-09-16,vireo.in,1,1799,FIT-2407-4
VR891068,C105592,VA-HP-ST2,2024-09-16,Amazon,1,4999,ST2-2406-1
VR894403,C100051,VA-SW-FIT,2024-09-16,Flipkart,1,1899,FIT-2408-3
VR894982,C101200,VA-EB-AIR,2024-09-16,vireo.in,1,1439,AIR-2405-4
VR895618,C105677,VA-EB-AIR,2024-09-16,vireo.in,1,1439,AIR-2408-4
VR897643,C100198,VA-AC-CBL,2024-09-16,vireo.in,1,339,CBL-2408-2
VR900827,C101281,VA-EB-PL1,2024-09-16,Amazon,1,2499,PL1-2407-2
VR906799,C102698,VA-EB-AIR,2024-09-16,Amazon,1,1799,AIR-2405-1
VR881446,C107369,VA-EB-AIR,2024-09-17,vireo.in,1,1709,AIR-2407-4
VR881601,C101139,VA-EB-AIR,2024-09-17,Flipkart,1,1799,AIR-2407-3
VR888946,C103935,VA-SW-NX1,2024-09-17,Flipkart,1,4999,NX1-2408-1
VR892574,C103736,VA-EB-PL1,2024-09-17,Amazon,1,2499,PL1-2407-4
VR894082,C106724,VA-SW-NX1,2024-09-17,Amazon,2,7998,NX1-2408-3
VR894189,C103169,VA-SP-ORB,2024-09-17,vireo.in,1,5999,ORB-2406-4
VR896392,C108867,VA-EB-AIR,2024-09-17,Amazon,1,1799,AIR-2406-2
VR899418,C100621,VA-SP-ORB,2024-09-17,vireo.in,1,5699,ORB-2408-3
VR906053,C100373,VA-EB-AIR,2024-09-17,vireo.in,1,1619,AIR-2408-4
VR909568,C100894,VA-SW-NX1,2024-09-17,vireo.in,1,4749,NX1-2407-3
VR880427,C108689,VA-EB-PL1,2024-09-18,Flipkart,1,2124,PL1-2406-3
VR881096,C107619,VA-NB-ARC,2024-09-18,vireo.in,1,1169,ARC-2407-4
VR882231,C106697,VA-EB-AIR,2024-09-18,Amazon,1,1799,AIR-2408-3
VR883503,C106510,VA-SP-ORB,2024-09-18,vireo.in,1,5999,ORB-2408-4
VR884640,C106867,VA-NB-ARC,2024-09-18,Flipkart,1,1039,ARC-2408-1
VR885082,C106234,VA-SW-FIT,2024-09-18,Flipkart,1,1899,FIT-2407-4
VR885522,C105582,VA-EB-PL1,2024-09-18,Amazon,1,1999,PL1-2408-1
VR885644,C103118,VA-EB-PL1,2024-09-18,Flipkart,1,2499,PL1-2408-3
VR894438,C106339,VA-EB-PL1,2024-09-18,Amazon,1,1999,PL1-2406-2
VR895157,C101004,VA-EB-PL1,2024-09-18,vireo.in,1,2499,PL1-2406-2
VR898525,C107717,VA-SW-FIT,2024-09-18,vireo.in,1,1799,FIT-2407-2
VR898709,C108869,VA-EB-AIR,2024-09-18,vireo.in,1,1709,AIR-2407-1
VR904213,C103279,VA-EB-AIR,2024-09-18,vireo.in,1,1439,AIR-2408-4
VR907536,C101031,VA-EB-PL1,2024-09-18,Flipkart,1,2249,PL1-2405-3
VR909635,C106706,VA-AC-CBL,2024-09-18,vireo.in,1,319,CBL-2407-3
VR881301,C107429,VA-SW-NX1,2024-09-19,vireo.in,1,4999,NX1-2406-1
VR882011,C103547,VA-EB-PL1,2024-09-19,Flipkart,1,1999,PL1-2408-1
VR883040,C103912,VA-NB-ARC,2024-09-19,Flipkart,1,1104,ARC-2407-2
VR886717,C100547,VA-SW-FIT,2024-09-19,Flipkart,1,1899,FIT-2408-2
VR888096,C108288,VA-EB-AIR,2024-09-19,Flipkart,1,1799,AIR-2407-1
VR888257,C104426,VA-SW-FIT,2024-09-19,vireo.in,1,1999,FIT-2407-1
VR889216,C105720,VA-SW-FIT,2024-09-19,Amazon,1,1999,FIT-2407-2
VR891111,C102916,VA-EB-PL1,2024-09-19,vireo.in,1,2124,PL1-2408-4
VR893148,C106281,VA-NB-ARC,2024-09-19,Amazon,1,1299,ARC-2407-3
VR896434,C108646,VA-EB-AIR,2024-09-19,Flipkart,1,1799,AIR-2406-3
VR901457,C108833,VA-NB-ARC,2024-09-19,Amazon,1,1299,ARC-2406-2
VR902993,C102665,VA-EB-PL1,2024-09-19,Amazon,1,2499,PL1-2406-2
VR880277,C101889,VA-SP-ORB,2024-09-20,Amazon,1,5099,ORB-2406-3
VR885502,C108604,VA-EB-PL1,2024-09-20,Amazon,1,2499,PL1-2407-1
VR888926,C107687,VA-HP-ST2,2024-09-20,vireo.in,2,9998,ST2-2406-2
VR894485,C108412,VA-EB-AIR,2024-09-20,Flipkart,1,1799,AIR-2408-2
VR903095,C103756,VA-EB-AIR,2024-09-20,Amazon,1,1799,AIR-2407-3
VR903368,C104061,VA-EB-AIR,2024-09-20,Amazon,2,3598,AIR-2407-3
VR903407,C106931,VA-EB-AIR,2024-09-20,vireo.in,1,1799,AIR-2406-1
VR905738,C105259,VA-EB-PL1,2024-09-20,vireo.in,1,2499,PL1-2406-2
VR908781,C100427,VA-AC-CH65,2024-09-20,Amazon,1,1199,CH65-2408-2
VR909141,C103746,VA-EB-AIR,2024-09-20,vireo.in,1,1619,AIR-2406-4
VR909146,C109149,VA-SW-FIT,2024-09-20,vireo.in,1,1999,FIT-2408-2
VR889000,C101645,VA-SP-ORB,2024-09-21,vireo.in,2,11998,ORB-2407-4
VR889748,C103202,VA-AC-CH65,2024-09-21,Amazon,1,1499,CH65-2406-4
VR895611,C105329,VA-SW-NX1,2024-09-21,Amazon,1,4999,NX1-2407-1
VR903173,C103774,VA-EB-PL1,2024-09-21,vireo.in,1,2499,PL1-2408-3
VR906794,C109200,VA-HP-ST2,2024-09-21,vireo.in,1,3999,ST2-2407-2
VR881919,C109366,VA-SW-NX1,2024-09-22,vireo.in,1,4999,NX1-2408-1
VR883295,C104879,VA-NB-ARC,2024-09-22,Flipkart,1,1299,ARC-2407-4
VR884187,C103603,VA-SW-FIT,2024-09-22,Flipkart,1,1599,FIT-2407-3
VR887551,C105285,VA-SP-ORB,2024-09-22,Amazon,1,5999,ORB-2408-4
VR895244,C104556,VA-SW-NX1,2024-09-22,vireo.in,1,4999,NX1-2408-4
VR896501,C109349,VA-SW-FIT,2024-09-22,Flipkart,1,1599,FIT-2407-4
VR898754,C104613,VA-EB-PL1,2024-09-22,Amazon,1,2499,PL1-2407-1
VR900360,C104221,VA-EB-PL1,2024-09-22,vireo.in,1,2499,PL1-2408-1
VR903224,C103126,VA-HP-ST2,2024-09-22,vireo.in,1,4999,ST2-2407-3
VR905449,C101865,VA-SW-FIT,2024-09-22,vireo.in,1,1999,FIT-2406-1
VR908674,C107287,VA-AC-CBL,2024-09-22,vireo.in,1,319,CBL-2407-2
VR882287,C107130,VA-EB-AIR,2024-09-23,vireo.in,1,1799,AIR-2408-2
VR884026,C101263,VA-EB-AIR,2024-09-23,Flipkart,1,1799,AIR-2406-4
VR885669,C102012,VA-SP-ORB,2024-09-23,vireo.in,1,5699,ORB-2407-3
VR893049,C101835,VA-HP-ST2,2024-09-23,vireo.in,1,4999,ST2-2408-4
VR894051,C107733,VA-SP-ORB,2024-09-23,vireo.in,1,5999,ORB-2407-1
VR900722,C100721,VA-EB-AIR,2024-09-23,Amazon,1,1529,AIR-2408-2
VR882092,C100985,VA-NB-ARC,2024-09-24,Flipkart,2,2208,ARC-2408-3
VR884933,C105315,VA-NB-ARC,2024-09-24,Amazon,1,1234,ARC-2406-2
VR891844,C106255,VA-SP-ORB,2024-09-24,vireo.in,1,5099,ORB-2408-1
VR893904,C107219,VA-SW-NX1,2024-09-24,vireo.in,1,4999,NX1-2408-3
VR902508,C106359,VA-SP-ORB,2024-09-24,vireo.in,1,4799,ORB-2407-3
VR903096,C109052,VA-AC-CH65,2024-09-24,vireo.in,2,2998,CH65-2406-2
VR903170,C106807,VA-NB-ARC,2024-09-24,vireo.in,1,1299,ARC-2407-3
VR903969,C102306,VA-SW-NX1,2024-09-24,vireo.in,1,4999,NX1-2408-2
VR882190,C108346,VA-NB-ARC,2024-09-25,vireo.in,1,1299,ARC-2407-3
VR891091,C103110,VA-SP-ORB,2024-09-25,Amazon,1,5399,ORB-2407-2
VR902022,C106960,VA-AC-CBL,2024-09-25,vireo.in,1,399,CBL-2408-3
VR905190,C107938,VA-EB-AIR,2024-09-25,Amazon,1,1619,AIR-2407-4
VR882485,C102340,VA-EB-AIR,2024-09-26,Amazon,1,1799,AIR-2406-2
VR887829,C102759,VA-SW-FIT,2024-09-26,Flipkart,1,1999,FIT-2407-1
VR896162,C106709,VA-EB-AIR,2024-09-26,Flipkart,1,1619,AIR-2409-3
VR896965,C101182,VA-EB-AIR,2024-09-26,vireo.in,1,1529,AIR-2406-3
VR904417,C103570,VA-EB-PL1,2024-09-26,Amazon,1,2124,PL1-2408-3
VR904954,C100147,VA-EB-PL1,2024-09-26,vireo.in,1,2374,PL1-2408-4
VR905830,C100044,VA-EB-AIR,2024-09-26,vireo.in,1,1529,AIR-2408-1
VR909994,C104617,VA-HP-ST2,2024-09-26,Amazon,1,4999,ST2-2408-4
VR881566,C101574,VA-AC-CBL,2024-09-27,Flipkart,1,359,CBL-2407-2
VR881715,C106010,VA-EB-AIR,2024-09-27,Flipkart,1,1439,AIR-2409-4
VR883493,C109284,VA-EB-AIR,2024-09-27,Amazon,1,1799,AIR-2407-1
VR884456,C104065,VA-EB-PL1,2024-09-27,vireo.in,1,2374,PL1-2407-4
VR887058,C100483,VA-AC-CH65,2024-09-27,vireo.in,1,1199,CH65-2407-2
VR896790,C108631,VA-HP-ST2,2024-09-27,Amazon,1,4999,ST2-2408-2
VR897495,C107478,VA-EB-AIR,2024-09-27,Amazon,1,1439,AIR-2407-4
VR902143,C106158,VA-EB-PL1,2024-09-27,vireo.in,1,1999,PL1-2408-4
VR904182,C109456,VA-EB-PL1,2024-09-27,Amazon,1,2499,PL1-2406-4
VR907270,C102599,VA-AC-CH65,2024-09-27,Flipkart,1,1274,CH65-2408-3
VR881091,C105640,VA-SW-FIT,2024-09-28,vireo.in,1,1899,FIT-2407-1
VR882655,C108089,VA-HP-ST2,2024-09-28,Flipkart,1,4499,ST2-2408-1
VR885398,C104027,VA-SW-FIT,2024-09-28,vireo.in,1,1999,FIT-2407-4
VR885794,C104899,VA-EB-PL1,2024-09-28,Flipkart,1,2499,PL1-2406-2
VR887232,C108225,VA-SP-ORB,2024-09-28,Flipkart,2,11998,ORB-2407-4
VR888236,C102049,VA-SP-ORB,2024-09-28,Amazon,1,5999,ORB-2407-2
VR888971,C107664,VA-EB-PL1,2024-09-28,vireo.in,1,2499,PL1-2408-1
VR889294,C102718,VA-EB-PL1,2024-09-28,Flipkart,1,2499,PL1-2407-2
VR891552,C109494,VA-SW-FIT,2024-09-28,Flipkart,1,1799,FIT-2407-1
VR895078,C101408,VA-SP-ORB,2024-09-28,Amazon,1,5699,ORB-2407-3
VR898025,C104941,VA-EB-PL1,2024-09-28,vireo.in,1,1999,PL1-2406-4
VR906571,C103290,VA-AC-CBL,2024-09-28,Amazon,1,319,CBL-2406-2
VR908762,C102805,VA-AC-CBL,2024-09-28,Flipkart,1,399,CBL-2407-3
VR909200,C103063,VA-SP-ORB,2024-09-28,Flipkart,1,5399,ORB-2406-1
VR880813,C106743,VA-SP-ORB,2024-09-29,Amazon,1,5999,ORB-2406-4
VR881506,C100172,VA-SW-FIT,2024-09-29,Amazon,1,1899,FIT-2406-4
VR883997,C103476,VA-EB-AIR,2024-09-29,vireo.in,1,1799,AIR-2406-3
VR892026,C100419,VA-HP-ST2,2024-09-29,vireo.in,1,4999,ST2-2408-2
VR895559,C105435,VA-EB-PL1,2024-09-29,vireo.in,1,2124,PL1-2408-1
VR896658,C107839,VA-EB-PL1,2024-09-29,vireo.in,1,2499,PL1-2409-4
VR901517,C106772,VA-EB-AIR,2024-09-29,Amazon,1,1799,AIR-2406-2
VR902311,C100229,VA-SP-ORB,2024-09-29,Amazon,2,11998,ORB-2408-4
VR905265,C104329,VA-EB-AIR,2024-09-29,Flipkart,1,1709,AIR-2407-1
VR908535,C107508,VA-HP-ST2,2024-09-29,vireo.in,1,4999,ST2-2406-2
VR880058,C104784,VA-EB-AIR,2024-09-30,vireo.in,1,1709,AIR-2406-4
VR880217,C108433,VA-NB-ARC,2024-09-30,Flipkart,1,1169,ARC-2408-2
VR880962,C106870,VA-NB-ARC,2024-09-30,Flipkart,1,1234,ARC-2407-4
VR881927,C107254,VA-EB-PL1,2024-09-30,Flipkart,1,1999,PL1-2407-3
VR884877,C105720,VA-SW-NX1,2024-09-30,vireo.in,1,3999,NX1-2407-4
VR892206,C100188,VA-SW-FIT,2024-09-30,vireo.in,1,1999,FIT-2406-2
VR892361,C105550,VA-EB-PL1,2024-09-30,vireo.in,1,2499,PL1-2408-1
VR896185,C101401,VA-EB-PL1,2024-09-30,Amazon,1,2499,PL1-2406-4
VR896630,C105586,VA-AC-CH65,2024-09-30,vireo.in,1,1424,CH65-2407-1
VR900534,C100283,VA-EB-AIR,2024-09-30,Amazon,1,1529,AIR-2408-1
VR900560,C106664,VA-EB-PL1,2024-09-30,vireo.in,1,2374,PL1-2408-2
VR902717,C102985,VA-EB-PL1,2024-09-30,vireo.in,2,4998,PL1-2408-4
VR903977,C105293,VA-EB-PL1,2024-09-30,vireo.in,1,2499,PL1-2407-3
VR905156,C105277,VA-EB-AIR,2024-09-30,vireo.in,2,2878,AIR-2408-1
VR908191,C105287,VA-EB-PL1,2024-09-30,vireo.in,1,2499,PL1-2409-3
VR882753,C106367,VA-SW-FIT,2024-10-01,Flipkart,1,1999,FIT-2409-4
VR884519,C100156,VA-NB-ARC,2024-10-01,Flipkart,1,1234,ARC-2407-1
VR887142,C109302,VA-EB-PL1,2024-10-01,vireo.in,1,2499,PL1-2406-4
VR887940,C101533,VA-SW-FIT,2024-10-01,vireo.in,1,1999,FIT-2407-4
VR890066,C101300,VA-SW-NX1,2024-10-01,Flipkart,1,4499,NX1-2406-3
VR891647,C109199,VA-EB-PL1,2024-10-01,vireo.in,1,2124,PL1-2408-3
VR893460,C104721,VA-SW-NX1,2024-10-01,vireo.in,1,4999,NX1-2407-4
VR895469,C101098,VA-SW-NX1,2024-10-01,vireo.in,1,4999,NX1-2407-1
VR898029,C107908,VA-EB-PL1,2024-10-01,vireo.in,1,2249,PL1-2407-4
VR902655,C103487,VA-EB-AIR,2024-10-01,Amazon,1,1709,AIR-2406-4
VR903238,C100600,VA-SP-ORB,2024-10-01,vireo.in,1,5099,ORB-2407-3
VR903757,C103697,VA-AC-CH65,2024-10-01,vireo.in,1,1424,CH65-2406-4
VR906331,C105239,VA-SW-FIT,2024-10-01,vireo.in,1,1599,FIT-2408-3
VR907961,C101871,VA-EB-PL1,2024-10-01,Flipkart,1,2249,PL1-2406-4
VR909487,C101058,VA-EB-AIR,2024-10-01,Amazon,1,1439,AIR-2407-3
VR883620,C103531,VA-SW-NX1,2024-10-02,Flipkart,1,4999,NX1-2408-4
VR885030,C108681,VA-EB-PL1,2024-10-02,Amazon,1,2374,PL1-2408-2
VR885763,C101536,VA-SW-FIT,2024-10-02,Amazon,1,1999,FIT-2406-3
VR886952,C105117,VA-AC-CH65,2024-10-02,vireo.in,1,1199,CH65-2408-3
VR889632,C102558,VA-EB-AIR,2024-10-02,vireo.in,1,1619,AIR-2408-2
VR893239,C108063,VA-SP-ORB,2024-10-02,Amazon,1,5699,ORB-2408-3
VR893902,C105967,VA-EB-PL1,2024-10-02,vireo.in,1,2499,PL1-2407-4
VR894067,C106448,VA-SW-FIT,2024-10-02,vireo.in,1,1999,FIT-2408-4
VR896934,C108369,VA-SW-NX1,2024-10-02,vireo.in,1,4749,NX1-2406-1
VR898001,C108253,VA-NB-ARC,2024-10-02,Amazon,1,1299,ARC-2406-3
VR898598,C108567,VA-EB-PL1,2024-10-02,vireo.in,1,2124,PL1-2408-3
VR906574,C106091,VA-SP-ORB,2024-10-02,Amazon,2,10198,ORB-2407-1
VR908700,C102995,VA-EB-PL1,2024-10-02,vireo.in,1,2249,PL1-2408-1
VR908728,C100293,VA-EB-PL1,2024-10-02,vireo.in,1,2249,PL1-2408-2
VR883958,C102788,VA-EB-AIR,2024-10-03,vireo.in,1,1439,AIR-2408-1
VR885506,C103918,VA-EB-PL1,2024-10-03,vireo.in,1,2499,PL1-2406-1
VR895976,C109326,VA-EB-AIR,2024-10-03,Flipkart,1,1529,AIR-2407-4
VR896395,C105374,VA-SP-ORB,2024-10-03,Flipkart,1,5699,ORB-2409-1
VR900004,C107390,VA-SP-ORB,2024-10-03,vireo.in,2,11998,ORB-2407-2
VR901281,C100216,VA-SP-ORB,2024-10-03,vireo.in,2,11998,ORB-2408-3
VR904924,C105401,VA-EB-PL1,2024-10-03,vireo.in,1,2499,PL1-2406-4
VR905459,C105945,VA-AC-CH65,2024-10-03,vireo.in,1,1349,CH65-2406-3
VR909547,C106738,VA-SW-FIT,2024-10-03,Flipkart,1,1599,FIT-2408-2
VR880176,C107925,VA-HP-ST2,2024-10-04,Flipkart,1,4249,ST2-2407-4
VR880187,C102272,VA-EB-AIR,2024-10-04,vireo.in,1,1439,AIR-2409-2
VR882161,C106399,VA-HP-ST2,2024-10-04,vireo.in,1,4249,ST2-2409-4
VR886630,C104830,VA-EB-AIR,2024-10-04,vireo.in,1,1619,AIR-2408-2
VR888220,C107863,VA-EB-PL1,2024-10-04,Amazon,1,2499,PL1-2408-1
VR890206,C103624,VA-SW-NX1,2024-10-04,Amazon,1,4749,NX1-2408-2
VR890379,C101819,VA-EB-AIR,2024-10-04,Amazon,1,1529,AIR-2407-2
VR895889,C108072,VA-SW-FIT,2024-10-04,vireo.in,1,1699,FIT-2407-3
VR898018,C104252,VA-SW-FIT,2024-10-04,Amazon,1,1999,FIT-2409-3
VR899282,C102480,VA-EB-PL1,2024-10-04,vireo.in,1,1999,PL1-2409-4
VR899739,C108802,VA-SW-FIT,2024-10-04,vireo.in,1,1899,FIT-2407-4
VR902156,C102113,VA-EB-PL1,2024-10-04,Flipkart,2,4748,PL1-2406-3
VR902227,C105888,VA-SW-FIT,2024-10-04,Amazon,1,1799,FIT-2407-2
VR887472,C101967,VA-EB-AIR,2024-10-05,Flipkart,1,1799,AIR-2407-1
VR904881,C103790,VA-EB-PL1,2024-10-05,Amazon,1,2124,PL1-2408-4
VR906135,C108129,VA-EB-PL1,2024-10-05,Amazon,1,2249,PL1-2408-2
VR882067,C105091,VA-EB-PL1,2024-10-06,vireo.in,1,2499,PL1-2407-3
VR883209,C103804,VA-EB-PL1,2024-10-06,Flipkart,1,2124,PL1-2408-1
VR883540,C101012,VA-SW-FIT,2024-10-06,vireo.in,1,1999,FIT-2406-1
VR887227,C108774,VA-SW-FIT,2024-10-06,vireo.in,1,1599,FIT-2409-2
VR888933,C101342,VA-SW-NX1,2024-10-06,vireo.in,1,4999,NX1-2409-3
VR889025,C104687,VA-AC-CH65,2024-10-06,vireo.in,1,1499,CH65-2408-2
VR890309,C104369,VA-EB-AIR,2024-10-06,Amazon,1,1439,AIR-2407-2
VR895056,C105259,VA-SP-ORB,2024-10-06,vireo.in,1,5999,ORB-2406-3
VR896612,C100454,VA-SW-FIT,2024-10-06,Amazon,1,1799,FIT-2409-3
VR897346,C105572,VA-EB-PL1,2024-10-06,Flipkart,2,4998,PL1-2407-2
VR881664,C106410,VA-SW-FIT,2024-10-07,vireo.in,1,1599,FIT-2408-3
VR882454,C109375,VA-EB-AIR,2024-10-07,Amazon,1,1619,AIR-2408-4
VR886775,C102870,VA-EB-PL1,2024-10-07,vireo.in,2,4498,PL1-2407-4
VR889918,C105319,VA-EB-PL1,2024-10-07,vireo.in,1,2499,PL1-2408-2
VR890081,C102661,VA-SP-ORB,2024-10-07,vireo.in,1,5699,ORB-2407-4
VR894975,C101219,VA-SW-NX1,2024-10-07,Amazon,1,4749,NX1-2409-2
VR897809,C102144,VA-SP-ORB,2024-10-07,vireo.in,1,5399,ORB-2407-4
VR900277,C107223,VA-SW-FIT,2024-10-07,vireo.in,1,1699,FIT-2408-2
VR901637,C103379,VA-EB-AIR,2024-10-07,vireo.in,2,3418,AIR-2409-3
VR901670,C107300,VA-EB-PL1,2024-10-07,vireo.in,1,2374,PL1-2407-1
VR902300,C102199,VA-EB-AIR,2024-10-07,Amazon,1,1619,AIR-2409-3
VR904451,C100385,VA-HP-ST2,2024-10-07,vireo.in,1,4999,ST2-2407-2
VR906539,C104256,VA-EB-PL1,2024-10-07,Amazon,1,2499,PL1-2407-2
VR883169,C100493,VA-EB-AIR,2024-10-08,vireo.in,1,1799,AIR-2407-1
VR883923,C108193,VA-SW-NX1,2024-10-08,vireo.in,1,4249,NX1-2406-4
VR885345,C105492,VA-AC-CBL,2024-10-08,vireo.in,1,399,CBL-2407-1
VR887554,C104558,VA-SW-NX1,2024-10-08,Amazon,1,4999,NX1-2407-2
VR891409,C107959,VA-NB-ARC,2024-10-08,vireo.in,1,1299,ARC-2406-4
VR896267,C104583,VA-EB-PL1,2024-10-08,vireo.in,1,2374,PL1-2406-2
VR897040,C106545,VA-HP-ST2,2024-10-08,Flipkart,1,4249,ST2-2408-1
VR897543,C101710,VA-EB-AIR,2024-10-08,vireo.in,1,1709,AIR-2408-2
VR903889,C106575,VA-EB-AIR,2024-10-08,Amazon,1,1709,AIR-2407-3
VR904809,C106218,VA-EB-PL1,2024-10-08,Amazon,1,2499,PL1-2409-2
VR906994,C101991,VA-SW-NX1,2024-10-08,vireo.in,1,4999,NX1-2409-2
VR880314,C101257,VA-EB-AIR,2024-10-09,Amazon,1,1799,AIR-2406-2
VR882257,C103247,VA-SW-NX1,2024-10-09,vireo.in,1,4749,NX1-2409-3
VR883416,C106933,VA-EB-PL1,2024-10-09,Amazon,1,2499,PL1-2408-1
VR884724,C104557,VA-SW-NX1,2024-10-09,vireo.in,1,4999,NX1-2407-2
VR888196,C105998,VA-NB-ARC,2024-10-09,vireo.in,2,2468,ARC-2409-4
VR894078,C100272,VA-SW-NX1,2024-10-09,vireo.in,2,9998,NX1-2407-4
VR895939,C105752,VA-SP-ORB,2024-10-09,vireo.in,1,5099,ORB-2406-4
VR896314,C101435,VA-NB-ARC,2024-10-09,Amazon,1,1299,ARC-2409-3
VR898357,C104226,VA-NB-ARC,2024-10-09,Flipkart,1,1169,ARC-2408-3
VR898497,C102403,VA-EB-PL1,2024-10-09,Amazon,1,2499,PL1-2408-3
VR904914,C104254,VA-EB-AIR,2024-10-09,Flipkart,1,1529,AIR-2408-3
VR905007,C105344,VA-HP-ST2,2024-10-09,vireo.in,1,3999,ST2-2408-4
VR909805,C100671,VA-SW-NX1,2024-10-09,vireo.in,1,4499,NX1-2409-2
VR880605,C108236,VA-EB-PL1,2024-10-10,Flipkart,2,3998,PL1-2408-3
VR881087,C107564,VA-EB-PL1,2024-10-10,Amazon,1,2249,PL1-2408-3
VR883772,C100579,VA-EB-PL1,2024-10-10,Flipkart,1,2499,PL1-2407-3
VR885621,C106653,VA-SW-FIT,2024-10-10,vireo.in,1,1999,FIT-2408-1
VR895563,C104539,VA-EB-AIR,2024-10-10,vireo.in,1,1439,AIR-2408-3
VR897526,C105151,VA-SW-FIT,2024-10-10,vireo.in,1,1999,FIT-2407-2
VR902098,C102910,VA-EB-AIR,2024-10-10,vireo.in,1,1439,AIR-2409-3
VR902210,C107832,VA-EB-AIR,2024-10-10,vireo.in,1,1529,AIR-2409-3
VR905825,C108387,VA-SP-ORB,2024-10-10,vireo.in,1,5399,ORB-2407-2
VR909834,C105549,VA-EB-AIR,2024-10-10,vireo.in,1,1709,AIR-2409-1
VR884284,C101310,VA-EB-AIR,2024-10-11,vireo.in,1,1799,AIR-2408-4
VR892683,C104127,VA-EB-PL1,2024-10-11,Amazon,1,1999,PL1-2408-2
VR899632,C104437,VA-EB-PL1,2024-10-11,vireo.in,1,2499,PL1-2408-2
VR899905,C104745,VA-SP-ORB,2024-10-11,vireo.in,1,5699,ORB-2408-3
VR900020,C108530,VA-SP-ORB,2024-10-11,vireo.in,1,5099,ORB-2407-3
VR900933,C102661,VA-EB-PL1,2024-10-11,vireo.in,1,2374,PL1-2409-4
VR902408,C106151,VA-NB-ARC,2024-10-11,Amazon,1,1299,ARC-2409-4
VR902668,C104102,VA-EB-PL1,2024-10-11,vireo.in,1,2374,PL1-2408-4
VR903339,C107135,VA-EB-PL1,2024-10-11,vireo.in,1,2499,PL1-2408-2
VR904898,C106693,VA-HP-ST2,2024-10-11,vireo.in,1,4999,ST2-2409-1
VR906610,C105147,VA-EB-PL1,2024-10-11,vireo.in,1,1999,PL1-2408-4
VR907541,C102569,VA-EB-AIR,2024-10-11,vireo.in,1,1439,AIR-2406-1
VR882474,C104015,VA-EB-AIR,2024-10-12,Amazon,1,1709,AIR-2406-4
VR885835,C108390,VA-EB-AIR,2024-10-12,vireo.in,1,1529,AIR-2409-2
VR887382,C107337,VA-NB-ARC,2024-10-12,vireo.in,1,1299,ARC-2409-1
VR891183,C107425,VA-EB-AIR,2024-10-12,vireo.in,1,1619,AIR-2406-1
VR891948,C107494,VA-SP-ORB,2024-10-12,vireo.in,1,5999,ORB-2408-2
VR893689,C100701,VA-SW-NX1,2024-10-12,vireo.in,1,4249,NX1-2407-3
VR894213,C100058,VA-SP-ORB,2024-10-12,Amazon,2,11998,ORB-2408-4
VR897352,C103281,VA-HP-ST2,2024-10-12,Amazon,1,4499,ST2-2409-4
VR899036,C103007,VA-HP-ST2,2024-10-12,Flipkart,2,9998,ST2-2409-4
VR901931,C105491,VA-EB-PL1,2024-10-12,vireo.in,1,2124,PL1-2408-1
VR903131,C102108,VA-HP-ST2,2024-10-12,Flipkart,1,4999,ST2-2409-2
VR882536,C104442,VA-EB-PL1,2024-10-13,vireo.in,1,2499,PL1-2408-1
VR888438,C105565,VA-SW-FIT,2024-10-13,vireo.in,2,3998,FIT-2408-4
VR891396,C101167,VA-EB-PL1,2024-10-13,Amazon,1,2374,PL1-2407-1
VR892231,C105213,VA-EB-AIR,2024-10-13,Amazon,1,1799,AIR-2407-1
VR892264,C104189,VA-NB-ARC,2024-10-13,vireo.in,1,1299,ARC-2409-4
VR892590,C101822,VA-NB-ARC,2024-10-13,vireo.in,1,1234,ARC-2408-2
VR901303,C105950,VA-HP-ST2,2024-10-13,Amazon,1,3999,ST2-2409-1
VR902462,C107813,VA-SW-FIT,2024-10-13,Amazon,1,1899,FIT-2408-2
VR904097,C100569,VA-AC-CH65,2024-10-13,Flipkart,1,1199,CH65-2406-1
VR904729,C103167,VA-SP-ORB,2024-10-13,vireo.in,1,5099,ORB-2409-1
VR905027,C104256,VA-AC-CH65,2024-10-13,Flipkart,1,1349,CH65-2409-3
VR884487,C106241,VA-SW-NX1,2024-10-14,Amazon,1,4249,NX1-2407-1
VR890478,C106384,VA-SW-FIT,2024-10-14,Amazon,1,1999,FIT-2408-2
VR890921,C105323,VA-SW-NX1,2024-10-14,vireo.in,2,9498,NX1-2408-2
VR894541,C104221,VA-SP-ORB,2024-10-14,Flipkart,2,11998,ORB-2408-4
VR898116,C108194,VA-EB-AIR,2024-10-14,vireo.in,1,1619,AIR-2409-3
VR902692,C107826,VA-SW-FIT,2024-10-14,vireo.in,1,1999,FIT-2409-2
VR903142,C100541,VA-EB-PL1,2024-10-14,Flipkart,2,4998,PL1-2409-3
VR905981,C107224,VA-EB-PL1,2024-10-14,vireo.in,1,2374,PL1-2408-1
VR910092,C102872,VA-EB-AIR,2024-10-14,Amazon,1,1529,AIR-2408-1
VR881380,C108759,VA-HP-ST2,2024-10-15,vireo.in,1,4749,ST2-2407-1
VR885461,C108314,VA-AC-CH65,2024-10-15,vireo.in,1,1199,CH65-2407-3
VR886835,C102879,VA-AC-CH65,2024-10-15,Amazon,1,1424,CH65-2407-4
VR889119,C105776,VA-EB-AIR,2024-10-15,Flipkart,1,1799,AIR-2408-3
VR891741,C106223,VA-EB-PL1,2024-10-15,vireo.in,1,2249,PL1-2409-1
VR892153,C104067,VA-SP-ORB,2024-10-15,Amazon,2,9598,ORB-2407-4
VR896925,C102119,VA-EB-AIR,2024-10-15,vireo.in,1,1709,AIR-2409-2
VR899050,C105879,VA-EB-AIR,2024-10-15,Amazon,1,1709,AIR-2408-3
VR899807,C101686,VA-AC-CH65,2024-10-15,vireo.in,1,1274,CH65-2407-4
VR901667,C107180,VA-SW-NX1,2024-10-15,Amazon,1,4249,NX1-2409-4
VR908980,C100290,VA-SP-ORB,2024-10-15,Flipkart,1,5099,ORB-2408-3
VR882368,C100057,VA-HP-ST2,2024-10-16,vireo.in,1,4999,ST2-2409-2
VR883109,C100229,VA-HP-ST2,2024-10-16,vireo.in,1,4499,ST2-2408-1
VR883357,C105345,VA-SP-ORB,2024-10-16,vireo.in,1,5999,ORB-2409-2
VR887405,C109478,VA-EB-AIR,2024-10-16,vireo.in,1,1799,AIR-2407-4
VR889896,C105964,VA-EB-AIR,2024-10-16,Amazon,1,1529,AIR-2406-2
VR893567,C108632,VA-EB-PL1,2024-10-16,vireo.in,1,2249,PL1-2408-1
VR900471,C108932,VA-EB-AIR,2024-10-16,vireo.in,1,1709,AIR-2409-1
VR902489,C107204,VA-EB-AIR,2024-10-16,vireo.in,1,1439,AIR-2409-2
VR903294,C108430,VA-SP-ORB,2024-10-16,Amazon,1,5699,ORB-2409-4
VR903645,C102500,VA-SW-FIT,2024-10-16,Flipkart,1,1999,FIT-2409-1
VR904298,C105584,VA-NB-ARC,2024-10-16,vireo.in,1,1169,ARC-2409-4
VR904313,C101782,VA-EB-PL1,2024-10-16,Amazon,1,2499,PL1-2408-4
VR906378,C101489,VA-EB-PL1,2024-10-16,Amazon,1,1999,PL1-2407-3
VR906620,C101259,VA-EB-PL1,2024-10-16,Amazon,1,2249,PL1-2409-3
VR883066,C103285,VA-SW-FIT,2024-10-17,Amazon,1,1799,FIT-2409-1
VR892455,C100521,VA-EB-AIR,2024-10-17,vireo.in,2,3598,AIR-2408-4
VR901817,C109291,VA-SW-FIT,2024-10-17,vireo.in,1,1999,FIT-2408-3
VR904265,C106189,VA-SW-FIT,2024-10-17,Amazon,1,1899,FIT-2409-4
VR880258,C103615,VA-NB-ARC,2024-10-18,vireo.in,1,1234,ARC-2407-1
VR880289,C105108,VA-EB-AIR,2024-10-18,Amazon,1,1799,AIR-2407-3
VR885495,C108274,VA-EB-PL1,2024-10-18,Amazon,1,1999,PL1-2407-3
VR885864,C109227,VA-SW-NX1,2024-10-18,Amazon,1,4499,NX1-2408-1
VR888132,C103934,VA-SW-NX1,2024-10-18,vireo.in,1,4999,NX1-2409-1
VR891407,C105273,VA-EB-PL1,2024-10-18,vireo.in,1,2499,PL1-2409-3
VR891669,C107249,VA-SW-NX1,2024-10-18,vireo.in,1,4499,NX1-2409-4
VR895745,C108327,VA-NB-ARC,2024-10-18,Amazon,1,1104,ARC-2409-3
VR897698,C104682,VA-EB-PL1,2024-10-18,Flipkart,1,1999,PL1-2408-4
VR899396,C106564,VA-AC-CH65,2024-10-18,vireo.in,1,1424,CH65-2408-3
VR900013,C104518,VA-NB-ARC,2024-10-18,Flipkart,1,1104,ARC-2409-3
VR901733,C109090,VA-SP-ORB,2024-10-18,vireo.in,1,5999,ORB-2409-2
VR901833,C100168,VA-EB-AIR,2024-10-18,Flipkart,1,1529,AIR-2408-2
VR906342,C109100,VA-SW-FIT,2024-10-18,vireo.in,1,1699,FIT-2408-3
VR881219,C109240,VA-EB-PL1,2024-10-19,Amazon,1,2249,PL1-2409-3
VR882193,C102936,VA-EB-PL1,2024-10-19,vireo.in,1,2499,PL1-2409-2
VR884985,C106934,VA-NB-ARC,2024-10-19,vireo.in,2,2078,ARC-2408-4
VR889395,C107269,VA-EB-AIR,2024-10-19,vireo.in,1,1529,AIR-2408-4
VR889906,C104848,VA-NB-ARC,2024-10-19,Amazon,1,1299,ARC-2407-4
VR895215,C108102,VA-EB-PL1,2024-10-19,Amazon,1,1999,PL1-2408-4
VR896005,C105529,VA-SW-NX1,2024-10-19,Amazon,1,4499,NX1-2407-1
VR899278,C106702,VA-SW-FIT,2024-10-19,vireo.in,1,1599,FIT-2409-2
VR902399,C108685,VA-EB-AIR,2024-10-19,Flipkart,1,1439,AIR-2409-2
VR903305,C108292,VA-SP-ORB,2024-10-19,vireo.in,1,5399,ORB-2408-1
VR903987,C107716,VA-SP-ORB,2024-10-19,vireo.in,2,10798,ORB-2407-3
VR904857,C107471,VA-EB-PL1,2024-10-19,Amazon,1,2374,PL1-2409-3
VR906392,C103125,VA-EB-PL1,2024-10-19,vireo.in,1,2499,PL1-2409-3
VR909345,C105931,VA-EB-PL1,2024-10-19,vireo.in,1,2499,PL1-2407-3
VR881205,C101595,VA-SW-FIT,2024-10-20,Amazon,1,1899,FIT-2407-3
VR882521,C108972,VA-EB-PL1,2024-10-20,Flipkart,1,2249,PL1-2407-2
VR883054,C107613,VA-EB-AIR,2024-10-20,vireo.in,1,1529,AIR-2409-3
VR883961,C105720,VA-SW-FIT,2024-10-20,vireo.in,1,1599,FIT-2409-1
VR886580,C103928,VA-EB-AIR,2024-10-20,Amazon,1,1799,AIR-2407-1
VR892615,C107446,VA-SW-FIT,2024-10-20,Flipkart,2,3998,FIT-2408-3
VR901643,C105344,VA-EB-PL1,2024-10-20,vireo.in,1,2499,PL1-2409-1
VR902319,C105530,VA-SW-FIT,2024-10-20,Amazon,1,1899,FIT-2407-2
VR906772,C108816,VA-EB-PL1,2024-10-20,vireo.in,1,2374,PL1-2407-2
VR906985,C104651,VA-EB-AIR,2024-10-20,vireo.in,1,1619,AIR-2408-2
VR908139,C107174,VA-HP-ST2,2024-10-20,vireo.in,1,4749,ST2-2407-4
VR880599,C100738,VA-EB-AIR,2024-10-21,vireo.in,1,1439,AIR-2407-3
VR883750,C104150,VA-SP-ORB,2024-10-21,vireo.in,1,5999,ORB-2407-3
VR887045,C107333,VA-EB-AIR,2024-10-21,vireo.in,1,1529,AIR-2407-4
VR888964,C106612,VA-EB-AIR,2024-10-21,Amazon,1,1439,AIR-2408-2
VR891235,C108071,VA-EB-AIR,2024-10-21,Amazon,1,1799,AIR-2409-2
VR898281,C106567,VA-AC-CH65,2024-10-21,vireo.in,1,1424,CH65-2409-3
VR898803,C102375,VA-EB-AIR,2024-10-21,Flipkart,1,1709,AIR-2409-4
VR901542,C108809,VA-EB-PL1,2024-10-21,vireo.in,1,2499,PL1-2408-4
VR901996,C101844,VA-AC-CH65,2024-10-21,Amazon,1,1274,CH65-2407-4
VR903435,C101436,VA-NB-ARC,2024-10-21,Flipkart,1,1169,ARC-2409-3
VR904479,C109224,VA-EB-PL1,2024-10-21,vireo.in,2,4748,PL1-2408-2
VR908151,C107619,VA-SP-ORB,2024-10-21,vireo.in,1,5999,ORB-2408-4
VR908613,C107167,VA-EB-AIR,2024-10-21,vireo.in,1,1799,AIR-2407-2
VR886840,C102971,VA-SW-FIT,2024-10-22,vireo.in,1,1599,FIT-2409-4
VR888968,C105182,VA-AC-CBL,2024-10-22,vireo.in,1,339,CBL-2409-2
VR894883,C108889,VA-EB-AIR,2024-10-22,vireo.in,1,1709,AIR-2408-2
VR898939,C103819,VA-EB-PL1,2024-10-22,Amazon,1,2124,PL1-2409-4
VR900266,C102568,VA-EB-AIR,2024-10-22,vireo.in,1,1709,AIR-2409-4
VR902070,C109484,VA-NB-ARC,2024-10-22,Amazon,1,1299,ARC-2409-1
VR906262,C108117,VA-HP-ST2,2024-10-22,Amazon,1,4499,ST2-2409-2
VR906695,C105222,VA-HP-ST2,2024-10-22,vireo.in,1,4999,ST2-2409-3
VR908314,C109141,VA-SW-NX1,2024-10-22,vireo.in,1,4999,NX1-2409-3
VR909348,C109166,VA-EB-PL1,2024-10-22,vireo.in,1,2249,PL1-2408-3
VR881777,C102663,VA-NB-ARC,2024-10-23,Amazon,1,1104,ARC-2408-2
VR881899,C106077,VA-NB-ARC,2024-10-23,vireo.in,1,1299,ARC-2408-3
VR882535,C102278,VA-EB-AIR,2024-10-23,Flipkart,1,1799,AIR-2407-1
VR883021,C104449,VA-SW-FIT,2024-10-23,Amazon,1,1699,FIT-2409-2
VR883333,C101428,VA-EB-AIR,2024-10-23,Flipkart,1,1799,AIR-2409-1
VR892150,C104953,VA-HP-ST2,2024-10-23,vireo.in,1,4999,ST2-2409-4
VR895764,C100375,VA-HP-ST2,2024-10-23,vireo.in,1,4999,ST2-2409-4
VR896147,C108136,VA-EB-PL1,2024-10-23,vireo.in,1,2499,PL1-2407-4
VR899185,C107176,VA-HP-ST2,2024-10-23,vireo.in,1,3999,ST2-2408-1
VR900368,C100971,VA-EB-AIR,2024-10-23,vireo.in,1,1799,AIR-2409-4
VR901237,C101797,VA-NB-ARC,2024-10-23,vireo.in,1,1299,ARC-2407-4
VR903525,C107170,VA-EB-PL1,2024-10-23,Amazon,1,2124,PL1-2408-4
VR905816,C104803,VA-EB-PL1,2024-10-23,Amazon,2,4998,PL1-2409-2
VR907132,C103023,VA-SP-ORB,2024-10-23,Amazon,1,5699,ORB-2408-1
VR908543,C109150,VA-SW-NX1,2024-10-23,Flipkart,1,4499,NX1-2409-3
VR883034,C108128,VA-HP-ST2,2024-10-24,Flipkart,1,4999,ST2-2410-2
VR885606,C105054,VA-AC-CH65,2024-10-24,vireo.in,1,1199,CH65-2409-4
VR885761,C103255,VA-EB-AIR,2024-10-24,vireo.in,1,1799,AIR-2407-1
VR891998,C108595,VA-EB-PL1,2024-10-24,Flipkart,1,2124,PL1-2409-4
VR892545,C102509,VA-HP-ST2,2024-10-24,Amazon,1,4499,ST2-2409-1
VR895513,C109150,VA-AC-CBL,2024-10-24,Flipkart,1,399,CBL-2408-2
VR898997,C107587,VA-SW-FIT,2024-10-24,vireo.in,1,1599,FIT-2410-4
VR901820,C107906,VA-AC-CBL,2024-10-24,Amazon,1,399,CBL-2407-2
VR904261,C100311,VA-EB-PL1,2024-10-24,vireo.in,2,4498,PL1-2408-1
VR904296,C107830,VA-SP-ORB,2024-10-24,vireo.in,1,5399,ORB-2408-4
VR905081,C100266,VA-EB-AIR,2024-10-24,vireo.in,2,3598,AIR-2408-4
VR905132,C105297,VA-NB-ARC,2024-10-24,vireo.in,1,1299,ARC-2408-1
VR906712,C108425,VA-EB-PL1,2024-10-24,vireo.in,1,2374,PL1-2409-4
VR910129,C105257,VA-SW-FIT,2024-10-24,Amazon,1,1599,FIT-2409-1
VR883699,C101808,VA-EB-PL1,2024-10-25,vireo.in,1,2499,PL1-2409-3
VR888408,C108681,VA-SW-NX1,2024-10-25,Amazon,1,4999,NX1-2409-1
VR890370,C103795,VA-EB-PL1,2024-10-25,vireo.in,1,2499,PL1-2409-1
VR890693,C101325,VA-EB-PL1,2024-10-25,vireo.in,1,2374,PL1-2409-2
VR891919,C102207,VA-HP-ST2,2024-10-25,vireo.in,1,4249,ST2-2408-4
VR892033,C109435,VA-AC-CH65,2024-10-25,vireo.in,1,1349,CH65-2409-2
VR893610,C107818,VA-EB-PL1,2024-10-25,vireo.in,1,2124,PL1-2408-3
VR894332,C100288,VA-SP-ORB,2024-10-25,Amazon,1,4799,ORB-2408-4
VR895907,C103032,VA-EB-PL1,2024-10-25,vireo.in,1,2499,PL1-2407-4
VR895977,C100940,VA-NB-ARC,2024-10-25,Flipkart,1,1169,ARC-2409-3
VR896375,C103083,VA-EB-PL1,2024-10-25,vireo.in,1,2499,PL1-2408-2
VR898721,C109288,VA-EB-PL1,2024-10-25,Amazon,1,2249,PL1-2407-2
VR900054,C106565,VA-SW-FIT,2024-10-25,vireo.in,1,1899,FIT-2407-2
VR900913,C108313,VA-AC-CH65,2024-10-25,vireo.in,1,1499,CH65-2408-2
VR901146,C108010,VA-EB-PL1,2024-10-25,Flipkart,1,1999,PL1-2409-1
VR902547,C109294,VA-EB-AIR,2024-10-25,vireo.in,1,1529,AIR-2409-3
VR904938,C100892,VA-HP-ST2,2024-10-25,vireo.in,1,4749,ST2-2409-2
VR905547,C107106,VA-EB-PL1,2024-10-25,vireo.in,1,2499,PL1-2408-2
VR908608,C106648,VA-EB-PL1,2024-10-25,vireo.in,1,2499,PL1-2408-2
VR881156,C107245,VA-EB-PL1,2024-10-26,vireo.in,1,1999,PL1-2409-4
VR883964,C107136,VA-SW-FIT,2024-10-26,Flipkart,2,3998,FIT-2408-1
VR883989,C105898,VA-EB-PL1,2024-10-26,vireo.in,1,2249,PL1-2408-4
VR884422,C100122,VA-SW-NX1,2024-10-26,Amazon,1,3999,NX1-2408-4
VR884822,C102727,VA-SW-NX1,2024-10-26,Flipkart,1,4999,NX1-2408-4
VR893473,C105746,VA-HP-ST2,2024-10-26,Amazon,1,3999,ST2-2408-3
VR894181,C101958,VA-EB-PL1,2024-10-26,vireo.in,1,2499,PL1-2408-3
VR895331,C108277,VA-SW-FIT,2024-10-26,vireo.in,1,1899,FIT-2408-4
VR897781,C109140,VA-SW-NX1,2024-10-26,Flipkart,1,4499,NX1-2407-2
VR899190,C108364,VA-EB-PL1,2024-10-26,Amazon,1,2124,PL1-2407-2
VR901454,C108265,VA-SP-ORB,2024-10-26,vireo.in,1,5999,ORB-2408-4
VR902756,C104214,VA-SW-NX1,2024-10-26,Amazon,1,4999,NX1-2408-2
VR903744,C103382,VA-EB-AIR,2024-10-26,vireo.in,1,1439,AIR-2408-3
VR907042,C104548,VA-SP-ORB,2024-10-26,vireo.in,1,5099,ORB-2407-1
VR907243,C104803,VA-SP-ORB,2024-10-26,vireo.in,2,10198,ORB-2409-3
VR907575,C108959,VA-SW-FIT,2024-10-26,vireo.in,1,1599,FIT-2409-3
VR880388,C107658,VA-AC-CH65,2024-10-27,vireo.in,1,1499,CH65-2408-3
VR885153,C106126,VA-SW-FIT,2024-10-27,Flipkart,1,1999,FIT-2407-4
VR885418,C104179,VA-HP-ST2,2024-10-27,vireo.in,2,9998,ST2-2407-3
VR885689,C106632,VA-HP-ST2,2024-10-27,Amazon,1,4499,ST2-2408-3
VR886094,C104300,VA-EB-PL1,2024-10-27,vireo.in,1,2249,PL1-2410-1
VR889024,C106220,VA-SW-NX1,2024-10-27,Amazon,1,3999,NX1-2409-4
VR892961,C108649,VA-EB-PL1,2024-10-27,vireo.in,1,2499,PL1-2407-3
VR894330,C100597,VA-EB-PL1,2024-10-27,Flipkart,1,2374,PL1-2408-2
VR895377,C105506,VA-SW-FIT,2024-10-27,vireo.in,1,1899,FIT-2409-1
VR896866,C104512,VA-SW-FIT,2024-10-27,Amazon,1,1999,FIT-2407-2
VR898650,C102499,VA-SP-ORB,2024-10-27,vireo.in,2,11998,ORB-2407-3
VR903197,C101550,VA-SW-NX1,2024-10-27,Amazon,1,4499,NX1-2408-3
VR903228,C105179,VA-SP-ORB,2024-10-27,vireo.in,1,5399,ORB-2409-3
VR903387,C103686,VA-EB-PL1,2024-10-27,vireo.in,1,2374,PL1-2410-4
VR903641,C106118,VA-EB-AIR,2024-10-27,Amazon,1,1439,AIR-2408-3
VR904887,C108875,VA-EB-AIR,2024-10-27,vireo.in,1,1799,AIR-2407-4
VR907721,C104330,VA-SW-FIT,2024-10-27,Flipkart,1,1599,FIT-2409-2
VR909108,C109496,VA-EB-PL1,2024-10-27,vireo.in,2,4248,PL1-2407-4
VR909627,C105880,VA-SW-FIT,2024-10-27,vireo.in,1,1899,FIT-2407-2
VR880797,C107418,VA-EB-PL1,2024-10-28,Flipkart,1,2249,PL1-2408-3
VR884248,C100170,VA-EB-AIR,2024-10-28,Flipkart,1,1799,AIR-2409-3
VR889774,C107771,VA-SW-FIT,2024-10-28,Amazon,2,3198,FIT-2408-4
VR890022,C108762,VA-SW-FIT,2024-10-28,vireo.in,1,1999,FIT-2408-4
VR892534,C102171,VA-EB-PL1,2024-10-28,vireo.in,1,2499,PL1-2409-1
VR893059,C108258,VA-EB-AIR,2024-10-28,Flipkart,1,1709,AIR-2409-3
VR896542,C108922,VA-EB-AIR,2024-10-28,Flipkart,1,1799,AIR-2410-2
VR896620,C106266,VA-SW-FIT,2024-10-28,vireo.in,1,1899,FIT-2409-4
VR899321,C107018,VA-NB-ARC,2024-10-28,vireo.in,1,1299,ARC-2408-2
VR899590,C104175,VA-EB-PL1,2024-10-28,Amazon,1,2374,PL1-2407-3
VR899610,C102147,VA-SW-FIT,2024-10-28,Amazon,1,1799,FIT-2408-3
VR880626,C102881,VA-EB-AIR,2024-10-29,Flipkart,1,1619,AIR-2407-3
VR882272,C107029,VA-SW-FIT,2024-10-29,vireo.in,1,1999,FIT-2409-2
VR884656,C101111,VA-EB-PL1,2024-10-29,Flipkart,1,1999,PL1-2407-1
VR885947,C102994,VA-EB-PL1,2024-10-29,Flipkart,2,4998,PL1-2407-3
VR886871,C106908,VA-NB-ARC,2024-10-29,Amazon,1,1299,ARC-2409-4
VR891224,C107884,VA-HP-ST2,2024-10-29,vireo.in,1,4249,ST2-2407-3
VR892492,C106934,VA-EB-PL1,2024-10-29,vireo.in,2,4248,PL1-2407-3
VR894650,C100747,VA-SW-NX1,2024-10-29,Flipkart,1,4999,NX1-2407-1
VR896845,C107429,VA-EB-AIR,2024-10-29,Flipkart,1,1799,AIR-2409-4
VR900033,C106289,VA-EB-PL1,2024-10-29,vireo.in,1,2249,PL1-2409-4
VR902827,C102895,VA-AC-CH65,2024-10-29,vireo.in,1,1199,CH65-2407-1
VR904256,C109109,VA-SW-FIT,2024-10-29,vireo.in,1,1799,FIT-2409-1
VR905098,C105110,VA-HP-ST2,2024-10-29,vireo.in,1,4999,ST2-2408-3
VR909465,C103331,VA-EB-PL1,2024-10-29,Amazon,1,2499,PL1-2407-1
VR882777,C105615,VA-SW-FIT,2024-10-30,Amazon,1,1899,FIT-2409-1
VR883456,C105102,VA-SW-FIT,2024-10-30,Amazon,1,1699,FIT-2409-3
VR884838,C102313,VA-EB-AIR,2024-10-30,Amazon,1,1619,AIR-2408-1
VR885267,C100990,VA-EB-AIR,2024-10-30,vireo.in,1,1799,AIR-2408-4
VR887448,C100445,VA-EB-AIR,2024-10-30,vireo.in,1,1709,AIR-2409-4
VR893088,C102463,VA-EB-PL1,2024-10-30,vireo.in,1,2499,PL1-2408-3
VR893579,C102761,VA-EB-PL1,2024-10-30,vireo.in,2,4998,PL1-2407-2
VR894329,C107353,VA-EB-PL1,2024-10-30,Flipkart,1,2499,PL1-2410-1
VR901738,C100984,VA-EB-AIR,2024-10-30,vireo.in,2,3598,AIR-2408-4
VR902616,C103845,VA-EB-AIR,2024-10-30,vireo.in,1,1439,AIR-2409-1
VR904112,C102277,VA-SP-ORB,2024-10-30,Amazon,1,5399,ORB-2408-4
VR904359,C101037,VA-HP-ST2,2024-10-30,Amazon,2,7998,ST2-2409-3
VR904635,C101420,VA-EB-PL1,2024-10-30,Flipkart,1,2499,PL1-2407-2
VR881500,C105378,VA-EB-PL1,2024-10-31,vireo.in,1,1999,PL1-2409-4
VR882159,C101131,VA-EB-AIR,2024-10-31,vireo.in,1,1709,AIR-2407-1
VR882979,C104486,VA-EB-PL1,2024-10-31,vireo.in,1,2499,PL1-2408-3
VR883391,C108131,VA-AC-CH65,2024-10-31,vireo.in,1,1499,CH65-2409-4
VR884234,C101702,VA-AC-CH65,2024-10-31,vireo.in,1,1349,CH65-2407-2
VR884276,C109303,VA-EB-PL1,2024-10-31,Amazon,1,2499,PL1-2409-4
VR884970,C106672,VA-EB-PL1,2024-10-31,Amazon,1,2499,PL1-2409-3
VR888752,C104907,VA-SW-FIT,2024-10-31,vireo.in,2,3998,FIT-2407-4
VR890034,C106067,VA-EB-PL1,2024-10-31,vireo.in,1,2249,PL1-2408-2
VR894207,C103534,VA-NB-ARC,2024-10-31,vireo.in,1,1104,ARC-2408-3
VR898224,C104461,VA-EB-AIR,2024-10-31,vireo.in,1,1799,AIR-2410-1
VR900381,C104215,VA-SW-NX1,2024-10-31,Amazon,1,4999,NX1-2409-2
VR903529,C105892,VA-SP-ORB,2024-10-31,vireo.in,2,11998,ORB-2408-4
VR905628,C100159,VA-SW-NX1,2024-10-31,Amazon,1,3999,NX1-2409-1
VR908457,C106307,VA-EB-PL1,2024-10-31,Flipkart,1,2499,PL1-2409-1
VR894801,C104337,VA-EB-AIR,2024-11-01,Flipkart,1,1619,AIR-2408-3
VR896739,C100076,VA-EB-PL1,2024-11-01,Flipkart,1,2374,PL1-2407-3
VR898331,C108345,VA-SW-FIT,2024-11-01,vireo.in,1,1999,FIT-2408-4
VR898546,C102284,VA-SP-ORB,2024-11-01,vireo.in,1,5999,ORB-2407-1
VR904784,C106827,VA-SP-ORB,2024-11-01,Amazon,1,5999,ORB-2409-3
VR906598,C106546,VA-EB-PL1,2024-11-01,vireo.in,1,2499,PL1-2408-3
VR881442,C104958,VA-SP-ORB,2024-11-02,vireo.in,2,10198,ORB-2408-2
VR882237,C108729,VA-EB-AIR,2024-11-02,Amazon,1,1529,AIR-2409-1
VR882755,C107164,VA-HP-ST2,2024-11-02,vireo.in,1,4499,ST2-2409-4
VR883307,C105421,VA-AC-CBL,2024-11-02,vireo.in,1,339,CBL-2409-1
VR886186,C101809,VA-HP-ST2,2024-11-02,vireo.in,1,3999,ST2-2410-2
VR886294,C100177,VA-EB-PL1,2024-11-02,Amazon,1,2499,PL1-2408-3
VR892462,C104475,VA-SP-ORB,2024-11-02,Amazon,1,5099,ORB-2408-1
VR893576,C104368,VA-EB-AIR,2024-11-02,vireo.in,1,1799,AIR-2408-2
VR894295,C105824,VA-SP-ORB,2024-11-02,vireo.in,1,5399,ORB-2408-1
VR898414,C101415,VA-SW-FIT,2024-11-02,Flipkart,2,3998,FIT-2408-3
VR900688,C106098,VA-SW-FIT,2024-11-02,Amazon,2,3998,FIT-2409-1
VR901728,C100034,VA-EB-PL1,2024-11-02,Amazon,1,2499,PL1-2408-4
VR903954,C106782,VA-EB-AIR,2024-11-02,vireo.in,1,1709,AIR-2408-1
VR904675,C109404,VA-SP-ORB,2024-11-02,vireo.in,1,5099,ORB-2408-1
VR906402,C100416,VA-EB-PL1,2024-11-02,vireo.in,1,2124,PL1-2410-1
VR882437,C103386,VA-SW-NX1,2024-11-03,vireo.in,1,4249,NX1-2408-3
VR883614,C100655,VA-EB-AIR,2024-11-03,Amazon,1,1439,AIR-2408-1
VR886126,C102485,VA-EB-AIR,2024-11-03,vireo.in,1,1529,AIR-2407-1
VR887653,C104791,VA-EB-AIR,2024-11-03,vireo.in,1,1799,AIR-2408-3
VR888064,C105899,VA-SW-FIT,2024-11-03,Flipkart,1,1999,FIT-2410-2
VR888523,C100652,VA-EB-PL1,2024-11-03,vireo.in,1,2499,PL1-2409-1
VR897045,C106266,VA-EB-PL1,2024-11-03,vireo.in,1,2124,PL1-2410-1
VR897198,C103845,VA-EB-AIR,2024-11-03,vireo.in,1,1709,AIR-2409-1
VR905077,C102810,VA-AC-CBL,2024-11-03,vireo.in,1,399,CBL-2407-2
VR905455,C105275,VA-EB-PL1,2024-11-03,Flipkart,1,2499,PL1-2407-3
VR909787,C102120,VA-SW-NX1,2024-11-03,vireo.in,1,4999,NX1-2409-1
VR909897,C100845,VA-EB-AIR,2024-11-03,vireo.in,1,1709,AIR-2407-2
VR882812,C101767,VA-EB-AIR,2024-11-04,Amazon,1,1799,AIR-2410-2
VR895095,C108507,VA-EB-PL1,2024-11-04,vireo.in,1,2249,PL1-2409-2
VR895314,C106016,VA-EB-AIR,2024-11-04,Amazon,1,1619,AIR-2410-2
VR905919,C109208,VA-HP-ST2,2024-11-04,vireo.in,1,3999,ST2-2408-4
VR907971,C107868,VA-NB-ARC,2024-11-04,vireo.in,1,1299,ARC-2408-3
VR908104,C101653,VA-SW-NX1,2024-11-04,vireo.in,1,4499,NX1-2409-1
VR909145,C105594,VA-EB-AIR,2024-11-04,Amazon,1,1799,AIR-2408-2
VR882475,C100614,VA-EB-PL1,2024-11-05,vireo.in,1,1999,PL1-2410-4
VR883166,C107464,VA-EB-AIR,2024-11-05,vireo.in,1,1529,AIR-2409-2
VR883298,C100086,VA-EB-PL1,2024-11-05,vireo.in,1,2499,PL1-2410-4
VR884982,C108980,VA-SW-NX1,2024-11-05,Flipkart,2,8998,NX1-2407-2
VR887796,C101673,VA-EB-PL1,2024-11-05,vireo.in,1,2249,PL1-2409-3
VR890137,C104569,VA-NB-ARC,2024-11-05,Flipkart,1,1169,ARC-2408-2
VR890497,C103579,VA-SW-NX1,2024-11-05,vireo.in,1,3999,NX1-2409-1
VR891884,C101285,VA-EB-PL1,2024-11-05,vireo.in,1,1999,PL1-2408-2
VR894629,C108688,VA-SW-FIT,2024-11-05,Flipkart,1,1999,FIT-2408-4
VR895746,C103118,VA-EB-PL1,2024-11-05,vireo.in,1,1999,PL1-2409-2
VR897163,C103332,VA-SW-NX1,2024-11-05,Amazon,1,4999,NX1-2410-4
VR898608,C104514,VA-EB-PL1,2024-11-05,vireo.in,1,2124,PL1-2408-3
VR901632,C104885,VA-HP-ST2,2024-11-05,Flipkart,1,3999,ST2-2409-3
VR902715,C103888,VA-EB-AIR,2024-11-05,Amazon,1,1619,AIR-2409-4
VR909379,C103722,VA-SW-FIT,2024-11-05,vireo.in,1,1999,FIT-2408-3
VR880108,C103586,VA-NB-ARC,2024-11-06,vireo.in,1,1039,ARC-2409-3
VR884238,C106954,VA-EB-AIR,2024-11-06,Amazon,1,1799,AIR-2410-2
VR885219,C104316,VA-HP-ST2,2024-11-06,vireo.in,1,4249,ST2-2408-4
VR885972,C108996,VA-SW-NX1,2024-11-06,Flipkart,1,4999,NX1-2409-2
VR887484,C108556,VA-SW-NX1,2024-11-06,Flipkart,2,8498,NX1-2409-4
VR888684,C108189,VA-EB-AIR,2024-11-06,vireo.in,1,1619,AIR-2407-1
VR888724,C105811,VA-SW-NX1,2024-11-06,vireo.in,1,4999,NX1-2409-2
VR894664,C107030,VA-AC-CH65,2024-11-06,Amazon,1,1349,CH65-2409-1
VR896155,C100776,VA-HP-ST2,2024-11-06,Flipkart,2,8998,ST2-2408-3
VR898920,C100846,VA-HP-ST2,2024-11-06,vireo.in,2,9998,ST2-2410-1
VR898977,C106835,VA-SW-FIT,2024-11-06,vireo.in,1,1999,FIT-2410-4
VR900650,C104540,VA-AC-CH65,2024-11-06,Flipkart,1,1499,CH65-2408-3
VR900858,C107237,VA-EB-AIR,2024-11-06,Flipkart,1,1619,AIR-2409-1
VR903469,C102960,VA-EB-PL1,2024-11-06,vireo.in,1,2499,PL1-2408-4
VR905159,C107297,VA-EB-PL1,2024-11-06,vireo.in,1,2374,PL1-2407-1
VR905773,C107065,VA-SW-NX1,2024-11-06,vireo.in,1,4249,NX1-2409-2
VR907185,C100104,VA-SW-NX1,2024-11-06,vireo.in,2,9498,NX1-2408-1
VR880231,C100821,VA-NB-ARC,2024-11-07,Amazon,1,1299,ARC-2409-4
VR880859,C102455,VA-SW-FIT,2024-11-07,vireo.in,1,1999,FIT-2409-3
VR887060,C105693,VA-EB-PL1,2024-11-07,vireo.in,1,2499,PL1-2409-1
VR889293,C100870,VA-EB-PL1,2024-11-07,vireo.in,1,2374,PL1-2410-1
VR889818,C106949,VA-SW-FIT,2024-11-07,vireo.in,2,3798,FIT-2409-3
VR891717,C100697,VA-EB-PL1,2024-11-07,vireo.in,1,2499,PL1-2409-1
VR892003,C104416,VA-SW-FIT,2024-11-07,vireo.in,1,1599,FIT-2410-2
VR894901,C108690,VA-NB-ARC,2024-11-07,Amazon,1,1169,ARC-2408-4
VR895437,C106614,VA-SP-ORB,2024-11-07,Amazon,1,5999,ORB-2409-2
VR895835,C101723,VA-EB-PL1,2024-11-07,vireo.in,1,2499,PL1-2408-4
VR897024,C103543,VA-SW-FIT,2024-11-07,Flipkart,1,1999,FIT-2409-2
VR897568,C103427,VA-EB-AIR,2024-11-07,vireo.in,1,1799,AIR-2409-3
VR900936,C103758,VA-EB-AIR,2024-11-07,vireo.in,1,1799,AIR-2408-1
VR900937,C105359,VA-EB-PL1,2024-11-07,Amazon,1,2124,PL1-2409-2
VR902239,C105965,VA-EB-PL1,2024-11-07,vireo.in,1,2124,PL1-2410-4
VR903508,C105117,VA-SP-ORB,2024-11-07,Amazon,1,5099,ORB-2408-2
VR907003,C103676,VA-EB-AIR,2024-11-07,vireo.in,1,1439,AIR-2408-3
VR907254,C108842,VA-SP-ORB,2024-11-07,vireo.in,1,5999,ORB-2407-2
VR907507,C107332,VA-EB-AIR,2024-11-07,Flipkart,1,1799,AIR-2409-2
VR908273,C108559,VA-SW-FIT,2024-11-07,vireo.in,1,1899,FIT-2409-4
VR910069,C103155,VA-NB-ARC,2024-11-07,Flipkart,1,1299,ARC-2410-3
VR883771,C101376,VA-EB-PL1,2024-11-08,Amazon,1,2374,PL1-2408-1
VR887234,C107866,VA-EB-PL1,2024-11-08,vireo.in,1,2499,PL1-2408-1
VR887864,C105482,VA-HP-ST2,2024-11-08,vireo.in,1,3999,ST2-2408-1
VR888478,C108361,VA-EB-AIR,2024-11-08,vireo.in,1,1619,AIR-2410-2
VR891192,C100127,VA-EB-PL1,2024-11-08,vireo.in,2,4498,PL1-2410-3
VR892742,C108694,VA-SW-FIT,2024-11-08,vireo.in,1,1999,FIT-2410-1
VR899769,C103989,VA-EB-AIR,2024-11-08,vireo.in,2,3238,AIR-2410-1
VR900477,C100456,VA-SP-ORB,2024-11-08,Flipkart,1,5999,ORB-2409-2
VR900653,C100634,VA-SW-FIT,2024-11-08,Amazon,1,1899,FIT-2409-2
VR901717,C109319,VA-EB-AIR,2024-11-08,Amazon,1,1709,AIR-2408-4
VR903415,C104420,VA-EB-PL1,2024-11-08,Amazon,1,2499,PL1-2409-3
VR905383,C107273,VA-EB-AIR,2024-11-08,vireo.in,1,1619,AIR-2408-1
VR884469,C104121,VA-SW-FIT,2024-11-09,Amazon,1,1799,FIT-2408-4
VR886420,C101274,VA-SW-FIT,2024-11-09,Flipkart,1,1999,FIT-2409-3
VR886483,C107234,VA-SP-ORB,2024-11-09,vireo.in,2,11998,ORB-2408-2
VR886833,C101127,VA-EB-PL1,2024-11-09,vireo.in,1,2374,PL1-2407-4
VR890462,C106264,VA-HP-ST2,2024-11-09,vireo.in,1,3999,ST2-2410-2
VR892181,C105314,VA-EB-PL1,2024-11-09,vireo.in,1,2124,PL1-2409-4
VR893093,C103884,VA-EB-PL1,2024-11-09,Flipkart,1,2249,PL1-2410-4
VR894367,C109044,VA-SP-ORB,2024-11-09,Flipkart,1,5099,ORB-2408-1
VR897649,C103104,VA-EB-AIR,2024-11-09,vireo.in,1,1439,AIR-2410-3
VR900691,C102682,VA-AC-CH65,2024-11-09,Flipkart,1,1199,CH65-2410-4
VR901958,C107950,VA-EB-AIR,2024-11-09,Amazon,1,1709,AIR-2409-2
VR904721,C101674,VA-SP-ORB,2024-11-09,Amazon,1,4799,ORB-2409-3
VR904946,C101183,VA-EB-PL1,2024-11-09,vireo.in,1,2249,PL1-2408-1
VR905756,C102880,VA-EB-PL1,2024-11-09,vireo.in,1,2374,PL1-2410-4
VR908758,C102184,VA-EB-AIR,2024-11-09,Amazon,1,1439,AIR-2408-2
VR880136,C101943,VA-SP-ORB,2024-11-10,vireo.in,1,5999,ORB-2409-3
VR880531,C109450,VA-SP-ORB,2024-11-10,vireo.in,1,5999,ORB-2408-4
VR880948,C102220,VA-EB-AIR,2024-11-10,Amazon,2,3598,AIR-2409-4
VR882305,C106792,VA-EB-AIR,2024-11-10,Amazon,1,1799,AIR-2408-3
VR890298,C108041,VA-HP-ST2,2024-11-10,vireo.in,1,4499,ST2-2408-1
VR890842,C101590,VA-NB-ARC,2024-11-10,vireo.in,1,1299,ARC-2409-4
VR890961,C104382,VA-EB-PL1,2024-11-10,vireo.in,1,2499,PL1-2408-4
VR891151,C105714,VA-EB-PL1,2024-11-10,Amazon,1,2499,PL1-2409-3
VR894022,C102300,VA-EB-PL1,2024-11-10,vireo.in,1,2374,PL1-2409-1
VR897876,C100818,VA-EB-AIR,2024-11-10,Amazon,1,1529,AIR-2410-1
VR898335,C106327,VA-HP-ST2,2024-11-10,vireo.in,1,4999,ST2-2409-2
VR900399,C103897,VA-EB-PL1,2024-11-10,Amazon,2,4998,PL1-2409-3
VR901375,C106292,VA-EB-AIR,2024-11-10,vireo.in,1,1799,AIR-2410-3
VR901752,C101788,VA-SP-ORB,2024-11-10,vireo.in,1,5699,ORB-2408-2
VR904855,C103586,VA-EB-PL1,2024-11-10,Flipkart,1,2499,PL1-2410-3
VR907134,C108807,VA-EB-AIR,2024-11-10,Flipkart,1,1439,AIR-2408-4
VR883113,C101796,VA-EB-PL1,2024-11-11,Amazon,1,2499,PL1-2408-4
VR883353,C109343,VA-SW-NX1,2024-11-11,Flipkart,1,4999,NX1-2410-4
VR890874,C103533,VA-NB-ARC,2024-11-11,vireo.in,1,1299,ARC-2409-2
VR894159,C108042,VA-SW-FIT,2024-11-11,vireo.in,1,1999,FIT-2408-4
VR894333,C104557,VA-SP-ORB,2024-11-11,vireo.in,1,5399,ORB-2410-1
VR894428,C102712,VA-SW-NX1,2024-11-11,vireo.in,1,4999,NX1-2409-1
VR895370,C108827,VA-EB-PL1,2024-11-11,vireo.in,1,2499,PL1-2409-1
VR896582,C100353,VA-EB-AIR,2024-11-11,Amazon,1,1709,AIR-2408-2
VR897416,C105191,VA-SW-NX1,2024-11-11,vireo.in,1,4999,NX1-2410-1
VR898530,C108685,VA-EB-AIR,2024-11-11,vireo.in,1,1709,AIR-2408-3
VR901101,C101175,VA-EB-AIR,2024-11-11,Amazon,1,1619,AIR-2408-4
VR902203,C104428,VA-EB-AIR,2024-11-11,vireo.in,1,1619,AIR-2407-1
VR906711,C108365,VA-EB-AIR,2024-11-11,vireo.in,1,1439,AIR-2410-3
VR907644,C106672,VA-SW-FIT,2024-11-11,Amazon,1,1699,FIT-2410-1
VR881720,C106148,VA-HP-ST2,2024-11-12,Flipkart,1,4249,ST2-2410-1
VR884313,C107991,VA-SW-FIT,2024-11-12,vireo.in,1,1599,FIT-2409-4
VR885927,C107935,VA-AC-CBL,2024-11-12,vireo.in,1,399,CBL-2408-3
VR886051,C106907,VA-SW-FIT,2024-11-12,vireo.in,2,3798,FIT-2410-3
VR890900,C105806,VA-SP-ORB,2024-11-12,Amazon,1,5999,ORB-2410-1
VR891619,C107554,VA-EB-PL1,2024-11-12,vireo.in,1,2499,PL1-2410-3
VR891890,C101511,VA-EB-PL1,2024-11-12,vireo.in,1,2499,PL1-2410-3
VR896497,C108288,VA-EB-PL1,2024-11-12,Amazon,1,2249,PL1-2408-4
VR898191,C104451,VA-EB-PL1,2024-11-12,vireo.in,1,2499,PL1-2408-1
VR899666,C107882,VA-EB-PL1,2024-11-12,Amazon,1,2499,PL1-2409-3
VR900602,C102836,VA-AC-CBL,2024-11-12,Amazon,1,399,CBL-2408-3
VR902010,C104551,VA-AC-CBL,2024-11-12,Amazon,1,359,CBL-2408-4
VR903674,C106090,VA-EB-PL1,2024-11-12,vireo.in,2,4998,PL1-2408-1
VR908451,C105851,VA-EB-AIR,2024-11-12,vireo.in,2,3598,AIR-2408-1
VR883255,C101507,VA-SP-ORB,2024-11-13,vireo.in,1,5399,ORB-2407-1
VR889491,C103730,VA-SW-NX1,2024-11-13,vireo.in,1,4249,NX1-2409-2
VR890455,C101943,VA-EB-AIR,2024-11-13,vireo.in,1,1619,AIR-2409-1
VR890644,C101903,VA-SW-FIT,2024-11-13,Amazon,1,1699,FIT-2408-1
VR893884,C104266,VA-EB-PL1,2024-11-13,vireo.in,1,2124,PL1-2409-3
VR894460,C103181,VA-EB-PL1,2024-11-13,vireo.in,1,2124,PL1-2408-2
VR896570,C107016,VA-EB-PL1,2024-11-13,Amazon,1,2124,PL1-2409-4
VR899560,C102247,VA-SP-ORB,2024-11-13,vireo.in,1,5999,ORB-2409-4
VR907848,C108245,VA-SP-ORB,2024-11-13,vireo.in,1,5999,ORB-2408-4
VR908664,C101928,VA-SW-FIT,2024-11-13,Amazon,1,1799,FIT-2408-4
VR909319,C103416,VA-SW-FIT,2024-11-13,Amazon,1,1999,FIT-2409-1
VR880053,C106902,VA-HP-ST2,2024-11-14,vireo.in,2,9998,ST2-2407-3
VR880683,C104552,VA-EB-PL1,2024-11-14,vireo.in,2,4998,PL1-2410-2
VR880951,C106678,VA-SP-ORB,2024-11-14,Amazon,1,5399,ORB-2410-2
VR881692,C102031,VA-AC-CBL,2024-11-14,vireo.in,1,339,CBL-2410-3
VR882333,C103552,VA-SW-FIT,2024-11-14,vireo.in,1,1999,FIT-2409-1
VR884419,C107567,VA-EB-AIR,2024-11-14,vireo.in,1,1799,AIR-2410-4
VR886323,C100909,VA-EB-PL1,2024-11-14,vireo.in,1,2124,PL1-2408-3
VR890050,C106309,VA-EB-AIR,2024-11-14,vireo.in,1,1529,AIR-2409-4
VR892209,C109370,VA-EB-AIR,2024-11-14,vireo.in,1,1619,AIR-2409-3
VR896212,C101608,VA-SW-FIT,2024-11-14,vireo.in,1,1799,FIT-2408-3
VR896862,C106647,VA-EB-PL1,2024-11-14,Amazon,1,2249,PL1-2410-3
VR901732,C107902,VA-HP-ST2,2024-11-14,vireo.in,1,4999,ST2-2410-2
VR904160,C106997,VA-NB-ARC,2024-11-14,Amazon,1,1299,ARC-2410-1
VR904379,C108202,VA-EB-PL1,2024-11-14,vireo.in,1,1999,PL1-2410-4
VR904927,C108147,VA-EB-AIR,2024-11-14,Amazon,1,1439,AIR-2409-1
VR905353,C106062,VA-HP-ST2,2024-11-14,vireo.in,1,4999,ST2-2410-4
VR906758,C103908,VA-SW-FIT,2024-11-14,vireo.in,1,1999,FIT-2408-4
VR909822,C103045,VA-EB-PL1,2024-11-14,vireo.in,1,2499,PL1-2408-4
VR882972,C105204,VA-EB-AIR,2024-11-15,Flipkart,1,1709,AIR-2409-3
VR883227,C101881,VA-SP-ORB,2024-11-15,Amazon,1,5399,ORB-2410-3
VR883478,C106365,VA-SW-FIT,2024-11-15,Amazon,1,1999,FIT-2408-4
VR885910,C103749,VA-SP-ORB,2024-11-15,vireo.in,1,5999,ORB-2410-3
VR886225,C106224,VA-EB-PL1,2024-11-15,vireo.in,1,2374,PL1-2408-1
VR886627,C101756,VA-EB-PL1,2024-11-15,vireo.in,1,2249,PL1-2410-1
VR886883,C102386,VA-SW-FIT,2024-11-15,Amazon,1,1999,FIT-2410-2
VR887066,C102666,VA-EB-PL1,2024-11-15,vireo.in,1,2249,PL1-2408-1
VR890944,C100376,VA-SW-FIT,2024-11-15,vireo.in,1,1799,FIT-2410-3
VR892616,C107531,VA-HP-ST2,2024-11-15,Amazon,1,4749,ST2-2410-3
VR895635,C108413,VA-AC-CH65,2024-11-15,vireo.in,1,1499,CH65-2409-2
VR895640,C102914,VA-AC-CH65,2024-11-15,Flipkart,1,1499,CH65-2408-3
VR896356,C104426,VA-HP-ST2,2024-11-15,Flipkart,1,4249,ST2-2410-3
VR897026,C106286,VA-EB-AIR,2024-11-15,vireo.in,1,1619,AIR-2410-2
VR901805,C101006,VA-SP-ORB,2024-11-15,Flipkart,1,5399,ORB-2408-3
VR902718,C107806,VA-SP-ORB,2024-11-15,Amazon,1,5999,ORB-2410-2
VR907849,C104357,VA-EB-PL1,2024-11-15,vireo.in,1,2124,PL1-2410-1
VR909184,C104715,VA-EB-AIR,2024-11-15,Flipkart,1,1799,AIR-2409-1
VR880072,C105613,VA-EB-PL1,2024-11-16,Flipkart,1,2499,PL1-2408-2
VR883195,C108947,VA-SP-ORB,2024-11-16,Amazon,1,4799,ORB-2410-2
VR885131,C103731,VA-EB-PL1,2024-11-16,vireo.in,1,2249,PL1-2407-2
VR891359,C103696,VA-EB-PL1,2024-11-16,Flipkart,1,2124,PL1-2409-1
VR892018,C104820,VA-EB-PL1,2024-11-16,Amazon,1,2499,PL1-2409-3
VR898049,C107473,VA-SW-NX1,2024-11-16,Amazon,1,4999,NX1-2408-1
VR898442,C102510,VA-EB-AIR,2024-11-16,vireo.in,1,1799,AIR-2410-2
VR902087,C106409,VA-EB-AIR,2024-11-16,Flipkart,1,1709,AIR-2409-2
VR902816,C103700,VA-SP-ORB,2024-11-16,vireo.in,1,5999,ORB-2410-1
VR881523,C101004,VA-EB-AIR,2024-11-17,vireo.in,1,1439,AIR-2409-2
VR888168,C102356,VA-EB-PL1,2024-11-17,Amazon,1,2499,PL1-2410-4
VR892291,C106669,VA-AC-CH65,2024-11-17,vireo.in,1,1499,CH65-2410-1
VR892423,C101656,VA-EB-AIR,2024-11-17,Amazon,1,1439,AIR-2410-4
VR902491,C101192,VA-EB-PL1,2024-11-17,vireo.in,1,2499,PL1-2410-3
VR907178,C108036,VA-EB-PL1,2024-11-17,Amazon,1,2499,PL1-2408-4
VR907597,C109080,VA-EB-AIR,2024-11-17,vireo.in,1,1529,AIR-2410-2
VR908699,C106649,VA-NB-ARC,2024-11-17,Amazon,1,1039,ARC-2410-4
VR909104,C102635,VA-EB-AIR,2024-11-17,vireo.in,1,1799,AIR-2409-2
VR909992,C102245,VA-EB-PL1,2024-11-17,vireo.in,1,2374,PL1-2409-2
VR881984,C109285,VA-EB-AIR,2024-11-18,vireo.in,1,1799,AIR-2409-3
VR884744,C104102,VA-EB-AIR,2024-11-18,Amazon,1,1799,AIR-2410-3
VR885567,C100795,VA-SW-FIT,2024-11-18,Amazon,1,1999,FIT-2410-4
VR886661,C107687,VA-EB-AIR,2024-11-18,vireo.in,1,1799,AIR-2408-4
VR886701,C101497,VA-EB-AIR,2024-11-18,Flipkart,1,1529,AIR-2408-2
VR888076,C106620,VA-EB-AIR,2024-11-18,vireo.in,1,1799,AIR-2408-3
VR891195,C103390,VA-AC-CBL,2024-11-18,Amazon,1,399,CBL-2409-4
VR891276,C100532,VA-NB-ARC,2024-11-18,vireo.in,1,1169,ARC-2410-2
VR891513,C103924,VA-EB-PL1,2024-11-18,vireo.in,1,2374,PL1-2408-3
VR895879,C106910,VA-SW-FIT,2024-11-18,Amazon,1,1699,FIT-2409-3
VR898203,C101701,VA-EB-PL1,2024-11-18,Flipkart,1,2499,PL1-2410-2
VR899917,C101469,VA-SP-ORB,2024-11-18,vireo.in,1,5999,ORB-2409-2
VR901599,C108260,VA-AC-CH65,2024-11-18,Amazon,1,1274,CH65-2409-3
VR906604,C101434,VA-EB-AIR,2024-11-18,vireo.in,1,1799,AIR-2410-1
VR909182,C108103,VA-EB-AIR,2024-11-18,vireo.in,1,1439,AIR-2410-3
VR880637,C108741,VA-AC-CH65,2024-11-19,Amazon,1,1349,CH65-2409-3
VR881346,C108282,VA-SW-FIT,2024-11-19,vireo.in,2,3998,FIT-2409-3
VR881893,C103505,VA-EB-PL1,2024-11-19,Amazon,1,1999,PL1-2408-1
VR882785,C106029,VA-EB-PL1,2024-11-19,vireo.in,1,2499,PL1-2410-4
VR883500,C106329,VA-HP-ST2,2024-11-19,Amazon,1,3999,ST2-2409-3
VR888941,C100700,VA-EB-PL1,2024-11-19,vireo.in,1,2499,PL1-2408-1
VR891731,C106069,VA-SW-FIT,2024-11-19,vireo.in,1,1999,FIT-2410-3
VR893968,C108617,VA-SW-NX1,2024-11-19,vireo.in,1,4999,NX1-2408-4
VR894273,C101947,VA-EB-AIR,2024-11-19,vireo.in,1,1709,AIR-2409-3
VR895856,C105962,VA-SW-NX1,2024-11-19,vireo.in,1,4999,NX1-2409-4
VR896804,C100584,VA-EB-AIR,2024-11-19,Amazon,2,3598,AIR-2410-4
VR897562,C100173,VA-HP-ST2,2024-11-19,Amazon,1,4499,ST2-2409-2
VR900407,C101965,VA-EB-AIR,2024-11-19,vireo.in,1,1799,AIR-2410-4
VR905313,C108665,VA-EB-PL1,2024-11-19,vireo.in,1,2499,PL1-2410-3
VR908112,C106902,VA-SW-NX1,2024-11-19,vireo.in,2,9998,NX1-2409-3
VR881608,C101375,VA-EB-PL1,2024-11-20,vireo.in,1,2374,PL1-2410-1
VR882097,C106485,VA-EB-PL1,2024-11-20,vireo.in,1,2374,PL1-2408-3
VR885406,C108417,VA-EB-PL1,2024-11-20,vireo.in,1,2124,PL1-2409-4
VR888264,C108591,VA-HP-ST3,2024-11-20,Flipkart,1,6999,ST3-2409-1
VR888527,C104544,VA-HP-ST3,2024-11-20,Flipkart,1,5599,ST3-2409-1
VR890513,C107872,VA-NB-ARC,2024-11-20,vireo.in,1,1234,ARC-2409-2
VR895012,C108524,VA-SP-ORB,2024-11-20,Amazon,1,5399,ORB-2408-1
VR897799,C101999,VA-SP-ORB,2024-11-20,Amazon,1,4799,ORB-2409-3
VR899990,C107455,VA-EB-AIR,2024-11-20,Amazon,1,1619,AIR-2408-2
VR901166,C103301,VA-EB-PL1,2024-11-20,vireo.in,1,1999,PL1-2409-2
VR901795,C106054,VA-EB-PL1,2024-11-20,vireo.in,1,1999,PL1-2410-4
VR903480,C104052,VA-HP-ST3,2024-11-20,vireo.in,1,6999,ST3-2409-4
VR903698,C101307,VA-SW-FIT,2024-11-20,Amazon,1,1999,FIT-2409-3
VR904895,C106975,VA-EB-AIR,2024-11-20,Amazon,1,1799,AIR-2408-2
VR905225,C107072,VA-EB-AIR,2024-11-20,Amazon,1,1529,AIR-2410-1
VR906264,C103401,VA-HP-ST2,2024-11-20,Flipkart,1,4249,ST2-2410-4
VR906809,C105775,VA-NB-ARC,2024-11-20,Amazon,1,1299,ARC-2410-2
VR909840,C100044,VA-HP-ST3,2024-11-20,vireo.in,1,5599,ST3-2408-3
VR881062,C107320,VA-EB-AIR,2024-11-21,Amazon,1,1439,AIR-2409-3
VR882156,C106406,VA-AC-CH65,2024-11-21,vireo.in,1,1499,CH65-2408-2
VR883714,C100925,VA-SW-FIT,2024-11-21,vireo.in,1,1999,FIT-2410-4
VR884132,C105625,VA-HP-ST3,2024-11-21,vireo.in,1,6649,ST3-2409-3
VR885067,C105090,VA-EB-AIR,2024-11-21,Flipkart,1,1529,AIR-2408-1
VR888904,C105475,VA-EB-PL1,2024-11-21,Amazon,1,2374,PL1-2410-2
VR890423,C100407,VA-HP-ST2,2024-11-21,vireo.in,1,4749,ST2-2408-1
VR892421,C106603,VA-EB-PL1,2024-11-21,Flipkart,1,2499,PL1-2409-4
VR893288,C102051,VA-SP-ORB,2024-11-21,Amazon,1,5099,ORB-2408-2
VR894260,C100438,VA-EB-PL1,2024-11-21,vireo.in,1,2124,PL1-2410-3
VR894857,C101251,VA-EB-PL1,2024-11-21,Amazon,1,2249,PL1-2409-1
VR899630,C104112,VA-EB-PL1,2024-11-21,vireo.in,1,2124,PL1-2410-3
VR904551,C104168,VA-HP-ST3,2024-11-21,vireo.in,1,5599,ST3-2409-3
VR906915,C102062,VA-HP-ST3,2024-11-21,vireo.in,1,6299,ST3-2410-4
VR907128,C102116,VA-EB-PL1,2024-11-21,vireo.in,1,1999,PL1-2408-1
VR907289,C105225,VA-SP-ORB,2024-11-21,Amazon,1,5999,ORB-2408-1
VR907952,C103896,VA-NB-ARC,2024-11-21,vireo.in,1,1039,ARC-2409-2
VR909960,C106828,VA-EB-AIR,2024-11-21,vireo.in,2,3598,AIR-2409-3
VR881247,C107244,VA-EB-AIR,2024-11-22,vireo.in,1,1799,AIR-2408-1
VR881479,C105568,VA-HP-ST3,2024-11-22,vireo.in,1,6999,ST3-2410-3
VR882295,C102475,VA-HP-ST3,2024-11-22,vireo.in,1,6649,ST3-2410-2
VR885115,C100920,VA-NB-ARC,2024-11-22,Amazon,1,1104,ARC-2409-1
VR888715,C102413,VA-HP-ST2,2024-11-22,vireo.in,1,4249,ST2-2409-4
VR896037,C108148,VA-EB-PL1,2024-11-22,Flipkart,1,1999,PL1-2410-4
VR896082,C100324,VA-EB-AIR,2024-11-22,vireo.in,1,1439,AIR-2409-2
VR898255,C105039,VA-HP-ST3,2024-11-22,vireo.in,2,13298,ST3-2411-3
VR901934,C107059,VA-HP-ST3,2024-11-22,vireo.in,1,5949,ST3-2409-3
VR909910,C106003,VA-SP-ORB,2024-11-22,vireo.in,1,5999,ORB-2410-3
VR883106,C105368,VA-SW-NX1,2024-11-23,vireo.in,1,4499,NX1-2410-4
VR884138,C100823,VA-EB-PL1,2024-11-23,Flipkart,1,2499,PL1-2409-1
VR884193,C108504,VA-AC-CBL,2024-11-23,Flipkart,1,359,CBL-2409-4
VR888885,C103662,VA-SP-ORB,2024-11-23,Flipkart,1,5999,ORB-2409-1
VR892703,C106801,VA-NB-ARC,2024-11-23,Flipkart,1,1039,ARC-2409-4
VR901534,C104468,VA-EB-AIR,2024-11-23,Flipkart,1,1439,AIR-2409-2
VR901648,C107940,VA-HP-ST3,2024-11-23,vireo.in,1,6999,ST3-2408-1
VR901720,C106310,VA-EB-PL1,2024-11-23,vireo.in,1,2124,PL1-2410-1
VR901854,C101784,VA-SW-FIT,2024-11-23,vireo.in,1,1999,FIT-2410-4
VR903661,C102213,VA-EB-PL1,2024-11-23,vireo.in,1,1999,PL1-2410-3
VR904262,C103046,VA-EB-PL1,2024-11-23,Amazon,1,2499,PL1-2411-2
VR906475,C108344,VA-EB-AIR,2024-11-23,vireo.in,1,1439,AIR-2408-2
VR880412,C103499,VA-AC-CH65,2024-11-24,vireo.in,1,1499,CH65-2408-1
VR880590,C106091,VA-HP-ST3,2024-11-24,vireo.in,1,6299,ST3-2409-4
VR886521,C106196,VA-HP-ST2,2024-11-24,vireo.in,1,4999,ST2-2408-4
VR888134,C107492,VA-EB-AIR,2024-11-24,Flipkart,2,3058,AIR-2408-4
VR889720,C106824,VA-EB-PL1,2024-11-24,Amazon,1,2249,PL1-2408-4
VR890077,C109289,VA-HP-ST2,2024-11-24,vireo.in,2,9498,ST2-2409-3
VR895315,C108053,VA-HP-ST3,2024-11-24,Amazon,1,6299,ST3-2409-4
VR898725,C101706,VA-SP-ORB,2024-11-24,vireo.in,1,5099,ORB-2408-4
VR901710,C103221,VA-EB-AIR,2024-11-24,vireo.in,1,1439,AIR-2410-2
VR907611,C102032,VA-EB-AIR,2024-11-24,Amazon,1,1799,AIR-2409-2
VR909512,C100276,VA-HP-ST3,2024-11-24,vireo.in,1,6299,ST3-2410-1
VR880263,C108938,VA-SW-FIT,2024-11-25,vireo.in,1,1799,FIT-2410-1
VR880396,C100843,VA-EB-PL1,2024-11-25,vireo.in,1,1999,PL1-2410-3
VR881081,C103702,VA-EB-PL1,2024-11-25,Flipkart,2,4748,PL1-2410-1
VR882925,C105759,VA-EB-AIR,2024-11-25,Flipkart,1,1709,AIR-2411-3
VR883759,C107741,VA-SW-FIT,2024-11-25,Amazon,1,1999,FIT-2410-4
VR884736,C107886,VA-SW-FIT,2024-11-25,vireo.in,1,1799,FIT-2408-2
VR886140,C100673,VA-EB-AIR,2024-11-25,vireo.in,1,1799,AIR-2409-4
VR886303,C100240,VA-HP-ST3,2024-11-25,vireo.in,1,6999,ST3-2408-4
VR890035,C101776,VA-EB-PL1,2024-11-25,vireo.in,2,4998,PL1-2410-2
VR890489,C103471,VA-NB-ARC,2024-11-25,vireo.in,1,1299,ARC-2410-1
VR892248,C100253,VA-SW-NX1,2024-11-25,Amazon,1,3999,NX1-2410-4
VR893278,C108108,VA-NB-ARC,2024-11-25,Flipkart,1,1169,ARC-2409-1
VR895287,C105631,VA-SP-ORB,2024-11-25,vireo.in,1,4799,ORB-2410-3
VR896112,C107048,VA-HP-ST2,2024-11-25,vireo.in,1,4999,ST2-2409-4
VR898461,C105740,VA-EB-PL1,2024-11-25,Amazon,1,1999,PL1-2410-3
VR906796,C105468,VA-EB-AIR,2024-11-25,Amazon,1,1799,AIR-2408-4
VR909202,C107489,VA-EB-PL1,2024-11-25,Flipkart,1,2499,PL1-2409-2
VR883320,C100730,VA-EB-AIR,2024-11-26,Amazon,2,2878,AIR-2410-3
VR884566,C104893,VA-SW-FIT,2024-11-26,vireo.in,1,1699,FIT-2410-3
VR887880,C102917,VA-EB-AIR,2024-11-26,Flipkart,1,1709,AIR-2409-4
VR891929,C108730,VA-EB-AIR,2024-11-26,Amazon,1,1799,AIR-2408-2
VR892524,C106836,VA-SP-ORB,2024-11-26,vireo.in,1,5999,ORB-2410-1
VR892808,C103788,VA-HP-ST3,2024-11-26,Flipkart,1,5599,ST3-2410-2
VR896987,C100886,VA-HP-ST3,2024-11-26,Amazon,1,6999,ST3-2409-2
VR900512,C108222,VA-SW-FIT,2024-11-26,vireo.in,1,1699,FIT-2408-2
VR901404,C106677,VA-HP-ST2,2024-11-26,vireo.in,1,4999,ST2-2410-2
VR901822,C104635,VA-HP-ST3,2024-11-26,Flipkart,1,6999,ST3-2408-4
VR904846,C109415,VA-SW-NX1,2024-11-26,vireo.in,1,4749,NX1-2410-3
VR881084,C108213,VA-HP-ST2,2024-11-27,Flipkart,1,4999,ST2-2408-1
VR881605,C101735,VA-AC-CBL,2024-11-27,Amazon,1,399,CBL-2410-3
VR881942,C105666,VA-EB-PL1,2024-11-27,vireo.in,1,2499,PL1-2409-1
VR884446,C103128,VA-SP-ORB,2024-11-27,vireo.in,1,5999,ORB-2411-4
VR884894,C102298,VA-HP-ST3,2024-11-27,vireo.in,1,6999,ST3-2409-4
VR885679,C100235,VA-EB-PL1,2024-11-27,vireo.in,1,2249,PL1-2410-4
VR887109,C103194,VA-EB-AIR,2024-11-27,vireo.in,1,1439,AIR-2409-2
VR888468,C101335,VA-SW-NX1,2024-11-27,vireo.in,1,4999,NX1-2411-1
VR894658,C101059,VA-SP-ORB,2024-11-27,Amazon,1,5999,ORB-2410-1
VR897000,C102861,VA-HP-ST2,2024-11-27,vireo.in,1,4499,ST2-2409-2
VR898043,C100801,VA-EB-PL1,2024-11-27,Amazon,1,2499,PL1-2411-3
VR899532,C107937,VA-HP-ST3,2024-11-27,Flipkart,1,5599,ST3-2408-4
VR902115,C104642,VA-EB-AIR,2024-11-27,vireo.in,1,1709,AIR-2410-4
VR903982,C104804,VA-SW-NX1,2024-11-27,vireo.in,1,4749,NX1-2410-3
VR904136,C108262,VA-EB-PL1,2024-11-27,Amazon,1,2249,PL1-2408-3
VR908449,C101302,VA-EB-PL1,2024-11-27,vireo.in,1,1999,PL1-2409-3
VR909127,C104197,VA-SP-ORB,2024-11-27,Amazon,1,4799,ORB-2409-4
VR909413,C102267,VA-HP-ST2,2024-11-27,vireo.in,1,4249,ST2-2410-1
VR909862,C105806,VA-SP-ORB,2024-11-27,Amazon,1,5099,ORB-2410-3
VR886646,C107737,VA-AC-CBL,2024-11-28,Amazon,1,399,CBL-2410-2
VR886864,C108067,VA-EB-AIR,2024-11-28,vireo.in,1,1529,AIR-2410-1
VR889880,C102756,VA-EB-PL1,2024-11-28,Amazon,1,1999,PL1-2408-2
VR890516,C106095,VA-SW-FIT,2024-11-28,Flipkart,1,1699,FIT-2409-4
VR890735,C103817,VA-HP-ST2,2024-11-28,Amazon,1,4999,ST2-2410-2
VR893139,C101010,VA-EB-PL1,2024-11-28,Amazon,1,1999,PL1-2408-1
VR895475,C106649,VA-HP-ST2,2024-11-28,vireo.in,1,4249,ST2-2410-3
VR895891,C102208,VA-EB-AIR,2024-11-28,Amazon,1,1799,AIR-2411-3
VR897229,C100999,VA-EB-AIR,2024-11-28,vireo.in,1,1529,AIR-2409-3
VR897283,C101199,VA-HP-ST2,2024-11-28,vireo.in,1,4999,ST2-2408-1
VR898109,C101181,VA-EB-PL1,2024-11-28,vireo.in,1,2249,PL1-2411-1
VR898479,C104794,VA-SW-NX1,2024-11-28,vireo.in,1,4999,NX1-2410-4
VR898770,C108570,VA-HP-ST2,2024-11-28,Amazon,1,4249,ST2-2410-2
VR899072,C102316,VA-EB-AIR,2024-11-28,Amazon,1,1799,AIR-2410-4
VR904767,C100531,VA-EB-PL1,2024-11-28,vireo.in,1,2374,PL1-2410-2
VR905726,C105862,VA-SW-NX1,2024-11-28,Flipkart,1,4749,NX1-2408-3
VR906783,C100215,VA-EB-AIR,2024-11-28,Flipkart,1,1619,AIR-2410-3
VR908958,C105214,VA-EB-AIR,2024-11-28,vireo.in,1,1529,AIR-2410-4
VR881888,C100892,VA-EB-AIR,2024-11-29,vireo.in,1,1799,AIR-2410-1
VR882600,C100638,VA-EB-AIR,2024-11-29,Amazon,1,1439,AIR-2408-4
VR883285,C105996,VA-HP-ST3,2024-11-29,Flipkart,1,6299,ST3-2409-2
VR893935,C101298,VA-EB-PL1,2024-11-29,vireo.in,1,2249,PL1-2408-1
VR894554,C104300,VA-SW-FIT,2024-11-29,vireo.in,1,1799,FIT-2410-3
VR896720,C108294,VA-EB-AIR,2024-11-29,Amazon,1,1799,AIR-2410-1
VR899695,C107075,VA-SP-ORB,2024-11-29,vireo.in,1,5699,ORB-2409-2
VR900557,C108860,VA-NB-ARC,2024-11-29,vireo.in,1,1299,ARC-2409-1
VR902265,C106416,VA-HP-ST3,2024-11-29,vireo.in,1,6299,ST3-2408-4
VR903609,C106673,VA-SP-ORB,2024-11-29,vireo.in,1,5999,ORB-2411-2
VR908503,C100903,VA-HP-ST3,2024-11-29,vireo.in,1,6999,ST3-2409-1
VR908724,C105023,VA-HP-ST3,2024-11-29,vireo.in,1,6299,ST3-2410-2
VR881116,C100966,VA-EB-PL1,2024-11-30,vireo.in,2,4498,PL1-2408-3
VR882841,C103518,VA-SW-NX1,2024-11-30,vireo.in,1,4499,NX1-2409-2
VR883072,C101534,VA-HP-ST2,2024-11-30,Amazon,1,3999,ST2-2411-3
VR884764,C103492,VA-EB-AIR,2024-11-30,vireo.in,2,3238,AIR-2409-2
VR885632,C103333,VA-EB-PL1,2024-11-30,vireo.in,1,2499,PL1-2408-1
VR887138,C106180,VA-SW-FIT,2024-11-30,Amazon,1,1799,FIT-2410-1
VR889406,C104945,VA-SW-NX1,2024-11-30,vireo.in,1,4999,NX1-2409-3
VR891854,C101747,VA-HP-ST3,2024-11-30,vireo.in,1,5949,ST3-2408-4
VR892822,C100377,VA-EB-AIR,2024-11-30,vireo.in,1,1799,AIR-2409-4
VR897555,C104181,VA-HP-ST3,2024-11-30,vireo.in,1,6999,ST3-2411-4
VR900036,C108308,VA-EB-AIR,2024-11-30,vireo.in,1,1439,AIR-2409-1
VR900056,C109456,VA-SP-ORB,2024-11-30,Flipkart,1,5999,ORB-2410-4
VR903337,C100251,VA-HP-ST3,2024-11-30,vireo.in,1,6999,ST3-2409-2
VR904238,C107573,VA-EB-PL1,2024-11-30,vireo.in,1,2499,PL1-2410-1
VR904699,C105184,VA-AC-CBL,2024-11-30,vireo.in,1,359,CBL-2408-3
VR905436,C101909,VA-EB-AIR,2024-11-30,vireo.in,1,1799,AIR-2409-3
VR906078,C106313,VA-NB-ARC,2024-11-30,Amazon,1,1104,ARC-2408-2
VR907118,C100604,VA-HP-ST2,2024-11-30,Amazon,1,4999,ST2-2410-1
VR907305,C108680,VA-SW-FIT,2024-11-30,Amazon,1,1599,FIT-2408-4
VR908680,C103561,VA-EB-AIR,2024-11-30,vireo.in,2,2878,AIR-2408-4
VR881356,C104274,VA-EB-AIR,2024-12-01,Flipkart,1,1799,AIR-2409-1
VR881877,C103744,VA-EB-AIR,2024-12-01,vireo.in,1,1439,AIR-2410-3
VR882233,C100844,VA-EB-AIR,2024-12-01,Amazon,1,1799,AIR-2408-1
VR882618,C108256,VA-SW-FIT,2024-12-01,vireo.in,1,1999,FIT-2410-2
VR889065,C109478,VA-SP-ORB,2024-12-01,Amazon,1,5399,ORB-2410-4
VR897265,C108009,VA-AC-CBL,2024-12-01,Amazon,1,359,CBL-2409-3
VR900315,C106759,VA-EB-AIR,2024-12-01,Amazon,1,1619,AIR-2409-1
VR901547,C103478,VA-SW-NX1,2024-12-01,Amazon,1,4749,NX1-2410-4
VR903885,C108342,VA-NB-ARC,2024-12-01,Amazon,1,1234,ARC-2410-2
VR904641,C108893,VA-EB-PL1,2024-12-01,Flipkart,1,2499,PL1-2408-3
VR880156,C105135,VA-SW-FIT,2024-12-02,Flipkart,1,1999,FIT-2409-4
VR883952,C105358,VA-SW-NX1,2024-12-02,Amazon,1,4999,NX1-2409-1
VR884962,C102739,VA-EB-PL1,2024-12-02,Amazon,1,2499,PL1-2409-2
VR894890,C105976,VA-EB-AIR,2024-12-02,vireo.in,2,3598,AIR-2410-3
VR896576,C101872,VA-HP-ST2,2024-12-02,Flipkart,1,4249,ST2-2410-4
VR897553,C108130,VA-SW-FIT,2024-12-02,vireo.in,1,1899,FIT-2409-3
VR906938,C101853,VA-EB-PL1,2024-12-02,vireo.in,1,2124,PL1-2410-1
VR908053,C108026,VA-EB-AIR,2024-12-02,vireo.in,1,1619,AIR-2408-3
VR880363,C107889,VA-EB-AIR,2024-12-03,Flipkart,1,1709,AIR-2410-2
VR883016,C103892,VA-EB-AIR,2024-12-03,Amazon,1,1799,AIR-2410-4
VR889323,C100395,VA-EB-PL1,2024-12-03,Amazon,1,2249,PL1-2410-4
VR891011,C105389,VA-EB-AIR,2024-12-03,vireo.in,1,1709,AIR-2410-2
VR891724,C100583,VA-EB-PL1,2024-12-03,vireo.in,1,2499,PL1-2409-1
VR892738,C108082,VA-EB-PL1,2024-12-03,Flipkart,2,4498,PL1-2408-1
VR894661,C108976,VA-SW-FIT,2024-12-03,vireo.in,1,1699,FIT-2411-3
VR896063,C103663,VA-SW-NX1,2024-12-03,vireo.in,1,4999,NX1-2409-1
VR901942,C106441,VA-EB-AIR,2024-12-03,Amazon,1,1799,AIR-2410-3
VR902600,C109471,VA-EB-AIR,2024-12-03,vireo.in,1,1799,AIR-2408-4
VR904197,C106051,VA-EB-AIR,2024-12-03,vireo.in,1,1799,AIR-2408-1
VR906755,C102225,VA-SW-NX1,2024-12-03,Amazon,2,9998,NX1-2408-4
VR907281,C103681,VA-EB-AIR,2024-12-03,vireo.in,2,3058,AIR-2409-4
VR883634,C101913,VA-EB-PL1,2024-12-04,vireo.in,1,2249,PL1-2409-4
VR883761,C103173,VA-EB-PL1,2024-12-04,vireo.in,1,1999,PL1-2409-2
VR886349,C108152,VA-SW-FIT,2024-12-04,vireo.in,1,1899,FIT-2410-3
VR887172,C107326,VA-SW-FIT,2024-12-04,vireo.in,2,3998,FIT-2410-2
VR889624,C106531,VA-EB-PL1,2024-12-04,vireo.in,1,2124,PL1-2410-2
VR889867,C105372,VA-EB-AIR,2024-12-04,Flipkart,1,1529,AIR-2411-2
VR890333,C106382,VA-EB-PL1,2024-12-04,vireo.in,1,2499,PL1-2409-4
VR892299,C107102,VA-EB-PL1,2024-12-04,vireo.in,1,2124,PL1-2409-1
VR897648,C101494,VA-SW-NX1,2024-12-04,Flipkart,1,3999,NX1-2411-3
VR897828,C104004,VA-HP-ST3,2024-12-04,Amazon,1,5949,ST3-2411-4
VR897918,C109344,VA-SW-FIT,2024-12-04,vireo.in,1,1699,FIT-2411-4
VR902747,C109424,VA-EB-AIR,2024-12-04,vireo.in,2,3598,AIR-2409-1
VR903376,C104529,VA-SW-FIT,2024-12-04,Amazon,1,1999,FIT-2409-3
VR904247,C107469,VA-SP-ORB,2024-12-04,vireo.in,1,5999,ORB-2410-1
VR905267,C106676,VA-NB-ARC,2024-12-04,vireo.in,1,1039,ARC-2410-4
VR880506,C104529,VA-EB-PL1,2024-12-05,Amazon,1,2499,PL1-2408-4
VR882594,C105257,VA-EB-PL1,2024-12-05,Amazon,1,2124,PL1-2408-1
VR890038,C103070,VA-HP-ST3,2024-12-05,Flipkart,1,6999,ST3-2410-2
VR892357,C105814,VA-SP-ORB,2024-12-05,vireo.in,1,5999,ORB-2409-1
VR892464,C105456,VA-SP-ORB,2024-12-05,vireo.in,1,5399,ORB-2410-1
VR896605,C102000,VA-HP-ST3,2024-12-05,vireo.in,1,6649,ST3-2408-4
VR897031,C100797,VA-EB-AIR,2024-12-05,Amazon,1,1619,AIR-2410-2
VR897606,C100312,VA-HP-ST2,2024-12-05,Flipkart,1,4999,ST2-2408-2
VR902703,C107325,VA-SW-FIT,2024-12-05,vireo.in,2,3998,FIT-2409-2
VR904559,C106238,VA-EB-AIR,2024-12-05,vireo.in,1,1439,AIR-2410-3
VR908480,C101123,VA-EB-PL1,2024-12-05,vireo.in,1,1999,PL1-2411-3
VR880113,C107844,VA-HP-ST3,2024-12-06,Amazon,1,5949,ST3-2410-3
VR880273,C101286,VA-EB-PL1,2024-12-06,vireo.in,1,2499,PL1-2409-4
VR881403,C108429,VA-HP-ST3,2024-12-06,Amazon,1,6999,ST3-2410-1
VR882314,C101751,VA-EB-AIR,2024-12-06,Amazon,1,1799,AIR-2411-1
VR887204,C100345,VA-EB-AIR,2024-12-06,vireo.in,1,1799,AIR-2409-4
VR888223,C100331,VA-EB-AIR,2024-12-06,Amazon,1,1799,AIR-2409-4
VR890402,C105089,VA-HP-ST3,2024-12-06,Flipkart,1,6649,ST3-2410-2
VR891374,C105673,VA-SW-FIT,2024-12-06,vireo.in,1,1999,FIT-2409-3
VR892772,C106672,VA-EB-PL1,2024-12-06,vireo.in,1,2499,PL1-2410-4
VR893409,C105357,VA-SW-FIT,2024-12-06,vireo.in,1,1599,FIT-2410-1
VR899574,C105910,VA-HP-ST3,2024-12-06,vireo.in,1,6999,ST3-2411-3
VR900244,C109113,VA-AC-CH65,2024-12-06,Amazon,1,1199,CH65-2411-4
VR905164,C101868,VA-HP-ST2,2024-12-06,Flipkart,1,4999,ST2-2410-1
VR881640,C100307,VA-EB-PL1,2024-12-07,vireo.in,1,2249,PL1-2410-3
VR883507,C108078,VA-HP-ST2,2024-12-07,Flipkart,1,4249,ST2-2410-3
VR885104,C103090,VA-EB-AIR,2024-12-07,vireo.in,1,1439,AIR-2410-3
VR887145,C109109,VA-HP-ST3,2024-12-07,vireo.in,1,6999,ST3-2409-2
VR889188,C101730,VA-AC-CBL,2024-12-07,Flipkart,1,379,CBL-2410-4
VR890048,C107823,VA-EB-AIR,2024-12-07,vireo.in,1,1619,AIR-2410-1
VR896361,C102194,VA-EB-PL1,2024-12-07,vireo.in,1,2499,PL1-2410-3
VR899619,C102520,VA-EB-PL1,2024-12-07,vireo.in,1,2499,PL1-2409-3
VR903907,C104257,VA-HP-ST3,2024-12-07,Amazon,1,5949,ST3-2409-2
VR905226,C100504,VA-SW-FIT,2024-12-07,Amazon,1,1999,FIT-2411-4
VR909821,C103203,VA-EB-PL1,2024-12-07,vireo.in,2,4998,PL1-2409-2
VR880184,C104584,VA-HP-ST3,2024-12-08,vireo.in,1,6299,ST3-2411-2
VR884733,C102510,VA-EB-PL1,2024-12-08,vireo.in,1,2124,PL1-2410-4
VR887404,C101225,VA-SP-ORB,2024-12-08,vireo.in,1,4799,ORB-2411-2
VR888826,C102347,VA-EB-PL1,2024-12-08,Amazon,1,2124,PL1-2408-4
VR893868,C105620,VA-EB-PL1,2024-12-08,Flipkart,2,4998,PL1-2410-3
VR894785,C100633,VA-EB-AIR,2024-12-08,Amazon,1,1619,AIR-2411-2
VR895197,C108118,VA-HP-ST3,2024-12-08,vireo.in,2,13298,ST3-2411-2
VR896401,C108350,VA-SW-FIT,2024-12-08,vireo.in,1,1599,FIT-2411-3
VR898984,C108011,VA-EB-PL1,2024-12-08,vireo.in,2,4998,PL1-2411-4
VR901961,C106218,VA-EB-AIR,2024-12-08,vireo.in,1,1439,AIR-2409-1
VR906781,C103568,VA-SW-NX1,2024-12-08,vireo.in,1,4499,NX1-2411-2
VR881548,C101319,VA-HP-ST3,2024-12-09,vireo.in,1,6649,ST3-2410-3
VR881863,C102446,VA-SW-NX1,2024-12-09,vireo.in,1,4249,NX1-2410-2
VR889662,C105771,VA-EB-PL1,2024-12-09,vireo.in,1,2249,PL1-2410-2
VR892319,C104292,VA-EB-PL1,2024-12-09,vireo.in,1,2374,PL1-2410-4
VR893007,C106376,VA-HP-ST2,2024-12-09,vireo.in,1,3999,ST2-2410-1
VR895040,C105581,VA-SW-FIT,2024-12-09,Amazon,1,1599,FIT-2409-2
VR897264,C107469,VA-HP-ST2,2024-12-09,vireo.in,1,4999,ST2-2410-2
VR899941,C100524,VA-EB-PL1,2024-12-09,vireo.in,1,1999,PL1-2410-2
VR904303,C106627,VA-SW-FIT,2024-12-09,vireo.in,1,1599,FIT-2410-2
VR904389,C106238,VA-SP-ORB,2024-12-09,vireo.in,1,5699,ORB-2408-3
VR907666,C102599,VA-EB-AIR,2024-12-09,Amazon,1,1799,AIR-2409-2
VR907916,C102268,VA-SP-ORB,2024-12-09,vireo.in,1,4799,ORB-2409-4
VR880004,C105397,VA-SW-NX1,2024-12-10,Flipkart,1,4499,NX1-2409-3
VR880071,C100466,VA-EB-PL1,2024-12-10,Amazon,1,2124,PL1-2411-4
VR884917,C100481,VA-HP-ST2,2024-12-10,Amazon,1,4999,ST2-2409-4
VR887395,C103829,VA-HP-ST3,2024-12-10,vireo.in,1,6999,ST3-2410-3
VR888877,C100724,VA-EB-AIR,2024-12-10,vireo.in,1,1619,AIR-2409-2
VR889643,C108210,VA-EB-AIR,2024-12-10,vireo.in,1,1799,AIR-2410-4
VR898653,C102832,VA-HP-ST3,2024-12-10,vireo.in,1,6999,ST3-2411-1
VR900718,C103659,VA-HP-ST2,2024-12-10,vireo.in,1,4999,ST2-2410-4
VR902804,C100546,VA-SP-ORB,2024-12-10,vireo.in,1,5399,ORB-2409-4
VR906559,C101625,VA-SP-ORB,2024-12-10,vireo.in,1,5999,ORB-2410-1
VR908115,C109478,VA-EB-AIR,2024-12-10,Amazon,1,1799,AIR-2410-2
VR885408,C101336,VA-EB-AIR,2024-12-11,Flipkart,1,1709,AIR-2410-2
VR890596,C107774,VA-SW-FIT,2024-12-11,vireo.in,1,1699,FIT-2411-3
VR891387,C108236,VA-EB-PL1,2024-12-11,vireo.in,1,2124,PL1-2411-2
VR893097,C108946,VA-SP-ORB,2024-12-11,vireo.in,1,5999,ORB-2409-3
VR893498,C107404,VA-EB-PL1,2024-12-11,vireo.in,1,2499,PL1-2410-1
VR899963,C100943,VA-EB-AIR,2024-12-11,vireo.in,1,1619,AIR-2409-3
VR900783,C102376,VA-SW-NX1,2024-12-11,Amazon,1,4249,NX1-2410-2
VR901886,C108321,VA-HP-ST3,2024-12-11,vireo.in,1,5949,ST3-2409-1
VR903105,C103678,VA-NB-ARC,2024-12-11,Amazon,1,1039,ARC-2409-2
VR903844,C104559,VA-SW-FIT,2024-12-11,Amazon,1,1599,FIT-2410-1
VR905296,C107006,VA-SW-FIT,2024-12-11,Amazon,1,1999,FIT-2411-3
VR908438,C100394,VA-HP-ST3,2024-12-11,vireo.in,1,6299,ST3-2410-4
VR880221,C107711,VA-HP-ST2,2024-12-12,Amazon,1,4749,ST2-2410-1
VR880393,C106693,VA-EB-PL1,2024-12-12,Amazon,1,2499,PL1-2409-4
VR881277,C108841,VA-HP-ST2,2024-12-12,vireo.in,1,4999,ST2-2409-4
VR885169,C101020,VA-SP-ORB,2024-12-12,vireo.in,1,4799,ORB-2408-3
VR885653,C105013,VA-EB-PL1,2024-12-12,vireo.in,1,2499,PL1-2410-2
VR890495,C102825,VA-HP-ST2,2024-12-12,vireo.in,1,3999,ST2-2410-1
VR891009,C101721,VA-HP-ST2,2024-12-12,vireo.in,1,4999,ST2-2409-2
VR902240,C102580,VA-SW-FIT,2024-12-12,vireo.in,1,1999,FIT-2409-4
VR903309,C106892,VA-EB-PL1,2024-12-12,vireo.in,1,2499,PL1-2409-3
VR906528,C107076,VA-EB-PL1,2024-12-12,vireo.in,2,4998,PL1-2411-3
VR908643,C101398,VA-HP-ST3,2024-12-12,Amazon,1,6999,ST3-2410-2
VR910117,C106094,VA-HP-ST3,2024-12-12,vireo.in,1,5599,ST3-2411-2
VR881987,C105581,VA-SP-ORB,2024-12-13,Flipkart,2,9598,ORB-2410-4
VR882324,C109033,VA-AC-CH65,2024-12-13,Flipkart,1,1199,CH65-2411-3
VR882780,C108907,VA-EB-PL1,2024-12-13,Amazon,1,2124,PL1-2410-4
VR884606,C102047,VA-SW-NX1,2024-12-13,Amazon,2,8498,NX1-2408-3
VR888522,C103506,VA-HP-ST3,2024-12-13,vireo.in,1,5599,ST3-2409-3
VR897998,C105344,VA-EB-PL1,2024-12-13,vireo.in,2,4248,PL1-2411-3
VR899439,C104773,VA-EB-PL1,2024-12-13,vireo.in,1,1999,PL1-2411-1
VR899654,C103344,VA-EB-PL1,2024-12-13,Amazon,1,2499,PL1-2409-4
VR901545,C102358,VA-AC-CBL,2024-12-13,vireo.in,1,379,CBL-2409-2
VR901583,C102465,VA-HP-ST3,2024-12-13,vireo.in,1,6999,ST3-2411-4
VR902121,C104452,VA-EB-AIR,2024-12-13,Amazon,1,1799,AIR-2410-1
VR909227,C104199,VA-EB-AIR,2024-12-13,vireo.in,1,1619,AIR-2409-3
VR880909,C107041,VA-HP-ST3,2024-12-14,Amazon,1,6649,ST3-2409-1
VR889679,C100550,VA-EB-PL1,2024-12-14,Amazon,1,1999,PL1-2409-2
VR893170,C104827,VA-HP-ST3,2024-12-14,Amazon,1,6999,ST3-2411-2
VR894066,C103236,VA-EB-PL1,2024-12-14,vireo.in,1,2374,PL1-2411-4
VR897106,C101827,VA-EB-AIR,2024-12-14,Flipkart,1,1799,AIR-2410-2
VR898804,C105737,VA-NB-ARC,2024-12-14,Amazon,1,1039,ARC-2409-4
VR902570,C106115,VA-HP-ST3,2024-12-14,Amazon,1,6999,ST3-2409-2
VR904462,C109445,VA-EB-PL1,2024-12-14,Amazon,1,2499,PL1-2409-3
VR905524,C106111,VA-EB-PL1,2024-12-14,Amazon,1,2374,PL1-2411-2
VR906511,C108278,VA-EB-AIR,2024-12-14,vireo.in,1,1529,AIR-2409-2
VR906883,C107088,VA-HP-ST3,2024-12-14,vireo.in,1,6999,ST3-2411-2
VR907228,C101627,VA-NB-ARC,2024-12-14,vireo.in,1,1299,ARC-2410-1
VR909396,C102257,VA-SW-FIT,2024-12-14,Amazon,2,3598,FIT-2410-4
VR882003,C103821,VA-EB-PL1,2024-12-15,vireo.in,1,2249,PL1-2409-2
VR890803,C106151,VA-EB-PL1,2024-12-15,vireo.in,1,2499,PL1-2408-1
VR892843,C106243,VA-EB-AIR,2024-12-15,Amazon,1,1799,AIR-2409-3
VR893202,C102065,VA-EB-AIR,2024-12-15,vireo.in,1,1529,AIR-2409-3
VR893984,C106701,VA-EB-PL1,2024-12-15,vireo.in,1,1999,PL1-2411-1
VR894528,C103963,VA-EB-PL1,2024-12-15,Amazon,1,2124,PL1-2409-1
VR896890,C105577,VA-EB-AIR,2024-12-15,Amazon,1,1799,AIR-2409-1
VR898242,C107669,VA-EB-AIR,2024-12-15,vireo.in,1,1799,AIR-2409-1
VR904076,C101447,VA-AC-CH65,2024-12-15,vireo.in,1,1499,CH65-2410-1
VR908413,C105913,VA-EB-PL1,2024-12-15,vireo.in,2,4748,PL1-2411-2
VR882715,C104159,VA-SP-ORB,2024-12-16,Amazon,1,5399,ORB-2411-1
VR883799,C109380,VA-HP-ST2,2024-12-16,Amazon,1,4999,ST2-2409-2
VR888049,C104466,VA-SW-FIT,2024-12-16,Amazon,1,1899,FIT-2411-3
VR892182,C104683,VA-AC-CBL,2024-12-16,vireo.in,1,399,CBL-2410-4
VR892805,C107764,VA-EB-PL1,2024-12-16,vireo.in,1,2499,PL1-2411-4
VR896404,C106736,VA-EB-PL1,2024-12-16,Amazon,1,2499,PL1-2409-3
VR896423,C104135,VA-EB-PL1,2024-12-16,vireo.in,1,2499,PL1-2411-2
VR896883,C108029,VA-SW-NX1,2024-12-16,vireo.in,1,4999,NX1-2410-3
VR898355,C101885,VA-HP-ST3,2024-12-16,vireo.in,1,6299,ST3-2409-3
VR899544,C103652,VA-EB-PL1,2024-12-16,Flipkart,1,2374,PL1-2410-2
VR902448,C109271,VA-SP-ORB,2024-12-16,Amazon,1,5399,ORB-2409-2
VR903665,C109436,VA-EB-AIR,2024-12-16,vireo.in,1,1529,AIR-2410-1
VR904865,C103903,VA-EB-AIR,2024-12-16,vireo.in,1,1799,AIR-2411-3
VR906702,C100099,VA-EB-PL1,2024-12-16,vireo.in,1,2124,PL1-2410-2
VR880625,C103504,VA-HP-ST3,2024-12-17,vireo.in,1,6299,ST3-2410-3
VR880669,C109446,VA-EB-AIR,2024-12-17,Amazon,1,1709,AIR-2409-3
VR886801,C106685,VA-NB-ARC,2024-12-17,Flipkart,1,1234,ARC-2409-2
VR893260,C102284,VA-EB-AIR,2024-12-17,Amazon,1,1529,AIR-2409-3
VR893555,C105434,VA-EB-PL1,2024-12-17,vireo.in,1,2499,PL1-2409-4
VR905848,C107327,VA-NB-ARC,2024-12-17,vireo.in,1,1169,ARC-2409-4
VR905901,C106883,VA-NB-ARC,2024-12-17,Amazon,1,1039,ARC-2410-4
VR909996,C101895,VA-EB-PL1,2024-12-17,vireo.in,1,2499,PL1-2410-1
VR882969,C102957,VA-EB-PL1,2024-12-18,vireo.in,1,2249,PL1-2410-1
VR883810,C105209,VA-SW-NX1,2024-12-18,vireo.in,1,4999,NX1-2410-4
VR886660,C107997,VA-HP-ST3,2024-12-18,Amazon,1,5599,ST3-2409-3
VR891860,C109288,VA-SW-NX1,2024-12-18,vireo.in,1,4999,NX1-2410-1
VR892976,C103883,VA-EB-PL1,2024-12-18,Flipkart,1,2499,PL1-2411-3
VR893181,C109031,VA-HP-ST3,2024-12-18,Amazon,1,6999,ST3-2410-2
VR894959,C103086,VA-EB-AIR,2024-12-18,Amazon,2,3598,AIR-2410-1
VR895173,C107013,VA-EB-AIR,2024-12-18,Flipkart,1,1799,AIR-2409-1
VR897210,C106692,VA-EB-AIR,2024-12-18,vireo.in,1,1619,AIR-2410-4
VR897863,C109050,VA-EB-AIR,2024-12-18,vireo.in,1,1799,AIR-2409-3
VR898134,C102030,VA-SP-ORB,2024-12-18,vireo.in,1,4799,ORB-2410-3
VR899475,C103109,VA-SP-ORB,2024-12-18,vireo.in,1,5099,ORB-2410-4
VR902813,C100386,VA-AC-CBL,2024-12-18,vireo.in,1,319,CBL-2411-4
VR903734,C103873,VA-EB-PL1,2024-12-18,vireo.in,1,2499,PL1-2410-2
VR904965,C105147,VA-AC-CH65,2024-12-18,vireo.in,2,2998,CH65-2409-1
VR908422,C102102,VA-EB-PL1,2024-12-18,Flipkart,1,2124,PL1-2409-3
VR908855,C103680,VA-EB-AIR,2024-12-18,Amazon,1,1529,AIR-2411-1
VR909273,C107831,VA-SP-ORB,2024-12-18,vireo.in,1,5399,ORB-2410-3
VR888185,C106388,VA-EB-PL1,2024-12-19,vireo.in,1,2124,PL1-2409-1
VR890154,C101822,VA-HP-ST2,2024-12-19,vireo.in,2,9998,ST2-2411-3
VR890637,C105663,VA-SW-NX1,2024-12-19,vireo.in,1,4999,NX1-2409-4
VR894251,C108727,VA-HP-ST3,2024-12-19,vireo.in,1,6999,ST3-2410-4
VR896972,C100325,VA-HP-ST3,2024-12-19,vireo.in,1,6999,ST3-2411-1
VR898376,C109195,VA-SW-NX1,2024-12-19,vireo.in,1,4249,NX1-2410-3
VR900413,C100492,VA-HP-ST2,2024-12-19,vireo.in,1,4999,ST2-2410-3
VR900470,C106585,VA-SW-FIT,2024-12-19,Amazon,1,1899,FIT-2409-4
VR901073,C106629,VA-SW-FIT,2024-12-19,vireo.in,1,1999,FIT-2410-1
VR904531,C101232,VA-EB-PL1,2024-12-19,Amazon,1,2499,PL1-2410-3
VR905895,C106421,VA-HP-ST3,2024-12-19,Amazon,1,6999,ST3-2411-3
VR909151,C107248,VA-HP-ST3,2024-12-19,Amazon,1,6999,ST3-2411-1
VR883721,C106996,VA-EB-AIR,2024-12-20,vireo.in,1,1439,AIR-2410-1
VR885786,C109427,VA-AC-CH65,2024-12-20,Amazon,1,1424,CH65-2410-3
VR887820,C104577,VA-HP-ST2,2024-12-20,Amazon,2,9998,ST2-2410-1
VR895392,C102557,VA-SP-ORB,2024-12-20,Flipkart,1,5999,ORB-2409-2
VR898845,C100015,VA-EB-AIR,2024-12-20,Amazon,1,1439,AIR-2411-3
VR901268,C108114,VA-EB-AIR,2024-12-20,vireo.in,1,1529,AIR-2410-2
VR906974,C100417,VA-SW-NX1,2024-12-20,Flipkart,1,3999,NX1-2410-3
VR880451,C109315,VA-EB-AIR,2024-12-21,vireo.in,1,1799,AIR-2411-1
VR882259,C105695,VA-EB-PL1,2024-12-21,vireo.in,2,4998,PL1-2409-1
VR882557,C105030,VA-HP-ST3,2024-12-21,vireo.in,2,12598,ST3-2410-4
VR883061,C101783,VA-SP-ORB,2024-12-21,Flipkart,1,5399,ORB-2410-3
VR887636,C101443,VA-EB-PL1,2024-12-21,Amazon,1,2499,PL1-2410-2
VR887723,C100605,VA-EB-PL1,2024-12-21,vireo.in,1,2249,PL1-2410-1
VR889393,C107081,VA-EB-PL1,2024-12-21,vireo.in,1,2124,PL1-2409-4
VR896660,C101630,VA-EB-PL1,2024-12-21,Flipkart,1,2499,PL1-2409-2
VR898236,C103787,VA-HP-ST2,2024-12-21,vireo.in,1,4499,ST2-2409-3
VR901527,C106714,VA-EB-AIR,2024-12-21,Flipkart,1,1529,AIR-2410-4
VR901849,C109206,VA-SW-NX1,2024-12-21,Flipkart,1,3999,NX1-2409-4
VR904629,C102070,VA-NB-ARC,2024-12-21,vireo.in,1,1299,ARC-2409-1
VR906426,C100912,VA-SW-FIT,2024-12-21,Amazon,1,1599,FIT-2409-1
VR880312,C107113,VA-EB-PL1,2024-12-22,Flipkart,2,4998,PL1-2409-4
VR880701,C106387,VA-SP-ORB,2024-12-22,vireo.in,1,5999,ORB-2410-4
VR881005,C106629,VA-HP-ST3,2024-12-22,vireo.in,1,6299,ST3-2411-1
VR882184,C101430,VA-SP-ORB,2024-12-22,Flipkart,1,5999,ORB-2411-3
VR886193,C101331,VA-EB-PL1,2024-12-22,Amazon,1,2124,PL1-2409-3
VR886626,C106307,VA-SP-ORB,2024-12-22,vireo.in,1,5099,ORB-2411-1
VR888225,C107722,VA-HP-ST3,2024-12-22,vireo.in,1,5599,ST3-2411-4
VR888962,C105230,VA-HP-ST2,2024-12-22,vireo.in,1,4999,ST2-2410-4
VR891089,C101627,VA-AC-CBL,2024-12-22,vireo.in,1,319,CBL-2410-1
VR891212,C106297,VA-EB-AIR,2024-12-22,Amazon,1,1799,AIR-2411-4
VR891244,C101473,VA-SW-NX1,2024-12-22,vireo.in,1,4499,NX1-2411-1
VR899385,C103320,VA-NB-ARC,2024-12-22,vireo.in,1,1039,ARC-2411-2
VR903070,C100245,VA-HP-ST3,2024-12-22,Amazon,1,6999,ST3-2410-2
VR884485,C106927,VA-SW-NX1,2024-12-23,Amazon,1,4999,NX1-2411-4
VR885242,C102891,VA-SW-NX1,2024-12-23,vireo.in,1,4999,NX1-2410-2
VR887583,C107066,VA-EB-PL1,2024-12-23,vireo.in,1,2499,PL1-2411-1
VR888778,C105470,VA-EB-AIR,2024-12-23,Flipkart,1,1619,AIR-2409-2
VR894970,C103616,VA-SP-ORB,2024-12-23,vireo.in,1,5999,ORB-2409-3
VR896293,C101963,VA-EB-AIR,2024-12-23,vireo.in,1,1529,AIR-2411-2
VR902464,C104996,VA-EB-PL1,2024-12-23,vireo.in,1,2499,PL1-2411-2
VR902552,C109125,VA-SW-FIT,2024-12-23,vireo.in,1,1799,FIT-2409-4
VR903007,C108435,VA-EB-AIR,2024-12-23,vireo.in,1,1529,AIR-2411-3
VR903672,C107838,VA-SW-FIT,2024-12-23,vireo.in,1,1799,FIT-2410-1
VR904441,C106541,VA-EB-PL1,2024-12-23,Amazon,1,2499,PL1-2410-2
VR909399,C102821,VA-EB-PL1,2024-12-23,vireo.in,1,2499,PL1-2409-1
VR880924,C102837,VA-SP-ORB,2024-12-24,Flipkart,1,5399,ORB-2409-2
VR881463,C100299,VA-EB-PL1,2024-12-24,vireo.in,1,2124,PL1-2411-2
VR882075,C102546,VA-EB-PL1,2024-12-24,vireo.in,1,1999,PL1-2410-4
VR892012,C108290,VA-EB-PL1,2024-12-24,vireo.in,1,2499,PL1-2409-1
VR892457,C104107,VA-SW-NX1,2024-12-24,vireo.in,1,4999,NX1-2411-4
VR893470,C103483,VA-HP-ST2,2024-12-24,Amazon,1,4249,ST2-2411-3
VR899379,C100902,VA-NB-ARC,2024-12-24,Flipkart,1,1169,ARC-2410-2
VR902783,C109351,VA-SP-ORB,2024-12-24,vireo.in,2,10798,ORB-2409-4
VR905656,C103390,VA-EB-AIR,2024-12-24,vireo.in,1,1529,AIR-2410-2
VR908709,C105708,VA-SW-NX1,2024-12-24,vireo.in,1,4999,NX1-2410-2
VR908984,C109126,VA-SW-FIT,2024-12-24,Amazon,1,1999,FIT-2411-1
VR909571,C107517,VA-EB-AIR,2024-12-24,Amazon,1,1619,AIR-2409-4
VR909634,C109055,VA-NB-ARC,2024-12-24,vireo.in,1,1299,ARC-2410-2
VR882141,C109193,VA-EB-PL1,2024-12-25,vireo.in,1,2499,PL1-2410-2
VR885013,C101599,VA-SW-NX1,2024-12-25,vireo.in,1,4999,NX1-2410-4
VR886048,C106205,VA-HP-ST3,2024-12-25,vireo.in,1,6999,ST3-2411-4
VR887834,C105085,VA-SP-ORB,2024-12-25,vireo.in,1,5999,ORB-2409-3
VR888544,C100291,VA-EB-PL1,2024-12-25,vireo.in,1,2374,PL1-2411-1
VR890805,C104440,VA-AC-CH65,2024-12-25,Amazon,1,1499,CH65-2410-1
VR895349,C108169,VA-SW-FIT,2024-12-25,vireo.in,1,1599,FIT-2409-3
VR898645,C105727,VA-EB-PL1,2024-12-25,Amazon,1,2499,PL1-2410-2
VR900900,C104047,VA-SP-ORB,2024-12-25,Amazon,1,5099,ORB-2412-2
VR907673,C102477,VA-EB-AIR,2024-12-25,Amazon,2,3238,AIR-2411-2
VR884293,C108390,VA-SW-NX1,2024-12-26,Flipkart,1,4999,NX1-2409-4
VR884775,C104573,VA-EB-AIR,2024-12-26,Amazon,1,1619,AIR-2410-4
VR886751,C107172,VA-SP-ORB,2024-12-26,Flipkart,1,4799,ORB-2410-1
VR887815,C103953,VA-EB-AIR,2024-12-26,Amazon,1,1799,AIR-2411-1
VR888892,C100254,VA-EB-PL1,2024-12-26,vireo.in,1,2124,PL1-2411-2
VR891458,C106365,VA-SW-FIT,2024-12-26,vireo.in,1,1699,FIT-2411-3
VR893976,C108492,VA-EB-AIR,2024-12-26,Amazon,1,1619,AIR-2411-3
VR897938,C101254,VA-NB-ARC,2024-12-26,vireo.in,1,1299,ARC-2409-2
VR899069,C105345,VA-EB-PL1,2024-12-26,vireo.in,1,2249,PL1-2409-4
VR901057,C109102,VA-HP-ST3,2024-12-26,Amazon,1,6999,ST3-2410-1
VR902431,C101537,VA-AC-CH65,2024-12-26,Amazon,1,1199,CH65-2412-2
VR902650,C103603,VA-HP-ST3,2024-12-26,Flipkart,1,6299,ST3-2411-1
VR904547,C100474,VA-NB-ARC,2024-12-26,vireo.in,1,1234,ARC-2411-4
VR904552,C105550,VA-SW-NX1,2024-12-26,vireo.in,1,4999,NX1-2409-2
VR906763,C101336,VA-SW-NX1,2024-12-26,Amazon,1,4499,NX1-2409-1
VR880200,C108165,VA-EB-PL1,2024-12-27,vireo.in,1,2499,PL1-2411-1
VR880717,C103046,VA-HP-ST3,2024-12-27,Amazon,1,5949,ST3-2411-3
VR882170,C109369,VA-EB-AIR,2024-12-27,vireo.in,1,1529,AIR-2411-1
VR883128,C106494,VA-SW-FIT,2024-12-27,vireo.in,1,1899,FIT-2410-4
VR885050,C101703,VA-HP-ST3,2024-12-27,vireo.in,1,6999,ST3-2409-3
VR888218,C104184,VA-AC-CH65,2024-12-27,vireo.in,1,1199,CH65-2409-4
VR889317,C106835,VA-EB-PL1,2024-12-27,vireo.in,2,4998,PL1-2411-1
VR896144,C100838,VA-HP-ST3,2024-12-27,Amazon,1,6999,ST3-2410-1
VR898175,C106721,VA-SW-FIT,2024-12-27,vireo.in,1,1999,FIT-2411-3
VR900387,C109225,VA-EB-AIR,2024-12-27,Amazon,1,1799,AIR-2411-4
VR906241,C102863,VA-EB-PL1,2024-12-27,Flipkart,1,1999,PL1-2409-4
VR906976,C105800,VA-SP-ORB,2024-12-27,vireo.in,2,9598,ORB-2410-3
VR881832,C108672,VA-EB-AIR,2024-12-28,Amazon,1,1799,AIR-2410-3
VR883348,C104330,VA-HP-ST3,2024-12-28,Amazon,2,12598,ST3-2411-4
VR884832,C100329,VA-SW-FIT,2024-12-28,vireo.in,1,1899,FIT-2411-4
VR888180,C105264,VA-EB-PL1,2024-12-28,Amazon,1,2374,PL1-2411-4
VR889429,C108316,VA-NB-ARC,2024-12-28,vireo.in,1,1234,ARC-2411-4
VR891309,C102469,VA-EB-AIR,2024-12-28,Amazon,1,1799,AIR-2409-4
VR892945,C106174,VA-SP-ORB,2024-12-28,vireo.in,1,5999,ORB-2409-2
VR908169,C106366,VA-NB-ARC,2024-12-28,vireo.in,1,1234,ARC-2410-4
VR881028,C105709,VA-SW-FIT,2024-12-29,Flipkart,1,1999,FIT-2409-1
VR881040,C105029,VA-SW-NX1,2024-12-29,Amazon,2,9998,NX1-2411-4
VR881996,C108503,VA-NB-ARC,2024-12-29,Flipkart,1,1299,ARC-2409-4
VR882796,C108514,VA-SP-ORB,2024-12-29,vireo.in,1,5999,ORB-2411-3
VR883705,C106193,VA-HP-ST3,2024-12-29,Flipkart,1,6299,ST3-2412-2
VR886074,C102105,VA-EB-PL1,2024-12-29,Amazon,1,2499,PL1-2409-1
VR886885,C102772,VA-EB-PL1,2024-12-29,Flipkart,1,2374,PL1-2410-4
VR897071,C100226,VA-EB-AIR,2024-12-29,Flipkart,1,1799,AIR-2411-1
VR897516,C102557,VA-EB-PL1,2024-12-29,Amazon,2,4998,PL1-2411-3
VR898160,C102436,VA-EB-AIR,2024-12-29,Amazon,1,1439,AIR-2409-4
VR898308,C101324,VA-EB-PL1,2024-12-29,Amazon,1,2499,PL1-2411-3
VR898750,C100147,VA-NB-ARC,2024-12-29,vireo.in,1,1234,ARC-2409-1
VR900133,C108117,VA-HP-ST2,2024-12-29,vireo.in,1,4999,ST2-2411-2
VR904505,C100048,VA-SW-FIT,2024-12-29,vireo.in,1,1999,FIT-2412-3
VR904646,C107641,VA-SW-NX1,2024-12-29,Amazon,1,3999,NX1-2412-1
VR905790,C101742,VA-AC-CBL,2024-12-29,vireo.in,1,399,CBL-2410-2
VR882047,C107289,VA-HP-ST3,2024-12-30,vireo.in,1,6299,ST3-2410-3
VR882213,C102471,VA-NB-ARC,2024-12-30,Amazon,1,1234,ARC-2410-2
VR883538,C107326,VA-NB-ARC,2024-12-30,Amazon,1,1234,ARC-2410-2
VR884834,C104477,VA-SW-FIT,2024-12-30,Amazon,1,1699,FIT-2411-1
VR889710,C100087,VA-EB-AIR,2024-12-30,vireo.in,2,3598,AIR-2411-2
VR891692,C108922,VA-SP-ORB,2024-12-30,Flipkart,1,5999,ORB-2410-4
VR893448,C107259,VA-EB-AIR,2024-12-30,vireo.in,1,1439,AIR-2409-1
VR899293,C103380,VA-HP-ST3,2024-12-30,vireo.in,1,5599,ST3-2411-1
VR900562,C100688,VA-EB-PL1,2024-12-30,vireo.in,1,2249,PL1-2411-3
VR903378,C109442,VA-NB-ARC,2024-12-30,vireo.in,1,1234,ARC-2410-3
VR904817,C100230,VA-EB-PL1,2024-12-30,Amazon,2,4748,PL1-2411-2
VR909745,C105107,VA-EB-PL1,2024-12-30,vireo.in,1,1999,PL1-2409-2
VR885879,C106921,VA-EB-PL1,2024-12-31,Amazon,1,1999,PL1-2412-1
VR886470,C107421,VA-NB-ARC,2024-12-31,Flipkart,1,1169,ARC-2412-1
VR889382,C106658,VA-EB-PL1,2024-12-31,Amazon,1,2374,PL1-2409-3
VR892100,C100676,VA-NB-ARC,2024-12-31,Flipkart,2,2338,ARC-2411-3
VR894315,C103016,VA-HP-ST2,2024-12-31,vireo.in,1,4749,ST2-2411-4
VR902791,C107463,VA-NB-ARC,2024-12-31,Amazon,1,1234,ARC-2411-1
VR908592,C101181,VA-EB-PL1,2024-12-31,Amazon,1,2374,PL1-2410-3
VR880201,C107810,VA-EB-PL1,2025-01-01,Amazon,1,2499,PL1-2411-4
VR884000,C100204,VA-NB-ARC,2025-01-01,vireo.in,1,1299,ARC-2411-4
VR886716,C108124,VA-EB-AIR,2025-01-01,Amazon,1,1799,AIR-2411-2
VR886857,C103253,VA-SP-ORB,2025-01-01,Flipkart,1,5699,ORB-2411-3
VR888506,C108710,VA-NB-ARC,2025-01-01,vireo.in,1,1104,ARC-2412-3
VR888691,C108349,VA-SW-NX1,2025-01-01,vireo.in,1,4749,NX1-2411-1
VR893443,C109147,VA-HP-ST3,2025-01-01,vireo.in,1,6999,ST3-2410-3
VR897425,C109080,VA-SW-FIT,2025-01-01,vireo.in,1,1999,FIT-2411-2
VR898488,C101697,VA-SW-NX1,2025-01-01,Amazon,1,4749,NX1-2409-3
VR901015,C101564,VA-EB-AIR,2025-01-01,Amazon,1,1529,AIR-2410-2
VR902730,C109209,VA-HP-ST3,2025-01-01,vireo.in,1,6999,ST3-2410-3
VR906274,C107943,VA-EB-AIR,2025-01-01,vireo.in,1,1799,AIR-2409-4
VR882157,C108106,VA-EB-PL1,2025-01-02,Flipkart,1,2374,PL1-2409-2
VR882565,C101760,VA-EB-AIR,2025-01-02,Amazon,1,1799,AIR-2409-3
VR886628,C102348,VA-SP-ORB,2025-01-02,vireo.in,1,5999,ORB-2410-4
VR888142,C104589,VA-EB-AIR,2025-01-02,Amazon,1,1799,AIR-2411-3
VR892369,C105999,VA-SP-ORB,2025-01-02,vireo.in,1,5999,ORB-2410-2
VR894797,C102767,VA-HP-ST3,2025-01-02,vireo.in,1,5599,ST3-2410-2
VR895710,C109109,VA-HP-ST3,2025-01-02,Flipkart,1,6999,ST3-2410-3
VR896073,C102014,VA-HP-ST3,2025-01-02,vireo.in,1,6649,ST3-2411-3
VR896655,C104351,VA-NB-ARC,2025-01-02,vireo.in,1,1169,ARC-2411-1
VR899441,C105146,VA-EB-PL1,2025-01-02,Amazon,1,2374,PL1-2410-2
VR901368,C109344,VA-NB-ARC,2025-01-02,vireo.in,1,1299,ARC-2409-1
VR908864,C103780,VA-EB-AIR,2025-01-02,vireo.in,1,1799,AIR-2411-2
VR882711,C107219,VA-HP-ST3,2025-01-03,Amazon,1,6999,ST3-2411-4
VR883697,C103700,VA-EB-PL1,2025-01-03,Flipkart,1,1999,PL1-2410-2
VR887858,C101798,VA-SW-NX1,2025-01-03,Flipkart,1,4749,NX1-2410-3
VR890712,C102585,VA-EB-PL1,2025-01-03,Amazon,1,2124,PL1-2411-2
VR890866,C101571,VA-HP-ST3,2025-01-03,Amazon,1,6299,ST3-2412-2
VR892547,C108546,VA-NB-ARC,2025-01-03,Amazon,1,1039,ARC-2412-3
VR893895,C105328,VA-EB-AIR,2025-01-03,vireo.in,1,1439,AIR-2409-4
VR895114,C105589,VA-NB-ARC,2025-01-03,Amazon,1,1039,ARC-2410-3
VR900166,C102165,VA-EB-PL1,2025-01-03,Amazon,1,2499,PL1-2411-3
VR902079,C101218,VA-SW-FIT,2025-01-03,vireo.in,1,1699,FIT-2410-4
VR902083,C102946,VA-HP-ST3,2025-01-03,vireo.in,1,6299,ST3-2411-3
VR902084,C102703,VA-EB-PL1,2025-01-03,Amazon,1,2499,PL1-2411-4
VR902755,C103810,VA-HP-ST2,2025-01-03,Amazon,2,8998,ST2-2411-4
VR909188,C101421,VA-HP-ST2,2025-01-03,vireo.in,1,4249,ST2-2410-1
VR881902,C101356,VA-HP-ST2,2025-01-04,vireo.in,1,3999,ST2-2411-2
VR883768,C103209,VA-EB-PL1,2025-01-04,Flipkart,1,2374,PL1-2412-4
VR887424,C108544,VA-EB-PL1,2025-01-04,Amazon,2,4998,PL1-2410-3
VR887717,C106457,VA-NB-ARC,2025-01-04,vireo.in,1,1299,ARC-2409-4
VR895584,C101217,VA-HP-ST3,2025-01-04,vireo.in,1,6999,ST3-2411-3
VR897340,C102942,VA-NB-ARC,2025-01-04,vireo.in,1,1169,ARC-2409-3
VR899394,C107101,VA-NB-ARC,2025-01-04,Flipkart,1,1299,ARC-2412-3
VR900821,C105832,VA-SW-FIT,2025-01-04,vireo.in,1,1899,FIT-2410-3
VR902535,C102673,VA-EB-PL1,2025-01-04,vireo.in,1,2249,PL1-2411-4
VR903443,C102881,VA-EB-AIR,2025-01-04,Flipkart,1,1529,AIR-2410-1
VR904005,C102751,VA-SW-FIT,2025-01-04,vireo.in,1,1999,FIT-2410-1
VR904823,C101623,VA-HP-ST3,2025-01-04,vireo.in,1,5599,ST3-2412-1
VR905462,C101823,VA-SW-NX1,2025-01-04,Flipkart,1,4999,NX1-2409-1
VR906579,C103289,VA-HP-ST3,2025-01-04,vireo.in,1,6649,ST3-2410-1
VR881372,C101766,VA-AC-CBL,2025-01-05,Amazon,1,319,CBL-2412-1
VR881766,C109222,VA-SP-ORB,2025-01-05,vireo.in,1,5699,ORB-2411-2
VR881853,C107141,VA-EB-AIR,2025-01-05,vireo.in,1,1799,AIR-2411-1
VR882761,C104904,VA-HP-ST3,2025-01-05,Amazon,1,6999,ST3-2411-3
VR897038,C100653,VA-EB-PL1,2025-01-05,vireo.in,1,2499,PL1-2410-1
VR897877,C109496,VA-HP-ST2,2025-01-05,Amazon,1,3999,ST2-2410-4
VR898852,C109124,VA-SW-FIT,2025-01-05,Amazon,1,1899,FIT-2412-3
VR899075,C107585,VA-EB-PL1,2025-01-05,vireo.in,1,1999,PL1-2410-2
VR899900,C104237,VA-EB-PL1,2025-01-05,Flipkart,1,1999,PL1-2411-2
VR905808,C102104,VA-EB-PL1,2025-01-05,Amazon,1,2249,PL1-2410-4
VR906316,C106440,VA-SW-FIT,2025-01-05,Amazon,1,1899,FIT-2409-2
VR908472,C101365,VA-EB-PL1,2025-01-05,vireo.in,1,2124,PL1-2410-4
VR880705,C102371,VA-HP-ST3,2025-01-06,vireo.in,1,5949,ST3-2410-4
VR880757,C100120,VA-HP-ST3,2025-01-06,Amazon,1,5949,ST3-2412-1
VR882349,C101712,VA-HP-ST2,2025-01-06,Amazon,1,4999,ST2-2410-3
VR889048,C108913,VA-HP-ST3,2025-01-06,vireo.in,1,5949,ST3-2409-4
VR889873,C108929,VA-HP-ST3,2025-01-06,vireo.in,1,5599,ST3-2412-4
VR891103,C102669,VA-HP-ST2,2025-01-06,vireo.in,1,3999,ST2-2410-2
VR895575,C108317,VA-EB-AIR,2025-01-06,Amazon,1,1799,AIR-2410-4
VR895701,C109129,VA-EB-PL1,2025-01-06,Amazon,1,2499,PL1-2409-3
VR896074,C102491,VA-EB-AIR,2025-01-06,vireo.in,1,1619,AIR-2412-1
VR896993,C106536,VA-EB-AIR,2025-01-06,vireo.in,1,1799,AIR-2411-4
VR897726,C106076,VA-HP-ST3,2025-01-06,vireo.in,1,6999,ST3-2411-4
VR897985,C102947,VA-SW-NX1,2025-01-06,vireo.in,1,4999,NX1-2410-2
VR900681,C108291,VA-HP-ST3,2025-01-06,vireo.in,1,6999,ST3-2411-2
VR901081,C102068,VA-EB-PL1,2025-01-06,Amazon,1,1999,PL1-2411-3
VR904414,C109353,VA-EB-PL1,2025-01-06,Amazon,1,1999,PL1-2410-2
VR904662,C105180,VA-EB-AIR,2025-01-06,vireo.in,1,1799,AIR-2411-3
VR907448,C102137,VA-EB-AIR,2025-01-06,Amazon,1,1529,AIR-2411-4
VR909196,C107095,VA-HP-ST3,2025-01-06,Amazon,1,5599,ST3-2410-3
VR880302,C108733,VA-EB-AIR,2025-01-07,vireo.in,1,1799,AIR-2410-3
VR881798,C104770,VA-EB-PL1,2025-01-07,vireo.in,1,2499,PL1-2410-2
VR884332,C105146,VA-HP-ST3,2025-01-07,Amazon,1,6999,ST3-2410-1
VR884509,C103641,VA-SW-FIT,2025-01-07,Amazon,1,1999,FIT-2411-3
VR885253,C102777,VA-SW-NX1,2025-01-07,vireo.in,2,9998,NX1-2412-1
VR885895,C100951,VA-SW-NX1,2025-01-07,vireo.in,1,4999,NX1-2410-2
VR888745,C108453,VA-EB-PL1,2025-01-07,vireo.in,1,2124,PL1-2409-2
VR890676,C107558,VA-EB-AIR,2025-01-07,vireo.in,1,1619,AIR-2410-3
VR893375,C107795,VA-SW-FIT,2025-01-07,Amazon,1,1999,FIT-2411-3
VR893734,C107236,VA-AC-CH65,2025-01-07,Amazon,1,1499,CH65-2410-3
VR898818,C104109,VA-NB-ARC,2025-01-07,Amazon,1,1039,ARC-2411-1
VR900724,C108703,VA-SW-NX1,2025-01-07,Flipkart,1,3999,NX1-2410-1
VR900884,C105704,VA-HP-ST3,2025-01-07,vireo.in,1,6999,ST3-2411-2
VR901187,C106132,VA-SP-ORB,2025-01-07,Amazon,1,5999,ORB-2410-3
VR905564,C106538,VA-SW-FIT,2025-01-07,vireo.in,1,1999,FIT-2410-3
VR906867,C103321,VA-EB-AIR,2025-01-07,vireo.in,1,1799,AIR-2409-1
VR908879,C105841,VA-EB-PL1,2025-01-07,Amazon,1,2374,PL1-2411-2
VR880754,C107356,VA-EB-AIR,2025-01-08,Amazon,1,1799,AIR-2412-1
VR882317,C103290,VA-EB-AIR,2025-01-08,vireo.in,1,1529,AIR-2410-1
VR884906,C103871,VA-EB-PL1,2025-01-08,vireo.in,1,2499,PL1-2412-3
VR885485,C102174,VA-HP-ST3,2025-01-08,vireo.in,1,5599,ST3-2411-1
VR888024,C104885,VA-HP-ST3,2025-01-08,vireo.in,1,6299,ST3-2410-4
VR892204,C101201,VA-EB-AIR,2025-01-08,Amazon,1,1529,AIR-2411-3
VR894354,C100650,VA-EB-PL1,2025-01-08,Amazon,1,2499,PL1-2410-3
VR895632,C101472,VA-NB-ARC,2025-01-08,Amazon,1,1039,ARC-2410-2
VR895846,C101964,VA-EB-AIR,2025-01-08,vireo.in,1,1799,AIR-2409-2
VR897176,C105148,VA-EB-AIR,2025-01-08,Amazon,1,1619,AIR-2410-2
VR897983,C102597,VA-HP-ST3,2025-01-08,vireo.in,1,5949,ST3-2410-2
VR901110,C107366,VA-SW-FIT,2025-01-08,Flipkart,1,1599,FIT-2410-1
VR902204,C103771,VA-SW-FIT,2025-01-08,vireo.in,1,1699,FIT-2411-1
VR902353,C100154,VA-HP-ST3,2025-01-08,vireo.in,1,6999,ST3-2410-4
VR903873,C109357,VA-SW-FIT,2025-01-08,vireo.in,1,1599,FIT-2410-2
VR904770,C105990,VA-AC-CH65,2025-01-08,vireo.in,1,1349,CH65-2409-4
VR906463,C105086,VA-SW-NX1,2025-01-08,Amazon,1,4749,NX1-2410-1
VR880426,C100820,VA-EB-AIR,2025-01-09,Amazon,1,1619,AIR-2411-4
VR881571,C101608,VA-HP-ST3,2025-01-09,vireo.in,1,6299,ST3-2410-4
VR882208,C102080,VA-EB-PL1,2025-01-09,vireo.in,1,2499,PL1-2410-1
VR889589,C103902,VA-AC-CBL,2025-01-09,Amazon,1,399,CBL-2412-1
VR902738,C107644,VA-HP-ST3,2025-01-09,vireo.in,1,5599,ST3-2410-3
VR906313,C100945,VA-HP-ST3,2025-01-09,Amazon,1,5949,ST3-2410-1
VR907045,C104105,VA-SW-FIT,2025-01-09,Amazon,2,3798,FIT-2411-2
VR895771,C100159,VA-SW-NX1,2025-01-10,Amazon,1,4999,NX1-2411-4
VR896099,C100162,VA-HP-ST3,2025-01-10,Flipkart,1,6999,ST3-2411-1
VR898684,C101341,VA-EB-AIR,2025-01-10,vireo.in,1,1439,AIR-2410-4
VR902356,C104665,VA-AC-CBL,2025-01-10,vireo.in,1,399,CBL-2410-3
VR905972,C101413,VA-SW-NX1,2025-01-10,Flipkart,1,4249,NX1-2409-2
VR908916,C102813,VA-EB-PL1,2025-01-10,Amazon,1,2249,PL1-2411-3
VR910020,C102124,VA-SP-ORB,2025-01-10,Amazon,1,5999,ORB-2411-3
VR910053,C108306,VA-SW-FIT,2025-01-10,vireo.in,1,1999,FIT-2410-2
VR886670,C101837,VA-EB-PL1,2025-01-11,Flipkart,1,2374,PL1-2411-1
VR889706,C101963,VA-AC-CH65,2025-01-11,Amazon,1,1274,CH65-2411-4
VR889775,C108947,VA-EB-PL1,2025-01-11,vireo.in,1,2374,PL1-2409-4
VR890995,C105699,VA-HP-ST2,2025-01-11,vireo.in,2,8998,ST2-2411-1
VR892694,C104389,VA-NB-ARC,2025-01-11,vireo.in,1,1299,ARC-2410-1
VR894221,C107925,VA-HP-ST3,2025-01-11,vireo.in,1,6999,ST3-2409-3
VR895423,C102479,VA-SW-NX1,2025-01-11,vireo.in,1,3999,NX1-2410-4
VR897143,C100362,VA-EB-PL1,2025-01-11,vireo.in,1,2499,PL1-2410-1
VR900048,C105619,VA-EB-AIR,2025-01-11,Flipkart,1,1709,AIR-2409-2
VR900403,C106370,VA-EB-AIR,2025-01-11,vireo.in,1,1529,AIR-2410-1
VR900928,C103071,VA-HP-ST3,2025-01-11,vireo.in,1,5949,ST3-2410-3
VR906087,C107452,VA-EB-PL1,2025-01-11,vireo.in,1,2499,PL1-2409-1
VR881638,C107906,VA-HP-ST3,2025-01-12,Amazon,1,6649,ST3-2410-2
VR890288,C109205,VA-EB-PL1,2025-01-12,Flipkart,1,2249,PL1-2410-3
VR890952,C105833,VA-SW-FIT,2025-01-12,Flipkart,1,1599,FIT-2412-4
VR891964,C105088,VA-EB-PL1,2025-01-12,Flipkart,1,1999,PL1-2411-3
VR893620,C107912,VA-HP-ST3,2025-01-12,vireo.in,1,5599,ST3-2410-1
VR894448,C108449,VA-SP-ORB,2025-01-12,vireo.in,2,10198,ORB-2412-4
VR894519,C103288,VA-HP-ST3,2025-01-12,Amazon,1,6299,ST3-2411-4
VR894917,C106381,VA-EB-AIR,2025-01-12,vireo.in,1,1529,AIR-2412-3
VR895042,C107724,VA-EB-PL1,2025-01-12,Amazon,1,1999,PL1-2410-2
VR898322,C104718,VA-EB-PL1,2025-01-12,vireo.in,1,2374,PL1-2412-1
VR899261,C105820,VA-SW-NX1,2025-01-12,vireo.in,1,4249,NX1-2412-4
VR900404,C103127,VA-SW-NX1,2025-01-12,vireo.in,1,4999,NX1-2410-4
VR901926,C100075,VA-SW-NX1,2025-01-12,vireo.in,1,4999,NX1-2411-1
VR902120,C104223,VA-EB-PL1,2025-01-12,Amazon,1,1999,PL1-2410-1
VR905504,C103479,VA-HP-ST2,2025-01-12,Amazon,1,4749,ST2-2411-4
VR905868,C107622,VA-SP-ORB,2025-01-12,Flipkart,1,5699,ORB-2411-3
VR907334,C107744,VA-SW-FIT,2025-01-12,Amazon,1,1999,FIT-2411-4
VR907445,C100369,VA-EB-AIR,2025-01-12,Amazon,1,1439,AIR-2410-2
VR881857,C100523,VA-NB-ARC,2025-01-13,Amazon,1,1039,ARC-2412-1
VR890191,C104392,VA-NB-ARC,2025-01-13,vireo.in,1,1299,ARC-2410-1
VR890853,C107140,VA-AC-CH65,2025-01-13,Amazon,1,1349,CH65-2410-3
VR895243,C108749,VA-EB-PL1,2025-01-13,Amazon,1,2499,PL1-2411-4
VR898555,C106220,VA-EB-AIR,2025-01-13,vireo.in,1,1709,AIR-2410-1
VR899722,C106848,VA-EB-AIR,2025-01-13,Amazon,1,1799,AIR-2410-4
VR900615,C104957,VA-HP-ST3,2025-01-13,vireo.in,2,11198,ST3-2411-4
VR904516,C104020,VA-SP-ORB,2025-01-13,vireo.in,1,5099,ORB-2410-3
VR904740,C101061,VA-EB-AIR,2025-01-13,Amazon,1,1799,AIR-2410-1
VR907107,C107733,VA-SP-ORB,2025-01-13,vireo.in,1,4799,ORB-2412-2
VR883261,C108068,VA-HP-ST2,2025-01-14,vireo.in,1,3999,ST2-2411-2
VR888889,C102821,VA-SW-FIT,2025-01-14,Amazon,1,1999,FIT-2411-3
VR889032,C109397,VA-EB-PL1,2025-01-14,vireo.in,1,2499,PL1-2412-4
VR890300,C108662,VA-EB-PL1,2025-01-14,Flipkart,1,2374,PL1-2411-3
VR890691,C107633,VA-HP-ST3,2025-01-14,vireo.in,2,11898,ST3-2412-3
VR892342,C108740,VA-EB-PL1,2025-01-14,Amazon,1,2124,PL1-2411-4
VR894609,C108658,VA-HP-ST3,2025-01-14,Amazon,1,6299,ST3-2410-3
VR895832,C101383,VA-SP-ORB,2025-01-14,vireo.in,1,5399,ORB-2412-3
VR897569,C102259,VA-EB-PL1,2025-01-14,Flipkart,1,2499,PL1-2410-2
VR900960,C108281,VA-SW-FIT,2025-01-14,vireo.in,1,1999,FIT-2411-1
VR901197,C100510,VA-EB-AIR,2025-01-14,vireo.in,1,1799,AIR-2411-2
VR905351,C101719,VA-EB-AIR,2025-01-14,vireo.in,1,1799,AIR-2410-3
VR906725,C104507,VA-SW-FIT,2025-01-14,vireo.in,1,1799,FIT-2411-1
VR907490,C103600,VA-AC-CH65,2025-01-14,Flipkart,2,2698,CH65-2412-3
VR908766,C103939,VA-EB-PL1,2025-01-14,vireo.in,1,2499,PL1-2412-3
VR884215,C102842,VA-SW-FIT,2025-01-15,Flipkart,1,1799,FIT-2412-3
VR887502,C100521,VA-SW-FIT,2025-01-15,vireo.in,1,1899,FIT-2411-2
VR888787,C103408,VA-EB-PL1,2025-01-15,vireo.in,1,1999,PL1-2411-1
VR907911,C104483,VA-SW-FIT,2025-01-15,vireo.in,1,1799,FIT-2410-4
VR881386,C104832,VA-EB-PL1,2025-01-16,vireo.in,1,1999,PL1-2412-4
VR881684,C106941,VA-NB-ARC,2025-01-16,Amazon,1,1104,ARC-2409-4
VR882132,C100205,VA-EB-AIR,2025-01-16,vireo.in,1,1799,AIR-2411-2
VR882400,C101732,VA-EB-AIR,2025-01-16,Flipkart,1,1529,AIR-2412-2
VR882735,C105500,VA-HP-ST3,2025-01-16,vireo.in,2,12598,ST3-2410-3
VR887969,C100247,VA-HP-ST2,2025-01-16,Amazon,1,4499,ST2-2412-4
VR891302,C107542,VA-HP-ST2,2025-01-16,vireo.in,1,3999,ST2-2411-1
VR894231,C105290,VA-SP-ORB,2025-01-16,vireo.in,1,5699,ORB-2410-4
VR901978,C105251,VA-EB-PL1,2025-01-16,Amazon,1,2499,PL1-2410-2
VR904713,C103960,VA-EB-AIR,2025-01-16,Flipkart,1,1439,AIR-2409-3
VR908660,C101156,VA-EB-AIR,2025-01-16,vireo.in,1,1799,AIR-2410-4
VR909478,C100210,VA-AC-CH65,2025-01-16,Amazon,1,1199,CH65-2411-1
VR910063,C109184,VA-EB-AIR,2025-01-16,vireo.in,1,1439,AIR-2411-2
VR884474,C105852,VA-HP-ST2,2025-01-17,Flipkart,1,4999,ST2-2410-1
VR884637,C102140,VA-EB-PL1,2025-01-17,Flipkart,2,4748,PL1-2410-2
VR886315,C101084,VA-HP-ST2,2025-01-17,Amazon,1,3999,ST2-2410-4
VR886937,C105031,VA-EB-AIR,2025-01-17,vireo.in,2,3598,AIR-2410-4
VR887333,C106581,VA-HP-ST2,2025-01-17,vireo.in,1,4999,ST2-2412-3
VR892381,C104971,VA-EB-PL1,2025-01-17,vireo.in,1,2499,PL1-2411-4
VR893424,C105594,VA-HP-ST3,2025-01-17,Flipkart,1,6999,ST3-2411-1
VR895052,C105328,VA-EB-PL1,2025-01-17,vireo.in,1,2124,PL1-2412-4
VR896905,C107439,VA-AC-CH65,2025-01-17,Amazon,1,1499,CH65-2410-4
VR897013,C102055,VA-EB-AIR,2025-01-17,vireo.in,1,1439,AIR-2412-3
VR899144,C107129,VA-EB-AIR,2025-01-17,vireo.in,1,1799,AIR-2412-4
VR902543,C101010,VA-SW-FIT,2025-01-17,Amazon,1,1899,FIT-2410-4
VR905022,C107662,VA-HP-ST2,2025-01-17,Amazon,1,4749,ST2-2410-1
VR905030,C109173,VA-SW-FIT,2025-01-17,Amazon,2,3798,FIT-2411-1
VR882321,C104077,VA-SP-ORB,2025-01-18,vireo.in,2,10198,ORB-2412-4
VR888414,C102684,VA-SW-NX1,2025-01-18,Amazon,1,3999,NX1-2410-2
VR889537,C101130,VA-HP-ST3,2025-01-18,vireo.in,1,6299,ST3-2411-2
VR891681,C108873,VA-NB-ARC,2025-01-18,Amazon,1,1039,ARC-2410-3
VR893004,C103061,VA-EB-PL1,2025-01-18,Amazon,1,2249,PL1-2411-3
VR894888,C105577,VA-SW-NX1,2025-01-18,Amazon,1,4999,NX1-2412-2
VR896795,C104195,VA-SP-ORB,2025-01-18,vireo.in,1,5399,ORB-2410-1
VR899746,C100034,VA-EB-AIR,2025-01-18,vireo.in,1,1709,AIR-2410-1
VR900075,C100897,VA-HP-ST3,2025-01-18,Amazon,1,6999,ST3-2412-1
VR909095,C107486,VA-EB-PL1,2025-01-18,Amazon,1,2499,PL1-2410-3
VR880102,C100153,VA-NB-ARC,2025-01-19,vireo.in,1,1039,ARC-2411-4
VR880405,C100777,VA-NB-ARC,2025-01-19,Flipkart,1,1169,ARC-2412-1
VR881280,C106004,VA-AC-CBL,2025-01-19,Amazon,1,399,CBL-2410-2
VR886345,C100583,VA-SW-NX1,2025-01-19,vireo.in,1,4999,NX1-2410-2
VR886506,C105385,VA-SW-FIT,2025-01-19,vireo.in,1,1799,FIT-2411-1
VR895589,C100566,VA-HP-ST2,2025-01-19,vireo.in,1,4999,ST2-2410-2
VR902823,C106942,VA-HP-ST2,2025-01-19,vireo.in,1,4749,ST2-2412-3
VR883203,C106751,VA-EB-PL1,2025-01-20,vireo.in,1,2374,PL1-2411-3
VR891658,C106393,VA-SW-NX1,2025-01-20,Amazon,1,4999,NX1-2410-1
VR897773,C106524,VA-SW-NX2,2025-01-20,Flipkart,1,6499,NX2-2410-4
VR904106,C109063,VA-HP-ST3,2025-01-20,vireo.in,1,5599,ST3-2411-4
VR904229,C101536,VA-HP-ST2,2025-01-20,vireo.in,1,4749,ST2-2412-3
VR904943,C102386,VA-EB-PL1,2025-01-20,vireo.in,1,2374,PL1-2412-2
VR906502,C107735,VA-HP-ST2,2025-01-20,Amazon,1,4999,ST2-2412-1
VR880949,C101982,VA-SW-NX2,2025-01-21,Amazon,1,6499,NX2-2410-4
VR882489,C108453,VA-HP-ST3,2025-01-21,Amazon,1,6999,ST3-2412-4
VR882718,C105504,VA-HP-ST3,2025-01-21,vireo.in,1,6999,ST3-2412-3
VR890149,C104128,VA-EB-AIR,2025-01-21,Flipkart,1,1619,AIR-2412-4
VR892914,C106591,VA-SW-NX2,2025-01-21,Amazon,1,5849,NX2-2412-3
VR897052,C101207,VA-SW-FIT,2025-01-21,vireo.in,1,1899,FIT-2411-3
VR898552,C102393,VA-EB-PL1,2025-01-21,vireo.in,1,2374,PL1-2411-3
VR900070,C109184,VA-SW-FIT,2025-01-21,Amazon,1,1999,FIT-2410-1
VR903871,C100185,VA-HP-ST3,2025-01-21,Amazon,1,6999,ST3-2412-1
VR904606,C105925,VA-EB-PL1,2025-01-21,vireo.in,1,2374,PL1-2412-1
VR906297,C100538,VA-EB-AIR,2025-01-21,Amazon,1,1709,AIR-2410-4
VR907544,C108050,VA-NB-ARC,2025-01-21,vireo.in,1,1039,ARC-2411-4
VR880369,C109295,VA-EB-AIR,2025-01-22,vireo.in,1,1799,AIR-2411-1
VR881227,C100620,VA-EB-PL1,2025-01-22,vireo.in,1,2499,PL1-2412-4
VR881236,C108759,VA-SP-ORB,2025-01-22,vireo.in,1,5699,ORB-2411-2
VR882586,C103245,VA-NB-ARC,2025-01-22,vireo.in,1,1299,ARC-2410-3
VR886565,C108988,VA-EB-PL1,2025-01-22,vireo.in,2,3998,PL1-2412-2
VR887065,C101952,VA-HP-ST2,2025-01-22,vireo.in,1,4999,ST2-2410-2
VR887496,C101517,VA-HP-ST3,2025-01-22,Flipkart,1,5599,ST3-2411-4
VR887764,C105891,VA-NB-ARC,2025-01-22,Amazon,1,1039,ARC-2410-4
VR888619,C104293,VA-HP-ST3,2025-01-22,vireo.in,1,6299,ST3-2411-2
VR888742,C104554,VA-EB-AIR,2025-01-22,Flipkart,1,1529,AIR-2411-2
VR890871,C101071,VA-NB-ARC,2025-01-22,Amazon,1,1299,ARC-2411-1
VR893143,C108171,VA-SW-FIT,2025-01-22,Flipkart,1,1599,FIT-2411-3
VR893756,C105889,VA-SW-NX2,2025-01-22,Amazon,2,10398,NX2-2412-4
VR895588,C105592,VA-EB-PL1,2025-01-22,vireo.in,1,1999,PL1-2410-3
VR895802,C100590,VA-EB-PL1,2025-01-22,vireo.in,1,2124,PL1-2411-1
VR897980,C106270,VA-EB-PL1,2025-01-22,vireo.in,1,2249,PL1-2411-4
VR899680,C106020,VA-EB-PL1,2025-01-22,vireo.in,1,2124,PL1-2411-1
VR900555,C100675,VA-HP-ST3,2025-01-22,Flipkart,1,5599,ST3-2412-2
VR902393,C102555,VA-SW-FIT,2025-01-22,Amazon,1,1899,FIT-2410-1
VR903456,C103856,VA-SW-NX2,2025-01-22,Amazon,1,6174,NX2-2411-3
VR903657,C105015,VA-EB-AIR,2025-01-22,Flipkart,1,1709,AIR-2412-4
VR904458,C101883,VA-EB-PL1,2025-01-22,vireo.in,1,2499,PL1-2411-1
VR908298,C105740,VA-SW-FIT,2025-01-22,vireo.in,1,1799,FIT-2411-2
VR880021,C107905,VA-EB-PL1,2025-01-23,vireo.in,1,2249,PL1-2411-1
VR890541,C103379,VA-EB-PL1,2025-01-23,vireo.in,1,2499,PL1-2411-2
VR892278,C102908,VA-SW-NX1,2025-01-23,Amazon,1,4499,NX1-2412-1
VR893191,C103671,VA-HP-ST3,2025-01-23,vireo.in,1,6649,ST3-2412-1
VR893607,C107158,VA-HP-ST3,2025-01-23,vireo.in,1,5599,ST3-2412-1
VR894016,C104389,VA-EB-AIR,2025-01-23,Amazon,1,1439,AIR-2411-1
VR897402,C107671,VA-EB-PL1,2025-01-23,vireo.in,1,2499,PL1-2411-1
VR897577,C104038,VA-SW-FIT,2025-01-23,vireo.in,1,1899,FIT-2412-1
VR898603,C102385,VA-EB-PL1,2025-01-23,Flipkart,1,2124,PL1-2412-2
VR905666,C100299,VA-EB-PL1,2025-01-23,vireo.in,1,2499,PL1-2410-3
VR881552,C103542,VA-SP-ORB,2025-01-24,Amazon,1,5699,ORB-2412-4
VR884439,C105205,VA-EB-AIR,2025-01-24,Flipkart,1,1799,AIR-2412-1
VR886188,C108508,VA-EB-PL1,2025-01-24,vireo.in,1,2499,PL1-2410-1
VR891354,C106692,VA-EB-PL1,2025-01-24,Flipkart,1,2499,PL1-2411-2
VR892140,C106686,VA-EB-AIR,2025-01-24,vireo.in,1,1619,AIR-2411-2
VR892804,C104127,VA-EB-AIR,2025-01-24,Flipkart,1,1799,AIR-2410-1
VR897538,C103812,VA-SW-NX2,2025-01-24,Flipkart,1,6499,NX2-2412-3
VR899484,C102346,VA-SW-NX1,2025-01-24,Amazon,1,3999,NX1-2410-2
VR903687,C103726,VA-SW-NX2,2025-01-24,vireo.in,1,5199,NX2-2410-4
VR904251,C107549,VA-SW-NX2,2025-01-24,vireo.in,1,6174,NX2-2412-2
VR904557,C105601,VA-SW-FIT,2025-01-24,vireo.in,1,1799,FIT-2411-4
VR905545,C106935,VA-HP-ST3,2025-01-24,Flipkart,1,6999,ST3-2410-1
VR907686,C102221,VA-EB-PL1,2025-01-24,vireo.in,1,1999,PL1-2412-4
VR909853,C104377,VA-SW-NX2,2025-01-24,Flipkart,1,5199,NX2-2501-1
VR882849,C105573,VA-SW-NX2,2025-01-25,vireo.in,1,6174,NX2-2411-4
VR885177,C109099,VA-SW-NX2,2025-01-25,vireo.in,1,6174,NX2-2411-4
VR885996,C107855,VA-SW-NX2,2025-01-25,vireo.in,1,5849,NX2-2412-1
VR886936,C108593,VA-EB-PL1,2025-01-25,vireo.in,1,2499,PL1-2410-1
VR887634,C109206,VA-EB-PL1,2025-01-25,vireo.in,1,2124,PL1-2410-3
VR887700,C109347,VA-EB-PL1,2025-01-25,vireo.in,1,2124,PL1-2410-4
VR887897,C108828,VA-EB-PL1,2025-01-25,Flipkart,1,1999,PL1-2411-3
VR890388,C109111,VA-SP-ORB,2025-01-25,Amazon,1,5699,ORB-2412-3
VR891001,C106609,VA-NB-ARC,2025-01-25,Amazon,1,1104,ARC-2412-2
VR891996,C101052,VA-SW-NX2,2025-01-25,vireo.in,1,5524,NX2-2412-1
VR892049,C105996,VA-HP-ST3,2025-01-25,Flipkart,1,6999,ST3-2412-1
VR892819,C107821,VA-SW-FIT,2025-01-25,Amazon,1,1899,FIT-2410-4
VR893386,C104139,VA-AC-CH65,2025-01-25,vireo.in,1,1274,CH65-2412-1
VR893882,C100001,VA-SW-NX2,2025-01-25,vireo.in,1,5199,NX2-2411-1
VR898881,C100769,VA-NB-ARC,2025-01-25,Amazon,1,1299,ARC-2410-2
VR902093,C107869,VA-EB-PL1,2025-01-25,Amazon,1,2124,PL1-2501-2
VR902223,C102522,VA-SP-ORB,2025-01-25,Amazon,1,4799,ORB-2411-2
VR904375,C107493,VA-SW-NX1,2025-01-25,Flipkart,2,9998,NX1-2412-3
VR905372,C101162,VA-HP-ST2,2025-01-25,Amazon,1,4499,ST2-2411-2
VR880148,C107695,VA-SW-FIT,2025-01-26,vireo.in,1,1599,FIT-2411-2
VR880549,C103073,VA-HP-ST3,2025-01-26,Amazon,1,6999,ST3-2411-1
VR883205,C106196,VA-EB-AIR,2025-01-26,vireo.in,1,1529,AIR-2412-4
VR883365,C101783,VA-NB-ARC,2025-01-26,vireo.in,1,1104,ARC-2410-1
VR884366,C100998,VA-EB-PL1,2025-01-26,Amazon,1,2499,PL1-2410-2
VR886282,C101965,VA-EB-PL1,2025-01-26,Amazon,1,2374,PL1-2410-4
VR888342,C107394,VA-HP-ST3,2025-01-26,Flipkart,1,5599,ST3-2412-1
VR889353,C108254,VA-SW-FIT,2025-01-26,vireo.in,1,1999,FIT-2410-2
VR892395,C108262,VA-NB-ARC,2025-01-26,Flipkart,1,1234,ARC-2412-3
VR896974,C104450,VA-EB-PL1,2025-01-26,vireo.in,1,2374,PL1-2411-2
VR903900,C103590,VA-AC-CBL,2025-01-26,Flipkart,1,379,CBL-2411-2
VR906884,C105511,VA-HP-ST3,2025-01-26,vireo.in,1,6999,ST3-2411-4
VR908166,C106330,VA-EB-AIR,2025-01-26,vireo.in,1,1799,AIR-2411-4
VR909908,C102100,VA-HP-ST3,2025-01-26,vireo.in,2,13298,ST3-2412-3
VR880165,C107115,VA-SW-NX2,2025-01-27,Amazon,1,6499,NX2-2411-3
VR885245,C108901,VA-HP-ST2,2025-01-27,Flipkart,1,4999,ST2-2411-4
VR887601,C108284,VA-SW-NX2,2025-01-27,Amazon,1,6174,NX2-2411-4
VR889772,C105634,VA-HP-ST3,2025-01-27,vireo.in,1,6299,ST3-2410-1
VR891384,C100950,VA-EB-PL1,2025-01-27,Amazon,1,2499,PL1-2412-4
VR891591,C104846,VA-NB-ARC,2025-01-27,vireo.in,2,2598,ARC-2411-4
VR894691,C101382,VA-SW-FIT,2025-01-27,Amazon,1,1999,FIT-2411-1
VR895529,C108672,VA-SW-NX1,2025-01-27,vireo.in,1,4499,NX1-2410-2
VR896615,C101110,VA-SW-NX2,2025-01-27,Amazon,1,5849,NX2-2411-3
VR905280,C102786,VA-SP-ORB,2025-01-27,Amazon,1,5099,ORB-2410-2
VR905691,C100388,VA-SW-NX2,2025-01-27,vireo.in,1,6174,NX2-2501-1
VR907182,C103176,VA-NB-ARC,2025-01-27,vireo.in,1,1299,ARC-2412-2
VR889802,C102406,VA-EB-PL1,2025-01-28,vireo.in,1,2499,PL1-2410-1
VR890796,C102836,VA-HP-ST3,2025-01-28,vireo.in,1,5949,ST3-2501-2
VR890933,C106539,VA-SW-NX2,2025-01-28,vireo.in,1,6499,NX2-2411-3
VR897601,C100264,VA-EB-PL1,2025-01-28,vireo.in,1,2499,PL1-2411-1
VR900016,C102521,VA-EB-PL1,2025-01-28,Flipkart,1,2499,PL1-2411-3
VR902957,C102954,VA-EB-AIR,2025-01-28,vireo.in,1,1619,AIR-2501-3
VR903023,C102088,VA-SP-ORB,2025-01-28,vireo.in,2,11998,ORB-2411-4
VR905732,C101651,VA-SW-NX2,2025-01-28,vireo.in,1,5849,NX2-2410-2
VR905823,C108438,VA-EB-PL1,2025-01-28,vireo.in,1,2499,PL1-2411-2
VR907474,C109211,VA-EB-AIR,2025-01-28,vireo.in,1,1709,AIR-2412-1
VR880101,C104743,VA-EB-PL1,2025-01-29,vireo.in,1,2499,PL1-2411-1
VR880495,C107087,VA-HP-ST3,2025-01-29,Amazon,1,5599,ST3-2412-4
VR880533,C103015,VA-SW-NX2,2025-01-29,vireo.in,1,5199,NX2-2501-1
VR880984,C101386,VA-SW-FIT,2025-01-29,Amazon,1,1899,FIT-2411-1
VR884752,C109462,VA-HP-ST3,2025-01-29,Flipkart,1,6299,ST3-2410-4
VR885638,C104915,VA-EB-PL1,2025-01-29,vireo.in,1,2249,PL1-2412-2
VR891356,C104684,VA-HP-ST3,2025-01-29,vireo.in,1,6999,ST3-2412-3
VR892267,C100626,VA-EB-AIR,2025-01-29,vireo.in,1,1799,AIR-2412-4
VR893243,C103397,VA-HP-ST2,2025-01-29,vireo.in,1,3999,ST2-2410-4
VR894495,C106665,VA-EB-AIR,2025-01-29,Amazon,1,1619,AIR-2410-1
VR894617,C100078,VA-EB-AIR,2025-01-29,Amazon,1,1439,AIR-2412-2
VR897182,C104987,VA-NB-ARC,2025-01-29,vireo.in,1,1039,ARC-2411-1
VR900063,C108212,VA-HP-ST3,2025-01-29,Flipkart,1,6299,ST3-2411-2
VR902424,C108352,VA-EB-AIR,2025-01-29,Flipkart,1,1709,AIR-2410-2
VR902773,C109295,VA-HP-ST3,2025-01-29,Amazon,1,6999,ST3-2410-2
VR902873,C107806,VA-HP-ST3,2025-01-29,Amazon,1,6999,ST3-2412-3
VR904398,C109062,VA-EB-AIR,2025-01-29,vireo.in,1,1709,AIR-2411-1
VR905140,C103542,VA-EB-AIR,2025-01-29,vireo.in,1,1439,AIR-2412-1
VR906504,C101824,VA-EB-AIR,2025-01-29,vireo.in,1,1709,AIR-2412-2
VR909360,C100134,VA-SW-NX2,2025-01-29,Amazon,1,6174,NX2-2411-4
VR880808,C108513,VA-SW-FIT,2025-01-30,Amazon,1,1899,FIT-2412-4
VR882657,C102464,VA-NB-ARC,2025-01-30,Amazon,2,2078,ARC-2412-1
VR883428,C102034,VA-SP-ORB,2025-01-30,vireo.in,1,5099,ORB-2412-2
VR886926,C100635,VA-EB-PL1,2025-01-30,vireo.in,1,2124,PL1-2412-3
VR891714,C109340,VA-NB-ARC,2025-01-30,Flipkart,1,1039,ARC-2411-4
VR892862,C103917,VA-HP-ST2,2025-01-30,vireo.in,1,4249,ST2-2412-3
VR893488,C101504,VA-EB-AIR,2025-01-30,vireo.in,1,1799,AIR-2412-2
VR897207,C106005,VA-SW-NX1,2025-01-30,Amazon,1,4249,NX1-2411-1
VR898026,C106490,VA-NB-ARC,2025-01-30,Amazon,1,1039,ARC-2411-1
VR898686,C104322,VA-AC-CH65,2025-01-30,Amazon,1,1499,CH65-2412-2
VR898960,C107186,VA-SW-NX2,2025-01-30,Amazon,1,6499,NX2-2412-2
VR902233,C102657,VA-EB-PL1,2025-01-30,vireo.in,1,2499,PL1-2501-4
VR908727,C106802,VA-SW-NX2,2025-01-30,Amazon,1,6499,NX2-2501-2
VR909432,C101401,VA-HP-ST3,2025-01-30,Amazon,1,5949,ST3-2411-3
VR880467,C100805,VA-EB-PL1,2025-01-31,vireo.in,1,2499,PL1-2411-3
VR880712,C108518,VA-SW-NX2,2025-01-31,Amazon,1,6174,NX2-2410-3
VR882833,C100170,VA-EB-PL1,2025-01-31,Flipkart,1,2374,PL1-2412-2
VR883644,C107021,VA-SW-FIT,2025-01-31,Amazon,1,1999,FIT-2411-3
VR886103,C103174,VA-EB-AIR,2025-01-31,Amazon,1,1709,AIR-2411-4
VR886816,C103157,VA-HP-ST3,2025-01-31,vireo.in,1,6999,ST3-2410-1
VR887963,C104946,VA-SW-NX1,2025-01-31,vireo.in,1,4749,NX1-2410-2
VR888077,C100109,VA-HP-ST2,2025-01-31,vireo.in,1,4999,ST2-2410-1
VR888322,C103901,VA-EB-AIR,2025-01-31,Amazon,1,1799,AIR-2410-3
VR898953,C100336,VA-SP-ORB,2025-01-31,vireo.in,1,5399,ORB-2412-4
VR899356,C101318,VA-SP-ORB,2025-01-31,vireo.in,1,5999,ORB-2411-1
VR900631,C108660,VA-EB-PL1,2025-01-31,Amazon,1,2499,PL1-2412-1
VR901597,C103273,VA-SW-FIT,2025-01-31,vireo.in,1,1999,FIT-2412-1
VR904421,C104138,VA-HP-ST2,2025-01-31,Flipkart,1,3999,ST2-2501-3
VR908779,C106796,VA-SW-NX2,2025-01-31,Amazon,1,6499,NX2-2411-1
VR909400,C100109,VA-HP-ST3,2025-01-31,vireo.in,1,6999,ST3-2411-4
VR909518,C105971,VA-SW-NX2,2025-01-31,vireo.in,1,5199,NX2-2412-3
VR909575,C105605,VA-SP-ORB,2025-01-31,vireo.in,1,5399,ORB-2411-2
VR880901,C102176,VA-EB-PL1,2025-02-01,Flipkart,1,2499,PL1-2411-3
VR882656,C108504,VA-SP-ORB,2025-02-01,Flipkart,1,5999,ORB-2410-4
VR888276,C101083,VA-EB-AIR,2025-02-01,Amazon,1,1799,AIR-2411-4
VR893196,C101271,VA-HP-ST2,2025-02-01,Amazon,1,4999,ST2-2501-1
VR893773,C100667,VA-HP-ST3,2025-02-01,vireo.in,1,5949,ST3-2411-3
VR895420,C108191,VA-SW-NX2,2025-02-01,Amazon,1,6499,NX2-2501-3
VR900094,C103972,VA-EB-PL1,2025-02-01,Amazon,1,2499,PL1-2412-3
VR903215,C107139,VA-AC-CH65,2025-02-01,Amazon,1,1349,CH65-2411-2
VR905178,C108958,VA-HP-ST3,2025-02-01,Flipkart,1,5949,ST3-2412-1
VR905534,C105410,VA-EB-PL1,2025-02-01,vireo.in,1,2499,PL1-2411-4
VR907129,C104833,VA-EB-AIR,2025-02-01,vireo.in,1,1799,AIR-2501-4
VR880416,C104059,VA-EB-AIR,2025-02-02,Amazon,1,1709,AIR-2412-4
VR881504,C107258,VA-SW-NX2,2025-02-02,vireo.in,1,6499,NX2-2410-1
VR882882,C103051,VA-SW-FIT,2025-02-02,Amazon,1,1599,FIT-2410-2
VR885471,C102926,VA-SW-NX1,2025-02-02,vireo.in,1,4999,NX1-2412-1
VR885528,C107294,VA-SW-NX2,2025-02-02,Amazon,1,5199,NX2-2410-1
VR886144,C102882,VA-HP-ST3,2025-02-02,vireo.in,1,5599,ST3-2412-1
VR887084,C102423,VA-EB-PL1,2025-02-02,vireo.in,1,2124,PL1-2412-1
VR889454,C104465,VA-HP-ST2,2025-02-02,vireo.in,1,4999,ST2-2410-3
VR891421,C106045,VA-NB-ARC,2025-02-02,vireo.in,1,1169,ARC-2501-1
VR895147,C108616,VA-HP-ST2,2025-02-02,Amazon,1,4999,ST2-2412-2
VR895151,C107242,VA-EB-PL1,2025-02-02,Amazon,2,4998,PL1-2412-3
VR900452,C103656,VA-SW-NX1,2025-02-02,Flipkart,1,3999,NX1-2410-1
VR901092,C106814,VA-EB-PL1,2025-02-02,vireo.in,1,2499,PL1-2412-4
VR903358,C106693,VA-EB-AIR,2025-02-02,vireo.in,1,1529,AIR-2411-3
VR906616,C104854,VA-SW-NX2,2025-02-02,vireo.in,1,5199,NX2-2410-1
VR907724,C103984,VA-EB-AIR,2025-02-02,Amazon,1,1709,AIR-2501-4
VR888158,C105959,VA-EB-PL1,2025-02-03,vireo.in,1,2124,PL1-2501-4
VR888246,C102534,VA-EB-AIR,2025-02-03,vireo.in,2,3598,AIR-2412-1
VR889472,C104808,VA-SW-NX1,2025-02-03,Amazon,1,4499,NX1-2410-1
VR897727,C101854,VA-HP-ST3,2025-02-03,vireo.in,1,6999,ST3-2412-3
VR897775,C102292,VA-SW-FIT,2025-02-03,vireo.in,2,3998,FIT-2411-4
VR897901,C100665,VA-SW-NX2,2025-02-03,Amazon,1,6499,NX2-2411-1
VR902451,C105317,VA-SW-NX1,2025-02-03,vireo.in,1,4499,NX1-2501-1
VR906954,C105143,VA-EB-PL1,2025-02-03,Amazon,1,2124,PL1-2411-1
VR907556,C109441,VA-EB-PL1,2025-02-03,vireo.in,1,2499,PL1-2411-3
VR909739,C107454,VA-SW-NX2,2025-02-03,vireo.in,1,5199,NX2-2411-2
VR880099,C100196,VA-AC-CBL,2025-02-04,Amazon,1,359,CBL-2412-3
VR880237,C102659,VA-EB-AIR,2025-02-04,vireo.in,1,1799,AIR-2412-1
VR880781,C108102,VA-SW-NX2,2025-02-04,vireo.in,1,5524,NX2-2410-1
VR885955,C103286,VA-EB-AIR,2025-02-04,vireo.in,1,1799,AIR-2410-1
VR887101,C109317,VA-SW-NX2,2025-02-04,vireo.in,1,5524,NX2-2412-2
VR889045,C101609,VA-SP-ORB,2025-02-04,Flipkart,1,5699,ORB-2411-3
VR893990,C101992,VA-AC-CBL,2025-02-04,vireo.in,1,339,CBL-2412-4
VR894806,C102171,VA-EB-AIR,2025-02-04,vireo.in,2,3598,AIR-2411-3
VR894968,C109327,VA-SP-ORB,2025-02-04,Amazon,1,5699,ORB-2410-2
VR897218,C101911,VA-EB-AIR,2025-02-04,vireo.in,1,1799,AIR-2411-2
VR897347,C100738,VA-EB-AIR,2025-02-04,Amazon,1,1799,AIR-2412-2
VR897620,C104253,VA-EB-PL1,2025-02-04,Amazon,1,1999,PL1-2501-2
VR897991,C103282,VA-SP-ORB,2025-02-04,Amazon,1,5999,ORB-2411-2
VR898334,C100249,VA-AC-CBL,2025-02-04,vireo.in,1,399,CBL-2410-4
VR898476,C100298,VA-HP-ST3,2025-02-04,Amazon,1,5599,ST3-2411-4
VR900527,C101717,VA-EB-AIR,2025-02-04,Amazon,1,1709,AIR-2412-1
VR902255,C103238,VA-SP-ORB,2025-02-04,vireo.in,1,4799,ORB-2411-1
VR903032,C102944,VA-HP-ST3,2025-02-04,vireo.in,1,6299,ST3-2501-4
VR903475,C100280,VA-HP-ST3,2025-02-04,vireo.in,1,5599,ST3-2410-4
VR882309,C101587,VA-SW-NX2,2025-02-05,vireo.in,1,6499,NX2-2501-1
VR884173,C104000,VA-SW-NX2,2025-02-05,Flipkart,1,5524,NX2-2410-1
VR886766,C106436,VA-EB-PL1,2025-02-05,vireo.in,1,2499,PL1-2411-2
VR888273,C108260,VA-EB-AIR,2025-02-05,vireo.in,2,3238,AIR-2411-4
VR893379,C101807,VA-SP-ORB,2025-02-05,Flipkart,1,5699,ORB-2412-4
VR893399,C106875,VA-EB-AIR,2025-02-05,vireo.in,1,1799,AIR-2410-3
VR906007,C103248,VA-HP-ST3,2025-02-05,vireo.in,2,13998,ST3-2412-1
VR881052,C100792,VA-EB-AIR,2025-02-06,Flipkart,1,1619,AIR-2411-3
VR881360,C106032,VA-SP-ORB,2025-02-06,Amazon,1,5399,ORB-2412-3
VR883529,C109279,VA-SW-NX2,2025-02-06,vireo.in,1,6499,NX2-2412-1
VR886488,C100717,VA-SW-NX2,2025-02-06,vireo.in,1,5849,NX2-2412-1
VR886655,C101760,VA-SW-NX2,2025-02-06,Amazon,1,5199,NX2-2501-2
VR893050,C105867,VA-NB-ARC,2025-02-06,Amazon,1,1299,ARC-2501-1
VR893100,C106763,VA-HP-ST3,2025-02-06,vireo.in,1,6649,ST3-2412-2
VR896851,C101455,VA-HP-ST2,2025-02-06,Flipkart,1,4499,ST2-2411-1
VR902295,C105636,VA-SW-NX2,2025-02-06,Flipkart,1,5849,NX2-2412-1
VR902991,C101462,VA-SW-FIT,2025-02-06,vireo.in,1,1999,FIT-2412-3
VR905120,C102132,VA-EB-AIR,2025-02-06,Amazon,1,1799,AIR-2411-2
VR905338,C101115,VA-SW-NX2,2025-02-06,vireo.in,1,6499,NX2-2411-2
VR907052,C101954,VA-EB-PL1,2025-02-06,Flipkart,1,2374,PL1-2410-3
VR881269,C104124,VA-EB-PL1,2025-02-07,vireo.in,1,2499,PL1-2411-1
VR882398,C100224,VA-EB-PL1,2025-02-07,vireo.in,1,1999,PL1-2411-4
VR882587,C106727,VA-EB-PL1,2025-02-07,Amazon,1,2124,PL1-2501-3
VR889145,C108013,VA-EB-PL1,2025-02-07,Flipkart,1,2499,PL1-2411-1
VR891760,C106021,VA-HP-ST2,2025-02-07,Flipkart,1,4499,ST2-2411-1
VR894258,C104993,VA-SP-ORB,2025-02-07,Amazon,1,5399,ORB-2501-3
VR894562,C104814,VA-EB-AIR,2025-02-07,vireo.in,1,1439,AIR-2410-4
VR900090,C100486,VA-EB-PL1,2025-02-07,vireo.in,1,2499,PL1-2411-2
VR900737,C101297,VA-SP-ORB,2025-02-07,Amazon,1,5099,ORB-2501-4
VR901964,C103446,VA-SW-NX2,2025-02-07,vireo.in,1,6499,NX2-2501-3
VR906287,C102899,VA-HP-ST2,2025-02-07,Amazon,1,4249,ST2-2501-4
VR906499,C104435,VA-SW-NX1,2025-02-07,vireo.in,1,4999,NX1-2410-1
VR909120,C103132,VA-SP-ORB,2025-02-07,Amazon,1,5699,ORB-2411-4
VR881133,C109470,VA-EB-AIR,2025-02-08,vireo.in,1,1799,AIR-2411-4
VR882867,C103050,VA-HP-ST3,2025-02-08,vireo.in,1,5949,ST3-2412-4
VR886658,C101908,VA-HP-ST3,2025-02-08,vireo.in,1,6999,ST3-2412-4
VR887309,C101753,VA-EB-PL1,2025-02-08,Amazon,1,2124,PL1-2410-3
VR889015,C107044,VA-AC-CBL,2025-02-08,vireo.in,1,379,CBL-2410-3
VR890841,C105990,VA-SW-FIT,2025-02-08,Amazon,1,1899,FIT-2501-3
VR891705,C101120,VA-SW-NX1,2025-02-08,vireo.in,1,4749,NX1-2412-2
VR900994,C104538,VA-SP-ORB,2025-02-08,Amazon,1,4799,ORB-2501-3
VR901812,C107581,VA-HP-ST3,2025-02-08,vireo.in,1,6649,ST3-2411-4
VR902645,C105667,VA-SW-NX2,2025-02-08,vireo.in,1,5524,NX2-2411-3
VR902705,C106181,VA-EB-AIR,2025-02-08,Amazon,1,1709,AIR-2412-2
VR904385,C109214,VA-EB-PL1,2025-02-08,vireo.in,1,2499,PL1-2501-4
VR904594,C105871,VA-HP-ST3,2025-02-08,Amazon,1,6649,ST3-2501-1
VR906881,C108905,VA-HP-ST3,2025-02-08,vireo.in,1,6999,ST3-2412-4
VR909317,C101381,VA-NB-ARC,2025-02-08,vireo.in,1,1299,ARC-2410-2
VR882395,C107221,VA-SP-ORB,2025-02-09,Amazon,1,5999,ORB-2412-1
VR887124,C108889,VA-HP-ST2,2025-02-09,Amazon,1,4999,ST2-2501-2
VR889645,C108429,VA-EB-PL1,2025-02-09,vireo.in,1,1999,PL1-2412-1
VR892046,C109490,VA-EB-PL1,2025-02-09,Amazon,1,2499,PL1-2410-1
VR892678,C103159,VA-SW-FIT,2025-02-09,vireo.in,1,1699,FIT-2411-2
VR899244,C100210,VA-EB-AIR,2025-02-09,Flipkart,1,1619,AIR-2412-2
VR900611,C107147,VA-EB-AIR,2025-02-09,Amazon,1,1799,AIR-2410-3
VR901473,C102066,VA-EB-AIR,2025-02-09,Amazon,1,1799,AIR-2411-1
VR903605,C102589,VA-AC-CBL,2025-02-09,vireo.in,1,339,CBL-2501-1
VR904395,C104145,VA-HP-ST3,2025-02-09,Amazon,1,5599,ST3-2411-3
VR909735,C103020,VA-HP-ST3,2025-02-09,vireo.in,1,6649,ST3-2412-4
VR880046,C100971,VA-SW-NX2,2025-02-10,vireo.in,1,6174,NX2-2501-1
VR881760,C108579,VA-EB-PL1,2025-02-10,Amazon,1,2499,PL1-2410-2
VR885001,C109406,VA-SW-NX2,2025-02-10,vireo.in,2,12998,NX2-2412-2
VR887197,C104399,VA-NB-ARC,2025-02-10,vireo.in,1,1039,ARC-2412-4
VR890670,C101411,VA-SW-NX2,2025-02-10,vireo.in,1,5524,NX2-2412-2
VR892084,C101107,VA-SW-NX2,2025-02-10,Amazon,1,5524,NX2-2411-4
VR894265,C105433,VA-EB-AIR,2025-02-10,Flipkart,1,1799,AIR-2410-2
VR896552,C104932,VA-EB-PL1,2025-02-10,vireo.in,1,2499,PL1-2411-2
VR898549,C100297,VA-EB-AIR,2025-02-10,vireo.in,2,3058,AIR-2412-2
VR898995,C104604,VA-SW-NX1,2025-02-10,vireo.in,1,3999,NX1-2412-3
VR899839,C107299,VA-AC-CH65,2025-02-10,Flipkart,1,1199,CH65-2412-1
VR900153,C104980,VA-SW-NX2,2025-02-10,vireo.in,1,5199,NX2-2412-3
VR903950,C100890,VA-SW-FIT,2025-02-10,vireo.in,1,1999,FIT-2411-3
VR904077,C106441,VA-HP-ST3,2025-02-10,Amazon,1,6999,ST3-2501-4
VR904254,C101346,VA-SW-NX1,2025-02-10,vireo.in,1,4249,NX1-2412-3
VR882709,C106544,VA-SW-NX1,2025-02-11,vireo.in,1,3999,NX1-2411-3
VR885065,C106421,VA-SW-NX2,2025-02-11,vireo.in,1,6499,NX2-2501-1
VR885405,C103376,VA-EB-AIR,2025-02-11,Amazon,2,3598,AIR-2412-2
VR887964,C100824,VA-EB-AIR,2025-02-11,vireo.in,1,1439,AIR-2412-4
VR888317,C108867,VA-SP-ORB,2025-02-11,Flipkart,1,4799,ORB-2412-3
VR890280,C103274,VA-EB-PL1,2025-02-11,vireo.in,1,2249,PL1-2411-1
VR895180,C105152,VA-EB-PL1,2025-02-11,Amazon,1,2499,PL1-2412-4
VR897719,C100997,VA-EB-AIR,2025-02-11,vireo.in,1,1529,AIR-2412-4
VR900687,C100625,VA-SW-FIT,2025-02-11,Flipkart,1,1999,FIT-2411-3
VR903578,C100638,VA-EB-AIR,2025-02-11,vireo.in,1,1709,AIR-2411-1
VR903705,C103693,VA-AC-CH65,2025-02-11,Amazon,1,1499,CH65-2412-4
VR904087,C108588,VA-SW-NX1,2025-02-11,vireo.in,1,4499,NX1-2412-4
VR904930,C101041,VA-AC-CH65,2025-02-11,vireo.in,1,1274,CH65-2411-2
VR905949,C104509,VA-EB-PL1,2025-02-11,vireo.in,2,4248,PL1-2411-1
VR909186,C105964,VA-EB-PL1,2025-02-11,vireo.in,1,2499,PL1-2411-3
VR909611,C101758,VA-SW-NX2,2025-02-11,Amazon,1,5849,NX2-2411-3
VR881839,C100149,VA-EB-PL1,2025-02-12,Flipkart,1,2499,PL1-2412-3
VR886720,C108477,VA-SW-FIT,2025-02-12,Amazon,1,1999,FIT-2412-1
VR887195,C106785,VA-EB-AIR,2025-02-12,vireo.in,1,1619,AIR-2410-3
VR888008,C108697,VA-EB-AIR,2025-02-12,vireo.in,1,1529,AIR-2411-3
VR890490,C101769,VA-EB-AIR,2025-02-12,Flipkart,1,1799,AIR-2411-1
VR892251,C104633,VA-AC-CH65,2025-02-12,vireo.in,1,1499,CH65-2501-2
VR894677,C100815,VA-SW-NX1,2025-02-12,Flipkart,1,4749,NX1-2411-1
VR897903,C105058,VA-AC-CH65,2025-02-12,vireo.in,1,1499,CH65-2411-4
VR900850,C101404,VA-EB-PL1,2025-02-12,Amazon,1,2249,PL1-2501-4
VR902884,C101590,VA-SW-NX1,2025-02-12,Amazon,2,9998,NX1-2501-3
VR903622,C107594,VA-HP-ST3,2025-02-12,vireo.in,1,6999,ST3-2501-2
VR904328,C109260,VA-SP-ORB,2025-02-12,Amazon,1,5999,ORB-2412-1
VR905520,C100737,VA-HP-ST3,2025-02-12,vireo.in,1,6649,ST3-2411-3
VR905910,C104245,VA-EB-AIR,2025-02-12,Amazon,1,1799,AIR-2411-2
VR908129,C105485,VA-EB-AIR,2025-02-12,vireo.in,1,1619,AIR-2412-3
VR908315,C100162,VA-EB-PL1,2025-02-12,Amazon,1,1999,PL1-2501-1
VR880936,C100926,VA-SW-NX1,2025-02-13,Flipkart,1,4499,NX1-2412-3
VR882293,C107109,VA-EB-AIR,2025-02-13,Amazon,1,1799,AIR-2501-4
VR889041,C101173,VA-SW-NX2,2025-02-13,Flipkart,1,5524,NX2-2411-3
VR889410,C106820,VA-AC-CH65,2025-02-13,vireo.in,1,1499,CH65-2411-2
VR889674,C105432,VA-SW-NX2,2025-02-13,Amazon,1,5524,NX2-2410-2
VR889799,C108657,VA-HP-ST3,2025-02-13,vireo.in,1,6649,ST3-2411-3
VR891690,C108385,VA-SW-FIT,2025-02-13,Amazon,1,1599,FIT-2411-2
VR892587,C104731,VA-EB-PL1,2025-02-13,Amazon,1,2249,PL1-2412-1
VR893251,C108560,VA-HP-ST2,2025-02-13,vireo.in,2,8998,ST2-2501-1
VR897780,C106135,VA-EB-PL1,2025-02-13,vireo.in,1,2374,PL1-2501-1
VR899599,C109324,VA-AC-CH65,2025-02-13,Amazon,1,1499,CH65-2411-3
VR900163,C107895,VA-SP-ORB,2025-02-13,vireo.in,1,5999,ORB-2411-1
VR901617,C103107,VA-EB-AIR,2025-02-13,vireo.in,1,1799,AIR-2411-3
VR903189,C103810,VA-SP-ORB,2025-02-13,Amazon,1,4799,ORB-2412-2
VR905019,C102067,VA-HP-ST3,2025-02-13,vireo.in,1,6999,ST3-2411-2
VR906233,C102314,VA-SW-NX2,2025-02-13,vireo.in,1,5849,NX2-2501-2
VR908650,C104204,VA-HP-ST3,2025-02-13,vireo.in,1,5599,ST3-2411-3
VR880539,C101378,VA-SW-FIT,2025-02-14,vireo.in,1,1599,FIT-2410-1
VR883418,C108067,VA-SW-NX2,2025-02-14,Amazon,1,6499,NX2-2412-2
VR884734,C106181,VA-EB-PL1,2025-02-14,vireo.in,1,2249,PL1-2411-1
VR889142,C107102,VA-EB-PL1,2025-02-14,vireo.in,1,2374,PL1-2501-1
VR889314,C100811,VA-SP-ORB,2025-02-14,vireo.in,1,5999,ORB-2412-1
VR890352,C106914,VA-HP-ST2,2025-02-14,Amazon,1,4999,ST2-2411-1
VR892111,C104868,VA-SP-MINI,2025-02-14,vireo.in,1,2374,MINI-2411-1
VR896961,C101651,VA-SW-NX1,2025-02-14,Flipkart,1,4249,NX1-2411-1
VR897080,C103085,VA-SP-ORB,2025-02-14,vireo.in,2,9598,ORB-2501-4
VR899537,C106544,VA-SW-NX2,2025-02-14,vireo.in,1,6499,NX2-2501-1
VR901498,C106522,VA-NB-ARC,2025-02-14,vireo.in,2,2598,ARC-2412-2
VR901739,C100527,VA-AC-CH65,2025-02-14,Amazon,1,1424,CH65-2412-3
VR904042,C102601,VA-HP-ST3,2025-02-14,Flipkart,1,6299,ST3-2412-3
VR906988,C109305,VA-EB-PL1,2025-02-14,vireo.in,1,2499,PL1-2410-4
VR907262,C106770,VA-EB-AIR,2025-02-14,vireo.in,1,1529,AIR-2412-2
VR880622,C108395,VA-HP-ST3,2025-02-15,Amazon,1,5949,ST3-2411-1
VR883108,C103945,VA-SP-MINI,2025-02-15,Flipkart,1,2124,MINI-2412-3
VR888577,C102223,VA-EB-PL1,2025-02-15,Amazon,1,2124,PL1-2501-3
VR891830,C107654,VA-EB-AIR,2025-02-15,vireo.in,1,1709,AIR-2501-4
VR893286,C106074,VA-AC-CH65,2025-02-15,Amazon,2,2398,CH65-2411-4
VR894321,C103463,VA-EB-PL1,2025-02-15,vireo.in,1,2374,PL1-2412-3
VR895910,C104804,VA-AC-CH65,2025-02-15,vireo.in,1,1499,CH65-2411-2
VR902562,C108762,VA-SW-NX2,2025-02-15,Amazon,1,6174,NX2-2412-1
VR903086,C105730,VA-SP-MINI,2025-02-15,Amazon,1,2499,MINI-2412-4
VR903226,C104312,VA-EB-AIR,2025-02-15,vireo.in,1,1799,AIR-2411-1
VR903418,C100688,VA-AC-CH65,2025-02-15,vireo.in,1,1199,CH65-2412-4
VR907743,C104039,VA-EB-AIR,2025-02-15,Amazon,1,1799,AIR-2501-3
VR908155,C103395,VA-HP-ST3,2025-02-15,Amazon,2,11898,ST3-2412-4
VR908557,C108416,VA-SW-NX2,2025-02-15,vireo.in,1,5524,NX2-2410-4
VR910039,C105630,VA-SP-ORB,2025-02-15,vireo.in,1,5099,ORB-2501-3
VR880254,C106413,VA-EB-AIR,2025-02-16,vireo.in,1,1709,AIR-2411-4
VR882994,C103021,VA-NB-ARC,2025-02-16,vireo.in,1,1299,ARC-2412-2
VR885263,C103890,VA-EB-PL1,2025-02-16,vireo.in,1,2499,PL1-2412-2
VR886223,C106698,VA-EB-PL1,2025-02-16,Flipkart,1,1999,PL1-2501-3
VR886785,C106566,VA-SW-NX2,2025-02-16,Amazon,1,5849,NX2-2411-3
VR888997,C103730,VA-NB-ARC,2025-02-16,Amazon,1,1299,ARC-2411-3
VR891748,C107524,VA-SW-NX1,2025-02-16,Amazon,1,4999,NX1-2411-3
VR891913,C106138,VA-HP-ST3,2025-02-16,Amazon,1,5599,ST3-2501-1
VR892039,C107211,VA-SW-FIT,2025-02-16,Flipkart,1,1899,FIT-2501-3
VR892766,C103634,VA-SW-NX2,2025-02-16,vireo.in,2,10398,NX2-2412-4
VR894098,C106989,VA-HP-ST3,2025-02-16,Amazon,1,5949,ST3-2411-1
VR894425,C106162,VA-SW-NX2,2025-02-16,Amazon,1,5524,NX2-2412-2
VR894556,C103829,VA-SW-NX2,2025-02-16,vireo.in,1,6499,NX2-2411-2
VR895582,C105556,VA-EB-PL1,2025-02-16,Amazon,1,2499,PL1-2501-3
VR903401,C108207,VA-EB-AIR,2025-02-16,vireo.in,1,1799,AIR-2501-2
VR906248,C106710,VA-HP-ST3,2025-02-16,vireo.in,1,6999,ST3-2411-1
VR908202,C105047,VA-HP-ST3,2025-02-16,Amazon,1,6299,ST3-2501-1
VR908322,C106575,VA-SP-ORB,2025-02-16,vireo.in,1,5999,ORB-2411-3
VR909906,C108509,VA-SW-FIT,2025-02-16,Flipkart,1,1899,FIT-2412-4
VR909930,C104540,VA-EB-PL1,2025-02-16,vireo.in,1,2249,PL1-2411-4
VR882687,C107079,VA-SW-NX1,2025-02-17,vireo.in,1,4999,NX1-2412-3
VR886374,C101227,VA-HP-ST3,2025-02-17,Flipkart,1,6649,ST3-2501-3
VR886708,C108931,VA-SP-MINI,2025-02-17,Flipkart,1,1999,MINI-2501-1
VR886735,C106806,VA-HP-ST3,2025-02-17,vireo.in,1,6999,ST3-2501-1
VR889993,C103204,VA-SP-ORB,2025-02-17,vireo.in,1,5099,ORB-2501-2
VR890025,C100823,VA-SW-NX2,2025-02-17,Amazon,1,5849,NX2-2412-2
VR891708,C106821,VA-EB-AIR,2025-02-17,vireo.in,1,1439,AIR-2501-3
VR891974,C103135,VA-SP-MINI,2025-02-17,Flipkart,1,2499,MINI-2501-4
VR892646,C103939,VA-AC-CH65,2025-02-17,Flipkart,1,1349,CH65-2411-1
VR894935,C106917,VA-SW-NX2,2025-02-17,vireo.in,2,12998,NX2-2411-4
VR895163,C101024,VA-EB-PL1,2025-02-17,vireo.in,1,2249,PL1-2501-3
VR899304,C101142,VA-SW-NX2,2025-02-17,vireo.in,1,5849,NX2-2411-1
VR899976,C109117,VA-EB-AIR,2025-02-17,vireo.in,1,1799,AIR-2411-2
VR901142,C101294,VA-AC-CBL,2025-02-17,Flipkart,1,339,CBL-2411-1
VR907920,C100964,VA-SP-MINI,2025-02-17,vireo.in,2,3998,MINI-2411-1
VR908378,C104619,VA-EB-AIR,2025-02-17,vireo.in,1,1619,AIR-2501-1
VR908937,C103072,VA-NB-ARC,2025-02-17,vireo.in,1,1299,ARC-2501-4
VR881870,C100492,VA-SW-NX2,2025-02-18,vireo.in,1,5849,NX2-2412-3
VR882480,C107824,VA-EB-PL1,2025-02-18,Amazon,1,2499,PL1-2411-4
VR888239,C104044,VA-SW-FIT,2025-02-18,vireo.in,1,1999,FIT-2501-2
VR893495,C106789,VA-EB-PL1,2025-02-18,vireo.in,1,1999,PL1-2412-3
VR894533,C108554,VA-EB-PL1,2025-02-18,Amazon,1,2499,PL1-2411-1
VR895681,C109203,VA-AC-CBL,2025-02-18,vireo.in,1,339,CBL-2412-2
VR896463,C109059,VA-EB-PL1,2025-02-18,Amazon,1,2124,PL1-2501-1
VR897700,C104488,VA-HP-ST3,2025-02-18,Amazon,2,11898,ST3-2412-3
VR898779,C108613,VA-AC-CH65,2025-02-18,vireo.in,1,1199,CH65-2412-1
VR900989,C105274,VA-HP-ST3,2025-02-18,Amazon,1,6649,ST3-2411-2
VR902169,C104931,VA-NB-ARC,2025-02-18,Amazon,1,1299,ARC-2412-4
VR905326,C108461,VA-NB-ARC,2025-02-18,vireo.in,1,1104,ARC-2501-3
VR905724,C108440,VA-HP-ST3,2025-02-18,Amazon,1,6999,ST3-2501-4
VR906042,C106606,VA-HP-ST3,2025-02-18,Amazon,1,6999,ST3-2411-4
VR906063,C101773,VA-HP-ST3,2025-02-18,Amazon,1,6299,ST3-2411-3
VR906174,C102707,VA-SW-FIT,2025-02-18,Flipkart,2,3798,FIT-2501-1
VR880007,C105042,VA-HP-ST3,2025-02-19,vireo.in,1,5949,ST3-2412-2
VR883904,C101058,VA-SP-ORB,2025-02-19,Flipkart,1,5699,ORB-2411-1
VR889564,C102425,VA-EB-PL1,2025-02-19,Amazon,1,2374,PL1-2411-4
VR892452,C102328,VA-SW-FIT,2025-02-19,vireo.in,1,1699,FIT-2412-1
VR893957,C108073,VA-EB-AIR,2025-02-19,Flipkart,1,1799,AIR-2411-1
VR894862,C105067,VA-SW-NX2,2025-02-19,Amazon,1,6174,NX2-2412-4
VR895380,C106218,VA-HP-ST3,2025-02-19,vireo.in,1,6299,ST3-2501-3
VR896496,C107464,VA-SW-FIT,2025-02-19,vireo.in,1,1699,FIT-2501-1
VR897541,C106918,VA-SP-MINI,2025-02-19,vireo.in,1,2499,MINI-2411-2
VR899279,C109496,VA-EB-PL1,2025-02-19,vireo.in,1,2249,PL1-2411-2
VR901549,C105426,VA-EB-AIR,2025-02-19,vireo.in,1,1619,AIR-2411-3
VR901842,C107316,VA-EB-PL1,2025-02-19,vireo.in,1,2249,PL1-2412-1
VR903072,C106755,VA-SP-ORB,2025-02-19,vireo.in,1,5999,ORB-2411-3
VR903888,C102445,VA-SP-ORB,2025-02-19,vireo.in,2,11998,ORB-2411-1
VR905653,C100175,VA-HP-ST3,2025-02-19,Flipkart,1,6649,ST3-2501-1
VR905661,C106658,VA-EB-AIR,2025-02-19,vireo.in,1,1439,AIR-2501-1
VR907620,C102007,VA-HP-ST3,2025-02-19,vireo.in,2,11198,ST3-2412-4
VR909782,C109361,VA-HP-ST3,2025-02-19,Amazon,1,6999,ST3-2501-4
VR880038,C101481,VA-SW-NX2,2025-02-20,vireo.in,1,6499,NX2-2501-4
VR883374,C108137,VA-SW-NX2,2025-02-20,vireo.in,1,5849,NX2-2501-4
VR883984,C101976,VA-EB-AIR,2025-02-20,Flipkart,1,1709,AIR-2412-1
VR887567,C102729,VA-EB-AIR,2025-02-20,Amazon,1,1799,AIR-2411-3
VR888469,C108763,VA-EB-AIR,2025-02-20,Amazon,1,1619,AIR-2411-1
VR888645,C101587,VA-SW-FIT,2025-02-20,Flipkart,1,1799,FIT-2501-1
VR892416,C104077,VA-AC-CBL,2025-02-20,vireo.in,1,399,CBL-2411-2
VR893172,C109384,VA-HP-ST3,2025-02-20,Flipkart,1,6999,ST3-2412-2
VR895240,C103810,VA-SW-NX2,2025-02-20,vireo.in,1,5524,NX2-2412-3
VR896342,C105408,VA-SP-ORB,2025-02-20,vireo.in,1,4799,ORB-2501-3
VR897455,C100971,VA-EB-PL1,2025-02-20,Flipkart,1,2499,PL1-2501-2
VR897740,C103324,VA-SW-FIT,2025-02-20,vireo.in,1,1999,FIT-2501-4
VR898794,C109487,VA-SW-NX2,2025-02-20,vireo.in,1,6499,NX2-2412-2
VR902434,C103484,VA-EB-PL1,2025-02-20,Amazon,1,2374,PL1-2411-1
VR905089,C100917,VA-HP-ST3,2025-02-20,Amazon,1,5949,ST3-2411-1
VR906593,C106022,VA-EB-PL1,2025-02-20,vireo.in,2,4998,PL1-2412-1
VR909876,C108912,VA-EB-AIR,2025-02-20,vireo.in,2,3418,AIR-2411-2
VR880810,C101520,VA-HP-ST3,2025-02-21,Amazon,1,6999,ST3-2501-2
VR881209,C100742,VA-SP-MINI,2025-02-21,Flipkart,1,2499,MINI-2412-1
VR885389,C108821,VA-EB-PL1,2025-02-21,vireo.in,1,2499,PL1-2411-3
VR886554,C108595,VA-EB-PL1,2025-02-21,Amazon,1,1999,PL1-2501-4
VR886810,C108318,VA-AC-CH65,2025-02-21,Amazon,1,1199,CH65-2501-4
VR887353,C102804,VA-SW-NX2,2025-02-21,vireo.in,1,5524,NX2-2412-3
VR887524,C103177,VA-SW-NX2,2025-02-21,Amazon,1,6499,NX2-2501-2
VR887620,C109092,VA-SW-NX2,2025-02-21,vireo.in,1,6499,NX2-2501-4
VR890499,C100753,VA-SP-MINI,2025-02-21,vireo.in,1,2499,MINI-2412-1
VR893941,C100213,VA-SP-MINI,2025-02-21,vireo.in,1,2249,MINI-2501-4
VR898373,C101489,VA-EB-AIR,2025-02-21,vireo.in,1,1529,AIR-2501-1
VR899493,C107522,VA-HP-ST3,2025-02-21,vireo.in,1,6999,ST3-2501-1
VR902014,C108835,VA-EB-PL1,2025-02-21,vireo.in,2,4998,PL1-2412-1
VR902861,C100381,VA-SW-NX2,2025-02-21,vireo.in,1,6174,NX2-2501-3
VR904465,C106317,VA-SW-NX2,2025-02-21,Amazon,1,5199,NX2-2501-4
VR905608,C100667,VA-NB-ARC,2025-02-21,vireo.in,1,1234,ARC-2412-4
VR906935,C102415,VA-SP-MINI,2025-02-21,Flipkart,1,2499,MINI-2412-4
VR881410,C106675,VA-HP-ST2,2025-02-22,Amazon,1,4999,ST2-2501-1
VR882901,C101931,VA-EB-AIR,2025-02-22,Amazon,1,1799,AIR-2412-4
VR884259,C108841,VA-SW-NX2,2025-02-22,vireo.in,2,12348,NX2-2411-4
VR886263,C104627,VA-SP-MINI,2025-02-22,Amazon,1,2249,MINI-2411-3
VR886299,C100485,VA-NB-ARC,2025-02-22,Amazon,2,2598,ARC-2501-2
VR886380,C107087,VA-HP-ST3,2025-02-22,vireo.in,1,6649,ST3-2412-4
VR888830,C108561,VA-SW-NX2,2025-02-22,Amazon,1,6499,NX2-2412-2
VR893829,C109243,VA-HP-ST2,2025-02-22,vireo.in,1,4499,ST2-2412-1
VR894689,C104668,VA-SW-NX1,2025-02-22,vireo.in,1,4499,NX1-2412-4
VR897449,C105323,VA-EB-AIR,2025-02-22,Amazon,1,1799,AIR-2501-3
VR901062,C108406,VA-EB-AIR,2025-02-22,vireo.in,1,1799,AIR-2412-3
VR901269,C108258,VA-HP-ST3,2025-02-22,vireo.in,2,11898,ST3-2412-1
VR901827,C105904,VA-EB-AIR,2025-02-22,vireo.in,1,1619,AIR-2501-4
VR903703,C102362,VA-HP-ST3,2025-02-22,Flipkart,1,5599,ST3-2411-1
VR905070,C106629,VA-EB-AIR,2025-02-22,Amazon,1,1439,AIR-2501-4
VR905381,C106308,VA-HP-ST3,2025-02-22,Amazon,1,6999,ST3-2501-2
VR905853,C106511,VA-EB-AIR,2025-02-22,Flipkart,1,1619,AIR-2411-3
VR910139,C109232,VA-SP-ORB,2025-02-22,vireo.in,1,5999,ORB-2412-3
VR882397,C100813,VA-SW-NX2,2025-02-23,Amazon,1,6499,NX2-2412-2
VR883150,C106466,VA-EB-AIR,2025-02-23,vireo.in,1,1799,AIR-2412-2
VR884596,C108408,VA-SW-NX2,2025-02-23,Amazon,1,5199,NX2-2411-3
VR884792,C103275,VA-SW-NX2,2025-02-23,Amazon,1,5849,NX2-2501-3
VR886287,C102682,VA-SP-MINI,2025-02-23,Amazon,1,2499,MINI-2412-3
VR887111,C106173,VA-NB-ARC,2025-02-23,Flipkart,1,1299,ARC-2412-4
VR887890,C104944,VA-HP-ST3,2025-02-23,Flipkart,1,5949,ST3-2412-2
VR888740,C103859,VA-SW-NX1,2025-02-23,Amazon,1,3999,NX1-2501-2
VR889980,C108440,VA-SW-FIT,2025-02-23,Amazon,1,1999,FIT-2412-2
VR891044,C108017,VA-SW-FIT,2025-02-23,Flipkart,1,1699,FIT-2411-4
VR893125,C108915,VA-SP-ORB,2025-02-23,Amazon,1,4799,ORB-2411-3
VR900144,C102305,VA-EB-PL1,2025-02-23,Amazon,1,2374,PL1-2502-2
VR909365,C101905,VA-HP-ST3,2025-02-23,vireo.in,1,6999,ST3-2411-4
VR909938,C107755,VA-SP-MINI,2025-02-23,vireo.in,1,1999,MINI-2501-4
VR880309,C108449,VA-SW-NX2,2025-02-24,vireo.in,1,6499,NX2-2411-2
VR883781,C106825,VA-NB-ARC,2025-02-24,Flipkart,1,1234,ARC-2501-2
VR884014,C106204,VA-EB-PL1,2025-02-24,vireo.in,2,3998,PL1-2411-4
VR884674,C103757,VA-EB-PL1,2025-02-24,Flipkart,1,2499,PL1-2501-2
VR886307,C102177,VA-AC-CH65,2025-02-24,vireo.in,1,1349,CH65-2412-3
VR886544,C108660,VA-SW-NX2,2025-02-24,vireo.in,2,11698,NX2-2412-4
VR887509,C105390,VA-HP-ST2,2025-02-24,Flipkart,1,4999,ST2-2411-1
VR888907,C100052,VA-EB-PL1,2025-02-24,vireo.in,1,1999,PL1-2501-3
VR893822,C104916,VA-SP-MINI,2025-02-24,vireo.in,1,1999,MINI-2412-1
VR896034,C102758,VA-SP-ORB,2025-02-24,Flipkart,1,5999,ORB-2501-2
VR896085,C105265,VA-EB-AIR,2025-02-24,Flipkart,1,1619,AIR-2412-2
VR901836,C102885,VA-SW-NX2,2025-02-24,Amazon,1,6499,NX2-2412-4
VR903097,C101277,VA-SW-NX2,2025-02-24,vireo.in,1,5524,NX2-2411-3
VR907820,C109081,VA-SW-NX2,2025-02-24,vireo.in,1,6499,NX2-2411-4
VR908616,C107386,VA-SW-NX2,2025-02-24,Amazon,1,5849,NX2-2501-2
VR909016,C103932,VA-EB-PL1,2025-02-24,vireo.in,2,4248,PL1-2501-4
VR909511,C103063,VA-SP-ORB,2025-02-24,Amazon,1,5699,ORB-2501-4
VR881074,C104684,VA-SW-NX1,2025-02-25,vireo.in,1,4749,NX1-2412-4
VR881623,C104139,VA-SW-FIT,2025-02-25,Amazon,1,1899,FIT-2411-4
VR882726,C109040,VA-EB-AIR,2025-02-25,vireo.in,1,1799,AIR-2501-3
VR884019,C102461,VA-SW-FIT,2025-02-25,vireo.in,1,1999,FIT-2411-4
VR885125,C109095,VA-HP-ST2,2025-02-25,vireo.in,1,4749,ST2-2411-1
VR885393,C100634,VA-EB-PL1,2025-02-25,vireo.in,1,2499,PL1-2412-3
VR888880,C106497,VA-HP-ST3,2025-02-25,vireo.in,1,5949,ST3-2412-1
VR893910,C106162,VA-SP-MINI,2025-02-25,vireo.in,1,2499,MINI-2501-2
VR898031,C106799,VA-EB-PL1,2025-02-25,Flipkart,1,2249,PL1-2412-3
VR898945,C105934,VA-SW-FIT,2025-02-25,Amazon,1,1599,FIT-2411-1
VR906455,C100081,VA-EB-AIR,2025-02-25,Amazon,1,1439,AIR-2411-4
VR907996,C108594,VA-EB-PL1,2025-02-25,vireo.in,1,2374,PL1-2501-1
VR883332,C100435,VA-SP-MINI,2025-02-26,Flipkart,1,2499,MINI-2412-4
VR883661,C108545,VA-EB-PL1,2025-02-26,vireo.in,1,2499,PL1-2502-1
VR884206,C108588,VA-EB-AIR,2025-02-26,vireo.in,2,3238,AIR-2501-2
VR885094,C102733,VA-EB-PL1,2025-02-26,Flipkart,1,2499,PL1-2501-4
VR885417,C103486,VA-EB-PL1,2025-02-26,Flipkart,1,2124,PL1-2412-4
VR886900,C108022,VA-SW-NX1,2025-02-26,vireo.in,1,4999,NX1-2412-2
VR887020,C104758,VA-NB-ARC,2025-02-26,Flipkart,1,1299,ARC-2411-4
VR889170,C107063,VA-NB-ARC,2025-02-26,vireo.in,1,1039,ARC-2411-1
VR889296,C104054,VA-SP-MINI,2025-02-26,vireo.in,1,2249,MINI-2502-1
VR890024,C109046,VA-SW-NX2,2025-02-26,vireo.in,2,10398,NX2-2411-1
VR890179,C103529,VA-NB-ARC,2025-02-26,vireo.in,1,1299,ARC-2412-3
VR891155,C109277,VA-EB-PL1,2025-02-26,vireo.in,1,1999,PL1-2411-4
VR891535,C108050,VA-EB-PL1,2025-02-26,vireo.in,1,2499,PL1-2412-2
VR892579,C100635,VA-HP-ST3,2025-02-26,vireo.in,1,5599,ST3-2501-1
VR893115,C106823,VA-SW-NX1,2025-02-26,vireo.in,1,4499,NX1-2502-4
VR898491,C107292,VA-SP-MINI,2025-02-26,vireo.in,2,4498,MINI-2412-1
VR901227,C109230,VA-SW-NX2,2025-02-26,Amazon,2,11048,NX2-2501-3
VR901356,C102004,VA-EB-PL1,2025-02-26,vireo.in,2,4498,PL1-2411-4
VR903420,C106211,VA-SP-ORB,2025-02-26,vireo.in,2,11398,ORB-2501-4
VR905377,C102012,VA-SW-NX2,2025-02-26,Flipkart,1,5199,NX2-2501-2
VR909173,C103317,VA-EB-AIR,2025-02-26,Amazon,2,3238,AIR-2411-4
VR909420,C100140,VA-HP-ST3,2025-02-26,vireo.in,1,6999,ST3-2411-4
VR880761,C101213,VA-SW-FIT,2025-02-27,vireo.in,1,1999,FIT-2412-3
VR882111,C103538,VA-EB-AIR,2025-02-27,Flipkart,1,1799,AIR-2501-3
VR885629,C108032,VA-SW-NX2,2025-02-27,Amazon,1,5524,NX2-2412-1
VR886136,C109188,VA-SW-FIT,2025-02-27,Amazon,1,1699,FIT-2501-4
VR886613,C101944,VA-EB-PL1,2025-02-27,Amazon,1,1999,PL1-2501-2
VR887147,C106333,VA-HP-ST3,2025-02-27,Amazon,2,13998,ST3-2501-2
VR887877,C101398,VA-EB-AIR,2025-02-27,Amazon,1,1799,AIR-2501-4
VR888637,C102743,VA-HP-ST3,2025-02-27,vireo.in,1,5949,ST3-2412-1
VR889973,C101885,VA-SW-NX2,2025-02-27,Flipkart,1,6499,NX2-2412-2
VR893275,C109404,VA-HP-ST2,2025-02-27,Flipkart,1,4249,ST2-2501-2
VR896490,C103404,VA-SW-NX2,2025-02-27,Flipkart,1,6499,NX2-2501-1
VR899830,C100189,VA-HP-ST3,2025-02-27,Flipkart,1,5949,ST3-2412-1
VR901475,C104408,VA-SW-NX1,2025-02-27,Flipkart,1,4999,NX1-2501-1
VR901573,C106408,VA-AC-CBL,2025-02-27,Amazon,1,399,CBL-2501-4
VR903252,C107959,VA-SW-NX2,2025-02-27,Amazon,1,5524,NX2-2411-1
VR905730,C104401,VA-SW-FIT,2025-02-27,vireo.in,1,1999,FIT-2411-4
VR906280,C106788,VA-EB-PL1,2025-02-27,Amazon,1,2249,PL1-2412-1
VR907437,C104025,VA-HP-ST3,2025-02-27,Amazon,2,12598,ST3-2412-1
VR907717,C105620,VA-SP-ORB,2025-02-27,vireo.in,2,11998,ORB-2412-3
VR907991,C104536,VA-EB-AIR,2025-02-27,vireo.in,1,1529,AIR-2502-2
VR909015,C101498,VA-SW-NX1,2025-02-27,vireo.in,2,9998,NX1-2411-1
VR909955,C103098,VA-HP-ST3,2025-02-27,vireo.in,1,6999,ST3-2411-1
VR882958,C103942,VA-SP-ORB,2025-02-28,Amazon,1,5099,ORB-2412-4
VR886030,C105632,VA-EB-PL1,2025-02-28,Amazon,1,2124,PL1-2411-2
VR886619,C108959,VA-EB-AIR,2025-02-28,vireo.in,1,1799,AIR-2412-2
VR888464,C100585,VA-EB-AIR,2025-02-28,Flipkart,1,1439,AIR-2501-3
VR889747,C107675,VA-EB-PL1,2025-02-28,vireo.in,1,2499,PL1-2412-3
VR889903,C107004,VA-EB-PL1,2025-02-28,vireo.in,1,2124,PL1-2501-4
VR890061,C101843,VA-HP-ST2,2025-02-28,vireo.in,1,4749,ST2-2411-1
VR895750,C108673,VA-HP-ST2,2025-02-28,Amazon,1,4999,ST2-2412-1
VR896900,C103113,VA-EB-AIR,2025-02-28,vireo.in,1,1529,AIR-2412-1
VR898757,C100497,VA-SW-NX2,2025-02-28,Amazon,1,5199,NX2-2501-2
VR902108,C102661,VA-HP-ST2,2025-02-28,Amazon,1,3999,ST2-2501-4
VR904651,C107306,VA-SW-NX1,2025-02-28,vireo.in,1,4999,NX1-2411-3
VR905839,C103034,VA-EB-AIR,2025-02-28,Amazon,1,1619,AIR-2501-1
VR881261,C100301,VA-SW-NX2,2025-03-01,vireo.in,1,6499,NX2-2411-4
VR882708,C108175,VA-HP-ST3,2025-03-01,Flipkart,1,6999,ST3-2412-3
VR882729,C107320,VA-EB-PL1,2025-03-01,vireo.in,1,2499,PL1-2502-4
VR887048,C103798,VA-AC-CBL,2025-03-01,vireo.in,1,399,CBL-2501-2
VR892183,C103725,VA-SW-FIT,2025-03-01,vireo.in,1,1999,FIT-2412-2
VR900762,C100813,VA-EB-AIR,2025-03-01,Amazon,1,1619,AIR-2502-3
VR903804,C100372,VA-EB-PL1,2025-03-01,Flipkart,1,2499,PL1-2411-3
VR905528,C101756,VA-EB-PL1,2025-03-01,Amazon,1,2499,PL1-2501-1
VR908007,C104852,VA-AC-CH65,2025-03-01,vireo.in,1,1424,CH65-2411-4
VR881405,C101644,VA-EB-AIR,2025-03-02,vireo.in,1,1709,AIR-2501-1
VR881470,C102816,VA-EB-PL1,2025-03-02,vireo.in,1,2499,PL1-2412-2
VR882466,C106880,VA-EB-AIR,2025-03-02,vireo.in,2,3598,AIR-2501-1
VR883350,C107958,VA-SW-NX2,2025-03-02,Flipkart,1,6499,NX2-2502-2
VR887626,C102394,VA-AC-CH65,2025-03-02,vireo.in,1,1499,CH65-2412-3
VR887931,C103195,VA-SW-NX2,2025-03-02,vireo.in,1,6499,NX2-2501-4
VR890783,C107853,VA-AC-CH65,2025-03-02,vireo.in,1,1274,CH65-2501-2
VR894943,C103425,VA-HP-ST3,2025-03-02,vireo.in,1,5949,ST3-2412-1
VR895277,C107355,VA-EB-AIR,2025-03-02,vireo.in,1,1799,AIR-2412-1
VR895795,C104374,VA-AC-CH65,2025-03-02,Amazon,1,1274,CH65-2501-1
VR896206,C101078,VA-SP-MINI,2025-03-02,Flipkart,2,4998,MINI-2412-4
VR896354,C108983,VA-HP-ST2,2025-03-02,vireo.in,1,4999,ST2-2501-4
VR897935,C107141,VA-SW-FIT,2025-03-02,Amazon,1,1799,FIT-2501-4
VR898102,C106519,VA-HP-ST3,2025-03-02,Flipkart,1,5599,ST3-2412-3
VR899435,C104334,VA-EB-AIR,2025-03-02,vireo.in,1,1709,AIR-2411-2
VR903731,C108732,VA-SW-NX1,2025-03-02,Flipkart,1,4499,NX1-2501-4
VR907695,C107502,VA-SP-ORB,2025-03-02,vireo.in,1,5999,ORB-2412-3
VR908320,C104324,VA-EB-PL1,2025-03-02,Amazon,1,2249,PL1-2411-4
VR881474,C107436,VA-SW-NX2,2025-03-03,Flipkart,1,6174,NX2-2412-4
VR884290,C109414,VA-SP-MINI,2025-03-03,Flipkart,1,2249,MINI-2501-3
VR884854,C106531,VA-HP-ST2,2025-03-03,Amazon,1,4999,ST2-2501-2
VR885449,C108821,VA-HP-ST3,2025-03-03,vireo.in,1,6999,ST3-2412-4
VR887053,C100466,VA-HP-ST2,2025-03-03,Flipkart,1,3999,ST2-2412-4
VR887285,C104755,VA-SW-NX1,2025-03-03,Amazon,1,4749,NX1-2411-1
VR893778,C106660,VA-SW-NX1,2025-03-03,vireo.in,1,3999,NX1-2501-3
VR893917,C104059,VA-SP-MINI,2025-03-03,Flipkart,1,2374,MINI-2412-3
VR894100,C103820,VA-EB-PL1,2025-03-03,vireo.in,1,2374,PL1-2502-1
VR894646,C109239,VA-SP-ORB,2025-03-03,Amazon,1,5099,ORB-2412-3
VR897217,C106019,VA-SP-ORB,2025-03-03,Flipkart,1,5999,ORB-2412-4
VR897818,C107299,VA-EB-AIR,2025-03-03,vireo.in,1,1619,AIR-2412-4
VR898658,C103946,VA-EB-PL1,2025-03-03,Amazon,1,2499,PL1-2412-3
VR899608,C108328,VA-SW-FIT,2025-03-03,vireo.in,1,1899,FIT-2411-4
VR906786,C106834,VA-SP-MINI,2025-03-03,Flipkart,1,2124,MINI-2412-4
VR909674,C101669,VA-EB-PL1,2025-03-03,vireo.in,1,2124,PL1-2411-4
VR909942,C102501,VA-SW-NX2,2025-03-03,vireo.in,1,5524,NX2-2411-4
VR910027,C104438,VA-SW-FIT,2025-03-03,Amazon,1,1899,FIT-2502-1
VR882692,C103096,VA-EB-PL1,2025-03-04,vireo.in,1,2374,PL1-2501-2
VR884217,C108523,VA-HP-ST2,2025-03-04,vireo.in,1,4999,ST2-2412-3
VR884750,C103523,VA-EB-PL1,2025-03-04,Amazon,1,2499,PL1-2412-1
VR887730,C100949,VA-SP-ORB,2025-03-04,Flipkart,2,9598,ORB-2412-3
VR891960,C107654,VA-EB-PL1,2025-03-04,vireo.in,1,2374,PL1-2501-2
VR892341,C107348,VA-SP-MINI,2025-03-04,Amazon,1,2499,MINI-2502-2
VR893255,C108048,VA-EB-PL1,2025-03-04,vireo.in,1,1999,PL1-2412-2
VR897631,C104860,VA-EB-AIR,2025-03-04,Amazon,1,1439,AIR-2501-1
VR898923,C102173,VA-EB-AIR,2025-03-04,Flipkart,1,1799,AIR-2411-4
VR899468,C107942,VA-EB-PL1,2025-03-04,Amazon,1,2124,PL1-2411-4
VR907353,C104554,VA-EB-PL1,2025-03-04,vireo.in,2,4498,PL1-2412-3
VR907604,C107395,VA-HP-ST3,2025-03-04,Flipkart,1,6999,ST3-2412-1
VR880651,C103137,VA-SP-ORB,2025-03-05,Amazon,1,4799,ORB-2411-3
VR883708,C107249,VA-SP-MINI,2025-03-05,vireo.in,1,2124,MINI-2412-4
VR885331,C108616,VA-SW-FIT,2025-03-05,vireo.in,1,1599,FIT-2411-2
VR885797,C100473,VA-EB-AIR,2025-03-05,vireo.in,1,1799,AIR-2501-3
VR887198,C102292,VA-SW-FIT,2025-03-05,Flipkart,1,1699,FIT-2501-4
VR888313,C100511,VA-SP-MINI,2025-03-05,Flipkart,1,2249,MINI-2501-2
VR889121,C101402,VA-EB-AIR,2025-03-05,Flipkart,1,1439,AIR-2411-2
VR891791,C104331,VA-EB-AIR,2025-03-05,Amazon,1,1799,AIR-2411-2
VR892059,C105803,VA-HP-ST3,2025-03-05,vireo.in,2,13298,ST3-2502-2
VR893485,C105706,VA-EB-PL1,2025-03-05,Amazon,1,2499,PL1-2502-1
VR893668,C108325,VA-EB-PL1,2025-03-05,Flipkart,1,2499,PL1-2412-4
VR894758,C108291,VA-SW-FIT,2025-03-05,Amazon,1,1999,FIT-2501-1
VR906945,C104091,VA-HP-ST3,2025-03-05,vireo.in,1,6999,ST3-2502-1
VR908375,C101957,VA-SW-NX2,2025-03-05,vireo.in,1,5524,NX2-2412-4
VR909041,C109021,VA-HP-ST3,2025-03-05,vireo.in,1,6649,ST3-2502-4
VR909690,C100938,VA-SW-NX2,2025-03-05,vireo.in,1,5524,NX2-2412-2
VR881416,C107224,VA-SW-NX2,2025-03-06,vireo.in,2,11048,NX2-2411-3
VR882381,C108418,VA-SW-FIT,2025-03-06,Amazon,1,1999,FIT-2502-4
VR886910,C104897,VA-SP-MINI,2025-03-06,vireo.in,1,2499,MINI-2412-3
VR887098,C107973,VA-SW-FIT,2025-03-06,vireo.in,1,1999,FIT-2502-4
VR887394,C104387,VA-HP-ST3,2025-03-06,vireo.in,1,6649,ST3-2411-1
VR889503,C101692,VA-EB-PL1,2025-03-06,Flipkart,1,2374,PL1-2412-4
VR892676,C101186,VA-EB-PL1,2025-03-06,Flipkart,1,2249,PL1-2501-1
VR894680,C107557,VA-SW-NX1,2025-03-06,vireo.in,1,4999,NX1-2412-3
VR894816,C103988,VA-SP-ORB,2025-03-06,vireo.in,2,11398,ORB-2501-3
VR894961,C108293,VA-EB-AIR,2025-03-06,Flipkart,1,1529,AIR-2502-4
VR895336,C107520,VA-AC-CH65,2025-03-06,vireo.in,1,1499,CH65-2412-1
VR896429,C109225,VA-EB-AIR,2025-03-06,Amazon,1,1439,AIR-2412-3
VR898673,C106793,VA-EB-AIR,2025-03-06,vireo.in,1,1529,AIR-2501-2
VR903583,C107308,VA-EB-PL1,2025-03-06,vireo.in,1,2499,PL1-2502-3
VR905218,C108308,VA-SW-NX2,2025-03-06,Amazon,1,5849,NX2-2501-1
VR907795,C108458,VA-NB-ARC,2025-03-06,vireo.in,1,1299,ARC-2412-2
VR907804,C100073,VA-SW-FIT,2025-03-06,Amazon,2,3398,FIT-2501-4
VR908135,C105414,VA-HP-ST3,2025-03-06,vireo.in,1,5599,ST3-2412-4
VR883183,C107138,VA-SP-ORB,2025-03-07,Flipkart,1,5999,ORB-2502-2
VR883286,C107956,VA-SP-MINI,2025-03-07,Amazon,1,2374,MINI-2501-3
VR886951,C100851,VA-SW-NX1,2025-03-07,vireo.in,1,4999,NX1-2412-3
VR888536,C104444,VA-SW-NX2,2025-03-07,Flipkart,2,12998,NX2-2412-1
VR889528,C100667,VA-EB-PL1,2025-03-07,Amazon,1,2374,PL1-2412-1
VR891161,C100166,VA-EB-AIR,2025-03-07,Flipkart,2,3238,AIR-2502-3
VR891372,C104980,VA-SW-NX2,2025-03-07,vireo.in,1,6499,NX2-2412-2
VR895207,C104067,VA-HP-ST3,2025-03-07,Amazon,1,5949,ST3-2501-1
VR896197,C103367,VA-EB-PL1,2025-03-07,vireo.in,2,4748,PL1-2501-4
VR899046,C104068,VA-SP-MINI,2025-03-07,vireo.in,1,2499,MINI-2412-3
VR901098,C105391,VA-HP-ST3,2025-03-07,Amazon,2,13998,ST3-2501-1
VR901968,C100572,VA-HP-ST3,2025-03-07,vireo.in,1,6299,ST3-2501-1
VR903320,C100358,VA-SW-NX2,2025-03-07,vireo.in,2,12998,NX2-2502-2
VR905870,C100396,VA-SP-MINI,2025-03-07,vireo.in,1,2374,MINI-2501-2
VR906608,C107469,VA-SW-FIT,2025-03-07,vireo.in,1,1999,FIT-2412-1
VR908219,C108056,VA-HP-ST3,2025-03-07,vireo.in,1,5599,ST3-2412-2
VR908404,C107071,VA-SW-FIT,2025-03-07,vireo.in,1,1999,FIT-2501-2
VR908752,C104514,VA-EB-AIR,2025-03-07,vireo.in,1,1709,AIR-2501-3
VR880618,C108013,VA-EB-PL1,2025-03-08,Flipkart,1,2124,PL1-2502-2
VR881844,C100555,VA-SP-MINI,2025-03-08,vireo.in,1,2499,MINI-2501-3
VR885725,C108236,VA-SP-MINI,2025-03-08,Flipkart,1,1999,MINI-2412-3
VR886319,C101809,VA-SP-MINI,2025-03-08,Amazon,1,1999,MINI-2501-2
VR887230,C105326,VA-EB-AIR,2025-03-08,vireo.in,1,1799,AIR-2411-4
VR888753,C100298,VA-HP-ST2,2025-03-08,Flipkart,1,4749,ST2-2501-2
VR894502,C106289,VA-HP-ST2,2025-03-08,vireo.in,1,4999,ST2-2412-2
VR894655,C102825,VA-HP-ST3,2025-03-08,vireo.in,1,6999,ST3-2411-2
VR895278,C102787,VA-EB-AIR,2025-03-08,Amazon,1,1529,AIR-2412-1
VR895808,C100548,VA-EB-PL1,2025-03-08,Flipkart,2,4498,PL1-2411-4
VR897188,C105379,VA-EB-AIR,2025-03-08,vireo.in,1,1709,AIR-2412-1
VR902142,C104801,VA-SW-FIT,2025-03-08,vireo.in,1,1799,FIT-2501-1
VR908558,C103514,VA-HP-ST3,2025-03-08,vireo.in,1,6999,ST3-2502-2
VR881018,C104989,VA-HP-ST2,2025-03-09,vireo.in,1,4999,ST2-2412-1
VR881644,C105126,VA-SW-NX2,2025-03-09,Amazon,1,6499,NX2-2502-2
VR882876,C106700,VA-SW-NX2,2025-03-09,Flipkart,1,5199,NX2-2502-3
VR884007,C105146,VA-SP-ORB,2025-03-09,Flipkart,1,5099,ORB-2412-2
VR887443,C101440,VA-SP-MINI,2025-03-09,Amazon,1,2499,MINI-2501-2
VR891219,C106071,VA-EB-PL1,2025-03-09,Flipkart,1,2499,PL1-2412-4
VR892418,C109171,VA-EB-AIR,2025-03-09,Amazon,1,1439,AIR-2502-3
VR892597,C100243,VA-SW-FIT,2025-03-09,vireo.in,1,1999,FIT-2412-4
VR895128,C101041,VA-EB-AIR,2025-03-09,vireo.in,1,1799,AIR-2502-3
VR895473,C103894,VA-SP-MINI,2025-03-09,Flipkart,2,4248,MINI-2412-2
VR897089,C105692,VA-SW-NX1,2025-03-09,vireo.in,1,4999,NX1-2501-4
VR899309,C106197,VA-SW-NX2,2025-03-09,Flipkart,1,6499,NX2-2501-2
VR902368,C101769,VA-EB-PL1,2025-03-09,Flipkart,1,2499,PL1-2502-3
VR905220,C101923,VA-HP-ST3,2025-03-09,vireo.in,1,6999,ST3-2501-1
VR906430,C109065,VA-EB-PL1,2025-03-09,Amazon,2,4248,PL1-2412-3
VR906717,C106536,VA-SW-FIT,2025-03-09,vireo.in,1,1999,FIT-2501-2
VR906769,C104883,VA-EB-PL1,2025-03-09,vireo.in,1,2249,PL1-2411-1
VR908063,C109436,VA-SW-FIT,2025-03-09,Flipkart,1,1599,FIT-2501-2
VR908409,C104073,VA-SW-NX2,2025-03-09,vireo.in,1,5849,NX2-2412-4
VR909823,C108417,VA-SW-NX1,2025-03-09,vireo.in,1,4749,NX1-2501-4
VR910108,C105686,VA-SW-NX1,2025-03-09,vireo.in,1,3999,NX1-2502-2
VR881217,C107674,VA-AC-CH65,2025-03-10,vireo.in,1,1424,CH65-2501-1
VR882370,C106099,VA-EB-PL1,2025-03-10,Amazon,1,2124,PL1-2411-1
VR883253,C104813,VA-SW-NX2,2025-03-10,Flipkart,1,6499,NX2-2502-4
VR885962,C100621,VA-SW-NX2,2025-03-10,Flipkart,1,5524,NX2-2501-3
VR894790,C106559,VA-SW-NX2,2025-03-10,vireo.in,1,5199,NX2-2501-4
VR895629,C106322,VA-EB-AIR,2025-03-10,Amazon,1,1799,AIR-2501-2
VR900248,C102166,VA-EB-PL1,2025-03-10,vireo.in,1,2249,PL1-2412-2
VR900734,C105029,VA-EB-PL1,2025-03-10,vireo.in,2,4998,PL1-2501-3
VR905064,C109088,VA-EB-PL1,2025-03-10,Amazon,1,2499,PL1-2412-1
VR905915,C107931,VA-SP-MINI,2025-03-10,vireo.in,1,2249,MINI-2412-1
VR907023,C104858,VA-SP-ORB,2025-03-10,Flipkart,1,5699,ORB-2412-4
VR907559,C103110,VA-SW-NX2,2025-03-10,vireo.in,1,5849,NX2-2501-3
VR909493,C101036,VA-HP-ST2,2025-03-10,Flipkart,1,4999,ST2-2502-1
VR886331,C102436,VA-HP-ST2,2025-03-11,Amazon,1,4749,ST2-2412-3
VR888212,C109204,VA-SW-NX2,2025-03-11,vireo.in,1,5524,NX2-2502-3
VR888429,C104919,VA-HP-ST2,2025-03-11,vireo.in,1,4999,ST2-2501-4
VR888535,C102679,VA-SP-ORB,2025-03-11,Amazon,1,5999,ORB-2501-2
VR888735,C100253,VA-SW-NX1,2025-03-11,vireo.in,1,4499,NX1-2502-3
VR890003,C101318,VA-EB-PL1,2025-03-11,vireo.in,1,2374,PL1-2502-3
VR890473,C107937,VA-AC-CH65,2025-03-11,vireo.in,1,1499,CH65-2411-3
VR892071,C105888,VA-HP-ST3,2025-03-11,vireo.in,1,6299,ST3-2412-2
VR893622,C108615,VA-EB-PL1,2025-03-11,vireo.in,1,2499,PL1-2501-4
VR896723,C102974,VA-SW-NX1,2025-03-11,Amazon,1,4999,NX1-2501-4
VR896821,C101312,VA-EB-PL1,2025-03-11,Flipkart,1,2374,PL1-2412-1
VR899291,C104486,VA-NB-ARC,2025-03-11,Amazon,2,2598,ARC-2502-2
VR900268,C109427,VA-SW-NX1,2025-03-11,vireo.in,1,4499,NX1-2501-1
VR901298,C108872,VA-SW-NX1,2025-03-11,vireo.in,1,3999,NX1-2502-1
VR901427,C104497,VA-HP-ST3,2025-03-11,Amazon,1,5949,ST3-2412-3
VR904232,C100930,VA-HP-ST3,2025-03-11,Amazon,1,6299,ST3-2501-4
VR905601,C108965,VA-SW-FIT,2025-03-11,Flipkart,1,1899,FIT-2501-4
VR905921,C100656,VA-SW-FIT,2025-03-11,Flipkart,1,1599,FIT-2411-4
VR907701,C103929,VA-EB-PL1,2025-03-11,vireo.in,1,2124,PL1-2501-2
VR884023,C104373,VA-SW-NX2,2025-03-12,Amazon,1,6174,NX2-2502-3
VR885010,C101125,VA-AC-CH65,2025-03-12,vireo.in,1,1499,CH65-2412-4
VR885505,C101900,VA-HP-ST2,2025-03-12,Amazon,1,3999,ST2-2501-3
VR887927,C103434,VA-SP-MINI,2025-03-12,vireo.in,2,4998,MINI-2412-4
VR888861,C108426,VA-SW-NX2,2025-03-12,vireo.in,1,5524,NX2-2501-4
VR896102,C100426,VA-SW-NX2,2025-03-12,Amazon,1,6499,NX2-2412-1
VR896839,C108847,VA-SP-ORB,2025-03-12,Flipkart,1,4799,ORB-2412-1
VR900877,C106385,VA-SW-NX2,2025-03-12,Amazon,1,6499,NX2-2502-1
VR902878,C101446,VA-SP-MINI,2025-03-12,vireo.in,1,2249,MINI-2501-4
VR905155,C106103,VA-EB-PL1,2025-03-12,Amazon,1,2124,PL1-2502-3
VR905765,C102328,VA-EB-PL1,2025-03-12,Amazon,1,2499,PL1-2412-1
VR906447,C104009,VA-EB-AIR,2025-03-12,vireo.in,1,1529,AIR-2501-2
VR907484,C101166,VA-SW-NX1,2025-03-12,vireo.in,1,4999,NX1-2502-4
VR908763,C106101,VA-NB-ARC,2025-03-12,Amazon,1,1299,ARC-2412-1
VR880598,C107871,VA-SW-FIT,2025-03-13,Amazon,1,1999,FIT-2412-4
VR882765,C109098,VA-SW-FIT,2025-03-13,vireo.in,1,1599,FIT-2411-4
VR886688,C105573,VA-EB-PL1,2025-03-13,Flipkart,1,2374,PL1-2502-4
VR890117,C108568,VA-SW-NX2,2025-03-13,vireo.in,1,5199,NX2-2502-4
VR891189,C107882,VA-SW-FIT,2025-03-13,Amazon,1,1899,FIT-2501-1
VR898708,C104886,VA-HP-ST3,2025-03-13,Amazon,1,5949,ST3-2412-2
VR900400,C104117,VA-SP-MINI,2025-03-13,vireo.in,1,2374,MINI-2412-2
VR900424,C106072,VA-EB-AIR,2025-03-13,vireo.in,2,3598,AIR-2412-2
VR901282,C102941,VA-EB-AIR,2025-03-13,vireo.in,1,1529,AIR-2502-4
VR901283,C109235,VA-SW-NX2,2025-03-13,Amazon,1,5524,NX2-2502-1
VR902665,C105611,VA-EB-AIR,2025-03-13,Amazon,1,1619,AIR-2501-1
VR903553,C106699,VA-NB-ARC,2025-03-13,vireo.in,2,2338,ARC-2502-3
VR904439,C103884,VA-EB-AIR,2025-03-13,vireo.in,1,1619,AIR-2502-2
VR907476,C103314,VA-EB-PL1,2025-03-13,vireo.in,1,2249,PL1-2502-1
VR908028,C109015,VA-HP-ST3,2025-03-13,vireo.in,1,6999,ST3-2502-2
VR909725,C106335,VA-SP-MINI,2025-03-13,Amazon,1,2374,MINI-2501-3
VR884863,C104665,VA-NB-ARC,2025-03-14,Amazon,1,1234,ARC-2412-1
VR885487,C104573,VA-AC-CH65,2025-03-14,vireo.in,1,1274,CH65-2411-2
VR885912,C107594,VA-EB-AIR,2025-03-14,vireo.in,1,1439,AIR-2501-3
VR887073,C103749,VA-SW-NX2,2025-03-14,vireo.in,1,5524,NX2-2501-3
VR889331,C107335,VA-HP-ST3,2025-03-14,Flipkart,1,6999,ST3-2412-1
VR889827,C101315,VA-SP-ORB,2025-03-14,vireo.in,1,5399,ORB-2412-1
VR890160,C100226,VA-SW-NX2,2025-03-14,Amazon,1,6499,NX2-2501-3
VR892965,C108566,VA-EB-PL1,2025-03-14,Amazon,1,2499,PL1-2412-2
VR895941,C101736,VA-SW-NX2,2025-03-14,Amazon,1,6499,NX2-2501-2
VR896891,C101100,VA-EB-PL1,2025-03-14,vireo.in,1,1999,PL1-2412-2
VR898399,C106547,VA-SP-MINI,2025-03-14,vireo.in,1,2249,MINI-2501-2
VR898410,C106140,VA-NB-ARC,2025-03-14,Amazon,1,1039,ARC-2411-2
VR906959,C107460,VA-EB-PL1,2025-03-14,Amazon,1,1999,PL1-2501-4
VR907903,C107471,VA-SW-FIT,2025-03-14,Amazon,1,1699,FIT-2412-2
VR908552,C101899,VA-SP-MINI,2025-03-14,vireo.in,1,2249,MINI-2412-3
VR886387,C102818,VA-EB-AIR,2025-03-15,Flipkart,1,1799,AIR-2502-4
VR886907,C102946,VA-SW-FIT,2025-03-15,vireo.in,1,1599,FIT-2501-4
VR888489,C101928,VA-SW-NX2,2025-03-15,Amazon,1,5849,NX2-2412-1
VR889319,C100555,VA-SP-MINI,2025-03-15,Amazon,1,2374,MINI-2412-3
VR893230,C106316,VA-EB-AIR,2025-03-15,vireo.in,1,1799,AIR-2412-2
VR897064,C108907,VA-HP-ST3,2025-03-15,Amazon,1,6999,ST3-2501-3
VR898402,C102700,VA-SW-NX1,2025-03-15,vireo.in,1,4999,NX1-2501-2
VR898432,C107694,VA-SP-MINI,2025-03-15,vireo.in,1,2374,MINI-2412-2
VR901661,C102861,VA-SW-NX2,2025-03-15,Amazon,1,5849,NX2-2412-3
VR903362,C109271,VA-HP-ST2,2025-03-15,vireo.in,1,4749,ST2-2412-1
VR907676,C107627,VA-EB-AIR,2025-03-15,Amazon,2,3598,AIR-2501-4
VR907738,C106991,VA-HP-ST3,2025-03-15,vireo.in,1,5599,ST3-2411-2
VR908260,C108500,VA-EB-PL1,2025-03-15,vireo.in,1,1999,PL1-2501-4
VR908694,C105006,VA-SW-NX2,2025-03-15,Amazon,1,5199,NX2-2501-2
VR908909,C100653,VA-EB-PL1,2025-03-15,vireo.in,1,2124,PL1-2412-3
VR910071,C103361,VA-SP-MINI,2025-03-15,vireo.in,1,2499,MINI-2412-2
VR880734,C105311,VA-EB-AIR,2025-03-16,vireo.in,1,1799,AIR-2412-1
VR883496,C107774,VA-EB-PL1,2025-03-16,vireo.in,1,2124,PL1-2501-2
VR886005,C102259,VA-SW-NX1,2025-03-16,vireo.in,1,4999,NX1-2502-4
VR887750,C107811,VA-AC-CH65,2025-03-16,vireo.in,1,1349,CH65-2502-1
VR893080,C101448,VA-EB-AIR,2025-03-16,vireo.in,1,1709,AIR-2412-3
VR895486,C101770,VA-NB-ARC,2025-03-16,Amazon,1,1234,ARC-2502-1
VR896088,C102631,VA-SP-MINI,2025-03-16,Amazon,1,2374,MINI-2502-4
VR899529,C109266,VA-HP-ST3,2025-03-16,vireo.in,1,6649,ST3-2502-2
VR907402,C104382,VA-SP-ORB,2025-03-16,vireo.in,1,4799,ORB-2501-4
VR907705,C107292,VA-SW-NX2,2025-03-16,vireo.in,1,5524,NX2-2411-1
VR881768,C103654,VA-EB-PL1,2025-03-17,vireo.in,2,4998,PL1-2501-1
VR885944,C109362,VA-SW-FIT,2025-03-17,vireo.in,1,1699,FIT-2412-4
VR887095,C105238,VA-SW-NX2,2025-03-17,vireo.in,2,11698,NX2-2412-4
VR887441,C101096,VA-SW-NX1,2025-03-17,Amazon,2,8998,NX1-2412-1
VR888452,C102482,VA-SW-NX1,2025-03-17,Amazon,1,3999,NX1-2411-4
VR890588,C106186,VA-NB-ARC,2025-03-17,vireo.in,1,1169,ARC-2502-3
VR895188,C100535,VA-HP-ST3,2025-03-17,vireo.in,1,5949,ST3-2501-4
VR895312,C106689,VA-HP-ST2,2025-03-17,vireo.in,1,4999,ST2-2502-4
VR896990,C106409,VA-SP-MINI,2025-03-17,vireo.in,1,2499,MINI-2501-3
VR899017,C101192,VA-HP-ST2,2025-03-17,vireo.in,1,4999,ST2-2502-2
VR900378,C103488,VA-EB-PL1,2025-03-17,Amazon,1,2249,PL1-2412-4
VR903806,C106285,VA-SP-ORB,2025-03-17,Amazon,1,5399,ORB-2412-4
VR904720,C103365,VA-HP-ST3,2025-03-17,vireo.in,1,6649,ST3-2502-3
VR905760,C108656,VA-EB-PL1,2025-03-17,vireo.in,2,3998,PL1-2412-4
VR907066,C105180,VA-SW-NX2,2025-03-17,Flipkart,1,6499,NX2-2411-4
VR881065,C105439,VA-SP-ORB,2025-03-18,vireo.in,1,5099,ORB-2412-3
VR882593,C103008,VA-SP-ORB,2025-03-18,vireo.in,1,5999,ORB-2501-2
VR887305,C108380,VA-EB-AIR,2025-03-18,Amazon,1,1799,AIR-2412-3
VR890538,C102430,VA-AC-CH65,2025-03-18,vireo.in,1,1274,CH65-2502-4
VR900117,C101832,VA-HP-ST3,2025-03-18,Amazon,1,6649,ST3-2501-1
VR905690,C104779,VA-EB-PL1,2025-03-18,Flipkart,1,2499,PL1-2501-4
VR905997,C103286,VA-HP-ST3,2025-03-18,vireo.in,1,6299,ST3-2501-3
VR907596,C101003,VA-SP-MINI,2025-03-18,Amazon,1,2249,MINI-2501-4
VR908264,C105637,VA-SP-MINI,2025-03-18,Amazon,1,2124,MINI-2412-2
VR908777,C108436,VA-SW-NX2,2025-03-18,Amazon,1,5849,NX2-2412-3
VR909327,C101198,VA-SW-NX2,2025-03-18,vireo.in,1,6499,NX2-2501-2
VR880918,C101387,VA-SW-NX2,2025-03-19,Amazon,1,5524,NX2-2502-4
VR885600,C101035,VA-AC-CH65,2025-03-19,vireo.in,1,1499,CH65-2412-1
VR885755,C107874,VA-SP-MINI,2025-03-19,vireo.in,1,1999,MINI-2501-2
VR887250,C103870,VA-SP-MINI,2025-03-19,vireo.in,1,2499,MINI-2412-1
VR887994,C107740,VA-EB-AIR,2025-03-19,Amazon,2,2878,AIR-2412-3
VR888368,C106808,VA-SW-NX2,2025-03-19,vireo.in,1,6174,NX2-2501-3
VR889616,C103559,VA-SW-FIT,2025-03-19,Amazon,1,1999,FIT-2501-1
VR894210,C105797,VA-SW-NX2,2025-03-19,vireo.in,1,6499,NX2-2412-2
VR896587,C101920,VA-SW-NX2,2025-03-19,Amazon,1,5849,NX2-2412-1
VR896695,C101644,VA-SW-NX2,2025-03-19,Amazon,1,6499,NX2-2412-1
VR900917,C100559,VA-SP-MINI,2025-03-19,vireo.in,1,1999,MINI-2501-1
VR901349,C100922,VA-SW-NX1,2025-03-19,vireo.in,1,4999,NX1-2502-3
VR902302,C105812,VA-SP-ORB,2025-03-19,Flipkart,1,5999,ORB-2412-4
VR902410,C109102,VA-SP-ORB,2025-03-19,Amazon,1,5999,ORB-2412-2
VR903946,C105858,VA-NB-ARC,2025-03-19,Amazon,1,1234,ARC-2501-2
VR904519,C107909,VA-EB-AIR,2025-03-19,vireo.in,1,1439,AIR-2412-2
VR909715,C107624,VA-SW-FIT,2025-03-19,Flipkart,1,1699,FIT-2501-1
VR885349,C104048,VA-SW-NX2,2025-03-20,vireo.in,1,6499,NX2-2412-1
VR886398,C102272,VA-EB-AIR,2025-03-20,vireo.in,1,1709,AIR-2412-3
VR888272,C100416,VA-EB-PL1,2025-03-20,vireo.in,1,2499,PL1-2501-2
VR891202,C105835,VA-SW-NX1,2025-03-20,vireo.in,1,4999,NX1-2501-2
VR891376,C103070,VA-EB-PL1,2025-03-20,vireo.in,1,2374,PL1-2502-2
VR894799,C103942,VA-SW-FIT,2025-03-20,vireo.in,1,1899,FIT-2502-1
VR895293,C101102,VA-AC-CH65,2025-03-20,Flipkart,1,1424,CH65-2412-3
VR901014,C104050,VA-EB-AIR,2025-03-20,Flipkart,1,1799,AIR-2412-2
VR901188,C103817,VA-SW-NX2,2025-03-20,Amazon,1,6499,NX2-2502-4
VR903318,C102493,VA-EB-AIR,2025-03-20,vireo.in,1,1799,AIR-2412-4
VR880790,C103676,VA-SW-NX2,2025-03-21,vireo.in,1,6499,NX2-2412-2
VR882007,C104643,VA-HP-ST3,2025-03-21,vireo.in,1,6999,ST3-2412-2
VR882421,C107982,VA-AC-CH65,2025-03-21,Amazon,1,1349,CH65-2412-1
VR886247,C103961,VA-SP-ORB,2025-03-21,Amazon,1,5099,ORB-2502-4
VR889888,C108749,VA-SW-FIT,2025-03-21,vireo.in,1,1799,FIT-2502-2
VR892168,C106318,VA-EB-AIR,2025-03-21,vireo.in,1,1529,AIR-2412-3
VR895242,C103168,VA-AC-CH65,2025-03-21,vireo.in,1,1499,CH65-2502-2
VR899320,C104280,VA-SW-NX1,2025-03-21,Amazon,1,4249,NX1-2502-2
VR901609,C104728,VA-EB-AIR,2025-03-21,Amazon,1,1799,AIR-2502-4
VR904242,C103455,VA-EB-PL1,2025-03-21,Amazon,1,2499,PL1-2412-1
VR904318,C101416,VA-SW-NX2,2025-03-21,vireo.in,1,5849,NX2-2412-1
VR906658,C109169,VA-SW-NX2,2025-03-21,vireo.in,1,5849,NX2-2501-3
VR907930,C104180,VA-HP-ST3,2025-03-21,Amazon,2,13998,ST3-2501-1
VR908657,C106342,VA-NB-ARC,2025-03-21,Flipkart,1,1104,ARC-2412-4
VR881286,C106568,VA-EB-AIR,2025-03-22,Amazon,1,1709,AIR-2501-3
VR885410,C106957,VA-EB-PL1,2025-03-22,Flipkart,1,2124,PL1-2501-1
VR885914,C107339,VA-EB-AIR,2025-03-22,vireo.in,1,1439,AIR-2502-3
VR886415,C103133,VA-EB-PL1,2025-03-22,Amazon,1,2499,PL1-2502-2
VR889672,C101569,VA-EB-AIR,2025-03-22,Flipkart,1,1709,AIR-2501-1
VR892985,C101094,VA-SW-FIT,2025-03-22,vireo.in,1,1799,FIT-2412-4
VR897675,C105603,VA-SP-MINI,2025-03-22,Amazon,1,2124,MINI-2412-3
VR897747,C107799,VA-HP-ST2,2025-03-22,Amazon,1,4999,ST2-2412-1
VR898108,C100976,VA-EB-AIR,2025-03-22,vireo.in,1,1619,AIR-2501-4
VR901066,C104418,VA-HP-ST2,2025-03-22,vireo.in,1,4999,ST2-2501-2
VR903153,C101520,VA-SW-FIT,2025-03-22,vireo.in,1,1999,FIT-2502-4
VR905083,C102868,VA-EB-AIR,2025-03-22,Flipkart,1,1799,AIR-2412-2
VR905138,C109400,VA-EB-AIR,2025-03-22,vireo.in,1,1619,AIR-2412-4
VR907276,C105821,VA-SP-MINI,2025-03-22,Amazon,1,2499,MINI-2502-2
VR907332,C105319,VA-SP-MINI,2025-03-22,Flipkart,1,2499,MINI-2412-2
VR909119,C103414,VA-HP-ST3,2025-03-22,vireo.in,2,11898,ST3-2501-1
VR909407,C107259,VA-HP-ST3,2025-03-22,vireo.in,1,6999,ST3-2501-1
VR880912,C107676,VA-SW-NX2,2025-03-23,Amazon,1,6499,NX2-2502-3
VR882779,C104607,VA-SP-ORB,2025-03-23,vireo.in,1,5099,ORB-2503-1
VR882799,C108331,VA-SP-ORB,2025-03-23,Amazon,1,5699,ORB-2502-1
VR891248,C108827,VA-EB-AIR,2025-03-23,vireo.in,1,1619,AIR-2412-1
VR891842,C106264,VA-HP-ST2,2025-03-23,Flipkart,1,4249,ST2-2501-3
VR892565,C100526,VA-HP-ST3,2025-03-23,vireo.in,1,6999,ST3-2502-2
VR894362,C107752,VA-SP-MINI,2025-03-23,Amazon,1,2499,MINI-2412-4
VR895900,C104498,VA-SW-NX2,2025-03-23,vireo.in,1,6174,NX2-2503-2
VR896882,C100871,VA-HP-ST3,2025-03-23,Amazon,1,6999,ST3-2412-2
VR897245,C105029,VA-SP-MINI,2025-03-23,Amazon,1,2499,MINI-2412-1
VR897407,C101469,VA-EB-PL1,2025-03-23,Flipkart,1,2499,PL1-2501-2
VR898884,C100940,VA-SW-NX2,2025-03-23,vireo.in,1,5524,NX2-2412-4
VR899094,C106161,VA-SW-NX2,2025-03-23,vireo.in,1,5849,NX2-2502-2
VR900529,C100059,VA-EB-AIR,2025-03-23,vireo.in,1,1529,AIR-2501-3
VR901008,C106770,VA-SP-MINI,2025-03-23,Amazon,1,2499,MINI-2502-2
VR903410,C101580,VA-EB-AIR,2025-03-23,Flipkart,1,1529,AIR-2412-4
VR904056,C102945,VA-HP-ST3,2025-03-23,Flipkart,1,6999,ST3-2501-2
VR905719,C106596,VA-EB-AIR,2025-03-23,Flipkart,1,1709,AIR-2412-2
VR906588,C109289,VA-EB-PL1,2025-03-23,vireo.in,1,1999,PL1-2501-2
VR907734,C101833,VA-SW-FIT,2025-03-23,vireo.in,1,1999,FIT-2501-3
VR880195,C103058,VA-EB-PL1,2025-03-24,vireo.in,1,2499,PL1-2501-2
VR885290,C103943,VA-EB-PL1,2025-03-24,Flipkart,1,2124,PL1-2503-2
VR888047,C108849,VA-SW-NX2,2025-03-24,vireo.in,1,6499,NX2-2501-4
VR891538,C103106,VA-SW-FIT,2025-03-24,Amazon,1,1899,FIT-2501-2
VR891691,C103811,VA-SW-NX2,2025-03-24,vireo.in,1,5199,NX2-2503-3
VR892824,C103596,VA-HP-ST3,2025-03-24,Flipkart,1,6999,ST3-2502-2
VR895271,C100820,VA-SP-MINI,2025-03-24,vireo.in,1,2124,MINI-2503-2
VR901530,C108031,VA-SP-MINI,2025-03-24,Flipkart,1,2124,MINI-2501-1
VR909565,C102594,VA-SW-NX2,2025-03-24,vireo.in,2,11048,NX2-2503-3
VR882022,C101807,VA-SW-NX1,2025-03-25,vireo.in,1,3999,NX1-2502-2
VR884942,C106846,VA-SW-NX1,2025-03-25,vireo.in,1,4749,NX1-2412-2
VR889078,C109440,VA-AC-CBL,2025-03-25,Amazon,1,399,CBL-2502-3
VR893496,C105833,VA-SW-NX1,2025-03-25,vireo.in,1,4249,NX1-2501-2
VR894635,C105672,VA-EB-PL1,2025-03-25,vireo.in,1,2249,PL1-2501-3
VR896675,C100557,VA-SW-FIT,2025-03-25,Amazon,2,3998,FIT-2502-1
VR897083,C101960,VA-SW-NX2,2025-03-25,vireo.in,1,6499,NX2-2501-4
VR897759,C104451,VA-SW-FIT,2025-03-25,vireo.in,1,1699,FIT-2502-1
VR898533,C103425,VA-SP-ORB,2025-03-25,vireo.in,1,5099,ORB-2412-3
VR898637,C100240,VA-HP-ST2,2025-03-25,vireo.in,1,4999,ST2-2412-2
VR899481,C107351,VA-SP-MINI,2025-03-25,vireo.in,1,2374,MINI-2412-1
VR899950,C104320,VA-SP-MINI,2025-03-25,vireo.in,1,2499,MINI-2503-1
VR900160,C102429,VA-SP-MINI,2025-03-25,vireo.in,1,2249,MINI-2412-3
VR903109,C100517,VA-EB-AIR,2025-03-25,Amazon,1,1529,AIR-2503-1
VR904018,C101946,VA-EB-PL1,2025-03-25,Amazon,1,1999,PL1-2412-3
VR904523,C104848,VA-EB-PL1,2025-03-25,vireo.in,1,1999,PL1-2412-2
VR904576,C106429,VA-SW-FIT,2025-03-25,vireo.in,1,1999,FIT-2502-2
VR907354,C104902,VA-SW-FIT,2025-03-25,vireo.in,2,3798,FIT-2412-3
VR880491,C102378,VA-EB-AIR,2025-03-26,Amazon,1,1799,AIR-2501-4
VR883795,C105539,VA-SW-NX2,2025-03-26,Flipkart,1,5524,NX2-2501-4
VR884270,C101237,VA-NB-ARC,2025-03-26,Amazon,1,1299,ARC-2502-3
VR884788,C107657,VA-EB-PL1,2025-03-26,Amazon,1,2499,PL1-2502-4
VR886265,C104743,VA-SP-MINI,2025-03-26,Flipkart,1,2249,MINI-2412-3
VR888747,C101439,VA-HP-ST3,2025-03-26,vireo.in,1,6999,ST3-2502-3
VR890776,C103441,VA-EB-PL1,2025-03-26,Flipkart,1,2499,PL1-2412-4
VR895158,C104386,VA-EB-AIR,2025-03-26,vireo.in,1,1799,AIR-2412-2
VR897883,C106802,VA-EB-PL1,2025-03-26,vireo.in,2,4498,PL1-2501-3
VR898627,C106828,VA-SP-ORB,2025-03-26,vireo.in,1,5999,ORB-2501-2
VR900337,C104620,VA-SW-NX2,2025-03-26,Amazon,1,5199,NX2-2412-1
VR901412,C100668,VA-EB-PL1,2025-03-26,Flipkart,2,4248,PL1-2412-2
VR902935,C106201,VA-EB-AIR,2025-03-26,Flipkart,1,1709,AIR-2501-4
VR904528,C103102,VA-HP-ST2,2025-03-26,vireo.in,1,4749,ST2-2502-1
VR904961,C105601,VA-SW-NX2,2025-03-26,vireo.in,1,5849,NX2-2502-4
VR906107,C101665,VA-SP-ORB,2025-03-26,vireo.in,1,5999,ORB-2501-2
VR906543,C102989,VA-EB-AIR,2025-03-26,vireo.in,1,1619,AIR-2502-1
VR906775,C108036,VA-HP-ST3,2025-03-26,vireo.in,1,6999,ST3-2502-4
VR908871,C102502,VA-EB-PL1,2025-03-26,Flipkart,1,1999,PL1-2412-4
VR881256,C101744,VA-HP-ST2,2025-03-27,vireo.in,1,4999,ST2-2412-2
VR881885,C102941,VA-SP-ORB,2025-03-27,Flipkart,1,4799,ORB-2501-2
VR882973,C107799,VA-SW-FIT,2025-03-27,vireo.in,1,1799,FIT-2501-2
VR884044,C104829,VA-SW-NX2,2025-03-27,vireo.in,1,6499,NX2-2503-3
VR884554,C105947,VA-SW-FIT,2025-03-27,Amazon,1,1999,FIT-2412-3
VR887650,C105970,VA-EB-AIR,2025-03-27,vireo.in,1,1529,AIR-2412-4
VR888202,C109015,VA-SW-NX1,2025-03-27,Amazon,1,3999,NX1-2412-4
VR888301,C107763,VA-SP-MINI,2025-03-27,vireo.in,1,2249,MINI-2502-2
VR888380,C106284,VA-SP-ORB,2025-03-27,Amazon,1,5699,ORB-2412-3
VR888795,C103581,VA-EB-AIR,2025-03-27,vireo.in,1,1799,AIR-2412-4
VR889248,C108656,VA-HP-ST3,2025-03-27,vireo.in,1,6999,ST3-2501-1
VR890112,C102860,VA-HP-ST2,2025-03-27,Amazon,1,3999,ST2-2502-1
VR894927,C108122,VA-SW-NX2,2025-03-27,Amazon,1,5524,NX2-2502-3
VR896208,C100459,VA-SW-NX2,2025-03-27,Flipkart,1,5849,NX2-2412-4
VR897248,C104057,VA-HP-ST3,2025-03-27,Amazon,1,5599,ST3-2502-3
VR897302,C104030,VA-AC-CH65,2025-03-27,Amazon,1,1274,CH65-2501-4
VR899314,C102442,VA-SP-MINI,2025-03-27,Amazon,1,1999,MINI-2501-4
VR903722,C107438,VA-HP-ST3,2025-03-27,vireo.in,1,6999,ST3-2501-3
VR906483,C108752,VA-EB-PL1,2025-03-27,vireo.in,1,2499,PL1-2501-2
VR907060,C107968,VA-SW-FIT,2025-03-27,vireo.in,1,1999,FIT-2501-3
VR883932,C103571,VA-EB-AIR,2025-03-28,Amazon,1,1529,AIR-2412-3
VR886133,C100661,VA-SW-NX2,2025-03-28,Amazon,1,6174,NX2-2501-2
VR887888,C103115,VA-SW-NX2,2025-03-28,vireo.in,1,5524,NX2-2502-1
VR891375,C107658,VA-NB-ARC,2025-03-28,vireo.in,1,1234,ARC-2412-2
VR894089,C100234,VA-SP-ORB,2025-03-28,vireo.in,1,5399,ORB-2501-1
VR894580,C100951,VA-EB-PL1,2025-03-28,vireo.in,1,2249,PL1-2412-3
VR895220,C108188,VA-SW-NX2,2025-03-28,Amazon,1,6499,NX2-2412-2
VR895376,C107533,VA-SW-FIT,2025-03-28,vireo.in,1,1899,FIT-2502-3
VR896481,C108521,VA-SW-FIT,2025-03-28,Flipkart,1,1999,FIT-2502-1
VR896483,C101867,VA-SW-NX1,2025-03-28,vireo.in,1,4999,NX1-2501-1
VR898520,C105523,VA-HP-ST2,2025-03-28,Flipkart,1,3999,ST2-2502-1
VR903943,C101281,VA-EB-PL1,2025-03-28,Amazon,1,2124,PL1-2412-1
VR881789,C100760,VA-SW-NX2,2025-03-29,vireo.in,1,6499,NX2-2502-2
VR883266,C106978,VA-AC-CBL,2025-03-29,vireo.in,1,359,CBL-2502-2
VR898429,C106709,VA-SW-NX2,2025-03-29,Amazon,1,5849,NX2-2502-4
VR898739,C107667,VA-SW-NX2,2025-03-29,vireo.in,1,6499,NX2-2501-1
VR898830,C106758,VA-HP-ST2,2025-03-29,Flipkart,1,4249,ST2-2502-1
VR899618,C100325,VA-SP-MINI,2025-03-29,Amazon,1,2249,MINI-2501-4
VR902292,C106141,VA-AC-CH65,2025-03-29,Amazon,1,1499,CH65-2503-4
VR902886,C104281,VA-SW-NX2,2025-03-29,Amazon,1,6174,NX2-2502-1
VR904477,C101986,VA-SW-FIT,2025-03-29,Flipkart,1,1699,FIT-2412-4
VR904684,C100042,VA-SP-MINI,2025-03-29,vireo.in,1,2249,MINI-2501-2
VR904687,C100392,VA-SW-NX2,2025-03-29,vireo.in,2,11698,NX2-2502-3
VR905149,C107287,VA-EB-AIR,2025-03-29,Amazon,1,1799,AIR-2501-1
VR906131,C107454,VA-HP-ST2,2025-03-29,vireo.in,2,8998,ST2-2502-4
VR907493,C100154,VA-EB-AIR,2025-03-29,Amazon,1,1619,AIR-2501-2
VR909621,C107646,VA-HP-ST2,2025-03-29,Amazon,1,4749,ST2-2501-2
VR882143,C100852,VA-SP-MINI,2025-03-30,vireo.in,1,2499,MINI-2412-2
VR883471,C107411,VA-HP-ST3,2025-03-30,vireo.in,1,5599,ST3-2412-2
VR884068,C108256,VA-SW-FIT,2025-03-30,Amazon,1,1999,FIT-2501-4
VR887824,C101762,VA-SP-MINI,2025-03-30,Amazon,1,2499,MINI-2502-2
VR889242,C102673,VA-SW-NX2,2025-03-30,Amazon,2,10398,NX2-2502-2
VR891268,C107415,VA-SW-NX2,2025-03-30,vireo.in,1,5524,NX2-2502-1
VR891465,C108707,VA-NB-ARC,2025-03-30,Flipkart,1,1299,ARC-2502-4
VR892600,C103461,VA-HP-ST3,2025-03-30,Amazon,1,6299,ST3-2501-2
VR901788,C109476,VA-SW-NX2,2025-03-30,Amazon,1,6499,NX2-2501-4
VR905538,C102682,VA-SP-ORB,2025-03-30,Amazon,1,5699,ORB-2501-4
VR906127,C105665,VA-HP-ST3,2025-03-30,vireo.in,1,6999,ST3-2502-1
VR906855,C105321,VA-SP-ORB,2025-03-30,vireo.in,1,5399,ORB-2412-3
VR907881,C101379,VA-HP-ST2,2025-03-30,vireo.in,1,4999,ST2-2412-3
VR907891,C106434,VA-EB-PL1,2025-03-30,Amazon,1,2374,PL1-2412-1
VR880823,C101601,VA-SW-NX2,2025-03-31,vireo.in,1,6174,NX2-2501-1
VR884796,C104749,VA-SP-ORB,2025-03-31,Amazon,1,5999,ORB-2501-3
VR889199,C106498,VA-AC-CH65,2025-03-31,vireo.in,1,1274,CH65-2412-3
VR889449,C101026,VA-SW-NX2,2025-03-31,vireo.in,1,6499,NX2-2501-3
VR891279,C101090,VA-SW-NX2,2025-03-31,Amazon,1,5849,NX2-2501-2
VR892548,C100474,VA-SW-NX1,2025-03-31,Amazon,1,4249,NX1-2501-2
VR892757,C103562,VA-SW-NX2,2025-03-31,Amazon,1,5849,NX2-2412-4
VR896536,C103984,VA-SW-FIT,2025-03-31,vireo.in,1,1999,FIT-2412-2
VR904259,C106029,VA-EB-AIR,2025-03-31,vireo.in,1,1799,AIR-2503-3
VR906229,C104647,VA-SP-MINI,2025-03-31,vireo.in,1,2499,MINI-2502-3
VR908364,C100710,VA-EB-AIR,2025-03-31,vireo.in,1,1619,AIR-2503-1
VR909136,C107040,VA-SW-NX2,2025-03-31,vireo.in,1,5199,NX2-2502-2
VR909466,C108940,VA-SW-NX2,2025-03-31,vireo.in,2,10398,NX2-2503-2
VR880294,C104235,VA-SP-MINI,2025-04-01,vireo.in,1,2374,MINI-2503-2
VR882494,C108500,VA-SW-FIT,2025-04-01,vireo.in,1,1999,FIT-2502-2
VR885425,C106785,VA-SW-NX1,2025-04-01,vireo.in,1,4749,NX1-2503-2
VR886007,C104160,VA-EB-AIR,2025-04-01,Amazon,1,1529,AIR-2502-2
VR886428,C105228,VA-EB-AIR,2025-04-01,Amazon,1,1529,AIR-2502-3
VR887439,C104109,VA-HP-ST3,2025-04-01,Amazon,1,5599,ST3-2503-4
VR887817,C103837,VA-EB-PL1,2025-04-01,Flipkart,1,2499,PL1-2501-1
VR889835,C100171,VA-HP-ST3,2025-04-01,Flipkart,1,5949,ST3-2503-2
VR892687,C100455,VA-SP-ORB,2025-04-01,vireo.in,1,5999,ORB-2501-3
VR898971,C103386,VA-EB-PL1,2025-04-01,vireo.in,1,2499,PL1-2503-4
VR902208,C101918,VA-SW-NX2,2025-04-01,Flipkart,1,6499,NX2-2502-3
VR902541,C102462,VA-HP-ST2,2025-04-01,vireo.in,1,4499,ST2-2502-2
VR902558,C103175,VA-SP-MINI,2025-04-01,Amazon,1,1999,MINI-2412-1
VR902722,C100884,VA-SW-NX1,2025-04-01,vireo.in,1,4249,NX1-2501-3
VR902758,C101904,VA-HP-ST3,2025-04-01,vireo.in,1,6999,ST3-2412-1
VR903868,C108377,VA-SW-NX2,2025-04-01,vireo.in,1,5849,NX2-2501-3
VR880078,C101407,VA-SP-MINI,2025-04-02,vireo.in,1,2124,MINI-2501-3
VR881866,C105366,VA-SW-NX2,2025-04-02,Flipkart,1,5524,NX2-2502-2
VR882100,C103017,VA-SW-NX2,2025-04-02,vireo.in,1,6499,NX2-2503-1
VR887032,C106461,VA-SW-FIT,2025-04-02,vireo.in,1,1699,FIT-2503-4
VR887610,C102528,VA-EB-AIR,2025-04-02,Flipkart,1,1709,AIR-2502-4
VR888340,C108360,VA-EB-PL1,2025-04-02,Amazon,1,2499,PL1-2501-1
VR890661,C101100,VA-SP-ORB,2025-04-02,Amazon,1,5999,ORB-2503-4
VR892878,C100404,VA-SP-MINI,2025-04-02,vireo.in,1,1999,MINI-2501-4
VR893084,C105697,VA-EB-AIR,2025-04-02,Amazon,1,1799,AIR-2501-3
VR896266,C104413,VA-EB-AIR,2025-04-02,Amazon,1,1799,AIR-2503-4
VR899526,C108988,VA-SP-MINI,2025-04-02,vireo.in,2,4998,MINI-2502-1
VR899587,C102614,VA-SW-NX2,2025-04-02,Flipkart,1,6174,NX2-2501-2
VR900496,C101687,VA-SW-FIT,2025-04-02,vireo.in,1,1999,FIT-2501-3
VR903976,C108831,VA-EB-PL1,2025-04-02,Amazon,1,2124,PL1-2502-4
VR904050,C105949,VA-HP-ST2,2025-04-02,Amazon,1,4249,ST2-2502-2
VR906736,C105031,VA-SP-MINI,2025-04-02,vireo.in,1,2374,MINI-2412-2
VR906831,C102717,VA-EB-PL1,2025-04-02,Amazon,1,1999,PL1-2501-3
VR908534,C100740,VA-NB-ARC,2025-04-02,vireo.in,1,1104,ARC-2501-3
VR880779,C105166,VA-EB-AIR,2025-04-03,vireo.in,1,1799,AIR-2412-2
VR886096,C103302,VA-SW-NX2,2025-04-03,vireo.in,1,6499,NX2-2502-1
VR887126,C106022,VA-SW-FIT,2025-04-03,vireo.in,1,1999,FIT-2501-1
VR895661,C108899,VA-SW-FIT,2025-04-03,vireo.in,1,1899,FIT-2503-4
VR896640,C103712,VA-SW-FIT,2025-04-03,vireo.in,1,1999,FIT-2412-4
VR901905,C106649,VA-SW-NX2,2025-04-03,vireo.in,1,5524,NX2-2502-4
VR905779,C107703,VA-HP-ST3,2025-04-03,Amazon,1,6999,ST3-2503-2
VR909060,C102135,VA-SW-NX2,2025-04-03,vireo.in,1,5849,NX2-2501-2
VR909450,C100123,VA-EB-PL1,2025-04-03,Flipkart,1,2499,PL1-2503-3
VR909873,C108929,VA-EB-AIR,2025-04-03,Amazon,1,1619,AIR-2501-3
VR910088,C108270,VA-SW-NX1,2025-04-03,Amazon,1,4249,NX1-2501-2
VR880094,C103326,VA-EB-PL1,2025-04-04,vireo.in,1,2499,PL1-2501-3
VR881850,C108753,VA-EB-PL1,2025-04-04,vireo.in,1,2499,PL1-2412-1
VR884627,C102366,VA-SW-FIT,2025-04-04,vireo.in,1,1999,FIT-2502-4
VR885294,C109414,VA-SW-NX2,2025-04-04,vireo.in,1,6499,NX2-2503-2
VR887121,C104899,VA-SW-NX2,2025-04-04,Amazon,2,12998,NX2-2502-1
VR888583,C105023,VA-EB-PL1,2025-04-04,Amazon,1,2249,PL1-2501-4
VR889022,C103033,VA-EB-PL1,2025-04-04,Amazon,1,2124,PL1-2412-4
VR889610,C104056,VA-SP-MINI,2025-04-04,vireo.in,1,2499,MINI-2501-3
VR892270,C105349,VA-SW-NX2,2025-04-04,Amazon,1,5199,NX2-2412-2
VR892786,C106686,VA-SP-ORB,2025-04-04,vireo.in,1,5099,ORB-2501-2
VR893611,C100167,VA-EB-AIR,2025-04-04,vireo.in,1,1709,AIR-2503-2
VR893907,C107839,VA-SW-NX2,2025-04-04,Amazon,1,6499,NX2-2502-3
VR896167,C103110,VA-SW-FIT,2025-04-04,Flipkart,1,1599,FIT-2412-1
VR900604,C105458,VA-EB-PL1,2025-04-04,Amazon,1,2374,PL1-2501-2
VR903802,C100605,VA-SP-MINI,2025-04-04,vireo.in,1,2499,MINI-2503-4
VR904498,C104222,VA-SW-NX2,2025-04-04,vireo.in,1,6499,NX2-2502-2
VR909920,C108299,VA-SP-MINI,2025-04-04,Amazon,1,1999,MINI-2502-1
VR880015,C106655,VA-SW-NX2,2025-04-05,vireo.in,1,5524,NX2-2503-2
VR884208,C103364,VA-EB-PL1,2025-04-05,vireo.in,1,2374,PL1-2501-3
VR894269,C103133,VA-EB-AIR,2025-04-05,Amazon,1,1709,AIR-2502-4
VR897015,C106119,VA-NB-ARC,2025-04-05,vireo.in,1,1169,ARC-2412-4
VR899447,C106127,VA-HP-ST3,2025-04-05,vireo.in,1,6999,ST3-2503-1
VR900540,C107554,VA-SP-MINI,2025-04-05,vireo.in,1,2499,MINI-2502-1
VR906902,C102498,VA-EB-PL1,2025-04-05,Amazon,1,2249,PL1-2412-4
VR907752,C100451,VA-HP-ST3,2025-04-05,Amazon,2,12598,ST3-2412-2
VR907942,C101600,VA-EB-PL1,2025-04-05,vireo.in,1,2374,PL1-2503-3
VR887294,C102320,VA-EB-PL1,2025-04-06,vireo.in,1,1999,PL1-2502-1
VR887737,C103301,VA-EB-AIR,2025-04-06,vireo.in,1,1799,AIR-2502-2
VR890041,C106800,VA-HP-ST3,2025-04-06,Flipkart,1,6999,ST3-2412-2
VR891148,C109019,VA-SP-MINI,2025-04-06,vireo.in,1,2499,MINI-2502-4
VR893358,C107254,VA-SW-NX2,2025-04-06,Amazon,2,11048,NX2-2503-2
VR894472,C104301,VA-EB-AIR,2025-04-06,Amazon,1,1619,AIR-2412-1
VR895983,C105181,VA-EB-PL1,2025-04-06,Amazon,1,2499,PL1-2503-4
VR896716,C105847,VA-SW-NX2,2025-04-06,vireo.in,1,5524,NX2-2502-1
VR898791,C107560,VA-SW-NX2,2025-04-06,Amazon,1,5199,NX2-2502-2
VR901256,C104069,VA-SW-NX2,2025-04-06,vireo.in,1,6499,NX2-2503-3
VR902792,C106439,VA-HP-ST2,2025-04-06,vireo.in,2,8498,ST2-2502-2
VR903404,C103822,VA-HP-ST3,2025-04-06,vireo.in,1,6999,ST3-2501-2
VR905200,C107802,VA-SW-NX2,2025-04-06,vireo.in,1,5199,NX2-2502-2
VR908143,C107407,VA-SW-NX1,2025-04-06,Flipkart,1,4999,NX1-2502-2
VR908670,C109408,VA-SW-FIT,2025-04-06,Amazon,1,1999,FIT-2501-2
VR909660,C109282,VA-HP-ST3,2025-04-06,vireo.in,1,6649,ST3-2501-3
VR880299,C104557,VA-SW-NX2,2025-04-07,vireo.in,1,6174,NX2-2501-3
VR880404,C108176,VA-EB-AIR,2025-04-07,vireo.in,2,3598,AIR-2412-1
VR881598,C103323,VA-NB-ARC,2025-04-07,vireo.in,1,1299,ARC-2503-3
VR888407,C100793,VA-SP-ORB,2025-04-07,Amazon,1,5699,ORB-2412-2
VR888411,C105929,VA-SW-FIT,2025-04-07,vireo.in,1,1699,FIT-2502-3
VR889363,C100813,VA-EB-PL1,2025-04-07,Amazon,1,2374,PL1-2412-2
VR889457,C108513,VA-SW-FIT,2025-04-07,vireo.in,1,1599,FIT-2501-3
VR890620,C100699,VA-SW-NX2,2025-04-07,vireo.in,1,5849,NX2-2502-4
VR890915,C107556,VA-NB-ARC,2025-04-07,vireo.in,1,1104,ARC-2412-3
VR891479,C108222,VA-EB-PL1,2025-04-07,Flipkart,2,4498,PL1-2501-1
VR893720,C101887,VA-SW-NX2,2025-04-07,vireo.in,1,6174,NX2-2501-1
VR894468,C108163,VA-SP-MINI,2025-04-07,vireo.in,1,2499,MINI-2502-3
VR894813,C107749,VA-SW-NX2,2025-04-07,Amazon,1,6499,NX2-2503-2
VR899352,C101149,VA-SP-MINI,2025-04-07,Amazon,1,1999,MINI-2501-2
VR901612,C106854,VA-HP-ST2,2025-04-07,vireo.in,1,4749,ST2-2503-1
VR902954,C101819,VA-NB-ARC,2025-04-07,Amazon,1,1234,ARC-2501-1
VR903936,C107213,VA-EB-PL1,2025-04-07,vireo.in,2,4498,PL1-2501-4
VR906344,C107117,VA-AC-CBL,2025-04-07,vireo.in,1,359,CBL-2412-3
VR907369,C103127,VA-SW-NX1,2025-04-07,Amazon,1,4999,NX1-2412-1
VR908015,C102860,VA-HP-ST3,2025-04-07,Amazon,1,5949,ST3-2412-1
VR909727,C100411,VA-SP-MINI,2025-04-07,vireo.in,1,2124,MINI-2502-3
VR883376,C105850,VA-SW-NX2,2025-04-08,vireo.in,1,6499,NX2-2503-4
VR887466,C103759,VA-SW-NX1,2025-04-08,vireo.in,1,4999,NX1-2501-2
VR888455,C102718,VA-HP-ST2,2025-04-08,vireo.in,1,4999,ST2-2501-2
VR889204,C104041,VA-SW-NX2,2025-04-08,Amazon,1,6499,NX2-2502-4
VR891146,C102652,VA-SW-NX2,2025-04-08,Flipkart,1,5524,NX2-2502-4
VR893304,C100677,VA-HP-ST2,2025-04-08,vireo.in,1,3999,ST2-2501-1
VR896041,C106700,VA-SP-ORB,2025-04-08,vireo.in,1,5999,ORB-2503-1
VR896116,C107632,VA-SW-NX1,2025-04-08,Amazon,1,4999,NX1-2503-2
VR897115,C101104,VA-SP-ORB,2025-04-08,vireo.in,1,5399,ORB-2502-4
VR898892,C107584,VA-SW-NX2,2025-04-08,vireo.in,1,6499,NX2-2412-4
VR901902,C105108,VA-EB-PL1,2025-04-08,vireo.in,1,2499,PL1-2501-3
VR903065,C105800,VA-EB-PL1,2025-04-08,vireo.in,1,2499,PL1-2502-1
VR905086,C107811,VA-EB-PL1,2025-04-08,vireo.in,1,2499,PL1-2502-2
VR905828,C102849,VA-EB-PL1,2025-04-08,vireo.in,1,2374,PL1-2503-3
VR905885,C101906,VA-NB-ARC,2025-04-08,vireo.in,1,1104,ARC-2502-1
VR906152,C102458,VA-SW-NX1,2025-04-08,vireo.in,1,4999,NX1-2502-2
VR880526,C100413,VA-SW-NX1,2025-04-09,vireo.in,1,4499,NX1-2503-4
VR881377,C107247,VA-SP-MINI,2025-04-09,vireo.in,1,2124,MINI-2502-1
VR882637,C103010,VA-EB-AIR,2025-04-09,vireo.in,1,1439,AIR-2501-4
VR883935,C107610,VA-EB-AIR,2025-04-09,vireo.in,1,1439,AIR-2503-2
VR886107,C103267,VA-SW-NX1,2025-04-09,vireo.in,1,4749,NX1-2501-3
VR887034,C106530,VA-EB-PL1,2025-04-09,Amazon,2,4998,PL1-2503-3
VR888770,C107980,VA-HP-ST3,2025-04-09,vireo.in,1,5599,ST3-2503-1
VR892187,C103812,VA-SW-NX2,2025-04-09,Flipkart,1,6499,NX2-2502-3
VR892487,C102723,VA-EB-PL1,2025-04-09,Flipkart,1,2374,PL1-2502-3
VR892566,C101698,VA-HP-ST2,2025-04-09,Flipkart,1,4999,ST2-2502-2
VR893279,C107575,VA-AC-CH65,2025-04-09,vireo.in,1,1199,CH65-2501-3
VR894973,C107018,VA-HP-ST3,2025-04-09,vireo.in,1,5949,ST3-2503-2
VR895523,C108443,VA-EB-PL1,2025-04-09,Flipkart,1,2374,PL1-2501-3
VR897815,C105682,VA-HP-ST3,2025-04-09,vireo.in,1,5949,ST3-2502-1
VR898578,C105696,VA-SP-MINI,2025-04-09,Amazon,1,2249,MINI-2501-3
VR901880,C103791,VA-NB-ARC,2025-04-09,vireo.in,2,2598,ARC-2502-2
VR904176,C106704,VA-SW-NX1,2025-04-09,vireo.in,1,3999,NX1-2502-1
VR906247,C104183,VA-EB-PL1,2025-04-09,vireo.in,1,2249,PL1-2412-4
VR907090,C108194,VA-EB-AIR,2025-04-09,vireo.in,1,1799,AIR-2502-4
VR907139,C107395,VA-SP-ORB,2025-04-09,Flipkart,1,5999,ORB-2502-3
VR882449,C107840,VA-EB-AIR,2025-04-10,vireo.in,1,1799,AIR-2501-1
VR886113,C109339,VA-HP-ST3,2025-04-10,vireo.in,1,5599,ST3-2502-3
VR886275,C108316,VA-SW-NX2,2025-04-10,Flipkart,2,12348,NX2-2502-2
VR887137,C106617,VA-EB-PL1,2025-04-10,vireo.in,1,2249,PL1-2501-1
VR889239,C105382,VA-NB-ARC,2025-04-10,Flipkart,1,1169,ARC-2501-1
VR889514,C102113,VA-EB-PL1,2025-04-10,vireo.in,2,4748,PL1-2502-3
VR890318,C106883,VA-SW-NX2,2025-04-10,Flipkart,1,5849,NX2-2412-3
VR892154,C102838,VA-SW-NX1,2025-04-10,vireo.in,1,4749,NX1-2501-3
VR894145,C104546,VA-EB-AIR,2025-04-10,vireo.in,2,3598,AIR-2501-1
VR895517,C103685,VA-SW-NX1,2025-04-10,vireo.in,1,4499,NX1-2412-1
VR895648,C107942,VA-EB-PL1,2025-04-10,vireo.in,1,1999,PL1-2501-2
VR898377,C103025,VA-SP-MINI,2025-04-10,Flipkart,1,2374,MINI-2503-3
VR899034,C108524,VA-HP-ST3,2025-04-10,vireo.in,1,6999,ST3-2501-4
VR901053,C107085,VA-SW-FIT,2025-04-10,vireo.in,1,1999,FIT-2501-3
VR901535,C105455,VA-EB-AIR,2025-04-10,vireo.in,1,1529,AIR-2503-2
VR902663,C106608,VA-SP-ORB,2025-04-10,vireo.in,1,5699,ORB-2503-4
VR902839,C109247,VA-EB-PL1,2025-04-10,vireo.in,1,2124,PL1-2501-1
VR902922,C107051,VA-SW-FIT,2025-04-10,vireo.in,1,1999,FIT-2501-2
VR903762,C103645,VA-AC-CH65,2025-04-10,Flipkart,1,1424,CH65-2502-2
VR905227,C102242,VA-EB-AIR,2025-04-10,vireo.in,1,1799,AIR-2501-2
VR908815,C105847,VA-SP-MINI,2025-04-10,vireo.in,1,2374,MINI-2503-1
VR881160,C102334,VA-HP-ST3,2025-04-11,vireo.in,1,6299,ST3-2501-2
VR882342,C109159,VA-EB-PL1,2025-04-11,Amazon,1,2499,PL1-2503-2
VR882518,C104617,VA-SP-MINI,2025-04-11,vireo.in,1,2499,MINI-2503-2
VR882668,C108730,VA-EB-AIR,2025-04-11,Amazon,1,1529,AIR-2412-3
VR882820,C105328,VA-SP-ORB,2025-04-11,vireo.in,1,5699,ORB-2501-4
VR884136,C100543,VA-SW-NX2,2025-04-11,vireo.in,1,6499,NX2-2503-2
VR885163,C108565,VA-EB-PL1,2025-04-11,Amazon,1,2499,PL1-2503-3
VR885295,C108304,VA-HP-ST3,2025-04-11,vireo.in,1,6999,ST3-2502-4
VR888744,C103069,VA-EB-PL1,2025-04-11,vireo.in,1,2124,PL1-2412-2
VR890274,C100423,VA-SW-NX2,2025-04-11,vireo.in,1,5524,NX2-2501-2
VR891216,C102467,VA-HP-ST3,2025-04-11,vireo.in,1,6999,ST3-2502-2
VR895339,C107510,VA-NB-ARC,2025-04-11,Flipkart,1,1299,ARC-2501-2
VR900771,C105396,VA-HP-ST2,2025-04-11,vireo.in,1,4999,ST2-2502-3
VR901623,C108059,VA-SW-FIT,2025-04-11,vireo.in,1,1699,FIT-2501-4
VR903208,C100220,VA-HP-ST3,2025-04-11,Amazon,1,6999,ST3-2502-4
VR904660,C101349,VA-SW-NX2,2025-04-11,Amazon,1,6499,NX2-2501-3
VR905431,C107574,VA-EB-PL1,2025-04-11,Amazon,1,1999,PL1-2502-3
VR907756,C106897,VA-HP-ST3,2025-04-11,Amazon,1,5599,ST3-2501-3
VR882575,C105327,VA-EB-PL1,2025-04-12,vireo.in,1,2124,PL1-2412-3
VR883035,C104882,VA-SW-FIT,2025-04-12,vireo.in,1,1599,FIT-2502-3
VR885155,C101304,VA-HP-ST2,2025-04-12,Amazon,1,4499,ST2-2501-1
VR885206,C104125,VA-SW-NX2,2025-04-12,vireo.in,1,6499,NX2-2503-2
VR891270,C105320,VA-AC-CH65,2025-04-12,vireo.in,2,2998,CH65-2503-4
VR892943,C108469,VA-HP-ST2,2025-04-12,vireo.in,1,3999,ST2-2502-1
VR893368,C108830,VA-NB-ARC,2025-04-12,Amazon,1,1299,ARC-2502-3
VR900551,C107890,VA-AC-CH65,2025-04-12,vireo.in,1,1274,CH65-2503-2
VR901520,C102122,VA-SW-NX2,2025-04-12,vireo.in,1,5524,NX2-2501-4
VR901592,C107366,VA-EB-AIR,2025-04-12,Amazon,1,1529,AIR-2501-1
VR901844,C107456,VA-SW-FIT,2025-04-12,vireo.in,1,1999,FIT-2502-3
VR901982,C109132,VA-NB-ARC,2025-04-12,Amazon,1,1234,ARC-2502-2
VR902419,C103673,VA-HP-ST2,2025-04-12,vireo.in,1,4999,ST2-2503-2
VR902591,C109406,VA-EB-PL1,2025-04-12,vireo.in,2,4998,PL1-2502-4
VR909958,C101714,VA-EB-PL1,2025-04-12,Amazon,1,2374,PL1-2503-3
VR881547,C104529,VA-HP-ST2,2025-04-13,vireo.in,1,4999,ST2-2502-2
VR883245,C109068,VA-EB-AIR,2025-04-13,vireo.in,1,1799,AIR-2501-2
VR883774,C107068,VA-EB-PL1,2025-04-13,Amazon,1,2249,PL1-2501-2
VR886994,C100619,VA-HP-ST2,2025-04-13,vireo.in,1,4999,ST2-2502-4
VR887565,C108904,VA-EB-PL1,2025-04-13,Flipkart,1,2374,PL1-2501-2
VR887600,C108384,VA-SW-NX1,2025-04-13,vireo.in,1,3999,NX1-2501-3
VR887699,C108859,VA-NB-ARC,2025-04-13,vireo.in,1,1234,ARC-2502-3
VR889439,C104979,VA-EB-PL1,2025-04-13,Flipkart,1,2374,PL1-2502-2
VR890005,C105601,VA-SW-NX2,2025-04-13,vireo.in,1,5199,NX2-2502-4
VR890094,C105060,VA-SW-NX2,2025-04-13,vireo.in,1,6499,NX2-2502-4
VR891108,C100352,VA-EB-AIR,2025-04-13,vireo.in,1,1799,AIR-2502-2
VR892775,C104506,VA-SW-NX2,2025-04-13,Flipkart,1,5524,NX2-2501-2
VR893137,C105239,VA-SW-FIT,2025-04-13,Flipkart,1,1999,FIT-2502-4
VR895203,C107482,VA-AC-CBL,2025-04-13,vireo.in,1,339,CBL-2501-1
VR897243,C100470,VA-EB-AIR,2025-04-13,vireo.in,1,1439,AIR-2501-2
VR897654,C104588,VA-SW-NX2,2025-04-13,vireo.in,1,6499,NX2-2501-2
VR898911,C101360,VA-SP-ORB,2025-04-13,Flipkart,1,5999,ORB-2502-3
VR899904,C108029,VA-SW-FIT,2025-04-13,vireo.in,1,1999,FIT-2502-1
VR899942,C107203,VA-EB-AIR,2025-04-13,vireo.in,1,1709,AIR-2502-3
VR900553,C105823,VA-SW-NX2,2025-04-13,vireo.in,1,6499,NX2-2502-1
VR900634,C107265,VA-HP-ST3,2025-04-13,Flipkart,1,5599,ST3-2502-2
VR903461,C104640,VA-EB-AIR,2025-04-13,vireo.in,1,1709,AIR-2502-3
VR903791,C106328,VA-AC-CBL,2025-04-13,Flipkart,1,399,CBL-2503-2
VR904521,C109240,VA-EB-AIR,2025-04-13,Amazon,1,1439,AIR-2503-4
VR905857,C105711,VA-SP-MINI,2025-04-13,Amazon,1,2499,MINI-2502-1
VR905988,C100683,VA-SP-MINI,2025-04-13,Flipkart,1,2499,MINI-2412-4
VR907202,C106573,VA-EB-AIR,2025-04-13,vireo.in,1,1799,AIR-2501-3
VR907935,C102965,VA-EB-AIR,2025-04-13,vireo.in,1,1619,AIR-2502-1
VR908213,C102626,VA-SW-FIT,2025-04-13,vireo.in,1,1799,FIT-2502-1
VR908575,C106853,VA-SW-NX1,2025-04-13,vireo.in,1,4999,NX1-2503-2
VR909700,C105695,VA-SW-NX1,2025-04-13,vireo.in,1,4249,NX1-2501-2
VR910091,C106510,VA-EB-AIR,2025-04-13,Amazon,1,1799,AIR-2502-3
VR881163,C104215,VA-SW-FIT,2025-04-14,Amazon,1,1999,FIT-2502-2
VR882528,C105300,VA-EB-PL1,2025-04-14,Amazon,1,2124,PL1-2503-2
VR884398,C101612,VA-HP-ST2,2025-04-14,Flipkart,1,4999,ST2-2501-2
VR890656,C100419,VA-HP-ST2,2025-04-14,vireo.in,1,4249,ST2-2501-3
VR897637,C107619,VA-SP-MINI,2025-04-14,vireo.in,1,2374,MINI-2502-4
VR898582,C107286,VA-SW-NX2,2025-04-14,vireo.in,1,6499,NX2-2502-3
VR898586,C100851,VA-SP-ORB,2025-04-14,vireo.in,1,5999,ORB-2502-2
VR898690,C105714,VA-SW-NX2,2025-04-14,vireo.in,1,6174,NX2-2503-4
VR899564,C101823,VA-SW-NX1,2025-04-14,vireo.in,1,4749,NX1-2503-3
VR901508,C106723,VA-EB-AIR,2025-04-14,Amazon,1,1799,AIR-2503-1
VR908475,C105902,VA-EB-PL1,2025-04-14,Amazon,1,2499,PL1-2501-2
VR909976,C105122,VA-HP-ST3,2025-04-14,vireo.in,1,5599,ST3-2502-2
VR881332,C100455,VA-EB-AIR,2025-04-15,vireo.in,1,1439,AIR-2501-2
VR883944,C102118,VA-AC-CH65,2025-04-15,vireo.in,2,2848,CH65-2501-2
VR884653,C102685,VA-HP-ST3,2025-04-15,vireo.in,1,6649,ST3-2501-2
VR886464,C107006,VA-SW-NX2,2025-04-15,vireo.in,1,6499,NX2-2412-2
VR894034,C104022,VA-EB-AIR,2025-04-15,vireo.in,1,1799,AIR-2501-3
VR895990,C108853,VA-EB-PL1,2025-04-15,Flipkart,1,2374,PL1-2503-2
VR896679,C108083,VA-SP-ORB,2025-04-15,vireo.in,1,5099,ORB-2501-1
VR897690,C107673,VA-EB-PL1,2025-04-15,vireo.in,1,2374,PL1-2503-3
VR898248,C105836,VA-SP-MINI,2025-04-15,vireo.in,1,2499,MINI-2501-4
VR899736,C108653,VA-HP-ST2,2025-04-15,vireo.in,1,4999,ST2-2502-2
VR900552,C106507,VA-SW-NX1,2025-04-15,vireo.in,1,3999,NX1-2501-3
VR903643,C108996,VA-EB-PL1,2025-04-15,Amazon,1,2249,PL1-2503-1
VR904603,C106609,VA-SP-MINI,2025-04-15,Amazon,1,2499,MINI-2501-3
VR908437,C100551,VA-HP-ST2,2025-04-15,Amazon,1,4749,ST2-2501-2
VR908559,C109289,VA-EB-AIR,2025-04-15,vireo.in,1,1799,AIR-2412-4
VR881174,C103221,VA-SW-NX1,2025-04-16,Amazon,1,4999,NX1-2502-4
VR882807,C100727,VA-SP-ORB,2025-04-16,vireo.in,1,5099,ORB-2501-3
VR886620,C107114,VA-SP-MINI,2025-04-16,vireo.in,1,2249,MINI-2503-1
VR891700,C101291,VA-EB-AIR,2025-04-16,vireo.in,1,1799,AIR-2503-4
VR893896,C103442,VA-EB-PL1,2025-04-16,vireo.in,1,2249,PL1-2503-1
VR893913,C104678,VA-SW-NX1,2025-04-16,Amazon,1,4999,NX1-2501-3
VR894013,C104700,VA-SW-FIT,2025-04-16,Flipkart,1,1999,FIT-2502-3
VR897140,C109382,VA-SW-FIT,2025-04-16,vireo.in,1,1999,FIT-2501-2
VR898471,C102401,VA-SW-NX1,2025-04-16,vireo.in,1,4999,NX1-2501-3
VR906117,C104538,VA-SW-NX1,2025-04-16,vireo.in,1,4249,NX1-2501-3
VR907233,C101762,VA-SW-FIT,2025-04-16,vireo.in,2,3998,FIT-2502-2
VR882414,C101788,VA-SW-NX2,2025-04-17,vireo.in,1,6174,NX2-2503-4
VR886207,C102955,VA-EB-PL1,2025-04-17,vireo.in,1,2249,PL1-2503-3
VR886636,C103151,VA-EB-AIR,2025-04-17,Flipkart,1,1709,AIR-2503-4
VR893374,C108520,VA-EB-AIR,2025-04-17,vireo.in,1,1799,AIR-2501-4
VR895554,C108810,VA-EB-AIR,2025-04-17,vireo.in,1,1799,AIR-2501-4
VR897656,C100479,VA-SW-NX2,2025-04-17,Amazon,1,5199,NX2-2503-1
VR899323,C104637,VA-SP-MINI,2025-04-17,vireo.in,1,2249,MINI-2501-3
VR904061,C107510,VA-SP-MINI,2025-04-17,vireo.in,2,4498,MINI-2503-1
VR904224,C103801,VA-SW-NX2,2025-04-17,Flipkart,1,6499,NX2-2502-3
VR904758,C102725,VA-EB-PL1,2025-04-17,vireo.in,1,2499,PL1-2501-3
VR907409,C107825,VA-HP-ST3,2025-04-17,vireo.in,1,6299,ST3-2502-3
VR909582,C101742,VA-EB-AIR,2025-04-17,Flipkart,1,1529,AIR-2501-4
VR909923,C106705,VA-SW-NX2,2025-04-17,Amazon,1,5199,NX2-2503-2
VR881461,C105523,VA-HP-ST2,2025-04-18,Flipkart,1,4499,ST2-2501-2
VR884244,C100321,VA-SP-MINI,2025-04-18,Amazon,1,2499,MINI-2503-1
VR884351,C108446,VA-SW-NX1,2025-04-18,vireo.in,1,4999,NX1-2503-2
VR889343,C105778,VA-EB-PL1,2025-04-18,vireo.in,1,2499,PL1-2501-2
VR891125,C107522,VA-EB-PL1,2025-04-18,vireo.in,1,2124,PL1-2501-4
VR892551,C105782,VA-SW-NX2,2025-04-18,vireo.in,1,5199,NX2-2503-4
VR902275,C101965,VA-SW-NX2,2025-04-18,vireo.in,1,6499,NX2-2501-2
VR904706,C105492,VA-EB-AIR,2025-04-18,Amazon,1,1529,AIR-2501-1
VR882581,C100621,VA-SW-NX2,2025-04-19,vireo.in,1,6174,NX2-2503-4
VR883584,C107755,VA-SP-MINI,2025-04-19,Flipkart,1,2499,MINI-2502-4
VR885053,C104372,VA-NB-ARC,2025-04-19,Amazon,1,1039,ARC-2503-4
VR885451,C107979,VA-SP-ORB,2025-04-19,vireo.in,1,4799,ORB-2501-4
VR885992,C101364,VA-AC-CH65,2025-04-19,vireo.in,1,1499,CH65-2501-2
VR888051,C105097,VA-EB-AIR,2025-04-19,Flipkart,1,1619,AIR-2503-1
VR888184,C109383,VA-SW-NX2,2025-04-19,Amazon,1,5849,NX2-2501-2
VR889093,C108983,VA-EB-AIR,2025-04-19,Amazon,1,1709,AIR-2502-3
VR892367,C106951,VA-EB-AIR,2025-04-19,vireo.in,1,1799,AIR-2503-1
VR893740,C105687,VA-EB-AIR,2025-04-19,vireo.in,1,1439,AIR-2501-3
VR896350,C102467,VA-SP-ORB,2025-04-19,vireo.in,1,5999,ORB-2502-3
VR900712,C106664,VA-EB-AIR,2025-04-19,vireo.in,1,1799,AIR-2501-2
VR903029,C104337,VA-EB-PL1,2025-04-19,vireo.in,2,3998,PL1-2501-1
VR903656,C100425,VA-HP-ST3,2025-04-19,vireo.in,1,6299,ST3-2501-4
VR903766,C102069,VA-EB-PL1,2025-04-19,Amazon,1,1999,PL1-2503-1
VR907427,C101141,VA-SW-NX2,2025-04-19,Amazon,1,6499,NX2-2502-4
VR907839,C104800,VA-SW-NX1,2025-04-19,vireo.in,1,4999,NX1-2503-4
VR908337,C100137,VA-HP-ST2,2025-04-19,vireo.in,1,4999,ST2-2501-4
VR909718,C101966,VA-EB-PL1,2025-04-19,vireo.in,1,2374,PL1-2501-2
VR880173,C107193,VA-NB-ARC,2025-04-20,vireo.in,1,1104,ARC-2503-4
VR883143,C102060,VA-SW-FIT,2025-04-20,vireo.in,2,3598,FIT-2412-4
VR884175,C102128,VA-SW-NX2,2025-04-20,Amazon,1,5199,NX2-2501-3
VR884495,C109188,VA-HP-ST3,2025-04-20,Amazon,1,6999,ST3-2501-4
VR884968,C107861,VA-SW-NX2,2025-04-20,vireo.in,1,6499,NX2-2502-1
VR885040,C100914,VA-AC-CH65,2025-04-20,Flipkart,1,1499,CH65-2501-4
VR886818,C105343,VA-HP-ST3,2025-04-20,vireo.in,1,6999,ST3-2503-2
VR888074,C103761,VA-SP-ORB,2025-04-20,vireo.in,1,5399,ORB-2503-2
VR889983,C103097,VA-EB-AIR,2025-04-20,vireo.in,2,2878,AIR-2501-3
VR890786,C106375,VA-NB-ARC,2025-04-20,vireo.in,1,1299,ARC-2501-4
VR894704,C105463,VA-SW-NX1,2025-04-20,Flipkart,1,4249,NX1-2503-2
VR895973,C106522,VA-SP-MINI,2025-04-20,Flipkart,1,2499,MINI-2501-2
VR896710,C107760,VA-SW-NX1,2025-04-20,vireo.in,1,4499,NX1-2502-3
VR901230,C105796,VA-EB-PL1,2025-04-20,Amazon,1,2249,PL1-2503-3
VR905484,C108481,VA-SW-NX2,2025-04-20,vireo.in,1,6499,NX2-2503-1
VR906305,C100229,VA-SW-FIT,2025-04-20,vireo.in,1,1999,FIT-2503-2
VR883395,C102719,VA-EB-AIR,2025-04-21,vireo.in,1,1709,AIR-2501-4
VR885929,C102678,VA-SW-NX2,2025-04-21,Amazon,1,5849,NX2-2503-1
VR891648,C103030,VA-EB-PL1,2025-04-21,vireo.in,1,2499,PL1-2503-4
VR893840,C100223,VA-HP-ST3,2025-04-21,vireo.in,1,5599,ST3-2503-2
VR893950,C102254,VA-SW-FIT,2025-04-21,vireo.in,2,3198,FIT-2501-1
VR895144,C106922,VA-HP-ST3,2025-04-21,Amazon,1,6649,ST3-2503-4
VR895261,C108528,VA-SW-NX2,2025-04-21,vireo.in,1,6499,NX2-2501-4
VR895561,C106666,VA-NB-ARC,2025-04-21,Amazon,1,1299,ARC-2502-3
VR898182,C103325,VA-SW-NX2,2025-04-21,Amazon,1,6499,NX2-2503-3
VR899043,C102060,VA-EB-PL1,2025-04-21,Flipkart,1,2124,PL1-2501-3
VR899383,C104984,VA-HP-ST2,2025-04-21,vireo.in,1,4999,ST2-2502-3
VR900654,C108644,VA-NB-ARC,2025-04-21,vireo.in,1,1299,ARC-2502-1
VR901048,C102047,VA-SP-ORB,2025-04-21,Amazon,2,11998,ORB-2501-4
VR903837,C102811,VA-SW-NX2,2025-04-21,vireo.in,1,6499,NX2-2501-2
VR907725,C103073,VA-EB-PL1,2025-04-21,Flipkart,1,2499,PL1-2503-3
VR908211,C102387,VA-EB-AIR,2025-04-21,vireo.in,1,1799,AIR-2502-1
VR909001,C101349,VA-SW-FIT,2025-04-21,vireo.in,2,3198,FIT-2503-4
VR909259,C108392,VA-SW-NX2,2025-04-21,vireo.in,1,6499,NX2-2501-2
VR909631,C107534,VA-SP-ORB,2025-04-21,Flipkart,2,9598,ORB-2502-1
VR883041,C106874,VA-HP-ST3,2025-04-22,vireo.in,1,6299,ST3-2503-1
VR883470,C106828,VA-HP-ST3,2025-04-22,vireo.in,1,6999,ST3-2502-2
VR885714,C107148,VA-SP-MINI,2025-04-22,vireo.in,1,2374,MINI-2501-4
VR886905,C102298,VA-SW-NX2,2025-04-22,vireo.in,2,11048,NX2-2501-3
VR887914,C107167,VA-NB-ARC,2025-04-22,vireo.in,1,1104,ARC-2503-1
VR890526,C109123,VA-EB-AIR,2025-04-22,vireo.in,1,1529,AIR-2502-2
VR891559,C108944,VA-HP-ST3,2025-04-22,vireo.in,1,6299,ST3-2503-3
VR899652,C105962,VA-SW-NX2,2025-04-22,Amazon,1,5524,NX2-2503-4
VR900910,C108580,VA-SW-NX2,2025-04-22,Amazon,1,6499,NX2-2502-4
VR901966,C101511,VA-EB-PL1,2025-04-22,Amazon,1,2499,PL1-2503-4
VR902117,C107065,VA-HP-ST3,2025-04-22,vireo.in,1,6299,ST3-2501-3
VR903207,C104440,VA-SW-NX1,2025-04-22,Flipkart,1,4999,NX1-2502-1
VR903278,C102641,VA-SW-NX2,2025-04-22,Flipkart,1,6499,NX2-2501-4
VR903803,C100082,VA-SW-NX2,2025-04-22,vireo.in,1,5524,NX2-2501-1
VR904499,C101550,VA-AC-CH65,2025-04-22,vireo.in,1,1499,CH65-2501-4
VR880023,C107108,VA-SW-NX2,2025-04-23,Flipkart,1,6174,NX2-2501-4
VR882418,C102488,VA-SW-NX2,2025-04-23,vireo.in,1,6174,NX2-2503-3
VR884850,C103968,VA-SP-MINI,2025-04-23,Amazon,1,2374,MINI-2502-1
VR886745,C105968,VA-HP-ST3,2025-04-23,Flipkart,1,6999,ST3-2503-1
VR888706,C108975,VA-SP-MINI,2025-04-23,Amazon,1,2499,MINI-2502-4
VR891910,C106859,VA-HP-ST3,2025-04-23,vireo.in,1,6999,ST3-2501-3
VR892317,C108144,VA-EB-AIR,2025-04-23,vireo.in,1,1529,AIR-2503-1
VR894277,C106724,VA-EB-PL1,2025-04-23,vireo.in,1,2374,PL1-2503-2
VR896544,C100153,VA-EB-PL1,2025-04-23,vireo.in,1,2499,PL1-2501-1
VR898861,C107025,VA-EB-PL1,2025-04-23,Amazon,1,1999,PL1-2502-2
VR907866,C100952,VA-NB-ARC,2025-04-23,vireo.in,2,2598,ARC-2501-4
VR883876,C102969,VA-SW-FIT,2025-04-24,vireo.in,1,1999,FIT-2503-3
VR885057,C102233,VA-SW-NX2,2025-04-24,vireo.in,1,6499,NX2-2502-4
VR885323,C102643,VA-EB-PL1,2025-04-24,vireo.in,1,2499,PL1-2501-1
VR887075,C108798,VA-SP-MINI,2025-04-24,vireo.in,1,2249,MINI-2503-1
VR887168,C106414,VA-SW-NX1,2025-04-24,Amazon,1,4999,NX1-2502-2
VR888540,C102371,VA-HP-ST3,2025-04-24,Amazon,2,13998,ST3-2503-3
VR889576,C101325,VA-SW-NX2,2025-04-24,vireo.in,1,6499,NX2-2503-1
VR889732,C102472,VA-SW-NX1,2025-04-24,vireo.in,1,4999,NX1-2503-2
VR892192,C103123,VA-EB-PL1,2025-04-24,Amazon,1,2499,PL1-2503-4
VR893566,C103947,VA-EB-AIR,2025-04-24,vireo.in,1,1439,AIR-2501-1
VR898495,C108667,VA-EB-PL1,2025-04-24,vireo.in,1,2499,PL1-2501-4
VR902312,C100875,VA-SP-MINI,2025-04-24,vireo.in,1,2249,MINI-2501-1
VR902475,C104312,VA-SW-NX1,2025-04-24,vireo.in,1,4999,NX1-2503-2
VR904752,C104865,VA-SP-MINI,2025-04-24,vireo.in,1,2124,MINI-2503-3
VR905913,C104621,VA-SP-MINI,2025-04-24,Amazon,1,2499,MINI-2502-3
VR906182,C104309,VA-SW-FIT,2025-04-24,Amazon,2,3998,FIT-2502-1
VR906387,C105165,VA-SP-MINI,2025-04-24,vireo.in,1,2249,MINI-2501-4
VR907455,C108299,VA-NB-ARC,2025-04-24,Amazon,1,1104,ARC-2501-2
VR908907,C106819,VA-EB-AIR,2025-04-24,Flipkart,1,1799,AIR-2502-3
VR908912,C101794,VA-SW-NX1,2025-04-24,vireo.in,1,3999,NX1-2503-3
VR909720,C101810,VA-SP-ORB,2025-04-24,vireo.in,2,11998,ORB-2501-4
VR881021,C105670,VA-SW-FIT,2025-04-25,vireo.in,1,1699,FIT-2502-2
VR882151,C107657,VA-EB-PL1,2025-04-25,vireo.in,1,2249,PL1-2503-1
VR882588,C107956,VA-SP-ORB,2025-04-25,vireo.in,1,5999,ORB-2502-2
VR883340,C100415,VA-EB-PL1,2025-04-25,Amazon,1,2124,PL1-2502-1
VR887953,C106197,VA-SW-NX2,2025-04-25,vireo.in,1,6499,NX2-2503-1
VR889990,C102425,VA-EB-PL1,2025-04-25,vireo.in,1,2374,PL1-2503-4
VR894245,C108471,VA-SW-FIT,2025-04-25,vireo.in,1,1999,FIT-2501-1
VR895488,C106820,VA-HP-ST2,2025-04-25,vireo.in,1,4999,ST2-2502-4
VR899365,C104262,VA-SW-NX2,2025-04-25,vireo.in,1,5199,NX2-2503-2
VR901776,C100567,VA-EB-PL1,2025-04-25,vireo.in,1,2499,PL1-2503-4
VR903552,C107743,VA-SW-FIT,2025-04-25,vireo.in,2,3198,FIT-2503-2
VR904154,C108510,VA-HP-ST2,2025-04-25,vireo.in,1,4749,ST2-2503-3
VR905244,C101403,VA-SP-MINI,2025-04-25,Amazon,1,2499,MINI-2501-2
VR910095,C106391,VA-EB-AIR,2025-04-25,Amazon,1,1439,AIR-2503-1
VR881245,C106068,VA-EB-AIR,2025-04-26,vireo.in,1,1439,AIR-2502-3
VR882188,C108505,VA-EB-PL1,2025-04-26,vireo.in,1,1999,PL1-2502-1
VR883512,C104319,VA-SP-MINI,2025-04-26,vireo.in,1,2124,MINI-2503-4
VR884373,C106051,VA-HP-ST3,2025-04-26,vireo.in,1,5949,ST3-2503-1
VR890347,C103230,VA-EB-AIR,2025-04-26,Flipkart,1,1529,AIR-2501-3
VR893179,C108669,VA-NB-ARC,2025-04-26,vireo.in,1,1104,ARC-2502-3
VR895886,C106813,VA-SP-MINI,2025-04-26,vireo.in,1,2124,MINI-2503-1
VR896299,C107847,VA-SW-FIT,2025-04-26,Flipkart,1,1999,FIT-2503-4
VR896381,C102973,VA-EB-PL1,2025-04-26,Amazon,1,2499,PL1-2502-2
VR898848,C102078,VA-SW-FIT,2025-04-26,vireo.in,1,1899,FIT-2504-1
VR899035,C107727,VA-SW-FIT,2025-04-26,Amazon,1,1999,FIT-2504-2
VR902382,C108299,VA-SP-ORB,2025-04-26,Flipkart,1,5699,ORB-2503-4
VR904079,C103655,VA-NB-ARC,2025-04-26,vireo.in,1,1234,ARC-2501-4
VR904690,C101180,VA-EB-PL1,2025-04-26,vireo.in,1,2249,PL1-2503-1
VR906768,C106720,VA-EB-AIR,2025-04-26,Amazon,1,1799,AIR-2503-1
VR908392,C101386,VA-HP-ST3,2025-04-26,Flipkart,1,5949,ST3-2503-1
VR881264,C109142,VA-SW-NX2,2025-04-27,vireo.in,1,6499,NX2-2502-3
VR889464,C104396,VA-SP-ORB,2025-04-27,vireo.in,1,5699,ORB-2501-1
VR891264,C108197,VA-HP-ST3,2025-04-27,Flipkart,1,5949,ST3-2503-4
VR893480,C100864,VA-SW-NX2,2025-04-27,vireo.in,1,6499,NX2-2502-4
VR895757,C103668,VA-EB-PL1,2025-04-27,vireo.in,2,4248,PL1-2503-3
VR896132,C109235,VA-SP-ORB,2025-04-27,Amazon,1,5999,ORB-2504-4
VR897785,C108522,VA-SW-NX2,2025-04-27,Amazon,1,6499,NX2-2501-2
VR897914,C102070,VA-NB-ARC,2025-04-27,Amazon,1,1299,ARC-2502-1
VR900069,C104435,VA-SW-NX2,2025-04-27,vireo.in,1,5199,NX2-2502-3
VR900808,C106745,VA-SW-NX1,2025-04-27,vireo.in,1,3999,NX1-2504-4
VR903846,C103957,VA-SW-FIT,2025-04-27,vireo.in,1,1999,FIT-2501-2
VR906252,C103377,VA-SW-NX1,2025-04-27,Amazon,1,4999,NX1-2501-2
VR908091,C102187,VA-SP-MINI,2025-04-27,vireo.in,1,2499,MINI-2503-1
VR909143,C101948,VA-SW-NX2,2025-04-27,vireo.in,1,6499,NX2-2503-1
VR909337,C108784,VA-EB-PL1,2025-04-27,Flipkart,1,2499,PL1-2501-2
VR880212,C101007,VA-HP-ST2,2025-04-28,vireo.in,1,4999,ST2-2502-3
VR881109,C100779,VA-SP-MINI,2025-04-28,vireo.in,1,2374,MINI-2502-2
VR881856,C109424,VA-SW-NX2,2025-04-28,Amazon,1,6499,NX2-2503-1
VR888845,C101159,VA-EB-AIR,2025-04-28,vireo.in,1,1439,AIR-2503-1
VR892890,C101325,VA-SW-NX2,2025-04-28,vireo.in,1,6499,NX2-2503-4
VR895212,C108199,VA-HP-ST3,2025-04-28,vireo.in,1,5599,ST3-2504-1
VR896521,C106694,VA-SP-ORB,2025-04-28,vireo.in,1,5999,ORB-2503-1
VR900482,C107362,VA-EB-AIR,2025-04-28,vireo.in,1,1799,AIR-2503-1
VR901291,C108473,VA-SW-FIT,2025-04-28,vireo.in,1,1799,FIT-2504-1
VR902526,C103829,VA-HP-ST2,2025-04-28,vireo.in,1,4749,ST2-2501-2
VR902695,C104907,VA-SP-MINI,2025-04-28,Amazon,2,4998,MINI-2503-4
VR906147,C106799,VA-SP-ORB,2025-04-28,vireo.in,1,5399,ORB-2504-3
VR908163,C102372,VA-EB-AIR,2025-04-28,Amazon,1,1799,AIR-2502-3
VR909051,C104435,VA-SP-ORB,2025-04-28,vireo.in,1,4799,ORB-2502-2
VR880774,C106585,VA-SW-NX2,2025-04-29,vireo.in,1,5524,NX2-2503-3
VR883936,C108969,VA-SP-MINI,2025-04-29,vireo.in,1,2499,MINI-2502-2
VR886316,C103326,VA-EB-AIR,2025-04-29,vireo.in,1,1529,AIR-2502-2
VR888421,C107408,VA-EB-PL1,2025-04-29,vireo.in,1,1999,PL1-2503-1
VR889526,C101852,VA-EB-PL1,2025-04-29,Flipkart,1,2499,PL1-2502-2
VR890727,C106865,VA-HP-ST3,2025-04-29,vireo.in,1,6999,ST3-2502-3
VR894309,C106763,VA-HP-ST3,2025-04-29,vireo.in,1,6999,ST3-2502-4
VR896070,C109273,VA-SP-ORB,2025-04-29,Amazon,1,5999,ORB-2501-1
VR896753,C103407,VA-SW-NX2,2025-04-29,Amazon,1,5524,NX2-2502-3
VR898149,C100876,VA-EB-PL1,2025-04-29,vireo.in,1,2249,PL1-2501-3
VR905560,C103743,VA-SP-MINI,2025-04-29,Amazon,1,2249,MINI-2503-1
VR908609,C109188,VA-SP-ORB,2025-04-29,vireo.in,1,5999,ORB-2501-3
VR909258,C106082,VA-SW-NX1,2025-04-29,vireo.in,1,4999,NX1-2501-3
VR880521,C105307,VA-SW-NX1,2025-04-30,vireo.in,1,4999,NX1-2503-3
VR880671,C105872,VA-EB-PL1,2025-04-30,vireo.in,1,2124,PL1-2502-3
VR883864,C104096,VA-HP-ST3,2025-04-30,vireo.in,1,5599,ST3-2503-2
VR885132,C109132,VA-SP-MINI,2025-04-30,vireo.in,1,2499,MINI-2503-2
VR886561,C102002,VA-SP-MINI,2025-04-30,vireo.in,1,2499,MINI-2502-4
VR893236,C103773,VA-EB-PL1,2025-04-30,vireo.in,1,2499,PL1-2502-1
VR894360,C104754,VA-SP-MINI,2025-04-30,Amazon,1,2499,MINI-2502-4
VR896691,C108912,VA-SW-NX2,2025-04-30,Amazon,1,5524,NX2-2502-1
VR897329,C103229,VA-EB-AIR,2025-04-30,Flipkart,1,1709,AIR-2502-1
VR897584,C106741,VA-EB-PL1,2025-04-30,Flipkart,1,1999,PL1-2502-3
VR898103,C104835,VA-EB-PL1,2025-04-30,vireo.in,1,2499,PL1-2501-1
VR900125,C104525,VA-EB-PL1,2025-04-30,vireo.in,2,4248,PL1-2503-2
VR904130,C104407,VA-HP-ST3,2025-04-30,vireo.in,1,6999,ST3-2503-3
VR907093,C106640,VA-SP-MINI,2025-04-30,vireo.in,2,4498,MINI-2502-1
VR908121,C103577,VA-EB-AIR,2025-04-30,vireo.in,1,1529,AIR-2503-2
VR880490,C105020,VA-SP-MINI,2025-05-01,vireo.in,1,2124,MINI-2501-4
VR880991,C108269,VA-EB-PL1,2025-05-01,Amazon,1,2124,PL1-2502-3
VR883007,C108804,VA-AC-CBL,2025-05-01,vireo.in,1,319,CBL-2503-4
VR883724,C100691,VA-SP-MINI,2025-05-01,Amazon,1,2374,MINI-2501-2
VR885569,C100704,VA-EB-PL1,2025-05-01,Amazon,1,2499,PL1-2503-1
VR886264,C100916,VA-SP-ORB,2025-05-01,Amazon,1,5999,ORB-2502-2
VR888002,C108393,VA-SW-FIT,2025-05-01,Amazon,1,1999,FIT-2502-4
VR888398,C101288,VA-EB-AIR,2025-05-01,vireo.in,1,1439,AIR-2503-1
VR890339,C107228,VA-SW-NX2,2025-05-01,vireo.in,1,6499,NX2-2502-3
VR893528,C100434,VA-SW-NX2,2025-05-01,vireo.in,1,6499,NX2-2502-3
VR896776,C103309,VA-AC-CBL,2025-05-01,vireo.in,1,399,CBL-2503-4
VR897028,C107849,VA-HP-ST2,2025-05-01,vireo.in,1,4999,ST2-2503-4
VR897788,C100734,VA-HP-ST3,2025-05-01,Amazon,1,6999,ST3-2503-4
VR897805,C102840,VA-EB-AIR,2025-05-01,vireo.in,1,1529,AIR-2503-4
VR902154,C105355,VA-SP-ORB,2025-05-01,vireo.in,1,5399,ORB-2503-3
VR903629,C105641,VA-SP-ORB,2025-05-01,Flipkart,1,5699,ORB-2503-2
VR904193,C102064,VA-SP-MINI,2025-05-01,vireo.in,1,2499,MINI-2501-4
VR904310,C108961,VA-SP-ORB,2025-05-01,vireo.in,1,4799,ORB-2504-4
VR905634,C106890,VA-EB-AIR,2025-05-01,Amazon,1,1799,AIR-2502-1
VR892957,C102153,VA-EB-AIR,2025-05-02,Amazon,1,1439,AIR-2504-2
VR893915,C106747,VA-SW-NX2,2025-05-02,vireo.in,1,6174,NX2-2503-1
VR895390,C108944,VA-SW-NX1,2025-05-02,Amazon,1,3999,NX1-2504-2
VR895444,C109016,VA-EB-AIR,2025-05-02,vireo.in,1,1709,AIR-2502-4
VR897094,C104617,VA-SP-ORB,2025-05-02,vireo.in,1,5999,ORB-2502-4
VR902064,C102228,VA-HP-ST3,2025-05-02,vireo.in,1,6999,ST3-2504-4
VR902580,C103567,VA-HP-ST3,2025-05-02,Amazon,1,6999,ST3-2503-4
VR903157,C103016,VA-SW-NX1,2025-05-02,Flipkart,1,4999,NX1-2501-4
VR903882,C104995,VA-EB-AIR,2025-05-02,Amazon,1,1439,AIR-2503-1
VR905172,C103651,VA-SW-FIT,2025-05-02,Amazon,2,3198,FIT-2503-1
VR905317,C104859,VA-HP-ST2,2025-05-02,Amazon,1,4999,ST2-2503-2
VR909811,C103488,VA-SW-FIT,2025-05-02,Amazon,1,1899,FIT-2501-1
VR882417,C108578,VA-HP-ST3,2025-05-03,Amazon,1,6999,ST3-2503-4
VR883139,C102358,VA-SP-MINI,2025-05-03,vireo.in,1,2374,MINI-2504-2
VR883276,C107042,VA-HP-ST2,2025-05-03,vireo.in,1,4249,ST2-2502-4
VR884168,C101878,VA-SP-MINI,2025-05-03,Amazon,1,2499,MINI-2502-1
VR884392,C101175,VA-SP-MINI,2025-05-03,Flipkart,1,1999,MINI-2503-4
VR885209,C102788,VA-SW-NX2,2025-05-03,Amazon,1,6499,NX2-2503-1
VR887031,C104161,VA-SP-MINI,2025-05-03,vireo.in,1,1999,MINI-2501-3
VR888369,C100634,VA-SP-MINI,2025-05-03,vireo.in,1,2499,MINI-2504-3
VR890071,C100183,VA-AC-CBL,2025-05-03,Flipkart,1,379,CBL-2502-3
VR890563,C100897,VA-AC-CBL,2025-05-03,vireo.in,1,339,CBL-2502-1
VR893547,C102727,VA-SW-NX2,2025-05-03,Amazon,1,5849,NX2-2504-3
VR895862,C101377,VA-HP-ST3,2025-05-03,Flipkart,1,6999,ST3-2503-1
VR896545,C101645,VA-SP-MINI,2025-05-03,Amazon,1,2374,MINI-2504-4
VR898364,C101452,VA-SW-NX2,2025-05-03,vireo.in,1,5524,NX2-2503-2
VR899346,C101303,VA-SP-ORB,2025-05-03,vireo.in,1,5099,ORB-2502-2
VR899436,C101723,VA-SP-MINI,2025-05-03,vireo.in,1,2499,MINI-2502-1
VR900671,C103732,VA-EB-AIR,2025-05-03,vireo.in,1,1709,AIR-2503-2
VR901131,C101952,VA-SP-ORB,2025-05-03,vireo.in,1,5399,ORB-2501-2
VR902588,C106763,VA-EB-AIR,2025-05-03,Amazon,1,1799,AIR-2502-4
VR902712,C105554,VA-EB-AIR,2025-05-03,Amazon,1,1619,AIR-2501-4
VR903742,C104863,VA-SP-ORB,2025-05-03,Flipkart,1,5999,ORB-2502-1
VR907019,C108930,VA-SP-MINI,2025-05-03,Amazon,1,2499,MINI-2502-1
VR908676,C101948,VA-EB-AIR,2025-05-03,Amazon,1,1529,AIR-2503-3
VR883821,C102771,VA-EB-AIR,2025-05-04,Flipkart,1,1799,AIR-2504-4
VR888589,C101263,VA-HP-ST3,2025-05-04,Amazon,1,5599,ST3-2503-4
VR890664,C109376,VA-SW-NX2,2025-05-04,vireo.in,1,5849,NX2-2502-4
VR891896,C102275,VA-HP-ST2,2025-05-04,Amazon,1,4499,ST2-2502-2
VR892282,C100056,VA-HP-ST2,2025-05-04,vireo.in,1,4499,ST2-2502-3
VR894297,C103371,VA-SP-ORB,2025-05-04,vireo.in,1,5999,ORB-2503-4
VR894471,C102086,VA-EB-AIR,2025-05-04,Flipkart,1,1709,AIR-2502-4
VR895002,C106836,VA-NB-ARC,2025-05-04,vireo.in,2,2208,ARC-2503-4
VR895479,C105036,VA-EB-PL1,2025-05-04,Amazon,1,2499,PL1-2503-1
VR897756,C101953,VA-NB-ARC,2025-05-04,vireo.in,1,1299,ARC-2502-2
VR898412,C108296,VA-SP-MINI,2025-05-04,vireo.in,1,2499,MINI-2502-1
VR898851,C109151,VA-SW-FIT,2025-05-04,Flipkart,1,1899,FIT-2502-2
VR901825,C104676,VA-EB-AIR,2025-05-04,vireo.in,1,1799,AIR-2501-3
VR902271,C107402,VA-SW-NX2,2025-05-04,vireo.in,1,6174,NX2-2503-3
VR906118,C103519,VA-SP-MINI,2025-05-04,vireo.in,1,2374,MINI-2502-1
VR906960,C102710,VA-AC-CH65,2025-05-04,Amazon,1,1349,CH65-2502-2
VR907381,C107176,VA-HP-ST3,2025-05-04,Amazon,1,5599,ST3-2503-2
VR908977,C107934,VA-SW-FIT,2025-05-04,vireo.in,1,1999,FIT-2504-2
VR880128,C102379,VA-EB-AIR,2025-05-05,vireo.in,1,1709,AIR-2501-3
VR883909,C100930,VA-SW-NX1,2025-05-05,Amazon,1,4999,NX1-2503-4
VR884729,C107312,VA-SP-MINI,2025-05-05,vireo.in,1,2124,MINI-2501-3
VR885051,C104051,VA-HP-ST3,2025-05-05,Flipkart,1,6649,ST3-2501-4
VR886684,C100026,VA-EB-AIR,2025-05-05,vireo.in,1,1439,AIR-2503-4
VR887096,C105150,VA-HP-ST2,2025-05-05,vireo.in,1,4999,ST2-2503-4
VR887546,C105948,VA-EB-AIR,2025-05-05,Flipkart,1,1799,AIR-2502-3
VR888005,C106677,VA-EB-AIR,2025-05-05,Amazon,1,1529,AIR-2503-3
VR891352,C107632,VA-SW-NX2,2025-05-05,vireo.in,1,6499,NX2-2502-4
VR891788,C103218,VA-SW-NX2,2025-05-05,Flipkart,1,5199,NX2-2503-3
VR892589,C104142,VA-HP-ST3,2025-05-05,Flipkart,1,5599,ST3-2501-1
VR893130,C102241,VA-SP-ORB,2025-05-05,vireo.in,1,5399,ORB-2504-2
VR896012,C106678,VA-SW-FIT,2025-05-05,vireo.in,1,1999,FIT-2504-2
VR897057,C108936,VA-SP-MINI,2025-05-05,Flipkart,1,2499,MINI-2502-2
VR904083,C105204,VA-SW-NX2,2025-05-05,vireo.in,1,5199,NX2-2501-2
VR904430,C103287,VA-EB-PL1,2025-05-05,vireo.in,1,1999,PL1-2503-1
VR880800,C103006,VA-SW-NX1,2025-05-06,vireo.in,1,4749,NX1-2502-2
VR881663,C103456,VA-SP-ORB,2025-05-06,vireo.in,1,4799,ORB-2503-1
VR885882,C108305,VA-SP-MINI,2025-05-06,Amazon,2,4998,MINI-2501-4
VR890095,C104683,VA-SW-NX2,2025-05-06,Amazon,1,5849,NX2-2502-3
VR893407,C100546,VA-SW-NX2,2025-05-06,vireo.in,1,5849,NX2-2504-1
VR893870,C102670,VA-EB-AIR,2025-05-06,Flipkart,1,1529,AIR-2502-3
VR899022,C106545,VA-SW-NX1,2025-05-06,Amazon,1,4749,NX1-2502-2
VR899238,C106446,VA-EB-PL1,2025-05-06,vireo.in,1,2374,PL1-2504-3
VR899388,C103495,VA-SW-NX2,2025-05-06,Amazon,1,6499,NX2-2504-2
VR900357,C102937,VA-SP-MINI,2025-05-06,vireo.in,1,2499,MINI-2502-2
VR903441,C106858,VA-EB-PL1,2025-05-06,Amazon,1,2499,PL1-2502-3
VR904248,C102525,VA-SP-MINI,2025-05-06,Amazon,1,2124,MINI-2503-4
VR905427,C101052,VA-HP-ST3,2025-05-06,Amazon,1,6299,ST3-2502-4
VR908947,C101248,VA-EB-PL1,2025-05-06,Flipkart,1,2374,PL1-2503-1
VR910001,C102974,VA-HP-ST3,2025-05-06,Flipkart,1,6999,ST3-2501-2
VR910048,C107350,VA-SP-MINI,2025-05-06,vireo.in,1,2249,MINI-2501-2
VR880967,C102513,VA-EB-AIR,2025-05-07,vireo.in,1,1799,AIR-2502-4
VR881633,C100209,VA-SP-MINI,2025-05-07,Amazon,1,1999,MINI-2503-1
VR882042,C106665,VA-SW-NX2,2025-05-07,vireo.in,1,5199,NX2-2503-1
VR885223,C106005,VA-HP-ST2,2025-05-07,vireo.in,1,4749,ST2-2502-3
VR887866,C106963,VA-SP-MINI,2025-05-07,Amazon,1,2249,MINI-2502-1
VR888052,C102813,VA-EB-AIR,2025-05-07,Amazon,1,1619,AIR-2503-3
VR893331,C105779,VA-SW-NX2,2025-05-07,Amazon,1,6174,NX2-2504-4
VR893593,C107512,VA-HP-ST3,2025-05-07,vireo.in,1,6649,ST3-2502-3
VR894290,C106654,VA-SP-MINI,2025-05-07,Amazon,1,1999,MINI-2503-3
VR894393,C105424,VA-EB-PL1,2025-05-07,vireo.in,1,2124,PL1-2501-3
VR895230,C101019,VA-EB-PL1,2025-05-07,vireo.in,1,2499,PL1-2502-3
VR897090,C100445,VA-SW-NX2,2025-05-07,vireo.in,1,6499,NX2-2502-2
VR908185,C101604,VA-SP-MINI,2025-05-07,vireo.in,2,4248,MINI-2502-4
VR909709,C101564,VA-SP-MINI,2025-05-07,vireo.in,1,2499,MINI-2503-4
VR881564,C104253,VA-SP-MINI,2025-05-08,vireo.in,1,2374,MINI-2504-4
VR882552,C102709,VA-SW-FIT,2025-05-08,vireo.in,1,1799,FIT-2501-4
VR884154,C100917,VA-EB-PL1,2025-05-08,vireo.in,1,2124,PL1-2502-3
VR888058,C105214,VA-SW-FIT,2025-05-08,vireo.in,1,1999,FIT-2503-3
VR888329,C100227,VA-EB-PL1,2025-05-08,vireo.in,1,2499,PL1-2503-3
VR889655,C106549,VA-SW-FIT,2025-05-08,vireo.in,1,1999,FIT-2503-1
VR890560,C102204,VA-NB-ARC,2025-05-08,vireo.in,2,2468,ARC-2502-2
VR890882,C105823,VA-SP-MINI,2025-05-08,vireo.in,1,2124,MINI-2504-4
VR891726,C100980,VA-SW-NX2,2025-05-08,Amazon,1,6499,NX2-2503-3
VR892045,C103735,VA-SW-NX2,2025-05-08,vireo.in,1,5199,NX2-2503-2
VR894459,C106589,VA-SP-ORB,2025-05-08,vireo.in,1,5399,ORB-2503-4
VR899635,C104004,VA-SW-NX2,2025-05-08,vireo.in,1,5849,NX2-2503-1
VR900924,C102669,VA-SP-MINI,2025-05-08,Flipkart,1,2124,MINI-2503-3
VR901102,C106883,VA-HP-ST3,2025-05-08,Amazon,1,6999,ST3-2504-4
VR903010,C104169,VA-EB-PL1,2025-05-08,Amazon,1,2499,PL1-2502-4
VR907963,C106914,VA-SP-ORB,2025-05-08,vireo.in,1,5399,ORB-2501-4
VR909350,C101267,VA-EB-PL1,2025-05-08,vireo.in,1,2499,PL1-2503-3
VR880218,C104189,VA-EB-PL1,2025-05-09,Amazon,1,2499,PL1-2503-3
VR881229,C108605,VA-HP-ST3,2025-05-09,vireo.in,1,6999,ST3-2502-2
VR881944,C109343,VA-HP-ST3,2025-05-09,vireo.in,2,12598,ST3-2503-1
VR883382,C100902,VA-SW-NX2,2025-05-09,Amazon,1,6499,NX2-2502-3
VR887934,C104363,VA-HP-ST3,2025-05-09,vireo.in,2,13298,ST3-2503-4
VR889221,C106008,VA-SW-NX2,2025-05-09,Amazon,1,6499,NX2-2501-3
VR892488,C105757,VA-SP-MINI,2025-05-09,vireo.in,1,2499,MINI-2502-2
VR893188,C109161,VA-EB-AIR,2025-05-09,vireo.in,1,1529,AIR-2504-3
VR898099,C106071,VA-SP-MINI,2025-05-09,Flipkart,1,2249,MINI-2503-1
VR898380,C100412,VA-EB-PL1,2025-05-09,vireo.in,1,2124,PL1-2503-3
VR899719,C106286,VA-SP-MINI,2025-05-09,vireo.in,1,2249,MINI-2502-2
VR899970,C101564,VA-SW-NX2,2025-05-09,vireo.in,1,5199,NX2-2504-1
VR900275,C102069,VA-EB-AIR,2025-05-09,vireo.in,1,1799,AIR-2503-2
VR902248,C105377,VA-NB-ARC,2025-05-09,Amazon,1,1104,ARC-2503-4
VR902553,C101598,VA-EB-PL1,2025-05-09,Flipkart,1,2499,PL1-2503-1
VR909784,C102418,VA-SW-NX2,2025-05-09,vireo.in,1,5524,NX2-2504-2
VR880838,C107635,VA-SP-ORB,2025-05-10,Amazon,1,5699,ORB-2503-4
VR881233,C103880,VA-SW-NX2,2025-05-10,Amazon,1,5524,NX2-2503-3
VR881764,C105385,VA-SP-MINI,2025-05-10,Amazon,1,2499,MINI-2503-3
VR887460,C101387,VA-HP-ST2,2025-05-10,Flipkart,1,4749,ST2-2504-4
VR894293,C101484,VA-SW-FIT,2025-05-10,Amazon,1,1999,FIT-2504-2
VR895252,C108039,VA-EB-AIR,2025-05-10,Amazon,1,1529,AIR-2503-3
VR897593,C104541,VA-HP-ST3,2025-05-10,vireo.in,1,6299,ST3-2503-2
VR899170,C104268,VA-SW-NX1,2025-05-10,vireo.in,1,4999,NX1-2502-2
VR899850,C106412,VA-SW-NX1,2025-05-10,Flipkart,1,4499,NX1-2503-2
VR902370,C101745,VA-SP-MINI,2025-05-10,vireo.in,1,2499,MINI-2501-2
VR880540,C105534,VA-EB-PL1,2025-05-11,Amazon,1,2499,PL1-2503-2
VR880958,C104050,VA-EB-PL1,2025-05-11,vireo.in,1,2374,PL1-2502-1
VR884329,C102297,VA-SW-FIT,2025-05-11,Flipkart,1,1999,FIT-2504-3
VR885128,C102231,VA-SW-NX2,2025-05-11,Flipkart,2,10398,NX2-2503-3
VR890708,C105655,VA-EB-PL1,2025-05-11,vireo.in,1,1999,PL1-2501-4
VR891243,C102102,VA-SW-NX2,2025-05-11,Flipkart,1,5849,NX2-2503-4
VR892252,C101179,VA-SW-FIT,2025-05-11,vireo.in,1,1999,FIT-2504-1
VR894345,C104051,VA-HP-ST3,2025-05-11,Amazon,1,6649,ST3-2504-4
VR895481,C105130,VA-SW-NX2,2025-05-11,vireo.in,1,6499,NX2-2504-1
VR895876,C104031,VA-SW-NX1,2025-05-11,Amazon,1,4249,NX1-2501-1
VR898013,C100644,VA-AC-CH65,2025-05-11,vireo.in,1,1274,CH65-2503-3
VR899100,C107020,VA-NB-ARC,2025-05-11,vireo.in,1,1104,ARC-2503-3
VR901489,C109066,VA-SW-NX1,2025-05-11,Amazon,1,4999,NX1-2502-4
VR902688,C108617,VA-EB-PL1,2025-05-11,Amazon,1,2124,PL1-2501-3
VR907539,C104333,VA-SW-NX2,2025-05-11,Amazon,1,5849,NX2-2503-3
VR908223,C101914,VA-HP-ST3,2025-05-11,vireo.in,1,5949,ST3-2502-2
VR884389,C104213,VA-SW-NX1,2025-05-12,vireo.in,1,4249,NX1-2504-3
VR886024,C103224,VA-SP-MINI,2025-05-12,vireo.in,1,2374,MINI-2503-4
VR886726,C108180,VA-SW-NX2,2025-05-12,Amazon,1,5524,NX2-2502-2
VR887336,C106887,VA-EB-AIR,2025-05-12,Flipkart,1,1799,AIR-2501-4
VR888699,C102483,VA-SW-NX1,2025-05-12,Flipkart,1,4249,NX1-2502-1
VR895451,C103608,VA-EB-AIR,2025-05-12,vireo.in,2,3238,AIR-2504-3
VR897075,C109045,VA-AC-CH65,2025-05-12,vireo.in,1,1349,CH65-2502-2
VR899377,C101787,VA-HP-ST3,2025-05-12,Flipkart,1,6299,ST3-2503-2
VR899888,C105042,VA-HP-ST2,2025-05-12,vireo.in,1,4499,ST2-2504-3
VR903555,C105004,VA-EB-AIR,2025-05-12,Flipkart,1,1439,AIR-2501-3
VR907307,C108549,VA-EB-PL1,2025-05-12,Amazon,1,2499,PL1-2502-4
VR907558,C109401,VA-EB-PL1,2025-05-12,vireo.in,1,2499,PL1-2503-1
VR908948,C103459,VA-EB-AIR,2025-05-12,vireo.in,1,1439,AIR-2502-3
VR882545,C107797,VA-HP-ST3,2025-05-13,vireo.in,1,6999,ST3-2502-1
VR884087,C107990,VA-SP-MINI,2025-05-13,vireo.in,1,2374,MINI-2504-4
VR888198,C105796,VA-SW-FIT,2025-05-13,Amazon,1,1999,FIT-2503-1
VR892224,C108639,VA-SW-FIT,2025-05-13,vireo.in,1,1999,FIT-2501-4
VR892408,C105841,VA-SP-ORB,2025-05-13,vireo.in,1,5999,ORB-2502-3
VR894376,C106058,VA-SW-NX2,2025-05-13,vireo.in,1,5199,NX2-2503-3
VR896138,C105455,VA-AC-CH65,2025-05-13,Amazon,2,2848,CH65-2503-2
VR896643,C101571,VA-HP-ST3,2025-05-13,vireo.in,1,6999,ST3-2503-4
VR896681,C102999,VA-HP-ST3,2025-05-13,vireo.in,1,5949,ST3-2502-4
VR900819,C106965,VA-HP-ST3,2025-05-13,Flipkart,1,6649,ST3-2503-3
VR900834,C107144,VA-SW-FIT,2025-05-13,vireo.in,2,3598,FIT-2502-1
VR902140,C103776,VA-EB-AIR,2025-05-13,vireo.in,1,1439,AIR-2503-3
VR904372,C106742,VA-EB-AIR,2025-05-13,Flipkart,1,1619,AIR-2503-4
VR905106,C108314,VA-EB-PL1,2025-05-13,vireo.in,1,2499,PL1-2504-1
VR909162,C109082,VA-EB-AIR,2025-05-13,vireo.in,1,1709,AIR-2504-2
VR880103,C103489,VA-EB-AIR,2025-05-14,Amazon,1,1529,AIR-2502-3
VR882440,C103083,VA-SP-ORB,2025-05-14,Amazon,1,4799,ORB-2501-1
VR884282,C106294,VA-HP-ST3,2025-05-14,vireo.in,1,5599,ST3-2502-1
VR885049,C101452,VA-HP-ST3,2025-05-14,Amazon,1,5599,ST3-2504-1
VR885360,C105639,VA-SW-FIT,2025-05-14,vireo.in,1,1999,FIT-2504-1
VR888279,C106888,VA-EB-AIR,2025-05-14,vireo.in,1,1799,AIR-2503-2
VR888569,C105776,VA-HP-ST3,2025-05-14,vireo.in,1,6299,ST3-2502-4
VR894341,C103896,VA-HP-ST2,2025-05-14,vireo.in,1,4249,ST2-2504-1
VR894733,C109170,VA-SP-ORB,2025-05-14,vireo.in,1,5999,ORB-2503-1
VR899223,C100414,VA-EB-PL1,2025-05-14,vireo.in,1,2499,PL1-2502-2
VR899731,C102144,VA-HP-ST2,2025-05-14,vireo.in,1,4249,ST2-2502-2
VR899772,C106847,VA-EB-AIR,2025-05-14,vireo.in,1,1799,AIR-2504-1
VR901810,C108232,VA-SW-NX2,2025-05-14,vireo.in,1,6499,NX2-2504-4
VR906698,C107528,VA-SW-NX2,2025-05-14,vireo.in,1,5849,NX2-2502-3
VR908237,C103438,VA-SW-NX2,2025-05-14,vireo.in,1,6499,NX2-2504-4
VR909056,C103754,VA-EB-AIR,2025-05-14,vireo.in,1,1619,AIR-2501-3
VR880989,C104796,VA-HP-ST3,2025-05-15,Amazon,1,5599,ST3-2503-4
VR882244,C106130,VA-EB-PL1,2025-05-15,vireo.in,1,2499,PL1-2502-2
VR882330,C108895,VA-SW-NX1,2025-05-15,vireo.in,1,4749,NX1-2503-2
VR882615,C105317,VA-SW-FIT,2025-05-15,vireo.in,2,3398,FIT-2502-3
VR883412,C107961,VA-SW-NX2,2025-05-15,Amazon,1,5524,NX2-2504-2
VR883992,C105478,VA-EB-PL1,2025-05-15,Amazon,1,2499,PL1-2503-1
VR889966,C106826,VA-EB-PL1,2025-05-15,vireo.in,1,2374,PL1-2504-4
VR890100,C103710,VA-EB-AIR,2025-05-15,Amazon,1,1439,AIR-2502-2
VR890188,C108998,VA-SW-NX1,2025-05-15,vireo.in,1,4499,NX1-2504-1
VR890427,C102074,VA-SW-NX2,2025-05-15,vireo.in,1,6499,NX2-2503-3
VR891509,C103492,VA-SP-MINI,2025-05-15,vireo.in,1,1999,MINI-2502-2
VR893926,C101488,VA-SP-MINI,2025-05-15,Amazon,1,2249,MINI-2504-4
VR895905,C107730,VA-AC-CH65,2025-05-15,vireo.in,1,1499,CH65-2502-2
VR895944,C103393,VA-EB-AIR,2025-05-15,vireo.in,1,1709,AIR-2504-2
VR902976,C107333,VA-HP-ST3,2025-05-15,vireo.in,1,6999,ST3-2503-4
VR906675,C109265,VA-SW-NX2,2025-05-15,Amazon,1,6499,NX2-2504-1
VR907956,C108147,VA-HP-ST3,2025-05-15,vireo.in,1,6999,ST3-2503-1
VR908217,C104286,VA-SP-ORB,2025-05-15,vireo.in,1,5999,ORB-2504-3
VR909474,C101892,VA-SP-MINI,2025-05-15,Amazon,1,2374,MINI-2503-2
VR909696,C101545,VA-SP-MINI,2025-05-15,Amazon,1,2499,MINI-2504-3
VR883808,C102678,VA-EB-PL1,2025-05-16,Amazon,1,2124,PL1-2504-2
VR887208,C105550,VA-SW-NX2,2025-05-16,Amazon,1,6174,NX2-2504-3
VR891348,C103287,VA-SP-ORB,2025-05-16,vireo.in,1,5999,ORB-2502-3
VR894773,C102246,VA-SW-FIT,2025-05-16,vireo.in,1,1599,FIT-2504-3
VR898850,C109219,VA-EB-AIR,2025-05-16,vireo.in,1,1619,AIR-2504-1
VR901021,C109413,VA-SW-NX2,2025-05-16,Flipkart,1,6499,NX2-2502-1
VR902916,C100120,VA-NB-ARC,2025-05-16,vireo.in,1,1299,ARC-2504-1
VR906005,C102418,VA-HP-ST3,2025-05-16,vireo.in,1,5599,ST3-2504-3
VR908221,C100423,VA-EB-PL1,2025-05-16,Amazon,1,2499,PL1-2504-1
VR883905,C103518,VA-EB-AIR,2025-05-17,vireo.in,1,1709,AIR-2502-4
VR884525,C102113,VA-HP-ST3,2025-05-17,Flipkart,1,5599,ST3-2503-1
VR889518,C104181,VA-EB-PL1,2025-05-17,vireo.in,1,2499,PL1-2503-3
VR891098,C105028,VA-EB-PL1,2025-05-17,vireo.in,1,1999,PL1-2503-1
VR892659,C104501,VA-AC-CH65,2025-05-17,vireo.in,1,1424,CH65-2504-2
VR896332,C106411,VA-AC-CH65,2025-05-17,vireo.in,1,1349,CH65-2504-4
VR897693,C108372,VA-SW-NX2,2025-05-17,Flipkart,1,5199,NX2-2503-1
VR899203,C100815,VA-SP-ORB,2025-05-17,Amazon,1,5999,ORB-2504-4
VR901983,C106346,VA-NB-ARC,2025-05-17,vireo.in,1,1234,ARC-2504-1
VR902387,C101735,VA-EB-PL1,2025-05-17,vireo.in,2,4998,PL1-2502-1
VR905126,C101277,VA-SW-NX2,2025-05-17,vireo.in,2,12348,NX2-2502-4
VR905744,C102727,VA-EB-PL1,2025-05-17,vireo.in,1,2249,PL1-2503-4
VR906409,C106528,VA-SW-NX2,2025-05-17,vireo.in,1,5849,NX2-2504-1
VR908385,C103337,VA-SP-MINI,2025-05-17,Amazon,1,2499,MINI-2504-1
VR884711,C103305,VA-EB-PL1,2025-05-18,Flipkart,1,2499,PL1-2504-1
VR884723,C100581,VA-SP-MINI,2025-05-18,Amazon,1,2499,MINI-2503-2
VR886084,C101776,VA-SW-FIT,2025-05-18,vireo.in,1,1999,FIT-2503-1
VR887320,C105266,VA-EB-AIR,2025-05-18,vireo.in,1,1529,AIR-2502-3
VR887463,C100063,VA-SW-NX1,2025-05-18,vireo.in,1,4499,NX1-2504-2
VR888037,C104300,VA-SP-MINI,2025-05-18,vireo.in,1,1999,MINI-2504-4
VR893418,C106349,VA-SW-FIT,2025-05-18,vireo.in,2,3598,FIT-2502-1
VR893618,C105962,VA-EB-PL1,2025-05-18,vireo.in,1,2249,PL1-2502-2
VR894285,C104811,VA-EB-PL1,2025-05-18,vireo.in,1,2124,PL1-2502-3
VR894930,C105079,VA-EB-PL1,2025-05-18,vireo.in,1,2499,PL1-2502-3
VR899562,C107076,VA-HP-ST3,2025-05-18,Flipkart,1,6999,ST3-2502-1
VR900544,C104354,VA-EB-PL1,2025-05-18,Amazon,2,4498,PL1-2501-2
VR902094,C105432,VA-HP-ST3,2025-05-18,vireo.in,1,6999,ST3-2502-2
VR902752,C103066,VA-HP-ST3,2025-05-18,Amazon,1,6999,ST3-2503-3
VR906041,C104992,VA-EB-AIR,2025-05-18,vireo.in,1,1799,AIR-2504-2
VR907227,C106105,VA-SP-ORB,2025-05-18,Amazon,1,5699,ORB-2504-4
VR908960,C106663,VA-SP-MINI,2025-05-18,vireo.in,1,2499,MINI-2503-3
VR909418,C108079,VA-SW-NX2,2025-05-18,Amazon,1,5849,NX2-2504-3
VR883463,C103349,VA-EB-AIR,2025-05-19,Amazon,1,1439,AIR-2503-1
VR883629,C101231,VA-SP-ORB,2025-05-19,vireo.in,1,5699,ORB-2503-3
VR884405,C101509,VA-SW-NX2,2025-05-19,Amazon,1,5849,NX2-2502-1
VR885979,C105767,VA-EB-PL1,2025-05-19,vireo.in,1,2374,PL1-2502-3
VR893057,C105734,VA-HP-ST3,2025-05-19,vireo.in,1,5599,ST3-2504-1
VR896291,C104030,VA-AC-CH65,2025-05-19,vireo.in,1,1499,CH65-2504-1
VR896782,C108228,VA-SW-NX1,2025-05-19,Amazon,1,4749,NX1-2502-3
VR898131,C105729,VA-EB-PL1,2025-05-19,vireo.in,1,2249,PL1-2503-2
VR900101,C101098,VA-EB-PL1,2025-05-19,vireo.in,1,2499,PL1-2502-2
VR901274,C105141,VA-SW-NX2,2025-05-19,vireo.in,1,6499,NX2-2502-4
VR901786,C100445,VA-EB-PL1,2025-05-19,Amazon,1,2499,PL1-2503-2
VR901939,C101138,VA-SW-NX2,2025-05-19,vireo.in,1,5849,NX2-2503-2
VR904117,C108118,VA-SP-ORB,2025-05-19,Amazon,1,5099,ORB-2504-3
VR884054,C106470,VA-SW-NX2,2025-05-20,vireo.in,1,6499,NX2-2503-4
VR885395,C106871,VA-SW-FIT,2025-05-20,Amazon,1,1799,FIT-2504-2
VR886532,C108801,VA-AC-CBL,2025-05-20,vireo.in,1,399,CBL-2503-3
VR890789,C107288,VA-SW-NX2,2025-05-20,vireo.in,1,5199,NX2-2502-4
VR892708,C104992,VA-SW-NX2,2025-05-20,vireo.in,1,6499,NX2-2504-3
VR892959,C100266,VA-SP-ORB,2025-05-20,vireo.in,1,5999,ORB-2502-4
VR893208,C102281,VA-SW-NX1,2025-05-20,Flipkart,1,4999,NX1-2502-4
VR897400,C105129,VA-EB-AIR,2025-05-20,Amazon,1,1439,AIR-2503-2
VR897994,C104234,VA-EB-AIR,2025-05-20,Amazon,1,1439,AIR-2502-1
VR898544,C108617,VA-SP-MINI,2025-05-20,Amazon,1,2374,MINI-2501-4
VR898890,C106898,VA-SP-ORB,2025-05-20,Amazon,1,5999,ORB-2504-4
VR900682,C104980,VA-SP-ORB,2025-05-20,vireo.in,1,5399,ORB-2504-1
VR902054,C100493,VA-SW-NX2,2025-05-20,vireo.in,1,6499,NX2-2503-4
VR905468,C101417,VA-AC-CBL,2025-05-20,vireo.in,1,399,CBL-2504-2
VR905715,C102843,VA-SW-NX1,2025-05-20,vireo.in,2,7998,NX1-2504-4
VR906254,C100098,VA-SP-ORB,2025-05-20,vireo.in,2,10198,ORB-2503-3
VR906890,C108169,VA-NB-ARC,2025-05-20,vireo.in,1,1039,ARC-2503-4
VR908821,C105102,VA-EB-PL1,2025-05-20,vireo.in,1,2499,PL1-2502-1
VR909130,C105205,VA-EB-PL1,2025-05-20,vireo.in,1,1999,PL1-2504-2
VR909435,C103246,VA-EB-PL1,2025-05-20,Amazon,1,1999,PL1-2502-3
VR910128,C103438,VA-EB-PL1,2025-05-20,vireo.in,1,2249,PL1-2503-2
VR887833,C106697,VA-EB-PL1,2025-05-21,Flipkart,1,2374,PL1-2503-1
VR888055,C108537,VA-HP-ST3,2025-05-21,vireo.in,1,6299,ST3-2502-1
VR888507,C102482,VA-EB-PL1,2025-05-21,vireo.in,1,2499,PL1-2504-3
VR892506,C106240,VA-EB-AIR,2025-05-21,vireo.in,2,3598,AIR-2502-4
VR892799,C102773,VA-HP-ST3,2025-05-21,vireo.in,1,6299,ST3-2504-2
VR893217,C102575,VA-SP-ORB,2025-05-21,vireo.in,1,5399,ORB-2502-1
VR895775,C109191,VA-HP-ST3,2025-05-21,vireo.in,1,5599,ST3-2503-2
VR900488,C108137,VA-SW-NX2,2025-05-21,Amazon,1,6174,NX2-2502-4
VR901543,C101426,VA-HP-ST2,2025-05-21,Amazon,1,4999,ST2-2503-4
VR902162,C108508,VA-EB-PL1,2025-05-21,vireo.in,1,2124,PL1-2504-2
VR903398,C106364,VA-SP-MINI,2025-05-21,vireo.in,1,2499,MINI-2503-4
VR904579,C103382,VA-SP-MINI,2025-05-21,vireo.in,1,2499,MINI-2503-1
VR905447,C107267,VA-EB-AIR,2025-05-21,Amazon,1,1709,AIR-2503-2
VR908082,C109162,VA-SW-NX2,2025-05-21,vireo.in,1,6499,NX2-2503-4
VR910126,C100947,VA-SW-NX1,2025-05-21,vireo.in,1,4749,NX1-2503-1
VR885334,C102644,VA-SW-NX2,2025-05-22,vireo.in,1,5849,NX2-2503-2
VR885441,C102349,VA-EB-PL1,2025-05-22,Amazon,2,4748,PL1-2504-1
VR887026,C105377,VA-SW-NX2,2025-05-22,Amazon,1,5199,NX2-2503-4
VR887434,C107045,VA-HP-ST3,2025-05-22,vireo.in,1,6999,ST3-2502-1
VR888117,C106225,VA-SP-MINI,2025-05-22,vireo.in,1,2499,MINI-2502-1
VR890746,C102573,VA-SP-MINI,2025-05-22,vireo.in,1,2374,MINI-2504-1
VR890817,C103818,VA-SP-ORB,2025-05-22,Flipkart,1,5999,ORB-2503-2
VR900857,C102817,VA-SP-ORB,2025-05-22,vireo.in,1,5999,ORB-2503-2
VR901456,C107532,VA-EB-AIR,2025-05-22,vireo.in,1,1799,AIR-2503-4
VR901840,C103673,VA-HP-ST3,2025-05-22,vireo.in,1,6999,ST3-2503-1
VR902835,C101320,VA-EB-AIR,2025-05-22,Amazon,1,1799,AIR-2503-1
VR905506,C108428,VA-SW-FIT,2025-05-22,Flipkart,1,1799,FIT-2504-4
VR907063,C107459,VA-HP-ST3,2025-05-22,vireo.in,1,6999,ST3-2504-4
VR908110,C103126,VA-SW-NX2,2025-05-22,Flipkart,1,5524,NX2-2503-3
VR909055,C105765,VA-SW-NX1,2025-05-22,vireo.in,1,4249,NX1-2505-4
VR909374,C100980,VA-AC-CBL,2025-05-22,Amazon,1,399,CBL-2505-1
VR880729,C101144,VA-SW-NX1,2025-05-23,vireo.in,1,4999,NX1-2502-3
VR882949,C101840,VA-SP-MINI,2025-05-23,vireo.in,1,2499,MINI-2504-2
VR886557,C106068,VA-SP-ORB,2025-05-23,vireo.in,1,4799,ORB-2503-2
VR889257,C101098,VA-SW-NX2,2025-05-23,vireo.in,1,5524,NX2-2504-2
VR889284,C103522,VA-HP-ST3,2025-05-23,Amazon,1,5949,ST3-2502-1
VR889539,C103285,VA-EB-AIR,2025-05-23,Amazon,1,1709,AIR-2503-2
VR891900,C108937,VA-EB-AIR,2025-05-23,vireo.in,1,1799,AIR-2503-3
VR893534,C105734,VA-HP-ST2,2025-05-23,vireo.in,1,4999,ST2-2503-2
VR893800,C100172,VA-SW-NX2,2025-05-23,vireo.in,1,5524,NX2-2503-3
VR896355,C102610,VA-HP-ST3,2025-05-23,Amazon,2,11898,ST3-2502-3
VR896652,C102546,VA-SW-NX1,2025-05-23,vireo.in,1,4999,NX1-2504-2
VR897170,C106136,VA-HP-ST3,2025-05-23,vireo.in,1,6649,ST3-2503-2
VR898843,C102348,VA-SW-NX2,2025-05-23,vireo.in,1,6499,NX2-2502-4
VR899091,C102901,VA-SP-MINI,2025-05-23,vireo.in,1,1999,MINI-2504-2
VR900643,C108217,VA-EB-PL1,2025-05-23,vireo.in,1,2249,PL1-2502-4
VR902063,C101831,VA-SW-NX1,2025-05-23,Flipkart,1,3999,NX1-2502-3
VR903666,C109292,VA-SP-MINI,2025-05-23,Amazon,1,2499,MINI-2504-3
VR904017,C104542,VA-HP-ST3,2025-05-23,Flipkart,1,6299,ST3-2502-1
VR906998,C108693,VA-SW-NX2,2025-05-23,vireo.in,2,12348,NX2-2504-3
VR881575,C105262,VA-EB-PL1,2025-05-24,vireo.in,1,1999,PL1-2503-4
VR883033,C109234,VA-HP-ST3,2025-05-24,vireo.in,1,6649,ST3-2503-2
VR883546,C101123,VA-SW-FIT,2025-05-24,vireo.in,1,1799,FIT-2503-1
VR884922,C108342,VA-EB-AIR,2025-05-24,vireo.in,1,1439,AIR-2503-3
VR885989,C100767,VA-SW-NX2,2025-05-24,Amazon,1,5199,NX2-2504-2
VR886137,C100414,VA-EB-PL1,2025-05-24,vireo.in,1,2499,PL1-2504-3
VR889111,C103567,VA-SW-NX2,2025-05-24,Amazon,1,5524,NX2-2503-1
VR891562,C108718,VA-SP-ORB,2025-05-24,Amazon,1,4799,ORB-2504-3
VR896506,C105219,VA-HP-ST3,2025-05-24,Amazon,1,5949,ST3-2504-4
VR898678,C108043,VA-SW-NX1,2025-05-24,vireo.in,1,4999,NX1-2503-4
VR902744,C101340,VA-EB-PL1,2025-05-24,Flipkart,1,2374,PL1-2504-2
VR903129,C107610,VA-EB-PL1,2025-05-24,Amazon,1,2374,PL1-2503-2
VR904293,C100968,VA-EB-PL1,2025-05-24,vireo.in,1,2499,PL1-2502-2
VR905175,C100187,VA-SP-MINI,2025-05-24,vireo.in,1,2499,MINI-2505-4
VR905442,C106542,VA-SW-NX2,2025-05-24,Amazon,1,5524,NX2-2504-1
VR905837,C104379,VA-EB-AIR,2025-05-24,Flipkart,1,1799,AIR-2504-3
VR907111,C108845,VA-SW-NX2,2025-05-24,Amazon,1,5199,NX2-2502-3
VR909669,C105709,VA-SP-MINI,2025-05-24,Flipkart,1,2499,MINI-2504-1
VR909804,C109109,VA-SW-FIT,2025-05-24,vireo.in,2,3598,FIT-2504-4
VR880769,C101521,VA-SW-NX2,2025-05-25,vireo.in,1,6499,NX2-2502-4
VR881859,C101596,VA-SP-MINI,2025-05-25,vireo.in,1,2374,MINI-2504-2
VR881923,C103487,VA-HP-ST2,2025-05-25,vireo.in,1,4999,ST2-2502-4
VR881941,C101904,VA-SW-NX2,2025-05-25,Amazon,1,6499,NX2-2503-1
VR882626,C103391,VA-SW-FIT,2025-05-25,vireo.in,1,1999,FIT-2504-3
VR887553,C102442,VA-HP-ST3,2025-05-25,Flipkart,1,6999,ST3-2502-3
VR887989,C101166,VA-SW-FIT,2025-05-25,vireo.in,1,1699,FIT-2505-4
VR888149,C103659,VA-SW-NX1,2025-05-25,vireo.in,1,4999,NX1-2502-3
VR889413,C102757,VA-HP-ST3,2025-05-25,Amazon,1,6999,ST3-2504-4
VR890768,C104953,VA-HP-ST3,2025-05-25,Flipkart,1,6299,ST3-2504-4
VR892326,C108900,VA-SW-NX2,2025-05-25,vireo.in,1,5849,NX2-2504-3
VR896346,C105433,VA-EB-PL1,2025-05-25,vireo.in,1,2374,PL1-2502-3
VR898422,C109142,VA-EB-AIR,2025-05-25,vireo.in,1,1799,AIR-2503-1
VR906886,C109389,VA-SW-NX2,2025-05-25,vireo.in,1,6499,NX2-2503-1
VR907074,C103686,VA-SW-NX1,2025-05-25,vireo.in,1,4999,NX1-2504-1
VR909168,C109491,VA-EB-AIR,2025-05-25,Amazon,1,1529,AIR-2502-2
VR884731,C104693,VA-SP-ORB,2025-05-26,Amazon,1,5999,ORB-2502-3
VR885304,C104475,VA-SW-FIT,2025-05-26,vireo.in,1,1999,FIT-2502-2
VR886496,C108251,VA-HP-ST2,2025-05-26,Flipkart,1,3999,ST2-2503-3
VR888412,C107038,VA-HP-ST3,2025-05-26,vireo.in,1,6999,ST3-2503-1
VR895450,C102147,VA-HP-ST3,2025-05-26,vireo.in,1,6999,ST3-2503-3
VR899612,C104139,VA-NB-ARC,2025-05-26,Amazon,1,1104,ARC-2504-1
VR901995,C107529,VA-EB-PL1,2025-05-26,vireo.in,1,1999,PL1-2503-4
VR902316,C108816,VA-HP-ST3,2025-05-26,Amazon,1,6999,ST3-2504-3
VR903473,C101015,VA-HP-ST2,2025-05-26,vireo.in,1,4499,ST2-2503-4
VR905975,C105998,VA-SP-MINI,2025-05-26,vireo.in,1,1999,MINI-2503-2
VR909926,C101150,VA-EB-PL1,2025-05-26,vireo.in,1,2499,PL1-2503-1
VR881383,C100490,VA-SP-MINI,2025-05-27,Flipkart,1,2499,MINI-2504-1
VR882776,C105171,VA-SW-NX2,2025-05-27,vireo.in,1,5849,NX2-2502-2
VR884393,C102667,VA-SP-MINI,2025-05-27,vireo.in,1,1999,MINI-2502-2
VR886149,C100076,VA-EB-PL1,2025-05-27,vireo.in,1,2499,PL1-2504-3
VR886729,C101599,VA-SW-NX2,2025-05-27,Amazon,1,6499,NX2-2503-4
VR886774,C104497,VA-SW-NX1,2025-05-27,vireo.in,1,4249,NX1-2504-3
VR886912,C109086,VA-EB-AIR,2025-05-27,Flipkart,1,1799,AIR-2503-1
VR887827,C102773,VA-SW-NX2,2025-05-27,vireo.in,1,5524,NX2-2504-1
VR887847,C103921,VA-SW-NX2,2025-05-27,vireo.in,1,5199,NX2-2503-4
VR889935,C106669,VA-HP-ST3,2025-05-27,Amazon,1,6299,ST3-2502-3
VR890770,C105137,VA-SW-FIT,2025-05-27,vireo.in,1,1999,FIT-2502-2
VR891566,C109079,VA-SW-NX1,2025-05-27,Amazon,1,4499,NX1-2503-1
VR892781,C103272,VA-NB-ARC,2025-05-27,Flipkart,1,1104,ARC-2503-3
VR892997,C100387,VA-SW-NX1,2025-05-27,Flipkart,1,4999,NX1-2503-4
VR897490,C105109,VA-EB-PL1,2025-05-27,Flipkart,1,2499,PL1-2504-2
VR898822,C108490,VA-SP-MINI,2025-05-27,vireo.in,1,2249,MINI-2504-2
VR904806,C101040,VA-EB-AIR,2025-05-27,vireo.in,2,2878,AIR-2504-2
VR907468,C100839,VA-HP-ST2,2025-05-27,Flipkart,1,4499,ST2-2503-2
VR907576,C105746,VA-SW-NX2,2025-05-27,Flipkart,1,5199,NX2-2503-2
VR908945,C103026,VA-SW-FIT,2025-05-27,Amazon,1,1599,FIT-2502-4
VR884158,C103550,VA-SW-FIT,2025-05-28,vireo.in,1,1799,FIT-2504-3
VR887377,C102359,VA-EB-PL1,2025-05-28,Amazon,1,2499,PL1-2504-4
VR890248,C102111,VA-NB-ARC,2025-05-28,vireo.in,1,1039,ARC-2504-1
VR890993,C108608,VA-SW-FIT,2025-05-28,vireo.in,1,1599,FIT-2504-3
VR892468,C109056,VA-SW-NX2,2025-05-28,Flipkart,1,6174,NX2-2504-1
VR894252,C108301,VA-SW-NX2,2025-05-28,vireo.in,1,6499,NX2-2504-2
VR895093,C104932,VA-EB-PL1,2025-05-28,vireo.in,1,2249,PL1-2504-2
VR895384,C103195,VA-EB-AIR,2025-05-28,Amazon,1,1709,AIR-2504-1
VR898519,C105057,VA-EB-PL1,2025-05-28,Amazon,1,2499,PL1-2503-3
VR900870,C104649,VA-SW-NX1,2025-05-28,Amazon,1,4999,NX1-2503-1
VR903929,C106666,VA-EB-AIR,2025-05-28,vireo.in,1,1799,AIR-2503-4
VR905048,C108488,VA-SW-FIT,2025-05-28,vireo.in,1,1699,FIT-2505-2
VR905706,C108374,VA-SW-NX2,2025-05-28,vireo.in,1,5199,NX2-2503-2
VR906523,C104654,VA-SW-FIT,2025-05-28,vireo.in,1,1999,FIT-2504-3
VR907586,C108536,VA-NB-ARC,2025-05-28,Amazon,1,1039,ARC-2503-4
VR909573,C101337,VA-AC-CH65,2025-05-28,Amazon,1,1424,CH65-2505-3
VR881940,C101774,VA-SP-MINI,2025-05-29,Amazon,1,2249,MINI-2502-4
VR884957,C106286,VA-SW-FIT,2025-05-29,vireo.in,1,1899,FIT-2503-4
VR885028,C102658,VA-SW-NX2,2025-05-29,Amazon,2,11698,NX2-2502-3
VR885769,C102452,VA-EB-PL1,2025-05-29,vireo.in,1,2499,PL1-2503-2
VR889174,C103901,VA-EB-PL1,2025-05-29,vireo.in,1,1999,PL1-2503-1
VR903591,C103925,VA-SW-NX2,2025-05-29,vireo.in,1,5199,NX2-2504-4
VR904785,C103019,VA-SW-NX2,2025-05-29,vireo.in,1,6174,NX2-2503-1
VR906327,C102615,VA-HP-ST3,2025-05-29,vireo.in,1,5949,ST3-2503-4
VR906336,C106842,VA-SW-NX2,2025-05-29,vireo.in,1,6499,NX2-2502-3
VR906386,C104801,VA-SW-NX2,2025-05-29,vireo.in,1,5199,NX2-2502-3
VR906748,C107142,VA-EB-PL1,2025-05-29,vireo.in,2,4998,PL1-2503-4
VR907519,C101376,VA-SP-ORB,2025-05-29,Amazon,1,4799,ORB-2504-3
VR883202,C108494,VA-EB-PL1,2025-05-30,Amazon,1,2374,PL1-2503-1
VR890014,C105178,VA-SP-MINI,2025-05-30,vireo.in,1,1999,MINI-2504-3
VR890397,C106326,VA-SW-NX2,2025-05-30,Amazon,1,5199,NX2-2502-4
VR892536,C106054,VA-SW-NX2,2025-05-30,vireo.in,1,5849,NX2-2503-2
VR895784,C103270,VA-SW-FIT,2025-05-30,vireo.in,1,1999,FIT-2503-3
VR897183,C102643,VA-HP-ST2,2025-05-30,vireo.in,1,4999,ST2-2503-3
VR897996,C102792,VA-SW-NX2,2025-05-30,Amazon,1,6174,NX2-2504-3
VR900658,C102964,VA-HP-ST2,2025-05-30,vireo.in,1,4749,ST2-2504-1
VR906090,C101746,VA-SP-ORB,2025-05-30,Flipkart,1,5999,ORB-2503-1
VR907179,C102105,VA-SW-NX1,2025-05-30,vireo.in,1,4499,NX1-2503-2
VR907396,C105947,VA-SW-NX1,2025-05-30,Amazon,1,4749,NX1-2503-3
VR885885,C107522,VA-SW-NX1,2025-05-31,vireo.in,1,4999,NX1-2504-4
VR887040,C102491,VA-EB-AIR,2025-05-31,Flipkart,1,1799,AIR-2505-4
VR887253,C102964,VA-SW-NX2,2025-05-31,Amazon,1,6499,NX2-2503-1
VR890733,C105215,VA-EB-PL1,2025-05-31,vireo.in,1,2249,PL1-2503-1
VR892113,C106381,VA-SP-ORB,2025-05-31,Amazon,1,5999,ORB-2502-2
VR892613,C101015,VA-SW-FIT,2025-05-31,vireo.in,1,1699,FIT-2503-3
VR893317,C107958,VA-SP-MINI,2025-05-31,Amazon,2,4248,MINI-2504-1
VR893666,C105667,VA-HP-ST2,2025-05-31,Flipkart,1,4499,ST2-2505-4
VR894910,C105365,VA-HP-ST3,2025-05-31,vireo.in,1,6999,ST3-2503-2
VR897253,C106926,VA-EB-PL1,2025-05-31,Amazon,1,1999,PL1-2505-3
VR900825,C101796,VA-SP-ORB,2025-05-31,vireo.in,1,5099,ORB-2502-4
VR900940,C105740,VA-SP-ORB,2025-05-31,vireo.in,1,5999,ORB-2503-4
VR902077,C103596,VA-NB-ARC,2025-05-31,vireo.in,1,1299,ARC-2503-1
VR881072,C108734,VA-HP-ST2,2025-06-01,Amazon,1,4999,ST2-2502-2
VR881542,C105936,VA-SP-ORB,2025-06-01,vireo.in,1,5999,ORB-2505-3
VR881804,C107313,VA-EB-PL1,2025-06-01,vireo.in,1,1999,PL1-2503-4
VR882262,C108897,VA-SW-NX2,2025-06-01,vireo.in,1,5849,NX2-2504-2
VR883189,C106882,VA-EB-AIR,2025-06-01,Amazon,1,1799,AIR-2503-2
VR884181,C106491,VA-HP-ST2,2025-06-01,Flipkart,1,3999,ST2-2504-3
VR884397,C108735,VA-HP-ST3,2025-06-01,Amazon,2,11898,ST3-2504-4
VR884948,C108325,VA-SP-MINI,2025-06-01,Flipkart,1,2249,MINI-2505-1
VR887156,C100026,VA-SW-NX2,2025-06-01,vireo.in,1,6499,NX2-2503-3
VR888068,C108062,VA-HP-ST3,2025-06-01,vireo.in,1,6299,ST3-2502-1
VR888084,C109302,VA-SP-MINI,2025-06-01,vireo.in,1,2499,MINI-2503-1
VR889488,C105165,VA-EB-AIR,2025-06-01,Flipkart,1,1709,AIR-2503-4
VR894389,C104669,VA-SW-NX2,2025-06-01,vireo.in,1,6499,NX2-2503-3
VR897758,C108114,VA-SW-NX2,2025-06-01,Flipkart,1,5199,NX2-2503-2
VR899504,C102455,VA-AC-CBL,2025-06-01,Amazon,1,319,CBL-2502-4
VR899715,C104562,VA-EB-PL1,2025-06-01,Amazon,1,2124,PL1-2502-4
VR902045,C106622,VA-SW-NX2,2025-06-01,Flipkart,1,5199,NX2-2504-3
VR902480,C108552,VA-EB-PL1,2025-06-01,vireo.in,2,4998,PL1-2505-4
VR902517,C102761,VA-SW-NX2,2025-06-01,vireo.in,1,6499,NX2-2504-2
VR902605,C101300,VA-EB-PL1,2025-06-01,vireo.in,1,2499,PL1-2502-2
VR903688,C102341,VA-SP-MINI,2025-06-01,Amazon,1,2374,MINI-2504-1
VR880827,C108293,VA-SP-ORB,2025-06-02,vireo.in,2,10798,ORB-2503-2
VR880865,C106645,VA-SW-FIT,2025-06-02,Amazon,1,1699,FIT-2502-1
VR882297,C106902,VA-SP-MINI,2025-06-02,Amazon,1,1999,MINI-2503-4
VR883468,C102726,VA-HP-ST3,2025-06-02,Amazon,1,5949,ST3-2502-1
VR884613,C106596,VA-HP-ST3,2025-06-02,Amazon,1,5599,ST3-2504-3
VR885868,C107193,VA-SW-FIT,2025-06-02,Flipkart,1,1999,FIT-2504-3
VR889028,C101578,VA-EB-PL1,2025-06-02,vireo.in,1,2249,PL1-2505-3
VR891452,C101467,VA-SW-FIT,2025-06-02,Amazon,1,1899,FIT-2502-3
VR893464,C108647,VA-SP-MINI,2025-06-02,Flipkart,1,2249,MINI-2502-1
VR895054,C107123,VA-HP-ST3,2025-06-02,Flipkart,1,5599,ST3-2503-3
VR897134,C103786,VA-SW-FIT,2025-06-02,Amazon,1,1599,FIT-2504-2
VR897178,C107319,VA-EB-PL1,2025-06-02,vireo.in,1,2249,PL1-2505-1
VR897255,C103923,VA-EB-AIR,2025-06-02,vireo.in,1,1619,AIR-2502-2
VR899703,C104133,VA-EB-AIR,2025-06-02,Flipkart,1,1799,AIR-2502-4
VR902989,C100570,VA-HP-ST3,2025-06-02,Amazon,1,6299,ST3-2503-2
VR903080,C108102,VA-SW-NX1,2025-06-02,vireo.in,1,3999,NX1-2503-2
VR905294,C103428,VA-EB-AIR,2025-06-02,vireo.in,1,1529,AIR-2504-3
VR882839,C104071,VA-EB-AIR,2025-06-03,vireo.in,1,1619,AIR-2502-4
VR885634,C104451,VA-HP-ST2,2025-06-03,vireo.in,1,4749,ST2-2505-2
VR888516,C106226,VA-EB-AIR,2025-06-03,vireo.in,1,1799,AIR-2505-4
VR889049,C108931,VA-NB-ARC,2025-06-03,Amazon,1,1039,ARC-2503-2
VR894117,C106288,VA-EB-AIR,2025-06-03,vireo.in,1,1799,AIR-2502-2
VR895506,C103936,VA-SW-FIT,2025-06-03,Flipkart,1,1699,FIT-2505-4
VR897657,C100557,VA-SW-NX1,2025-06-03,vireo.in,1,3999,NX1-2502-1
VR898968,C105262,VA-EB-PL1,2025-06-03,Amazon,1,1999,PL1-2502-1
VR899131,C108080,VA-SW-FIT,2025-06-03,vireo.in,1,1599,FIT-2503-4
VR904302,C108686,VA-SW-NX2,2025-06-03,Amazon,1,6174,NX2-2503-1
VR905415,C105129,VA-SW-NX1,2025-06-03,Amazon,1,4249,NX1-2505-2
VR909158,C103069,VA-HP-ST2,2025-06-03,Amazon,1,4999,ST2-2505-1
VR880851,C105657,VA-SW-NX2,2025-06-04,vireo.in,1,6499,NX2-2504-4
VR881817,C103630,VA-SP-ORB,2025-06-04,Amazon,1,5999,ORB-2504-3
VR885084,C105339,VA-NB-ARC,2025-06-04,vireo.in,1,1299,ARC-2503-3
VR885854,C107227,VA-SP-MINI,2025-06-04,vireo.in,1,2249,MINI-2504-1
VR886586,C101565,VA-HP-ST3,2025-06-04,vireo.in,1,6649,ST3-2504-4
VR887522,C106164,VA-SP-ORB,2025-06-04,Flipkart,1,5099,ORB-2505-1
VR888576,C102450,VA-SP-ORB,2025-06-04,Amazon,1,5999,ORB-2503-4
VR888593,C106706,VA-HP-ST3,2025-06-04,Flipkart,1,5949,ST3-2504-2
VR892371,C105651,VA-SP-MINI,2025-06-04,Amazon,2,4498,MINI-2502-2
VR899207,C107068,VA-HP-ST3,2025-06-04,vireo.in,1,5599,ST3-2505-1
VR901615,C105640,VA-SP-MINI,2025-06-04,vireo.in,1,2499,MINI-2503-2
VR905148,C107138,VA-HP-ST3,2025-06-04,vireo.in,1,6999,ST3-2503-1
VR905762,C107923,VA-HP-ST2,2025-06-04,Flipkart,1,4999,ST2-2504-1
VR906357,C105272,VA-SW-NX1,2025-06-04,Amazon,2,9498,NX1-2503-4
VR883868,C107073,VA-EB-AIR,2025-06-05,vireo.in,1,1799,AIR-2504-3
VR883870,C105720,VA-EB-AIR,2025-06-05,vireo.in,1,1709,AIR-2504-4
VR885322,C104691,VA-SP-MINI,2025-06-05,Amazon,1,2374,MINI-2505-4
VR885844,C106290,VA-AC-CH65,2025-06-05,Flipkart,1,1199,CH65-2505-3
VR886838,C101913,VA-SW-NX2,2025-06-05,vireo.in,1,5199,NX2-2504-4
VR888909,C109027,VA-SP-ORB,2025-06-05,Flipkart,1,4799,ORB-2505-4
VR889229,C107104,VA-SP-MINI,2025-06-05,vireo.in,1,2249,MINI-2505-4
VR891188,C100810,VA-SW-NX2,2025-06-05,vireo.in,1,6499,NX2-2503-3
VR891414,C109209,VA-SW-NX2,2025-06-05,vireo.in,1,6499,NX2-2503-4
VR892631,C108628,VA-SP-MINI,2025-06-05,Amazon,1,2249,MINI-2503-4
VR894010,C101479,VA-EB-PL1,2025-06-05,vireo.in,1,2499,PL1-2502-1
VR894238,C103353,VA-SW-FIT,2025-06-05,vireo.in,1,1999,FIT-2503-2
VR895565,C100563,VA-EB-AIR,2025-06-05,Amazon,1,1799,AIR-2503-3
VR902055,C100950,VA-EB-AIR,2025-06-05,Amazon,1,1619,AIR-2504-3
VR902627,C108069,VA-HP-ST3,2025-06-05,vireo.in,2,13998,ST3-2502-1
VR903495,C105564,VA-SW-NX1,2025-06-05,Amazon,1,4499,NX1-2503-3
VR903774,C103620,VA-SW-NX2,2025-06-05,vireo.in,1,5524,NX2-2503-4
VR904119,C100470,VA-EB-PL1,2025-06-05,Amazon,1,2499,PL1-2503-2
VR905382,C101229,VA-HP-ST3,2025-06-05,vireo.in,1,5949,ST3-2503-2
VR907340,C100852,VA-NB-ARC,2025-06-05,Flipkart,2,2598,ARC-2504-3
VR910003,C101216,VA-EB-PL1,2025-06-05,Flipkart,1,2499,PL1-2504-3
VR884624,C107579,VA-EB-PL1,2025-06-06,Amazon,1,2499,PL1-2504-2
VR886196,C106523,VA-SW-NX1,2025-06-06,Amazon,1,4999,NX1-2503-1
VR887158,C109410,VA-SW-NX1,2025-06-06,Amazon,2,8998,NX1-2503-3
VR888651,C103620,VA-SW-FIT,2025-06-06,Flipkart,2,3398,FIT-2503-1
VR888701,C100903,VA-EB-PL1,2025-06-06,Amazon,1,2249,PL1-2505-3
VR891666,C103087,VA-EB-PL1,2025-06-06,vireo.in,1,2499,PL1-2505-4
VR893982,C107436,VA-SW-FIT,2025-06-06,Flipkart,2,3798,FIT-2504-3
VR895262,C109409,VA-SW-NX2,2025-06-06,vireo.in,1,5199,NX2-2502-3
VR896407,C107355,VA-HP-ST2,2025-06-06,vireo.in,2,9998,ST2-2505-4
VR897035,C100178,VA-EB-AIR,2025-06-06,vireo.in,1,1709,AIR-2505-3
VR898904,C103664,VA-SW-NX2,2025-06-06,Amazon,1,6499,NX2-2503-1
VR901134,C104541,VA-HP-ST3,2025-06-06,vireo.in,1,6999,ST3-2503-1
VR905308,C109089,VA-EB-PL1,2025-06-06,Flipkart,1,2499,PL1-2505-4
VR908672,C103372,VA-SP-MINI,2025-06-06,vireo.in,1,2124,MINI-2505-2
VR910007,C102914,VA-SP-ORB,2025-06-06,Flipkart,1,4799,ORB-2504-4
VR884884,C108544,VA-SW-FIT,2025-06-07,vireo.in,1,1999,FIT-2505-2
VR886485,C107373,VA-HP-ST3,2025-06-07,Amazon,1,6649,ST3-2504-4
VR887706,C109422,VA-SP-ORB,2025-06-07,vireo.in,1,5699,ORB-2504-2
VR887762,C103332,VA-SW-NX2,2025-06-07,Amazon,1,5199,NX2-2502-2
VR891642,C102808,VA-SW-FIT,2025-06-07,Amazon,1,1999,FIT-2504-1
VR895307,C106952,VA-HP-ST2,2025-06-07,Amazon,1,4749,ST2-2504-2
VR896405,C109447,VA-EB-PL1,2025-06-07,vireo.in,1,2499,PL1-2504-1
VR906615,C104319,VA-HP-ST3,2025-06-07,vireo.in,1,6999,ST3-2504-2
VR908646,C105510,VA-SW-NX2,2025-06-07,vireo.in,1,5849,NX2-2503-2
VR883338,C107955,VA-EB-PL1,2025-06-08,vireo.in,2,4248,PL1-2503-3
VR884746,C101925,VA-EB-PL1,2025-06-08,Flipkart,1,2374,PL1-2503-4
VR887205,C101189,VA-SP-ORB,2025-06-08,vireo.in,2,10798,ORB-2503-1
VR888465,C107805,VA-EB-AIR,2025-06-08,vireo.in,1,1439,AIR-2505-2
VR888952,C102637,VA-NB-ARC,2025-06-08,Amazon,1,1104,ARC-2503-2
VR893477,C103698,VA-EB-AIR,2025-06-08,vireo.in,1,1439,AIR-2505-4
VR894246,C107897,VA-HP-ST3,2025-06-08,Flipkart,1,5949,ST3-2504-3
VR895798,C104116,VA-HP-ST3,2025-06-08,vireo.in,1,6649,ST3-2505-3
VR898736,C107224,VA-SW-NX1,2025-06-08,Flipkart,1,3999,NX1-2504-4
VR904185,C108012,VA-HP-ST3,2025-06-08,Amazon,1,5949,ST3-2503-2
VR904886,C109341,VA-SW-FIT,2025-06-08,Amazon,1,1899,FIT-2503-2
VR905593,C108963,VA-EB-PL1,2025-06-08,Flipkart,1,2124,PL1-2503-1
VR907131,C105286,VA-NB-ARC,2025-06-08,vireo.in,1,1169,ARC-2505-1
VR907530,C108219,VA-NB-ARC,2025-06-08,vireo.in,1,1169,ARC-2503-4
VR907864,C107018,VA-EB-PL1,2025-06-08,vireo.in,1,1999,PL1-2503-1
VR909710,C105620,VA-SP-ORB,2025-06-08,vireo.in,1,5699,ORB-2504-2
VR910052,C100657,VA-SW-NX2,2025-06-08,Flipkart,1,5199,NX2-2503-3
VR881537,C105066,VA-SW-NX2,2025-06-09,vireo.in,1,6499,NX2-2504-2
VR883370,C105065,VA-EB-AIR,2025-06-09,Amazon,1,1709,AIR-2505-2
VR884916,C108514,VA-EB-PL1,2025-06-09,vireo.in,1,2249,PL1-2503-4
VR886919,C108982,VA-EB-PL1,2025-06-09,Amazon,1,1999,PL1-2502-4
VR888560,C101284,VA-SP-ORB,2025-06-09,vireo.in,1,5099,ORB-2504-2
VR888631,C101281,VA-EB-AIR,2025-06-09,vireo.in,1,1439,AIR-2502-4
VR892748,C103253,VA-SW-NX2,2025-06-09,vireo.in,1,6499,NX2-2505-1
VR896053,C102346,VA-SW-NX2,2025-06-09,vireo.in,1,5849,NX2-2502-4
VR898046,C107687,VA-EB-PL1,2025-06-09,Amazon,1,2499,PL1-2503-3
VR898289,C102177,VA-EB-AIR,2025-06-09,Amazon,1,1799,AIR-2502-3
VR899424,C103338,VA-SP-ORB,2025-06-09,vireo.in,1,4799,ORB-2504-3
VR901867,C106283,VA-SW-NX2,2025-06-09,vireo.in,1,6499,NX2-2504-1
VR901985,C106813,VA-EB-PL1,2025-06-09,vireo.in,1,2499,PL1-2504-1
VR903782,C102949,VA-EB-AIR,2025-06-09,vireo.in,1,1709,AIR-2503-2
VR904448,C100967,VA-SW-NX2,2025-06-09,Amazon,1,5849,NX2-2503-2
VR904910,C109373,VA-EB-AIR,2025-06-09,vireo.in,1,1709,AIR-2503-4
VR905316,C105029,VA-SP-MINI,2025-06-09,vireo.in,1,1999,MINI-2503-4
VR883264,C101298,VA-SP-MINI,2025-06-10,vireo.in,1,2499,MINI-2503-4
VR884256,C105230,VA-SW-FIT,2025-06-10,Amazon,1,1999,FIT-2503-1
VR884633,C106830,VA-EB-PL1,2025-06-10,vireo.in,1,2374,PL1-2503-3
VR884902,C108328,VA-HP-ST3,2025-06-10,vireo.in,2,13998,ST3-2504-2
VR888669,C101712,VA-HP-ST3,2025-06-10,Flipkart,1,5949,ST3-2504-4
VR889094,C101540,VA-AC-CH65,2025-06-10,vireo.in,1,1424,CH65-2503-4
VR892550,C102204,VA-SW-NX2,2025-06-10,Amazon,2,11048,NX2-2502-3
VR894357,C108776,VA-SW-NX2,2025-06-10,vireo.in,1,6499,NX2-2505-4
VR896283,C108651,VA-SW-FIT,2025-06-10,vireo.in,2,3598,FIT-2505-3
VR896953,C107947,VA-SW-FIT,2025-06-10,Amazon,1,1699,FIT-2504-4
VR898716,C104597,VA-HP-ST3,2025-06-10,Amazon,1,5599,ST3-2502-4
VR902575,C108594,VA-SW-NX2,2025-06-10,vireo.in,1,5849,NX2-2505-3
VR902950,C109308,VA-EB-PL1,2025-06-10,Amazon,2,4998,PL1-2504-2
VR903038,C103846,VA-SW-NX2,2025-06-10,Amazon,1,6499,NX2-2504-3
VR906666,C107206,VA-EB-AIR,2025-06-10,vireo.in,1,1439,AIR-2505-1
VR880336,C108356,VA-SW-NX2,2025-06-11,vireo.in,1,6499,NX2-2503-3
VR886256,C106851,VA-SW-NX1,2025-06-11,Amazon,1,4749,NX1-2504-3
VR887421,C108110,VA-EB-PL1,2025-06-11,Amazon,1,2499,PL1-2503-3
VR889473,C106001,VA-SW-NX2,2025-06-11,vireo.in,1,6499,NX2-2505-4
VR891046,C109401,VA-EB-AIR,2025-06-11,Amazon,1,1799,AIR-2503-1
VR892354,C105569,VA-SW-NX2,2025-06-11,vireo.in,1,6499,NX2-2504-1
VR892448,C101624,VA-SP-MINI,2025-06-11,Amazon,1,2499,MINI-2505-2
VR900979,C107568,VA-SP-ORB,2025-06-11,Flipkart,1,5399,ORB-2504-1
VR903569,C101189,VA-SW-NX2,2025-06-11,vireo.in,1,5199,NX2-2503-4
VR906854,C100843,VA-AC-CH65,2025-06-11,vireo.in,1,1274,CH65-2504-4
VR880041,C102033,VA-EB-PL1,2025-06-12,vireo.in,2,4248,PL1-2504-2
VR880542,C108574,VA-NB-ARC,2025-06-12,Flipkart,1,1039,ARC-2502-4
VR882278,C103753,VA-HP-ST3,2025-06-12,Amazon,2,13998,ST3-2504-4
VR884308,C105838,VA-SP-MINI,2025-06-12,vireo.in,1,2374,MINI-2505-1
VR884506,C105862,VA-EB-PL1,2025-06-12,Amazon,1,2499,PL1-2504-4
VR884702,C100372,VA-EB-PL1,2025-06-12,Flipkart,1,2249,PL1-2503-2
VR885951,C102931,VA-AC-CBL,2025-06-12,Flipkart,1,379,CBL-2503-4
VR886848,C108408,VA-SW-FIT,2025-06-12,vireo.in,1,1999,FIT-2504-3
VR888248,C104702,VA-SW-NX2,2025-06-12,Flipkart,1,6499,NX2-2504-1
VR892790,C102600,VA-SP-ORB,2025-06-12,vireo.in,2,10198,ORB-2504-4
VR894694,C108258,VA-EB-PL1,2025-06-12,Amazon,1,2499,PL1-2505-4
VR896006,C103673,VA-SW-NX2,2025-06-12,vireo.in,1,6499,NX2-2505-1
VR897494,C107394,VA-SP-ORB,2025-06-12,vireo.in,1,5699,ORB-2504-1
VR899740,C101440,VA-EB-AIR,2025-06-12,vireo.in,2,2878,AIR-2504-4
VR903335,C105408,VA-EB-PL1,2025-06-12,vireo.in,1,2124,PL1-2502-4
VR905170,C107175,VA-HP-ST3,2025-06-12,Flipkart,1,5599,ST3-2505-3
VR906633,C106929,VA-SW-NX2,2025-06-12,vireo.in,1,6499,NX2-2504-2
VR908510,C103094,VA-SW-NX2,2025-06-12,Amazon,1,5524,NX2-2505-2
VR909171,C104829,VA-SP-MINI,2025-06-12,vireo.in,1,2499,MINI-2504-4
VR882999,C101888,VA-NB-ARC,2025-06-13,Flipkart,1,1299,ARC-2505-4
VR883343,C105555,VA-NB-ARC,2025-06-13,vireo.in,1,1169,ARC-2505-2
VR885075,C106268,VA-EB-PL1,2025-06-13,vireo.in,2,4498,PL1-2503-3
VR887616,C102975,VA-EB-PL1,2025-06-13,vireo.in,1,2499,PL1-2504-2
VR888232,C101498,VA-SP-MINI,2025-06-13,vireo.in,1,2499,MINI-2504-3
VR892335,C106037,VA-EB-PL1,2025-06-13,vireo.in,1,1999,PL1-2505-3
VR896499,C105853,VA-SW-FIT,2025-06-13,vireo.in,1,1999,FIT-2504-4
VR899276,C109333,VA-SW-NX2,2025-06-13,vireo.in,1,6499,NX2-2504-1
VR900214,C100380,VA-EB-AIR,2025-06-13,vireo.in,1,1619,AIR-2503-1
VR904044,C102281,VA-EB-AIR,2025-06-13,Amazon,1,1439,AIR-2504-4
VR904405,C105041,VA-EB-PL1,2025-06-13,Amazon,1,2249,PL1-2502-1
VR905355,C105142,VA-SP-ORB,2025-06-13,vireo.in,1,5699,ORB-2503-3
VR905642,C105343,VA-SW-NX2,2025-06-13,vireo.in,1,6499,NX2-2502-2
VR905970,C104209,VA-NB-ARC,2025-06-13,Amazon,1,1234,ARC-2504-1
VR909010,C108419,VA-AC-CH65,2025-06-13,vireo.in,1,1499,CH65-2503-2
VR909841,C106339,VA-SW-FIT,2025-06-13,vireo.in,1,1999,FIT-2505-1
VR889002,C106257,VA-SW-NX2,2025-06-14,Amazon,1,6499,NX2-2504-3
VR889397,C102173,VA-SW-NX2,2025-06-14,Flipkart,1,6174,NX2-2505-2
VR890312,C109479,VA-SP-MINI,2025-06-14,Flipkart,1,2249,MINI-2504-2
VR891491,C109408,VA-SW-FIT,2025-06-14,vireo.in,1,1999,FIT-2503-1
VR894645,C104435,VA-HP-ST3,2025-06-14,vireo.in,1,6999,ST3-2504-3
VR894807,C101769,VA-EB-PL1,2025-06-14,Amazon,1,2499,PL1-2503-2
VR900295,C108096,VA-SW-NX2,2025-06-14,vireo.in,1,6499,NX2-2505-2
VR907080,C100419,VA-NB-ARC,2025-06-14,vireo.in,2,2208,ARC-2505-1
VR907797,C100474,VA-HP-ST3,2025-06-14,Amazon,1,6999,ST3-2505-2
VR880448,C101581,VA-SW-NX2,2025-06-15,vireo.in,1,6499,NX2-2504-1
VR882954,C102286,VA-SW-NX2,2025-06-15,Flipkart,1,5524,NX2-2503-2
VR883057,C104006,VA-SW-NX2,2025-06-15,vireo.in,1,6174,NX2-2503-3
VR883528,C108032,VA-EB-AIR,2025-06-15,vireo.in,1,1709,AIR-2504-2
VR883802,C101887,VA-EB-AIR,2025-06-15,Amazon,1,1799,AIR-2503-3
VR884978,C101132,VA-SW-NX2,2025-06-15,vireo.in,1,5849,NX2-2503-2
VR888530,C103345,VA-HP-ST3,2025-06-15,vireo.in,1,5949,ST3-2505-3
VR890165,C103251,VA-SW-NX1,2025-06-15,vireo.in,1,4749,NX1-2503-2
VR891588,C106988,VA-HP-ST3,2025-06-15,vireo.in,1,5599,ST3-2504-4
VR891594,C101663,VA-HP-ST3,2025-06-15,Amazon,1,6999,ST3-2504-2
VR894707,C100377,VA-HP-ST2,2025-06-15,Amazon,1,4749,ST2-2503-4
VR899548,C105123,VA-SW-NX2,2025-06-15,vireo.in,1,5199,NX2-2504-1
VR901369,C101557,VA-EB-PL1,2025-06-15,Flipkart,1,2499,PL1-2505-3
VR902308,C102232,VA-EB-PL1,2025-06-15,vireo.in,1,2499,PL1-2505-3
VR903518,C106778,VA-SW-NX2,2025-06-15,Amazon,1,5524,NX2-2504-3
VR905953,C106901,VA-SP-MINI,2025-06-15,Amazon,1,2499,MINI-2503-3
VR906452,C101301,VA-HP-ST2,2025-06-15,vireo.in,1,4249,ST2-2503-4
VR880562,C107013,VA-SP-MINI,2025-06-16,Amazon,1,2499,MINI-2505-2
VR889971,C108309,VA-EB-PL1,2025-06-16,Amazon,1,2249,PL1-2504-1
VR890189,C109060,VA-SW-NX2,2025-06-16,Flipkart,1,5849,NX2-2504-4
VR892969,C103534,VA-EB-AIR,2025-06-16,Flipkart,1,1799,AIR-2504-4
VR899487,C103059,VA-EB-PL1,2025-06-16,Flipkart,1,2499,PL1-2505-3
VR899577,C108206,VA-NB-ARC,2025-06-16,Amazon,1,1169,ARC-2504-3
VR900042,C101612,VA-SW-NX2,2025-06-16,vireo.in,1,6499,NX2-2503-1
VR900476,C106334,VA-SW-FIT,2025-06-16,Amazon,1,1999,FIT-2505-1
VR901883,C101603,VA-SW-NX2,2025-06-16,vireo.in,1,5849,NX2-2505-3
VR906433,C100041,VA-SP-ORB,2025-06-16,Amazon,1,5399,ORB-2503-4
VR908032,C107232,VA-SP-MINI,2025-06-16,vireo.in,1,2124,MINI-2504-2
VR908056,C100586,VA-EB-PL1,2025-06-16,vireo.in,1,2499,PL1-2503-3
VR909712,C103109,VA-NB-ARC,2025-06-16,vireo.in,1,1104,ARC-2505-4
VR909766,C104826,VA-EB-AIR,2025-06-16,Flipkart,1,1799,AIR-2504-4
VR880525,C104003,VA-SP-MINI,2025-06-17,Amazon,1,2249,MINI-2503-2
VR884072,C106449,VA-HP-ST3,2025-06-17,vireo.in,1,6999,ST3-2503-3
VR884114,C101628,VA-HP-ST3,2025-06-17,vireo.in,1,5599,ST3-2504-4
VR884122,C102119,VA-SP-MINI,2025-06-17,vireo.in,1,2124,MINI-2503-1
VR886260,C103977,VA-EB-PL1,2025-06-17,vireo.in,1,1999,PL1-2503-2
VR886431,C105630,VA-SP-MINI,2025-06-17,vireo.in,1,2499,MINI-2504-2
VR886650,C107320,VA-EB-AIR,2025-06-17,vireo.in,1,1619,AIR-2503-4
VR891344,C107964,VA-SP-MINI,2025-06-17,Amazon,1,2499,MINI-2503-4
VR892446,C105331,VA-SP-MINI,2025-06-17,Amazon,1,2499,MINI-2505-4
VR897616,C104429,VA-EB-PL1,2025-06-17,vireo.in,1,2249,PL1-2505-1
VR901758,C108107,VA-SW-NX2,2025-06-17,Amazon,1,5199,NX2-2505-3
VR901914,C102132,VA-EB-AIR,2025-06-17,vireo.in,1,1709,AIR-2505-3
VR902621,C100051,VA-EB-PL1,2025-06-17,Amazon,1,2124,PL1-2505-3
VR904849,C101980,VA-HP-ST3,2025-06-17,Amazon,1,5599,ST3-2505-4
VR904879,C100371,VA-EB-PL1,2025-06-17,Flipkart,1,2499,PL1-2503-3
VR907397,C105528,VA-EB-PL1,2025-06-17,vireo.in,1,2374,PL1-2503-4
VR880159,C103465,VA-SP-MINI,2025-06-18,vireo.in,1,2499,MINI-2505-1
VR883443,C101548,VA-EB-PL1,2025-06-18,vireo.in,1,2124,PL1-2505-4
VR883535,C106305,VA-EB-AIR,2025-06-18,Flipkart,1,1709,AIR-2505-2
VR883924,C108075,VA-SP-MINI,2025-06-18,Flipkart,1,2124,MINI-2504-4
VR884059,C104359,VA-HP-ST3,2025-06-18,vireo.in,1,6649,ST3-2505-1
VR887241,C106270,VA-EB-AIR,2025-06-18,vireo.in,1,1439,AIR-2503-1
VR888695,C107922,VA-HP-ST3,2025-06-18,vireo.in,1,5949,ST3-2503-2
VR889084,C108528,VA-SW-NX2,2025-06-18,vireo.in,1,6499,NX2-2505-2
VR890515,C102420,VA-SW-NX2,2025-06-18,Amazon,1,6499,NX2-2503-2
VR891927,C103903,VA-SW-FIT,2025-06-18,Flipkart,2,3598,FIT-2503-3
VR894871,C109131,VA-EB-AIR,2025-06-18,vireo.in,1,1529,AIR-2505-4
VR896502,C103036,VA-EB-AIR,2025-06-18,vireo.in,1,1709,AIR-2503-3
VR896806,C108118,VA-EB-AIR,2025-06-18,vireo.in,1,1529,AIR-2505-3
VR898688,C109470,VA-SW-NX2,2025-06-18,vireo.in,2,12348,NX2-2503-1
VR900547,C108080,VA-HP-ST3,2025-06-18,vireo.in,1,5949,ST3-2504-4
VR902931,C109354,VA-HP-ST3,2025-06-18,vireo.in,1,6999,ST3-2505-1
VR904143,C101153,VA-EB-PL1,2025-06-18,vireo.in,1,2499,PL1-2505-3
VR904538,C108158,VA-EB-PL1,2025-06-18,Amazon,1,2499,PL1-2503-1
VR905060,C101868,VA-NB-ARC,2025-06-18,vireo.in,1,1169,ARC-2504-4
VR905984,C102642,VA-SW-NX2,2025-06-18,vireo.in,1,6499,NX2-2505-1
VR907257,C105988,VA-EB-AIR,2025-06-18,vireo.in,2,3238,AIR-2504-1
VR907910,C106289,VA-SP-MINI,2025-06-18,Amazon,1,2499,MINI-2504-2
VR908059,C106307,VA-EB-AIR,2025-06-18,Flipkart,1,1799,AIR-2505-4
VR880106,C108223,VA-SP-ORB,2025-06-19,Flipkart,1,5999,ORB-2504-3
VR880998,C106816,VA-SW-NX2,2025-06-19,vireo.in,1,5199,NX2-2505-1
VR883250,C101818,VA-EB-PL1,2025-06-19,Flipkart,1,2499,PL1-2504-1
VR885774,C103079,VA-SW-NX2,2025-06-19,vireo.in,1,5524,NX2-2504-2
VR886940,C103962,VA-SP-ORB,2025-06-19,vireo.in,1,5999,ORB-2505-3
VR888087,C100797,VA-EB-PL1,2025-06-19,vireo.in,1,2249,PL1-2505-3
VR890898,C104489,VA-SW-NX2,2025-06-19,vireo.in,1,5524,NX2-2505-3
VR893923,C108773,VA-SP-ORB,2025-06-19,vireo.in,1,5099,ORB-2505-4
VR895062,C106177,VA-SP-ORB,2025-06-19,vireo.in,1,5699,ORB-2505-1
VR897100,C107830,VA-EB-AIR,2025-06-19,Amazon,1,1619,AIR-2503-1
VR899465,C102086,VA-SP-ORB,2025-06-19,vireo.in,1,5999,ORB-2505-4
VR899520,C108666,VA-HP-ST3,2025-06-19,Amazon,2,11898,ST3-2503-3
VR901572,C107524,VA-HP-ST3,2025-06-19,vireo.in,1,5599,ST3-2504-4
VR904269,C101805,VA-SW-NX2,2025-06-19,Amazon,1,6499,NX2-2504-1
VR904495,C104460,VA-NB-ARC,2025-06-19,vireo.in,1,1234,ARC-2505-3
VR908152,C109003,VA-EB-AIR,2025-06-19,vireo.in,1,1439,AIR-2504-3
VR909082,C101389,VA-EB-PL1,2025-06-19,vireo.in,1,2249,PL1-2505-3
VR881149,C106233,VA-SW-NX2,2025-06-20,Flipkart,1,5524,NX2-2503-1
VR883098,C107431,VA-EB-PL1,2025-06-20,Flipkart,1,2499,PL1-2503-4
VR889118,C102429,VA-SP-MINI,2025-06-20,vireo.in,1,2499,MINI-2504-1
VR892405,C101869,VA-SW-FIT,2025-06-20,vireo.in,1,1999,FIT-2504-1
VR894312,C105531,VA-EB-PL1,2025-06-20,vireo.in,1,2499,PL1-2505-1
VR895951,C109196,VA-SP-ORB,2025-06-20,Flipkart,1,5399,ORB-2504-1
VR897481,C103309,VA-SW-NX2,2025-06-20,vireo.in,1,6499,NX2-2503-2
VR898194,C103429,VA-AC-CH65,2025-06-20,vireo.in,1,1499,CH65-2504-3
VR899333,C104277,VA-SW-NX2,2025-06-20,vireo.in,1,6174,NX2-2505-2
VR899593,C102437,VA-SW-NX2,2025-06-20,Amazon,1,5524,NX2-2504-4
VR900520,C106157,VA-EB-AIR,2025-06-20,vireo.in,1,1799,AIR-2505-3
VR900823,C108621,VA-SW-FIT,2025-06-20,Amazon,1,1799,FIT-2503-4
VR904620,C108187,VA-SW-NX2,2025-06-20,Flipkart,1,6499,NX2-2503-4
VR905513,C103589,VA-SW-FIT,2025-06-20,vireo.in,1,1799,FIT-2503-1
VR906609,C100741,VA-SW-NX2,2025-06-20,Flipkart,2,11698,NX2-2505-4
VR909985,C102484,VA-EB-AIR,2025-06-20,vireo.in,1,1799,AIR-2505-3
VR881582,C104665,VA-EB-PL1,2025-06-21,vireo.in,1,1999,PL1-2504-4
VR884802,C108051,VA-EB-PL1,2025-06-21,vireo.in,1,2124,PL1-2504-3
VR890958,C102551,VA-SW-NX1,2025-06-21,vireo.in,1,4249,NX1-2503-2
VR893750,C107538,VA-SW-FIT,2025-06-21,vireo.in,1,1899,FIT-2503-2
VR894271,C106228,VA-SP-MINI,2025-06-21,Amazon,1,2249,MINI-2505-2
VR896169,C107829,VA-SW-NX2,2025-06-21,Amazon,1,6499,NX2-2503-4
VR897599,C101811,VA-SW-NX2,2025-06-21,vireo.in,1,6499,NX2-2505-4
VR899676,C106096,VA-SW-NX2,2025-06-21,Amazon,2,12998,NX2-2503-1
VR899889,C102864,VA-HP-ST3,2025-06-21,vireo.in,2,13998,ST3-2503-1
VR901947,C102263,VA-SP-ORB,2025-06-21,vireo.in,1,5999,ORB-2504-4
VR905251,C106866,VA-HP-ST3,2025-06-21,vireo.in,1,6999,ST3-2503-2
VR907316,C101251,VA-EB-PL1,2025-06-21,vireo.in,1,2499,PL1-2503-3
VR908050,C105480,VA-NB-ARC,2025-06-21,vireo.in,1,1234,ARC-2503-1
VR881076,C105054,VA-HP-ST3,2025-06-22,Amazon,1,6999,ST3-2503-2
VR886312,C100025,VA-SP-MINI,2025-06-22,Amazon,1,2374,MINI-2503-4
VR886373,C107714,VA-SP-MINI,2025-06-22,Amazon,1,2499,MINI-2504-2
VR888136,C108896,VA-EB-PL1,2025-06-22,vireo.in,1,2499,PL1-2505-2
VR888982,C101597,VA-EB-AIR,2025-06-22,vireo.in,1,1619,AIR-2504-3
VR892607,C107014,VA-NB-ARC,2025-06-22,vireo.in,1,1299,ARC-2505-3
VR900797,C103551,VA-SW-NX1,2025-06-22,vireo.in,1,4999,NX1-2505-2
VR900926,C101374,VA-EB-AIR,2025-06-22,Amazon,1,1619,AIR-2504-2
VR903891,C107162,VA-EB-PL1,2025-06-22,vireo.in,1,2124,PL1-2504-3
VR904020,C104603,VA-SP-MINI,2025-06-22,vireo.in,1,2499,MINI-2503-1
VR907736,C104177,VA-SW-NX2,2025-06-22,vireo.in,1,6499,NX2-2504-1
VR908292,C100260,VA-HP-ST2,2025-06-22,vireo.in,1,4999,ST2-2504-2
VR880584,C107921,VA-SW-NX1,2025-06-23,Flipkart,1,4499,NX1-2505-1
VR886884,C103575,VA-EB-AIR,2025-06-23,vireo.in,2,2878,AIR-2504-1
VR887469,C102366,VA-EB-AIR,2025-06-23,vireo.in,1,1799,AIR-2503-3
VR887719,C107087,VA-HP-ST3,2025-06-23,Amazon,1,5599,ST3-2503-4
VR888796,C103843,VA-EB-AIR,2025-06-23,Amazon,1,1799,AIR-2503-3
VR889164,C104903,VA-EB-PL1,2025-06-23,Amazon,1,2499,PL1-2503-4
VR889939,C109054,VA-SW-NX2,2025-06-23,vireo.in,1,5849,NX2-2503-3
VR890901,C101229,VA-EB-PL1,2025-06-23,Amazon,1,2499,PL1-2505-4
VR891030,C108679,VA-EB-AIR,2025-06-23,Flipkart,1,1709,AIR-2504-4
VR897999,C108901,VA-HP-ST2,2025-06-23,vireo.in,1,4249,ST2-2504-3
VR898870,C102048,VA-EB-PL1,2025-06-23,Amazon,1,2124,PL1-2503-1
VR899087,C101675,VA-EB-AIR,2025-06-23,vireo.in,1,1799,AIR-2503-1
VR899589,C106324,VA-SP-MINI,2025-06-23,Flipkart,1,1999,MINI-2505-1
VR901399,C103347,VA-EB-PL1,2025-06-23,Amazon,1,1999,PL1-2505-4
VR901487,C109209,VA-HP-ST3,2025-06-23,Amazon,1,6999,ST3-2505-2
VR901778,C105141,VA-SW-NX1,2025-06-23,vireo.in,1,4999,NX1-2505-2
VR903842,C103999,VA-SW-NX1,2025-06-23,vireo.in,1,4249,NX1-2504-3
VR904719,C107156,VA-SP-ORB,2025-06-23,vireo.in,2,11398,ORB-2503-1
VR907655,C100719,VA-EB-AIR,2025-06-23,Amazon,1,1799,AIR-2504-2
VR909957,C102867,VA-HP-ST3,2025-06-23,Amazon,1,6999,ST3-2504-1
VR882335,C101239,VA-HP-ST3,2025-06-24,vireo.in,1,6999,ST3-2504-3
VR882677,C107120,VA-SW-FIT,2025-06-24,Amazon,1,1999,FIT-2504-2
VR883274,C100185,VA-EB-AIR,2025-06-24,vireo.in,1,1619,AIR-2503-2
VR886572,C102351,VA-SW-NX1,2025-06-24,vireo.in,1,4249,NX1-2503-4
VR886971,C107635,VA-EB-AIR,2025-06-24,vireo.in,1,1799,AIR-2505-1
VR887916,C108048,VA-EB-AIR,2025-06-24,vireo.in,1,1799,AIR-2505-1
VR888681,C108390,VA-EB-AIR,2025-06-24,vireo.in,1,1619,AIR-2504-1
VR889083,C107815,VA-HP-ST3,2025-06-24,Flipkart,1,6999,ST3-2503-3
VR892426,C103194,VA-HP-ST2,2025-06-24,vireo.in,1,4249,ST2-2504-1
VR895568,C103975,VA-SP-ORB,2025-06-24,vireo.in,1,5999,ORB-2504-3
VR897195,C103134,VA-SW-FIT,2025-06-24,Amazon,1,1999,FIT-2504-4
VR899864,C100874,VA-SW-NX2,2025-06-24,vireo.in,1,6174,NX2-2503-4
VR901208,C103219,VA-EB-PL1,2025-06-24,vireo.in,1,2499,PL1-2505-3
VR902082,C108219,VA-HP-ST3,2025-06-24,vireo.in,1,6299,ST3-2504-2
VR903287,C105395,VA-EB-PL1,2025-06-24,Flipkart,1,2124,PL1-2504-4
VR908566,C101061,VA-SW-NX2,2025-06-24,Flipkart,1,5524,NX2-2503-1
VR908837,C105469,VA-SW-NX2,2025-06-24,vireo.in,1,5524,NX2-2503-3
VR909919,C107798,VA-SP-MINI,2025-06-24,vireo.in,1,2124,MINI-2505-2
VR881718,C109130,VA-SW-NX2,2025-06-25,Amazon,2,12998,NX2-2505-3
VR881883,C109159,VA-EB-PL1,2025-06-25,Flipkart,1,2124,PL1-2504-2
VR881914,C105110,VA-EB-PL1,2025-06-25,Amazon,1,2499,PL1-2504-1
VR881947,C108643,VA-EB-AIR,2025-06-25,vireo.in,1,1619,AIR-2503-1
VR882202,C106259,VA-SW-NX2,2025-06-25,Flipkart,1,6499,NX2-2504-2
VR884255,C108898,VA-SW-FIT,2025-06-25,vireo.in,1,1699,FIT-2503-1
VR887159,C108402,VA-SW-NX1,2025-06-25,Amazon,1,3999,NX1-2503-4
VR888379,C102819,VA-NB-ARC,2025-06-25,vireo.in,1,1299,ARC-2505-3
VR889306,C105507,VA-SP-MINI,2025-06-25,vireo.in,1,1999,MINI-2505-1
VR889594,C106805,VA-SW-NX1,2025-06-25,Amazon,1,4999,NX1-2503-1
VR892714,C100005,VA-HP-ST3,2025-06-25,Amazon,1,6999,ST3-2505-2
VR893550,C102670,VA-SW-NX2,2025-06-25,vireo.in,1,5199,NX2-2504-1
VR902228,C103991,VA-SW-NX2,2025-06-25,vireo.in,1,5849,NX2-2505-1
VR903424,C108457,VA-SW-FIT,2025-06-25,vireo.in,1,1799,FIT-2505-4
VR903606,C106693,VA-EB-PL1,2025-06-25,vireo.in,1,2499,PL1-2503-2
VR904668,C100134,VA-SP-MINI,2025-06-25,vireo.in,1,2374,MINI-2505-3
VR905840,C103021,VA-SW-FIT,2025-06-25,vireo.in,1,1799,FIT-2504-2
VR906552,C102162,VA-SW-NX2,2025-06-25,Amazon,1,6499,NX2-2503-3
VR907557,C100942,VA-EB-AIR,2025-06-25,Flipkart,1,1529,AIR-2503-4
VR908667,C104595,VA-HP-ST3,2025-06-25,Amazon,1,6999,ST3-2505-1
VR910151,C107659,VA-SW-NX2,2025-06-25,Flipkart,1,5524,NX2-2503-1
VR880546,C104420,VA-HP-ST3,2025-06-26,vireo.in,1,6299,ST3-2503-4
VR885577,C106144,VA-EB-AIR,2025-06-26,Flipkart,1,1439,AIR-2505-3
VR885637,C105343,VA-SW-NX2,2025-06-26,vireo.in,1,5849,NX2-2503-3
VR886533,C107983,VA-SP-MINI,2025-06-26,Flipkart,1,1999,MINI-2504-1
VR887184,C100126,VA-AC-CBL,2025-06-26,Flipkart,1,399,CBL-2504-2
VR890550,C107665,VA-SP-ORB,2025-06-26,Flipkart,1,5099,ORB-2504-3
VR891734,C106459,VA-SW-NX2,2025-06-26,vireo.in,1,5849,NX2-2505-3
VR903074,C103970,VA-SW-NX2,2025-06-26,vireo.in,1,6499,NX2-2504-3
VR904010,C107868,VA-SW-NX1,2025-06-26,vireo.in,1,3999,NX1-2504-4
VR906294,C108396,VA-NB-ARC,2025-06-26,vireo.in,1,1299,ARC-2504-3
VR908276,C108155,VA-AC-CBL,2025-06-26,Amazon,1,339,CBL-2504-1
VR880409,C105165,VA-NB-ARC,2025-06-27,Amazon,2,2598,ARC-2505-2
VR880836,C104324,VA-SW-NX2,2025-06-27,Amazon,1,6499,NX2-2505-4
VR884278,C103675,VA-SP-ORB,2025-06-27,vireo.in,1,5099,ORB-2505-3
VR884573,C107311,VA-SP-MINI,2025-06-27,Amazon,1,2499,MINI-2505-1
VR884813,C103976,VA-EB-AIR,2025-06-27,vireo.in,1,1529,AIR-2506-1
VR885585,C106993,VA-SW-NX2,2025-06-27,vireo.in,2,12348,NX2-2503-3
VR887896,C103616,VA-HP-ST3,2025-06-27,Amazon,1,5949,ST3-2504-1
VR887937,C107950,VA-SW-NX2,2025-06-27,vireo.in,2,12348,NX2-2503-3
VR888373,C101368,VA-EB-PL1,2025-06-27,vireo.in,1,2499,PL1-2504-3
VR892097,C103840,VA-HP-ST3,2025-06-27,vireo.in,1,6999,ST3-2504-4
VR893270,C105888,VA-HP-ST3,2025-06-27,Flipkart,1,6649,ST3-2506-1
VR898950,C108230,VA-EB-PL1,2025-06-27,vireo.in,1,1999,PL1-2504-4
VR900106,C105286,VA-SP-MINI,2025-06-27,vireo.in,1,2249,MINI-2504-1
VR904990,C100255,VA-SW-NX2,2025-06-27,vireo.in,1,6499,NX2-2505-1
VR905311,C104321,VA-SW-FIT,2025-06-27,Flipkart,1,1799,FIT-2506-3
VR906015,C104169,VA-EB-AIR,2025-06-27,vireo.in,1,1799,AIR-2505-4
VR906562,C109117,VA-EB-AIR,2025-06-27,vireo.in,1,1799,AIR-2503-3
VR906701,C102646,VA-SW-FIT,2025-06-27,vireo.in,1,1599,FIT-2504-3
VR907161,C105605,VA-SW-NX2,2025-06-27,vireo.in,1,5849,NX2-2505-3
VR907330,C100462,VA-HP-ST3,2025-06-27,vireo.in,1,5949,ST3-2503-3
VR908100,C107449,VA-EB-PL1,2025-06-27,vireo.in,1,2499,PL1-2503-3
VR884594,C101103,VA-AC-CH65,2025-06-28,Amazon,1,1424,CH65-2504-1
VR886290,C106153,VA-EB-AIR,2025-06-28,vireo.in,1,1799,AIR-2504-4
VR887671,C102005,VA-SW-NX2,2025-06-28,vireo.in,1,5849,NX2-2504-1
VR891468,C102977,VA-EB-PL1,2025-06-28,vireo.in,1,2249,PL1-2505-3
VR891936,C108582,VA-SW-FIT,2025-06-28,Amazon,1,1799,FIT-2505-1
VR892509,C108797,VA-SW-NX2,2025-06-28,vireo.in,1,6499,NX2-2504-2
VR897304,C101219,VA-EB-AIR,2025-06-28,vireo.in,1,1709,AIR-2503-1
VR901328,C104099,VA-SW-FIT,2025-06-28,Amazon,1,1999,FIT-2505-1
VR905075,C106518,VA-HP-ST3,2025-06-28,vireo.in,1,5949,ST3-2503-3
VR906179,C104371,VA-EB-AIR,2025-06-28,vireo.in,2,3058,AIR-2505-1
VR906370,C108127,VA-SW-NX2,2025-06-28,vireo.in,1,6499,NX2-2503-1
VR887370,C101865,VA-EB-PL1,2025-06-29,Amazon,1,2124,PL1-2505-4
VR888553,C103562,VA-SW-NX2,2025-06-29,Flipkart,1,6499,NX2-2506-3
VR892925,C107247,VA-SW-NX1,2025-06-29,vireo.in,1,3999,NX1-2506-4
VR894417,C104652,VA-EB-AIR,2025-06-29,Amazon,1,1529,AIR-2504-3
VR894615,C109156,VA-SP-ORB,2025-06-29,Amazon,1,5999,ORB-2504-3
VR895806,C100646,VA-SW-FIT,2025-06-29,vireo.in,1,1599,FIT-2505-1
VR895860,C103643,VA-SW-NX1,2025-06-29,vireo.in,1,4499,NX1-2506-4
VR898336,C107272,VA-SW-NX1,2025-06-29,vireo.in,1,4999,NX1-2506-2
VR899955,C100635,VA-SW-NX2,2025-06-29,Flipkart,1,5199,NX2-2503-2
VR902870,C105356,VA-EB-AIR,2025-06-29,vireo.in,1,1619,AIR-2506-4
VR904059,C101993,VA-HP-ST3,2025-06-29,Amazon,1,6999,ST3-2506-3
VR880750,C108952,VA-HP-ST3,2025-06-30,Flipkart,2,11198,ST3-2503-3
VR880812,C106444,VA-EB-AIR,2025-06-30,Amazon,1,1799,AIR-2504-2
VR881524,C105454,VA-SW-NX2,2025-06-30,vireo.in,1,6174,NX2-2505-4
VR887276,C104035,VA-SW-NX2,2025-06-30,vireo.in,1,6499,NX2-2504-2
VR887637,C101745,VA-HP-ST3,2025-06-30,vireo.in,1,6999,ST3-2505-4
VR887732,C100873,VA-SW-NX2,2025-06-30,vireo.in,1,6174,NX2-2505-1
VR888574,C103390,VA-SP-MINI,2025-06-30,vireo.in,1,2124,MINI-2505-2
VR889998,C107370,VA-SW-NX2,2025-06-30,vireo.in,1,6174,NX2-2503-1
VR891515,C108511,VA-SP-MINI,2025-06-30,vireo.in,1,2499,MINI-2505-2
VR893382,C105736,VA-EB-PL1,2025-06-30,Amazon,1,2124,PL1-2505-4
VR896917,C101233,VA-SW-NX2,2025-06-30,Amazon,1,5199,NX2-2503-1
VR899911,C109309,VA-SW-NX2,2025-06-30,vireo.in,1,6499,NX2-2504-4
VR901843,C104408,VA-SP-ORB,2025-06-30,Amazon,1,5999,ORB-2504-1
VR905209,C102801,VA-EB-AIR,2025-06-30,Amazon,1,1529,AIR-2504-1
VR907555,C108801,VA-SW-NX1,2025-06-30,vireo.in,1,4249,NX1-2505-4
VR909532,C107285,VA-HP-ST2,2025-06-30,vireo.in,1,4499,ST2-2503-4
VR909781,C103967,VA-SW-FIT,2025-06-30,Amazon,1,1999,FIT-2504-4
VR880641,C105319,VA-SW-NX1,2025-07-01,Amazon,1,4499,NX1-2504-3
VR882492,C100245,VA-HP-ST2,2025-07-01,vireo.in,1,4999,ST2-2504-1
VR883931,C100956,VA-EB-AIR,2025-07-01,vireo.in,1,1709,AIR-2504-3
VR886360,C101224,VA-EB-AIR,2025-07-01,Flipkart,2,2878,AIR-2505-1
VR886517,C103817,VA-EB-PL1,2025-07-01,Amazon,1,2499,PL1-2504-3
VR886983,C107893,VA-EB-PL1,2025-07-01,vireo.in,1,1999,PL1-2503-4
VR887792,C100636,VA-SW-FIT,2025-07-01,Amazon,1,1999,FIT-2503-2
VR888949,C105262,VA-SW-NX2,2025-07-01,Amazon,1,5524,NX2-2505-2
VR895113,C108657,VA-EB-AIR,2025-07-01,Amazon,1,1619,AIR-2503-4
VR898962,C107617,VA-EB-PL1,2025-07-01,vireo.in,1,2124,PL1-2504-4
VR899257,C103130,VA-SW-NX2,2025-07-01,vireo.in,1,6499,NX2-2505-1
VR899455,C100023,VA-SP-MINI,2025-07-01,Amazon,1,2374,MINI-2505-1
VR900978,C100597,VA-HP-ST3,2025-07-01,Amazon,1,6649,ST3-2504-3
VR902369,C106788,VA-SP-MINI,2025-07-01,Amazon,1,2249,MINI-2503-2
VR902648,C105456,VA-NB-ARC,2025-07-01,vireo.in,1,1234,ARC-2504-4
VR904001,C101815,VA-HP-ST2,2025-07-01,vireo.in,1,4249,ST2-2506-1
VR904658,C108409,VA-HP-ST3,2025-07-01,Flipkart,1,6999,ST3-2504-1
VR904698,C105816,VA-EB-AIR,2025-07-01,vireo.in,1,1709,AIR-2505-3
VR907078,C106668,VA-HP-ST2,2025-07-01,Amazon,1,3999,ST2-2505-4
VR907986,C105351,VA-HP-ST3,2025-07-01,vireo.in,1,5599,ST3-2506-1
VR908530,C107227,VA-SP-ORB,2025-07-01,vireo.in,1,5399,ORB-2504-1
VR909216,C100042,VA-HP-ST2,2025-07-01,vireo.in,1,4249,ST2-2503-1
VR909416,C105159,VA-SW-NX2,2025-07-01,Flipkart,1,5524,NX2-2504-3
VR880247,C102893,VA-EB-PL1,2025-07-02,vireo.in,1,2499,PL1-2505-2
VR881007,C100461,VA-HP-ST2,2025-07-02,Flipkart,1,4749,ST2-2504-3
VR881952,C101963,VA-SW-NX2,2025-07-02,vireo.in,1,6499,NX2-2505-3
VR883752,C100093,VA-HP-ST3,2025-07-02,vireo.in,1,6299,ST3-2505-4
VR885656,C104515,VA-EB-AIR,2025-07-02,vireo.in,1,1799,AIR-2506-2
VR888103,C104808,VA-SW-FIT,2025-07-02,Amazon,1,1899,FIT-2505-4
VR888697,C102070,VA-EB-PL1,2025-07-02,vireo.in,1,2124,PL1-2505-2
VR891822,C100065,VA-EB-PL1,2025-07-02,vireo.in,1,2124,PL1-2505-2
VR892004,C105915,VA-EB-AIR,2025-07-02,vireo.in,1,1439,AIR-2505-4
VR901749,C100044,VA-SP-MINI,2025-07-02,Amazon,1,2124,MINI-2505-2
VR907226,C102861,VA-SW-FIT,2025-07-02,Amazon,1,1599,FIT-2506-3
VR907828,C107451,VA-EB-AIR,2025-07-02,vireo.in,1,1799,AIR-2505-4
VR908605,C104597,VA-SP-MINI,2025-07-02,Amazon,1,2249,MINI-2505-2
VR882040,C103378,VA-SW-NX2,2025-07-03,vireo.in,1,6499,NX2-2504-4
VR882420,C109245,VA-EB-PL1,2025-07-03,Amazon,1,2124,PL1-2504-2
VR885686,C102192,VA-EB-PL1,2025-07-03,vireo.in,2,4998,PL1-2504-1
VR885724,C101168,VA-EB-PL1,2025-07-03,vireo.in,1,2499,PL1-2503-1
VR886162,C105043,VA-EB-PL1,2025-07-03,Amazon,1,2374,PL1-2504-3
VR887150,C108043,VA-EB-AIR,2025-07-03,Amazon,1,1799,AIR-2503-3
VR889124,C102995,VA-SW-FIT,2025-07-03,vireo.in,1,1999,FIT-2504-4
VR891054,C101912,VA-SP-MINI,2025-07-03,Flipkart,1,2499,MINI-2505-3
VR897898,C105835,VA-AC-CH65,2025-07-03,vireo.in,1,1499,CH65-2504-1
VR897960,C107536,VA-SW-NX2,2025-07-03,vireo.in,1,5199,NX2-2505-4
VR903640,C108147,VA-SW-NX2,2025-07-03,vireo.in,1,6499,NX2-2505-4
VR880987,C107848,VA-SP-ORB,2025-07-04,Flipkart,1,5399,ORB-2504-4
VR882854,C104173,VA-SW-FIT,2025-07-04,vireo.in,1,1999,FIT-2504-4
VR884069,C101797,VA-HP-ST3,2025-07-04,vireo.in,1,6999,ST3-2506-4
VR887366,C109022,VA-EB-AIR,2025-07-04,Amazon,1,1799,AIR-2505-2
VR888451,C102485,VA-SW-NX2,2025-07-04,vireo.in,1,5849,NX2-2504-2
VR891785,C107756,VA-EB-AIR,2025-07-04,vireo.in,2,3598,AIR-2503-1
VR894717,C106174,VA-AC-CH65,2025-07-04,Amazon,1,1499,CH65-2503-4
VR895596,C104670,VA-EB-PL1,2025-07-04,vireo.in,1,1999,PL1-2504-4
VR897624,C103829,VA-EB-AIR,2025-07-04,vireo.in,1,1529,AIR-2504-4
VR899573,C101057,VA-EB-PL1,2025-07-04,Amazon,1,2499,PL1-2503-3
VR899583,C100326,VA-SW-NX2,2025-07-04,Flipkart,1,5524,NX2-2505-3
VR900473,C100667,VA-EB-PL1,2025-07-04,Flipkart,1,2499,PL1-2504-4
VR906536,C106560,VA-EB-PL1,2025-07-04,vireo.in,1,1999,PL1-2505-1
VR908261,C100047,VA-SW-FIT,2025-07-04,vireo.in,2,3998,FIT-2505-1
VR881272,C109023,VA-HP-ST3,2025-07-05,Amazon,1,6999,ST3-2505-3
VR885924,C107174,VA-EB-AIR,2025-07-05,Amazon,1,1799,AIR-2505-3
VR886163,C104400,VA-SP-MINI,2025-07-05,Amazon,1,1999,MINI-2505-1
VR886273,C107564,VA-EB-AIR,2025-07-05,vireo.in,1,1709,AIR-2505-1
VR888710,C104116,VA-EB-AIR,2025-07-05,Amazon,1,1439,AIR-2505-3
VR889559,C107925,VA-SW-NX1,2025-07-05,Flipkart,1,3999,NX1-2505-2
VR895838,C105753,VA-EB-PL1,2025-07-05,vireo.in,1,1999,PL1-2505-4
VR898058,C104118,VA-HP-ST3,2025-07-05,Flipkart,1,5949,ST3-2503-1
VR899232,C108529,VA-HP-ST2,2025-07-05,Flipkart,1,4749,ST2-2504-2
VR899557,C109391,VA-NB-ARC,2025-07-05,Amazon,1,1299,ARC-2506-1
VR900251,C109455,VA-SW-FIT,2025-07-05,vireo.in,1,1999,FIT-2505-1
VR900532,C103440,VA-SP-MINI,2025-07-05,vireo.in,1,2499,MINI-2505-3
VR901620,C106068,VA-SW-NX2,2025-07-05,vireo.in,1,6174,NX2-2506-3
VR903162,C106722,VA-EB-AIR,2025-07-05,Flipkart,1,1439,AIR-2505-3
VR904218,C101536,VA-SP-ORB,2025-07-05,vireo.in,1,5399,ORB-2504-4
VR904716,C106159,VA-SP-ORB,2025-07-05,vireo.in,1,5699,ORB-2505-2
VR907463,C108739,VA-EB-AIR,2025-07-05,Flipkart,1,1799,AIR-2504-1
VR908570,C100907,VA-EB-PL1,2025-07-05,vireo.in,1,2499,PL1-2504-4
VR908955,C102495,VA-SW-NX2,2025-07-05,vireo.in,1,6174,NX2-2505-4
VR909024,C104922,VA-SP-ORB,2025-07-05,vireo.in,1,4799,ORB-2504-4
VR881184,C100367,VA-EB-PL1,2025-07-06,Amazon,1,2124,PL1-2506-3
VR882182,C101510,VA-SW-NX2,2025-07-06,vireo.in,1,5199,NX2-2505-1
VR886017,C108211,VA-SW-FIT,2025-07-06,Amazon,1,1999,FIT-2506-4
VR886505,C103130,VA-SP-MINI,2025-07-06,Amazon,1,2499,MINI-2506-1
VR887110,C104783,VA-HP-ST2,2025-07-06,vireo.in,1,4999,ST2-2504-2
VR888648,C104946,VA-SP-MINI,2025-07-06,vireo.in,1,2374,MINI-2505-2
VR891456,C107243,VA-HP-ST3,2025-07-06,Flipkart,1,6649,ST3-2504-1
VR892344,C103315,VA-EB-AIR,2025-07-06,Amazon,1,1439,AIR-2503-4
VR895649,C108446,VA-HP-ST2,2025-07-06,vireo.in,1,4499,ST2-2505-3
VR896218,C102672,VA-EB-AIR,2025-07-06,Flipkart,1,1799,AIR-2505-3
VR900174,C100055,VA-HP-ST3,2025-07-06,Amazon,1,6999,ST3-2503-4
VR903052,C102366,VA-SP-ORB,2025-07-06,vireo.in,1,4799,ORB-2504-4
VR904502,C104432,VA-EB-PL1,2025-07-06,Flipkart,1,2374,PL1-2506-1
VR905073,C105904,VA-SP-ORB,2025-07-06,vireo.in,1,5099,ORB-2506-4
VR905943,C105774,VA-SW-NX2,2025-07-06,Amazon,1,5524,NX2-2503-2
VR907411,C107518,VA-EB-PL1,2025-07-06,vireo.in,1,1999,PL1-2505-3
VR885539,C102349,VA-HP-ST3,2025-07-07,Amazon,1,6999,ST3-2504-3
VR885901,C105180,VA-EB-PL1,2025-07-07,Flipkart,1,2499,PL1-2504-3
VR886297,C103913,VA-HP-ST3,2025-07-07,Flipkart,1,6999,ST3-2505-1
VR887490,C103993,VA-EB-PL1,2025-07-07,Flipkart,1,2499,PL1-2505-4
VR893846,C106802,VA-SP-ORB,2025-07-07,vireo.in,1,4799,ORB-2504-3
VR894422,C103643,VA-SW-FIT,2025-07-07,Amazon,1,1999,FIT-2505-2
VR896241,C107566,VA-SP-ORB,2025-07-07,Flipkart,1,5999,ORB-2504-4
VR896793,C108921,VA-SW-NX2,2025-07-07,Amazon,1,6499,NX2-2506-1
VR897588,C100626,VA-SW-NX2,2025-07-07,vireo.in,1,6174,NX2-2506-1
VR905321,C100657,VA-HP-ST2,2025-07-07,Flipkart,1,4999,ST2-2504-1
VR905962,C104447,VA-HP-ST3,2025-07-07,Amazon,1,6999,ST3-2505-4
VR907215,C102618,VA-EB-PL1,2025-07-07,Amazon,1,2499,PL1-2503-4
VR907677,C105690,VA-EB-AIR,2025-07-07,Flipkart,1,1799,AIR-2503-1
VR909795,C107074,VA-SW-NX2,2025-07-07,vireo.in,1,6499,NX2-2505-4
VR909850,C107136,VA-EB-PL1,2025-07-07,vireo.in,1,2374,PL1-2504-1
VR881167,C105257,VA-SP-MINI,2025-07-08,vireo.in,1,2499,MINI-2505-2
VR892512,C101550,VA-EB-PL1,2025-07-08,vireo.in,1,2124,PL1-2506-1
VR893248,C104335,VA-EB-AIR,2025-07-08,vireo.in,1,1619,AIR-2504-1
VR893393,C108397,VA-EB-PL1,2025-07-08,Amazon,1,2249,PL1-2504-4
VR895734,C108263,VA-HP-ST3,2025-07-08,Amazon,1,6999,ST3-2503-2
VR896353,C109410,VA-EB-PL1,2025-07-08,vireo.in,1,2499,PL1-2505-3
VR896523,C101736,VA-EB-AIR,2025-07-08,vireo.in,1,1799,AIR-2504-2
VR896857,C102820,VA-SP-ORB,2025-07-08,Amazon,1,5399,ORB-2503-1
VR898397,C104880,VA-HP-ST3,2025-07-08,Flipkart,1,6299,ST3-2504-2
VR901000,C107349,VA-HP-ST2,2025-07-08,vireo.in,1,4999,ST2-2504-2
VR901152,C102654,VA-EB-PL1,2025-07-08,Flipkart,1,2249,PL1-2504-4
VR902821,C107263,VA-SW-FIT,2025-07-08,vireo.in,2,3998,FIT-2505-4
VR903694,C109063,VA-SP-MINI,2025-07-08,vireo.in,1,2499,MINI-2506-3
VR905930,C109092,VA-EB-PL1,2025-07-08,Amazon,1,2249,PL1-2504-2
VR880784,C103852,VA-AC-CH65,2025-07-09,vireo.in,2,2998,CH65-2503-1
VR881607,C103261,VA-SW-NX1,2025-07-09,vireo.in,1,4999,NX1-2503-3
VR883421,C107646,VA-SW-NX2,2025-07-09,vireo.in,1,6499,NX2-2505-2
VR883794,C100613,VA-EB-AIR,2025-07-09,Amazon,1,1799,AIR-2504-1
VR885497,C107446,VA-NB-ARC,2025-07-09,Amazon,1,1299,ARC-2506-4
VR885807,C100648,VA-EB-PL1,2025-07-09,Amazon,1,2499,PL1-2506-1
VR887986,C106616,VA-EB-AIR,2025-07-09,vireo.in,1,1709,AIR-2505-2
VR891637,C103329,VA-EB-AIR,2025-07-09,vireo.in,1,1619,AIR-2504-1
VR893650,C106547,VA-SP-MINI,2025-07-09,vireo.in,1,2499,MINI-2503-1
VR894442,C104967,VA-AC-CH65,2025-07-09,vireo.in,1,1499,CH65-2504-1
VR894685,C100301,VA-EB-PL1,2025-07-09,vireo.in,1,1999,PL1-2505-2
VR895587,C102332,VA-SW-NX2,2025-07-09,vireo.in,1,5524,NX2-2504-1
VR899541,C104403,VA-EB-AIR,2025-07-09,vireo.in,1,1709,AIR-2504-4
VR904205,C102520,VA-EB-PL1,2025-07-09,Flipkart,1,2499,PL1-2506-2
VR905553,C104293,VA-EB-PL1,2025-07-09,Amazon,1,2124,PL1-2505-3
VR905847,C103710,VA-SW-NX2,2025-07-09,vireo.in,2,11698,NX2-2505-3
VR906932,C106417,VA-EB-PL1,2025-07-09,Flipkart,1,2124,PL1-2504-1
VR906951,C100032,VA-EB-AIR,2025-07-09,vireo.in,1,1529,AIR-2504-2
VR907405,C106260,VA-SP-MINI,2025-07-09,Amazon,2,4498,MINI-2506-2
VR880593,C103786,VA-EB-AIR,2025-07-10,Amazon,1,1799,AIR-2503-2
VR885718,C104797,VA-HP-ST3,2025-07-10,Amazon,1,5949,ST3-2504-4
VR887426,C101820,VA-EB-PL1,2025-07-10,Amazon,1,1999,PL1-2504-2
VR889237,C105702,VA-EB-PL1,2025-07-10,vireo.in,1,2249,PL1-2504-3
VR890809,C109218,VA-SW-NX1,2025-07-10,Flipkart,1,4999,NX1-2506-1
VR892293,C105533,VA-HP-ST3,2025-07-10,vireo.in,1,5599,ST3-2504-1
VR893792,C107211,VA-EB-AIR,2025-07-10,Amazon,1,1799,AIR-2504-4
VR894488,C104895,VA-HP-ST3,2025-07-10,vireo.in,2,12598,ST3-2504-2
VR895288,C100554,VA-SW-NX2,2025-07-10,vireo.in,1,6499,NX2-2504-1
VR897610,C104977,VA-SP-MINI,2025-07-10,vireo.in,1,2124,MINI-2506-2
VR898514,C100275,VA-SW-NX2,2025-07-10,vireo.in,1,6499,NX2-2505-4
VR901436,C103919,VA-SP-MINI,2025-07-10,vireo.in,1,2249,MINI-2504-2
VR904613,C107741,VA-EB-PL1,2025-07-10,Amazon,1,2499,PL1-2504-1
VR906098,C102643,VA-SW-NX2,2025-07-10,Amazon,1,5849,NX2-2504-3
VR907116,C108784,VA-EB-PL1,2025-07-10,vireo.in,1,2124,PL1-2503-3
VR908986,C107992,VA-EB-PL1,2025-07-10,Amazon,1,1999,PL1-2504-3
VR909045,C102076,VA-SW-FIT,2025-07-10,vireo.in,1,1999,FIT-2506-4
VR909861,C109188,VA-EB-PL1,2025-07-10,vireo.in,1,2499,PL1-2506-2
VR881067,C103415,VA-AC-CH65,2025-07-11,Amazon,1,1274,CH65-2506-2
VR882602,C103124,VA-HP-ST3,2025-07-11,Amazon,1,6999,ST3-2506-4
VR885818,C108776,VA-AC-CH65,2025-07-11,vireo.in,1,1349,CH65-2506-2
VR886301,C103097,VA-SW-FIT,2025-07-11,vireo.in,1,1999,FIT-2506-1
VR887343,C106198,VA-SP-ORB,2025-07-11,vireo.in,1,5099,ORB-2504-1
VR892603,C106734,VA-SW-FIT,2025-07-11,Amazon,1,1999,FIT-2505-2
VR892626,C105808,VA-SW-FIT,2025-07-11,Flipkart,1,1999,FIT-2504-1
VR898855,C101531,VA-EB-PL1,2025-07-11,vireo.in,1,2499,PL1-2504-3
VR901997,C108068,VA-SW-NX2,2025-07-11,vireo.in,1,6499,NX2-2504-2
VR902596,C101585,VA-SW-NX2,2025-07-11,Flipkart,1,6499,NX2-2505-2
VR881960,C104067,VA-SW-FIT,2025-07-12,Amazon,1,1999,FIT-2503-4
VR882647,C101434,VA-EB-AIR,2025-07-12,vireo.in,1,1439,AIR-2505-1
VR885711,C103405,VA-SP-MINI,2025-07-12,Flipkart,1,2374,MINI-2504-3
VR888646,C101949,VA-EB-AIR,2025-07-12,vireo.in,1,1799,AIR-2505-3
VR890507,C105036,VA-EB-PL1,2025-07-12,Flipkart,1,2499,PL1-2504-1
VR896221,C106916,VA-SP-MINI,2025-07-12,vireo.in,1,2499,MINI-2506-4
VR897950,C102632,VA-SP-ORB,2025-07-12,Amazon,1,5099,ORB-2506-3
VR897971,C101785,VA-SW-FIT,2025-07-12,Flipkart,1,1699,FIT-2503-1
VR898388,C104802,VA-SP-MINI,2025-07-12,vireo.in,1,2499,MINI-2505-4
VR898867,C102465,VA-HP-ST3,2025-07-12,vireo.in,1,6999,ST3-2505-2
VR898909,C108010,VA-SW-NX2,2025-07-12,vireo.in,2,11048,NX2-2503-4
VR900614,C105578,VA-SW-FIT,2025-07-12,vireo.in,1,1599,FIT-2504-3
VR900733,C101742,VA-SW-NX2,2025-07-12,vireo.in,1,6174,NX2-2505-3
VR900822,C103019,VA-EB-PL1,2025-07-12,vireo.in,1,2124,PL1-2504-1
VR901845,C105501,VA-SW-NX2,2025-07-12,vireo.in,1,6499,NX2-2504-1
VR903342,C103806,VA-HP-ST3,2025-07-12,vireo.in,1,6299,ST3-2505-1
VR909788,C106516,VA-EB-PL1,2025-07-12,vireo.in,1,2249,PL1-2506-2
VR880086,C101126,VA-HP-ST3,2025-07-13,Amazon,1,5599,ST3-2506-2
VR880569,C106246,VA-SW-NX2,2025-07-13,vireo.in,1,5849,NX2-2504-3
VR882008,C109360,VA-EB-AIR,2025-07-13,vireo.in,1,1799,AIR-2504-2
VR882240,C104796,VA-EB-AIR,2025-07-13,vireo.in,1,1439,AIR-2505-2
VR882837,C109465,VA-SP-ORB,2025-07-13,vireo.in,2,10798,ORB-2504-1
VR883059,C105001,VA-HP-ST2,2025-07-13,Amazon,1,4749,ST2-2504-4
VR883995,C105609,VA-EB-PL1,2025-07-13,vireo.in,1,2499,PL1-2504-1
VR884870,C108800,VA-EB-AIR,2025-07-13,vireo.in,1,1529,AIR-2503-1
VR889018,C102466,VA-EB-AIR,2025-07-13,Amazon,1,1439,AIR-2506-4
VR890971,C102655,VA-HP-ST3,2025-07-13,vireo.in,1,6999,ST3-2506-3
VR891455,C107062,VA-SP-MINI,2025-07-13,Amazon,1,2499,MINI-2506-2
VR897126,C105018,VA-EB-PL1,2025-07-13,vireo.in,1,2499,PL1-2504-3
VR899199,C109070,VA-SW-NX2,2025-07-13,vireo.in,1,6499,NX2-2505-4
VR900080,C100196,VA-SP-MINI,2025-07-13,Amazon,1,2124,MINI-2505-1
VR901894,C107076,VA-EB-PL1,2025-07-13,Amazon,2,3998,PL1-2504-3
VR906057,C106349,VA-SP-ORB,2025-07-13,Amazon,1,5099,ORB-2506-2
VR881306,C106836,VA-EB-AIR,2025-07-14,vireo.in,1,1799,AIR-2506-3
VR885392,C107633,VA-SW-FIT,2025-07-14,vireo.in,1,1999,FIT-2504-3
VR885846,C105734,VA-SW-NX2,2025-07-14,Amazon,1,6499,NX2-2504-4
VR892037,C106833,VA-NB-ARC,2025-07-14,vireo.in,2,2468,ARC-2503-4
VR894832,C102289,VA-SP-MINI,2025-07-14,vireo.in,1,2124,MINI-2506-3
VR895449,C106803,VA-EB-PL1,2025-07-14,Amazon,1,2249,PL1-2504-1
VR897226,C107075,VA-SW-NX2,2025-07-14,Amazon,1,6499,NX2-2505-1
VR900009,C106983,VA-SP-MINI,2025-07-14,vireo.in,1,2249,MINI-2504-4
VR902197,C104141,VA-EB-AIR,2025-07-14,vireo.in,1,1619,AIR-2506-2
VR904765,C108498,VA-EB-AIR,2025-07-14,vireo.in,1,1799,AIR-2505-4
VR904940,C106037,VA-SP-MINI,2025-07-14,vireo.in,1,2499,MINI-2506-1
VR906197,C104768,VA-EB-PL1,2025-07-14,Amazon,2,4998,PL1-2505-1
VR908193,C103544,VA-EB-AIR,2025-07-14,vireo.in,1,1709,AIR-2503-2
VR882960,C105048,VA-EB-PL2,2025-07-15,vireo.in,2,6998,PL2-2504-2
VR884649,C104928,VA-EB-PL2,2025-07-15,vireo.in,1,2974,PL2-2505-3
VR885218,C106732,VA-SP-MINI,2025-07-15,vireo.in,1,2499,MINI-2504-3
VR885877,C102994,VA-EB-PL2,2025-07-15,vireo.in,1,3499,PL2-2505-1
VR888613,C105348,VA-EB-PL2,2025-07-15,Amazon,2,6648,PL2-2504-1
VR890342,C106984,VA-EB-AIR,2025-07-15,vireo.in,1,1799,AIR-2504-2
VR891676,C106994,VA-EB-PL2,2025-07-15,Amazon,1,2974,PL2-2504-4
VR894828,C107296,VA-EB-PL1,2025-07-15,vireo.in,1,1999,PL1-2505-1
VR896366,C108980,VA-EB-PL2,2025-07-15,Amazon,1,3499,PL2-2505-1
VR896478,C100271,VA-EB-PL1,2025-07-15,Amazon,1,2499,PL1-2506-1
VR897362,C102807,VA-SP-ORB,2025-07-15,vireo.in,1,4799,ORB-2504-3
VR898426,C103065,VA-EB-PL2,2025-07-15,vireo.in,1,3499,PL2-2506-2
VR899413,C102528,VA-EB-PL2,2025-07-15,Flipkart,1,2974,PL2-2505-1
VR900024,C103464,VA-EB-PL2,2025-07-15,Amazon,1,3499,PL2-2506-4
VR903055,C106780,VA-EB-PL2,2025-07-15,Amazon,1,3324,PL2-2506-1
VR903523,C106212,VA-SP-ORB,2025-07-15,vireo.in,2,10798,ORB-2504-2
VR904772,C105100,VA-EB-PL2,2025-07-15,vireo.in,1,3324,PL2-2506-2
VR904975,C108304,VA-NB-ARC,2025-07-15,Amazon,1,1299,ARC-2504-3
VR907065,C100778,VA-EB-PL2,2025-07-15,vireo.in,1,2974,PL2-2505-2
VR907209,C103627,VA-EB-PL2,2025-07-15,vireo.in,1,2974,PL2-2505-2
VR908993,C108755,VA-EB-PL2,2025-07-15,vireo.in,1,2974,PL2-2505-2
VR880682,C100407,VA-HP-ST3,2025-07-16,vireo.in,1,6299,ST3-2506-3
VR881196,C109369,VA-HP-ST2,2025-07-16,Flipkart,1,4749,ST2-2506-1
VR882095,C103103,VA-HP-ST3,2025-07-16,vireo.in,1,6299,ST3-2504-2
VR884031,C108280,VA-HP-ST3,2025-07-16,vireo.in,1,5599,ST3-2505-4
VR888362,C104782,VA-EB-PL1,2025-07-16,Amazon,1,2499,PL1-2505-1
VR888434,C105396,VA-EB-PL1,2025-07-16,Amazon,1,2249,PL1-2504-4
VR889108,C107113,VA-SW-FIT,2025-07-16,Flipkart,1,1999,FIT-2505-2
VR889949,C101916,VA-EB-PL2,2025-07-16,vireo.in,1,3324,PL2-2505-3
VR890026,C108385,VA-EB-PL2,2025-07-16,vireo.in,1,3149,PL2-2504-2
VR890854,C104877,VA-EB-PL2,2025-07-16,vireo.in,1,3324,PL2-2504-3
VR891545,C104941,VA-EB-PL1,2025-07-16,vireo.in,1,1999,PL1-2505-3
VR892604,C105497,VA-EB-AIR,2025-07-16,Amazon,1,1799,AIR-2504-1
VR893238,C106035,VA-EB-PL2,2025-07-16,vireo.in,1,3149,PL2-2505-2
VR893647,C102179,VA-SW-NX2,2025-07-16,vireo.in,1,6499,NX2-2505-1
VR894263,C107514,VA-EB-AIR,2025-07-16,Amazon,1,1529,AIR-2504-2
VR894712,C103043,VA-EB-PL2,2025-07-16,Amazon,1,3499,PL2-2505-4
VR897714,C106146,VA-HP-ST2,2025-07-16,Flipkart,1,4749,ST2-2506-4
VR898138,C101126,VA-EB-PL2,2025-07-16,Flipkart,1,3149,PL2-2505-2
VR899145,C109262,VA-SW-FIT,2025-07-16,vireo.in,1,1799,FIT-2505-4
VR900416,C100667,VA-EB-PL1,2025-07-16,vireo.in,1,2374,PL1-2505-4
VR903988,C108803,VA-HP-ST3,2025-07-16,vireo.in,1,6649,ST3-2503-4
VR904287,C104674,VA-SW-NX2,2025-07-16,vireo.in,1,6499,NX2-2505-1
VR904492,C106671,VA-AC-CH65,2025-07-16,vireo.in,1,1274,CH65-2505-3
VR905336,C102489,VA-SP-MINI,2025-07-16,Flipkart,1,2374,MINI-2504-3
VR907654,C102469,VA-EB-PL2,2025-07-16,vireo.in,1,3499,PL2-2505-2
VR908284,C102750,VA-EB-PL1,2025-07-16,vireo.in,1,2124,PL1-2506-1
VR880348,C104066,VA-EB-PL2,2025-07-17,vireo.in,1,2799,PL2-2503-1
VR883084,C107602,VA-EB-PL2,2025-07-17,vireo.in,1,2974,PL2-2504-3
VR883969,C108872,VA-EB-PL1,2025-07-17,vireo.in,1,2499,PL1-2506-4
VR888237,C103186,VA-EB-PL2,2025-07-17,vireo.in,1,2799,PL2-2506-1
VR893948,C101734,VA-EB-PL2,2025-07-17,vireo.in,1,3499,PL2-2506-4
VR896319,C104425,VA-SW-FIT,2025-07-17,vireo.in,1,1999,FIT-2505-4
VR896414,C108670,VA-EB-PL2,2025-07-17,vireo.in,1,2974,PL2-2504-3
VR897875,C105959,VA-EB-PL2,2025-07-17,vireo.in,1,3499,PL2-2506-1
VR898287,C103267,VA-EB-PL2,2025-07-17,Amazon,1,2974,PL2-2504-4
VR899878,C101843,VA-SW-FIT,2025-07-17,vireo.in,1,1999,FIT-2504-3
VR900210,C105120,VA-EB-PL1,2025-07-17,Amazon,1,2499,PL1-2505-4
VR900595,C100593,VA-EB-PL2,2025-07-17,vireo.in,1,2974,PL2-2506-4
VR901649,C105024,VA-SW-NX2,2025-07-17,vireo.in,1,5199,NX2-2506-1
VR903099,C103975,VA-EB-PL2,2025-07-17,vireo.in,1,3499,PL2-2505-4
VR903450,C104839,VA-EB-PL2,2025-07-17,Amazon,1,2799,PL2-2505-4
VR906220,C101840,VA-EB-PL2,2025-07-17,vireo.in,1,3499,PL2-2506-4
VR882196,C104674,VA-HP-ST2,2025-07-18,Amazon,1,4999,ST2-2504-4
VR884687,C107204,VA-EB-PL2,2025-07-18,Amazon,1,3324,PL2-2506-4
VR884818,C100097,VA-EB-PL1,2025-07-18,Flipkart,1,2124,PL1-2504-2
VR884892,C107033,VA-HP-ST2,2025-07-18,Flipkart,1,4499,ST2-2505-2
VR885783,C100116,VA-EB-PL2,2025-07-18,vireo.in,1,3149,PL2-2506-2
VR889324,C107664,VA-EB-AIR,2025-07-18,vireo.in,1,1799,AIR-2504-4
VR890227,C102471,VA-HP-ST2,2025-07-18,Amazon,1,4249,ST2-2504-1
VR890258,C107305,VA-SP-MINI,2025-07-18,vireo.in,1,2499,MINI-2506-4
VR892023,C102395,VA-EB-PL1,2025-07-18,Flipkart,2,4998,PL1-2503-1
VR892639,C105764,VA-EB-PL2,2025-07-18,Amazon,1,3324,PL2-2504-4
VR893055,C108786,VA-EB-PL2,2025-07-18,vireo.in,1,2974,PL2-2506-1
VR895037,C104088,VA-SP-MINI,2025-07-18,vireo.in,1,2499,MINI-2505-2
VR895347,C107395,VA-EB-PL1,2025-07-18,vireo.in,1,2499,PL1-2504-2
VR896503,C109224,VA-EB-AIR,2025-07-18,vireo.in,1,1709,AIR-2505-4
VR898774,C101621,VA-HP-ST2,2025-07-18,vireo.in,1,4999,ST2-2504-3
VR900778,C108648,VA-EB-AIR,2025-07-18,vireo.in,2,3598,AIR-2506-3
VR901561,C103981,VA-HP-ST2,2025-07-18,Flipkart,1,4999,ST2-2506-2
VR901676,C109114,VA-EB-PL1,2025-07-18,Flipkart,1,1999,PL1-2505-3
VR902092,C101411,VA-EB-PL2,2025-07-18,Flipkart,1,3499,PL2-2505-2
VR902789,C103505,VA-EB-PL2,2025-07-18,vireo.in,1,3324,PL2-2504-3
VR903048,C107336,VA-EB-PL2,2025-07-18,vireo.in,1,2799,PL2-2504-2
VR904836,C107986,VA-SW-NX2,2025-07-18,Flipkart,1,6499,NX2-2506-3
VR906981,C106434,VA-EB-PL2,2025-07-18,vireo.in,1,3499,PL2-2506-4
VR908424,C105869,VA-SP-MINI,2025-07-18,Flipkart,2,4998,MINI-2504-1
VR909089,C104243,VA-EB-AIR,2025-07-18,Flipkart,1,1529,AIR-2505-2
VR880398,C108715,VA-SP-MINI,2025-07-19,Flipkart,1,2499,MINI-2504-2
VR882212,C107207,VA-SW-FIT,2025-07-19,Flipkart,1,1799,FIT-2505-2
VR883281,C101307,VA-SP-ORB,2025-07-19,vireo.in,1,5999,ORB-2504-4
VR883885,C108763,VA-NB-ARC,2025-07-19,vireo.in,1,1234,ARC-2504-1
VR884363,C106175,VA-AC-CH65,2025-07-19,vireo.in,1,1274,CH65-2506-1
VR884694,C109412,VA-EB-PL2,2025-07-19,Amazon,1,2799,PL2-2506-2
VR885011,C103714,VA-EB-PL1,2025-07-19,Flipkart,1,2374,PL1-2504-2
VR886178,C106498,VA-HP-ST3,2025-07-19,Flipkart,1,6299,ST3-2504-2
VR889734,C103768,VA-EB-PL1,2025-07-19,Flipkart,1,2499,PL1-2505-4
VR890044,C103074,VA-SP-MINI,2025-07-19,vireo.in,1,2499,MINI-2504-4
VR890321,C101476,VA-EB-PL2,2025-07-19,vireo.in,1,2799,PL2-2505-2
VR890336,C103342,VA-SW-NX2,2025-07-19,Amazon,1,5199,NX2-2505-2
VR890962,C104081,VA-EB-PL2,2025-07-19,Flipkart,1,3499,PL2-2504-1
VR891335,C108968,VA-EB-PL2,2025-07-19,vireo.in,1,3499,PL2-2506-1
VR892066,C107319,VA-SW-NX2,2025-07-19,Flipkart,1,5199,NX2-2504-2
VR894184,C103570,VA-SP-MINI,2025-07-19,vireo.in,1,1999,MINI-2505-4
VR896188,C107164,VA-NB-ARC,2025-07-19,Amazon,1,1169,ARC-2504-2
VR898122,C107818,VA-HP-ST3,2025-07-19,Flipkart,1,6299,ST3-2504-2
VR899984,C100783,VA-EB-PL2,2025-07-19,Amazon,1,3499,PL2-2504-1
VR902350,C106602,VA-SW-FIT,2025-07-19,vireo.in,1,1799,FIT-2506-4
VR903712,C106779,VA-SW-NX2,2025-07-19,vireo.in,1,6499,NX2-2505-2
VR907198,C102550,VA-EB-PL2,2025-07-19,vireo.in,1,2799,PL2-2505-2
VR907807,C104833,VA-EB-AIR,2025-07-19,vireo.in,1,1619,AIR-2506-2
VR908635,C107331,VA-EB-PL1,2025-07-19,Amazon,1,2374,PL1-2505-3
VR909070,C103987,VA-EB-PL2,2025-07-19,vireo.in,1,2799,PL2-2506-1
VR882912,C108637,VA-EB-AIR,2025-07-20,vireo.in,1,1709,AIR-2505-2
VR883502,C100142,VA-HP-ST3,2025-07-20,Amazon,1,6999,ST3-2506-3
VR885512,C106170,VA-EB-AIR,2025-07-20,vireo.in,1,1799,AIR-2505-4
VR887399,C102448,VA-EB-PL2,2025-07-20,Amazon,1,3324,PL2-2504-1
VR887641,C101123,VA-HP-ST3,2025-07-20,vireo.in,1,6999,ST3-2505-4
VR888080,C102961,VA-EB-PL2,2025-07-20,vireo.in,1,3499,PL2-2504-4
VR890460,C108281,VA-EB-PL1,2025-07-20,Amazon,1,2249,PL1-2506-1
VR890791,C101296,VA-SP-MINI,2025-07-20,Flipkart,1,2499,MINI-2506-4
VR892194,C107655,VA-EB-PL2,2025-07-20,vireo.in,1,3149,PL2-2504-2
VR892674,C107944,VA-EB-PL1,2025-07-20,vireo.in,1,2499,PL1-2505-4
VR893482,C104186,VA-EB-PL2,2025-07-20,vireo.in,1,3499,PL2-2505-4
VR894060,C104108,VA-SP-ORB,2025-07-20,Amazon,1,5099,ORB-2506-4
VR894178,C107673,VA-EB-PL2,2025-07-20,Amazon,1,3499,PL2-2504-1
VR894470,C107265,VA-SP-MINI,2025-07-20,Flipkart,1,2499,MINI-2506-3
VR897124,C102512,VA-EB-PL2,2025-07-20,vireo.in,1,2799,PL2-2504-3
VR897884,C109172,VA-EB-PL2,2025-07-20,vireo.in,1,3499,PL2-2504-1
VR901117,C101844,VA-EB-PL2,2025-07-20,Amazon,1,3324,PL2-2506-3
VR901332,C100262,VA-EB-AIR,2025-07-20,Amazon,1,1709,AIR-2506-2
VR901372,C107790,VA-EB-AIR,2025-07-20,vireo.in,1,1709,AIR-2504-4
VR902003,C106571,VA-EB-PL2,2025-07-20,vireo.in,1,3499,PL2-2504-3
VR902986,C104712,VA-EB-PL1,2025-07-20,vireo.in,1,2499,PL1-2506-4
VR903218,C108800,VA-NB-ARC,2025-07-20,vireo.in,1,1039,ARC-2505-4
VR903290,C100215,VA-EB-PL2,2025-07-20,Flipkart,1,3499,PL2-2505-2
VR904986,C105266,VA-EB-PL2,2025-07-20,Flipkart,1,3324,PL2-2504-1
VR905358,C102314,VA-HP-ST3,2025-07-20,Amazon,1,6999,ST3-2505-1
VR880203,C104024,VA-SW-NX2,2025-07-21,Flipkart,1,5199,NX2-2505-3
VR881001,C101067,VA-SW-FIT,2025-07-21,Amazon,1,1999,FIT-2506-4
VR882181,C104162,VA-NB-ARC,2025-07-21,vireo.in,1,1169,ARC-2506-2
VR882937,C102464,VA-SP-MINI,2025-07-21,vireo.in,1,2249,MINI-2505-4
VR883420,C101411,VA-EB-PL2,2025-07-21,vireo.in,1,2799,PL2-2505-3
VR884216,C108260,VA-SW-FIT,2025-07-21,vireo.in,1,1699,FIT-2505-4
VR884874,C102647,VA-SP-MINI,2025-07-21,vireo.in,1,2249,MINI-2505-1
VR886079,C102884,VA-EB-AIR,2025-07-21,Flipkart,1,1709,AIR-2504-1
VR888556,C103390,VA-SW-NX2,2025-07-21,Amazon,1,5524,NX2-2504-3
VR889220,C105809,VA-EB-PL1,2025-07-21,Amazon,1,2499,PL1-2504-2
VR889234,C103285,VA-EB-PL2,2025-07-21,vireo.in,1,2974,PL2-2506-1
VR890269,C103247,VA-EB-PL2,2025-07-21,vireo.in,1,3499,PL2-2506-1
VR890929,C102431,VA-EB-PL2,2025-07-21,vireo.in,1,3499,PL2-2505-4
VR894185,C106753,VA-EB-PL2,2025-07-21,Amazon,1,3149,PL2-2504-1
VR894318,C106496,VA-EB-AIR,2025-07-21,vireo.in,1,1799,AIR-2505-3
VR894484,C101181,VA-EB-PL2,2025-07-21,Amazon,1,3499,PL2-2505-3
VR894489,C104801,VA-SW-FIT,2025-07-21,vireo.in,1,1799,FIT-2505-2
VR895519,C105751,VA-EB-PL2,2025-07-21,vireo.in,1,3499,PL2-2506-3
VR896303,C106328,VA-EB-AIR,2025-07-21,Amazon,1,1709,AIR-2504-1
VR897212,C105964,VA-EB-PL1,2025-07-21,vireo.in,2,4248,PL1-2505-4
VR897520,C109162,VA-EB-PL2,2025-07-21,Amazon,1,2974,PL2-2506-3
VR898227,C108058,VA-EB-PL1,2025-07-21,vireo.in,1,2499,PL1-2506-3
VR898664,C107092,VA-EB-PL2,2025-07-21,Amazon,1,3499,PL2-2506-3
VR901769,C103234,VA-EB-PL2,2025-07-21,vireo.in,1,3499,PL2-2506-4
VR905135,C100269,VA-EB-PL2,2025-07-21,Amazon,1,2974,PL2-2506-4
VR905531,C104219,VA-EB-PL2,2025-07-21,vireo.in,1,3499,PL2-2504-3
VR907517,C104915,VA-SW-NX2,2025-07-21,vireo.in,1,6174,NX2-2504-4
VR908693,C101599,VA-SW-NX2,2025-07-21,vireo.in,1,6499,NX2-2505-2
VR881910,C104266,VA-EB-PL2,2025-07-22,vireo.in,1,3499,PL2-2506-4
VR883975,C108612,VA-EB-PL2,2025-07-22,vireo.in,1,3499,PL2-2505-1
VR884081,C100145,VA-EB-PL2,2025-07-22,Amazon,1,3499,PL2-2506-2
VR885148,C104409,VA-EB-PL2,2025-07-22,Flipkart,1,3499,PL2-2504-2
VR885589,C104921,VA-EB-AIR,2025-07-22,vireo.in,1,1799,AIR-2504-3
VR885728,C103235,VA-HP-ST3,2025-07-22,vireo.in,1,5949,ST3-2506-4
VR886357,C105424,VA-EB-PL2,2025-07-22,Amazon,1,2799,PL2-2505-2
VR887218,C103965,VA-EB-PL2,2025-07-22,Flipkart,1,3499,PL2-2506-2
VR889005,C100773,VA-EB-PL2,2025-07-22,vireo.in,1,2974,PL2-2505-4
VR890606,C105856,VA-EB-PL2,2025-07-22,vireo.in,1,3149,PL2-2506-2
VR891301,C100558,VA-EB-PL1,2025-07-22,vireo.in,1,2499,PL1-2506-4
VR892717,C108009,VA-EB-AIR,2025-07-22,Amazon,1,1709,AIR-2505-2
VR892882,C105694,VA-EB-PL2,2025-07-22,vireo.in,1,2974,PL2-2505-3
VR893955,C106128,VA-EB-PL2,2025-07-22,vireo.in,1,3149,PL2-2504-3
VR894268,C106530,VA-EB-PL2,2025-07-22,Amazon,2,6648,PL2-2505-4
VR894537,C108080,VA-EB-PL2,2025-07-22,Amazon,1,3499,PL2-2504-1
VR896107,C100507,VA-EB-PL2,2025-07-22,vireo.in,1,3324,PL2-2505-4
VR896244,C105239,VA-SP-MINI,2025-07-22,vireo.in,1,2499,MINI-2505-1
VR900150,C103452,VA-EB-PL2,2025-07-22,vireo.in,1,3324,PL2-2505-4
VR900198,C104698,VA-SW-FIT,2025-07-22,Flipkart,1,1999,FIT-2506-1
VR900347,C103514,VA-HP-ST3,2025-07-22,Flipkart,1,6999,ST3-2506-1
VR900445,C104584,VA-EB-PL2,2025-07-22,Amazon,1,3499,PL2-2506-1
VR901200,C108477,VA-EB-PL1,2025-07-22,Amazon,1,2499,PL1-2506-2
VR902017,C109055,VA-EB-PL1,2025-07-22,Amazon,1,2249,PL1-2506-1
VR902905,C103008,VA-SW-NX1,2025-07-22,vireo.in,1,4999,NX1-2506-3
VR905814,C101568,VA-EB-PL2,2025-07-22,vireo.in,1,3149,PL2-2506-2
VR906427,C101810,VA-EB-AIR,2025-07-22,Amazon,1,1799,AIR-2506-3
VR907492,C104935,VA-EB-PL2,2025-07-22,Amazon,1,3499,PL2-2505-1
VR907589,C104845,VA-EB-PL2,2025-07-22,Amazon,2,5598,PL2-2504-2
VR907850,C104744,VA-EB-PL2,2025-07-22,Flipkart,1,3324,PL2-2505-4
VR880648,C106174,VA-EB-PL2,2025-07-23,Amazon,1,2799,PL2-2505-4
VR881127,C101201,VA-SW-NX1,2025-07-23,vireo.in,1,4999,NX1-2505-2
VR881438,C105712,VA-EB-PL2,2025-07-23,Amazon,1,3499,PL2-2505-4
VR883494,C107099,VA-EB-PL2,2025-07-23,vireo.in,1,2799,PL2-2505-4
VR883554,C103241,VA-EB-PL1,2025-07-23,Amazon,1,2499,PL1-2504-2
VR886676,C100694,VA-EB-PL2,2025-07-23,vireo.in,1,3324,PL2-2505-3
VR887525,C106259,VA-SP-MINI,2025-07-23,vireo.in,2,4998,MINI-2504-2
VR889113,C103686,VA-SW-NX2,2025-07-23,Amazon,1,6499,NX2-2506-4
VR889270,C100006,VA-EB-PL2,2025-07-23,Flipkart,1,3499,PL2-2506-1
VR889546,C105033,VA-HP-ST2,2025-07-23,Flipkart,1,4499,ST2-2505-3
VR889547,C103381,VA-EB-PL1,2025-07-23,vireo.in,1,2124,PL1-2505-2
VR890382,C101216,VA-EB-PL1,2025-07-23,vireo.in,1,1999,PL1-2505-3
VR891364,C102214,VA-EB-PL2,2025-07-23,vireo.in,1,2974,PL2-2505-3
VR891516,C102641,VA-EB-PL2,2025-07-23,vireo.in,1,2974,PL2-2504-3
VR893307,C101367,VA-HP-ST3,2025-07-23,Amazon,1,6649,ST3-2506-2
VR894986,C104630,VA-EB-AIR,2025-07-23,vireo.in,1,1529,AIR-2506-1
VR896262,C104048,VA-EB-PL2,2025-07-23,Amazon,1,2974,PL2-2506-3
VR896409,C105829,VA-EB-PL2,2025-07-23,vireo.in,1,2974,PL2-2505-1
VR896636,C100240,VA-EB-PL2,2025-07-23,Flipkart,1,2974,PL2-2504-2
VR897002,C100606,VA-EB-PL2,2025-07-23,vireo.in,1,2799,PL2-2505-2
VR898294,C108504,VA-SW-NX2,2025-07-23,vireo.in,1,5849,NX2-2505-2
VR900262,C100947,VA-EB-PL2,2025-07-23,vireo.in,1,3149,PL2-2506-2
VR900705,C102175,VA-EB-PL2,2025-07-23,Flipkart,1,3499,PL2-2506-3
VR901330,C101343,VA-EB-PL2,2025-07-23,vireo.in,1,3149,PL2-2506-2
VR904782,C103747,VA-EB-PL2,2025-07-23,Amazon,1,3149,PL2-2507-4
VR905854,C101198,VA-SP-MINI,2025-07-23,vireo.in,1,1999,MINI-2505-2
VR907350,C101489,VA-HP-ST3,2025-07-23,Amazon,1,6999,ST3-2506-2
VR909320,C106222,VA-EB-PL2,2025-07-23,Amazon,1,3499,PL2-2504-1
VR881373,C105205,VA-EB-PL2,2025-07-24,vireo.in,1,3499,PL2-2506-4
VR881744,C100859,VA-EB-PL2,2025-07-24,vireo.in,1,3499,PL2-2506-2
VR888063,C100531,VA-EB-PL2,2025-07-24,Amazon,1,2974,PL2-2506-2
VR888208,C104905,VA-EB-PL2,2025-07-24,Flipkart,1,2974,PL2-2506-1
VR888418,C100885,VA-SW-NX2,2025-07-24,Flipkart,1,5524,NX2-2505-1
VR889593,C106764,VA-AC-CBL,2025-07-24,vireo.in,1,339,CBL-2505-1
VR890052,C103849,VA-SW-NX2,2025-07-24,vireo.in,1,6499,NX2-2504-2
VR890090,C109386,VA-EB-PL2,2025-07-24,vireo.in,1,3149,PL2-2505-4
VR890435,C101062,VA-EB-PL2,2025-07-24,vireo.in,1,3499,PL2-2504-1
VR894032,C101810,VA-EB-PL2,2025-07-24,Flipkart,1,3324,PL2-2505-2
VR895549,C100543,VA-EB-PL2,2025-07-24,vireo.in,1,3499,PL2-2505-2
VR896765,C101369,VA-HP-ST3,2025-07-24,vireo.in,1,6299,ST3-2504-3
VR897679,C107296,VA-SP-ORB,2025-07-24,vireo.in,1,4799,ORB-2505-1
VR899391,C108020,VA-HP-ST2,2025-07-24,Amazon,1,4999,ST2-2506-4
VR899501,C107251,VA-EB-PL2,2025-07-24,Amazon,2,6298,PL2-2505-2
VR899553,C106074,VA-EB-PL2,2025-07-24,vireo.in,1,3499,PL2-2505-4
VR899790,C103519,VA-EB-AIR,2025-07-24,vireo.in,1,1799,AIR-2505-1
VR900006,C103243,VA-EB-PL2,2025-07-24,vireo.in,1,3499,PL2-2505-1
VR902946,C108746,VA-EB-PL2,2025-07-24,vireo.in,1,3324,PL2-2505-4
VR904834,C103990,VA-AC-CBL,2025-07-24,vireo.in,1,339,CBL-2506-4
VR905739,C108212,VA-EB-PL2,2025-07-24,vireo.in,1,3324,PL2-2506-2
VR908595,C108126,VA-EB-PL2,2025-07-24,Amazon,1,2799,PL2-2506-3
VR883000,C109470,VA-EB-PL2,2025-07-25,Amazon,1,3499,PL2-2504-2
VR883994,C102085,VA-SW-NX2,2025-07-25,vireo.in,1,5199,NX2-2505-3
VR884317,C104734,VA-SP-MINI,2025-07-25,vireo.in,1,2499,MINI-2505-1
VR886108,C108522,VA-HP-ST2,2025-07-25,vireo.in,1,4749,ST2-2506-1
VR886935,C104709,VA-EB-PL2,2025-07-25,vireo.in,1,2974,PL2-2506-2
VR889187,C101864,VA-HP-ST3,2025-07-25,Amazon,2,13998,ST3-2506-2
VR890157,C103931,VA-EB-PL2,2025-07-25,Flipkart,1,3149,PL2-2506-3
VR891074,C101139,VA-EB-PL2,2025-07-25,vireo.in,1,3499,PL2-2505-1
VR891329,C100456,VA-AC-CH65,2025-07-25,Amazon,1,1199,CH65-2505-4
VR891482,C106511,VA-EB-PL2,2025-07-25,vireo.in,1,3149,PL2-2506-1
VR891895,C104312,VA-SP-MINI,2025-07-25,vireo.in,1,2499,MINI-2506-1
VR894853,C107444,VA-EB-PL2,2025-07-25,vireo.in,1,3499,PL2-2505-4
VR895574,C107733,VA-EB-PL2,2025-07-25,vireo.in,1,3499,PL2-2507-4
VR897437,C103251,VA-EB-PL2,2025-07-25,vireo.in,1,3324,PL2-2506-1
VR899403,C106607,VA-SP-MINI,2025-07-25,vireo.in,1,2249,MINI-2506-2
VR900773,C102425,VA-AC-CH65,2025-07-25,Flipkart,1,1424,CH65-2505-2
VR901871,C107561,VA-EB-PL2,2025-07-25,vireo.in,1,3499,PL2-2505-1
VR903276,C102981,VA-EB-PL2,2025-07-25,Amazon,1,2799,PL2-2506-4
VR903986,C101917,VA-EB-PL2,2025-07-25,vireo.in,2,6298,PL2-2505-3
VR904325,C105825,VA-SW-FIT,2025-07-25,Amazon,1,1699,FIT-2506-3
VR905079,C103111,VA-SW-NX2,2025-07-25,vireo.in,1,6499,NX2-2506-1
VR906480,C109417,VA-HP-ST3,2025-07-25,Amazon,1,6649,ST3-2505-1
VR907336,C101885,VA-EB-PL2,2025-07-25,vireo.in,1,2799,PL2-2505-2
VR909270,C102565,VA-SW-NX2,2025-07-25,vireo.in,1,6499,NX2-2506-3
VR881752,C100663,VA-EB-PL2,2025-07-26,vireo.in,1,3499,PL2-2505-3
VR883149,C106019,VA-EB-PL1,2025-07-26,Flipkart,1,2124,PL1-2506-4
VR883373,C107596,VA-SW-NX2,2025-07-26,vireo.in,1,6499,NX2-2506-4
VR884758,C108711,VA-EB-PL2,2025-07-26,Amazon,1,3499,PL2-2506-1
VR885465,C105697,VA-EB-AIR,2025-07-26,Amazon,1,1799,AIR-2505-1
VR885560,C105294,VA-EB-AIR,2025-07-26,Flipkart,1,1799,AIR-2505-3
VR886099,C105979,VA-SW-NX2,2025-07-26,Amazon,1,5199,NX2-2504-1
VR890087,C102520,VA-SP-MINI,2025-07-26,vireo.in,1,2249,MINI-2504-1
VR890209,C100865,VA-EB-PL2,2025-07-26,vireo.in,1,2799,PL2-2504-4
VR891991,C106053,VA-SP-ORB,2025-07-26,vireo.in,1,4799,ORB-2505-3
VR894091,C105748,VA-SW-NX2,2025-07-26,vireo.in,1,6499,NX2-2505-4
VR894505,C108648,VA-EB-PL2,2025-07-26,vireo.in,1,3499,PL2-2506-3
VR894965,C102599,VA-SW-FIT,2025-07-26,vireo.in,1,1699,FIT-2505-3
VR895537,C108074,VA-EB-PL2,2025-07-26,Amazon,1,2974,PL2-2506-1
VR895723,C108950,VA-EB-PL2,2025-07-26,vireo.in,1,3499,PL2-2506-1
VR897010,C106459,VA-EB-PL2,2025-07-26,vireo.in,1,2974,PL2-2506-1
VR897433,C100720,VA-EB-PL2,2025-07-26,vireo.in,1,3499,PL2-2504-3
VR897514,C107438,VA-EB-PL2,2025-07-26,Amazon,1,2799,PL2-2506-1
VR897703,C104689,VA-EB-PL1,2025-07-26,Amazon,1,2499,PL1-2505-2
VR897880,C106477,VA-EB-PL2,2025-07-26,vireo.in,1,3499,PL2-2507-4
VR898667,C107436,VA-EB-PL2,2025-07-26,vireo.in,1,3499,PL2-2504-2
VR898860,C107140,VA-EB-PL1,2025-07-26,vireo.in,1,2499,PL1-2506-2
VR900812,C106543,VA-EB-AIR,2025-07-26,Flipkart,1,1439,AIR-2505-2
VR903438,C108122,VA-EB-PL2,2025-07-26,Amazon,1,3499,PL2-2506-2
VR904779,C104687,VA-SP-MINI,2025-07-26,Amazon,1,1999,MINI-2504-4
VR905716,C108865,VA-HP-ST3,2025-07-26,vireo.in,1,6999,ST3-2505-3
VR908490,C109087,VA-HP-ST2,2025-07-26,vireo.in,1,4999,ST2-2505-3
VR881394,C106577,VA-EB-PL1,2025-07-27,Flipkart,1,2249,PL1-2505-2
VR884243,C101865,VA-EB-PL2,2025-07-27,vireo.in,1,3499,PL2-2506-4
VR884323,C103850,VA-EB-PL2,2025-07-27,vireo.in,1,3499,PL2-2504-2
VR884705,C103432,VA-HP-ST3,2025-07-27,Amazon,1,5949,ST3-2505-4
VR886480,C107003,VA-EB-PL1,2025-07-27,Amazon,1,2374,PL1-2505-3
VR893233,C100075,VA-EB-PL2,2025-07-27,vireo.in,2,6998,PL2-2506-3
VR894606,C101288,VA-EB-PL2,2025-07-27,vireo.in,1,3324,PL2-2507-4
VR895462,C102484,VA-SW-NX1,2025-07-27,vireo.in,1,3999,NX1-2504-4
VR895670,C109442,VA-EB-PL2,2025-07-27,vireo.in,1,2974,PL2-2506-2
VR896164,C105517,VA-EB-AIR,2025-07-27,vireo.in,1,1799,AIR-2504-4
VR897742,C101711,VA-SP-ORB,2025-07-27,vireo.in,1,5999,ORB-2505-3
VR900028,C102591,VA-HP-ST3,2025-07-27,Flipkart,1,6999,ST3-2505-2
VR900649,C100027,VA-SP-MINI,2025-07-27,vireo.in,1,2499,MINI-2506-1
VR901167,C105567,VA-EB-PL2,2025-07-27,Amazon,1,2974,PL2-2505-2
VR901896,C103697,VA-SW-FIT,2025-07-27,vireo.in,1,1999,FIT-2505-4
VR906133,C105304,VA-SW-FIT,2025-07-27,vireo.in,1,1999,FIT-2505-3
VR907669,C107865,VA-SW-NX2,2025-07-27,vireo.in,1,6174,NX2-2505-1
VR908725,C105257,VA-EB-PL2,2025-07-27,vireo.in,2,6998,PL2-2505-4
VR909731,C104741,VA-EB-PL2,2025-07-27,vireo.in,1,2799,PL2-2504-4
VR884698,C101817,VA-SW-FIT,2025-07-28,vireo.in,1,1799,FIT-2506-2
VR884930,C103975,VA-EB-PL2,2025-07-28,Amazon,1,3324,PL2-2504-4
VR885212,C101950,VA-EB-PL1,2025-07-28,vireo.in,1,2249,PL1-2505-4
VR886890,C106006,VA-SW-NX2,2025-07-28,Amazon,1,6499,NX2-2504-4
VR888298,C109405,VA-EB-PL2,2025-07-28,Amazon,1,3499,PL2-2506-2
VR888374,C108182,VA-EB-AIR,2025-07-28,vireo.in,1,1529,AIR-2504-4
VR888798,C104789,VA-HP-ST3,2025-07-28,Flipkart,1,6999,ST3-2506-1
VR890625,C106647,VA-EB-PL1,2025-07-28,Amazon,2,4498,PL1-2505-1
VR890818,C108710,VA-EB-PL2,2025-07-28,vireo.in,1,3149,PL2-2506-1
VR892650,C107704,VA-NB-ARC,2025-07-28,Amazon,1,1104,ARC-2506-3
VR893590,C104459,VA-HP-ST3,2025-07-28,vireo.in,1,5949,ST3-2505-1
VR895483,C104401,VA-SW-NX1,2025-07-28,vireo.in,1,3999,NX1-2506-4
VR895498,C106879,VA-SW-NX2,2025-07-28,Flipkart,1,5849,NX2-2506-4
VR897294,C103266,VA-AC-CH65,2025-07-28,vireo.in,1,1199,CH65-2504-4
VR897529,C103075,VA-NB-ARC,2025-07-28,Amazon,2,2078,ARC-2504-4
VR898445,C103631,VA-AC-CH65,2025-07-28,vireo.in,1,1499,CH65-2504-2
VR900201,C107288,VA-EB-PL1,2025-07-28,Amazon,1,2499,PL1-2505-2
VR902031,C102782,VA-AC-CBL,2025-07-28,vireo.in,1,399,CBL-2507-3
VR903133,C103010,VA-SP-MINI,2025-07-28,Amazon,1,2124,MINI-2504-3
VR903169,C101222,VA-SW-NX1,2025-07-28,vireo.in,1,4999,NX1-2504-3
VR904208,C106215,VA-HP-ST3,2025-07-28,vireo.in,1,6299,ST3-2506-1
VR904402,C108876,VA-EB-AIR,2025-07-28,vireo.in,1,1439,AIR-2504-3
VR904957,C100930,VA-EB-PL1,2025-07-28,Flipkart,1,2499,PL1-2507-4
VR906165,C104728,VA-EB-PL2,2025-07-28,Amazon,1,3499,PL2-2506-3
VR907295,C105060,VA-EB-PL1,2025-07-28,vireo.in,1,2499,PL1-2505-1
VR907937,C101260,VA-EB-PL2,2025-07-28,vireo.in,1,3324,PL2-2506-2
VR908532,C107464,VA-HP-ST3,2025-07-28,vireo.in,1,6299,ST3-2504-4
VR908619,C104365,VA-EB-PL2,2025-07-28,Flipkart,1,3499,PL2-2505-2
VR908995,C103592,VA-EB-AIR,2025-07-28,Amazon,1,1709,AIR-2504-4
VR880601,C100709,VA-EB-PL2,2025-07-29,vireo.in,1,2974,PL2-2505-1
VR881695,C103750,VA-HP-ST3,2025-07-29,Flipkart,1,6299,ST3-2504-1
VR882384,C101352,VA-SP-ORB,2025-07-29,vireo.in,1,5699,ORB-2504-1
VR886459,C105761,VA-HP-ST2,2025-07-29,vireo.in,1,4999,ST2-2505-3
VR886468,C103920,VA-SW-FIT,2025-07-29,Flipkart,1,1999,FIT-2506-3
VR886601,C101261,VA-EB-PL2,2025-07-29,Amazon,1,3499,PL2-2505-2
VR887340,C104400,VA-EB-PL2,2025-07-29,Flipkart,1,3324,PL2-2505-1
VR887754,C107939,VA-EB-PL2,2025-07-29,vireo.in,1,3149,PL2-2504-3
VR891650,C103637,VA-SW-NX2,2025-07-29,vireo.in,1,6499,NX2-2506-2
VR893164,C101363,VA-EB-PL2,2025-07-29,Amazon,1,2799,PL2-2504-2
VR893462,C108652,VA-SW-NX1,2025-07-29,Amazon,1,4999,NX1-2506-1
VR894115,C103033,VA-EB-PL1,2025-07-29,Flipkart,2,4998,PL1-2506-1
VR897967,C109088,VA-HP-ST2,2025-07-29,Flipkart,1,4999,ST2-2506-2
VR898404,C107745,VA-EB-PL2,2025-07-29,Amazon,1,3499,PL2-2506-1
VR899857,C106176,VA-SW-NX2,2025-07-29,vireo.in,1,5199,NX2-2504-3
VR901444,C107475,VA-SP-ORB,2025-07-29,vireo.in,1,5399,ORB-2505-4
VR904275,C106122,VA-EB-PL2,2025-07-29,Amazon,1,3499,PL2-2507-2
VR907495,C101316,VA-EB-PL2,2025-07-29,Flipkart,2,6298,PL2-2505-2
VR908769,C103287,VA-EB-PL2,2025-07-29,vireo.in,1,2974,PL2-2506-1
VR909613,C101326,VA-EB-PL1,2025-07-29,vireo.in,2,4248,PL1-2506-2
VR880882,C100504,VA-NB-ARC,2025-07-30,Amazon,1,1299,ARC-2504-4
VR881043,C103805,VA-HP-ST3,2025-07-30,vireo.in,2,13998,ST3-2504-3
VR885492,C108906,VA-SP-MINI,2025-07-30,Flipkart,1,2124,MINI-2507-1
VR885694,C109111,VA-EB-PL2,2025-07-30,Flipkart,1,3499,PL2-2504-4
VR886175,C108201,VA-EB-PL2,2025-07-30,vireo.in,1,3499,PL2-2505-4
VR886547,C100525,VA-EB-PL2,2025-07-30,vireo.in,1,2974,PL2-2505-1
VR888572,C105168,VA-EB-PL2,2025-07-30,Amazon,1,2799,PL2-2505-2
VR890169,C102285,VA-EB-PL2,2025-07-30,Amazon,1,3499,PL2-2505-4
VR894974,C100326,VA-EB-PL2,2025-07-30,vireo.in,1,3149,PL2-2505-3
VR895033,C107809,VA-EB-PL2,2025-07-30,Amazon,1,3149,PL2-2505-3
VR899478,C102316,VA-EB-PL2,2025-07-30,Flipkart,1,3149,PL2-2505-2
VR900217,C102443,VA-SW-NX2,2025-07-30,Amazon,1,6499,NX2-2505-1
VR901120,C105307,VA-EB-PL2,2025-07-30,Amazon,1,3324,PL2-2506-1
VR902855,C108293,VA-EB-PL2,2025-07-30,Amazon,1,3499,PL2-2507-3
VR905241,C106160,VA-SW-NX2,2025-07-30,vireo.in,1,6499,NX2-2506-2
VR907190,C106895,VA-EB-PL1,2025-07-30,Amazon,1,1999,PL1-2504-2
VR880410,C108862,VA-SP-MINI,2025-07-31,vireo.in,1,2124,MINI-2506-2
VR880832,C102579,VA-EB-AIR,2025-07-31,Flipkart,1,1709,AIR-2505-1
VR881728,C107271,VA-EB-PL2,2025-07-31,vireo.in,1,2799,PL2-2506-4
VR881932,C108271,VA-EB-PL2,2025-07-31,Amazon,1,3324,PL2-2506-3
VR882033,C104378,VA-EB-PL2,2025-07-31,Amazon,1,3499,PL2-2506-1
VR882721,C106956,VA-EB-AIR,2025-07-31,Amazon,1,1799,AIR-2505-1
VR888894,C104712,VA-EB-PL2,2025-07-31,vireo.in,1,2799,PL2-2505-2
VR889211,C102828,VA-SW-NX1,2025-07-31,vireo.in,1,4999,NX1-2506-1
VR891040,C109400,VA-EB-PL1,2025-07-31,Flipkart,2,4998,PL1-2504-3
VR891123,C101081,VA-EB-PL2,2025-07-31,vireo.in,1,3499,PL2-2504-2
VR892851,C100552,VA-EB-PL2,2025-07-31,vireo.in,1,2974,PL2-2506-4
VR893383,C107733,VA-SW-NX2,2025-07-31,vireo.in,1,6499,NX2-2507-4
VR893878,C105407,VA-EB-AIR,2025-07-31,vireo.in,1,1799,AIR-2506-3
VR894156,C105794,VA-EB-PL2,2025-07-31,Amazon,1,3499,PL2-2506-3
VR894956,C102567,VA-EB-PL2,2025-07-31,Amazon,1,2799,PL2-2507-1
VR897941,C102769,VA-EB-PL2,2025-07-31,vireo.in,2,5598,PL2-2505-2
VR899014,C108096,VA-HP-ST2,2025-07-31,vireo.in,1,4249,ST2-2505-3
VR899800,C104194,VA-EB-AIR,2025-07-31,Flipkart,1,1799,AIR-2506-2
VR899868,C101426,VA-EB-PL1,2025-07-31,Amazon,1,2499,PL1-2507-2
VR900493,C100425,VA-HP-ST2,2025-07-31,vireo.in,1,4999,ST2-2505-4
VR901076,C108301,VA-EB-AIR,2025-07-31,vireo.in,1,1799,AIR-2506-4
VR901204,C107602,VA-EB-PL2,2025-07-31,Flipkart,1,2799,PL2-2504-3
VR902787,C107219,VA-EB-PL2,2025-07-31,vireo.in,1,3499,PL2-2505-4
VR903338,C103292,VA-EB-PL1,2025-07-31,Flipkart,1,2499,PL1-2505-2
VR903423,C103792,VA-SW-NX2,2025-07-31,vireo.in,1,5199,NX2-2505-1
VR905349,C102786,VA-SW-NX2,2025-07-31,Amazon,1,5524,NX2-2506-1
VR906138,C100572,VA-EB-PL1,2025-07-31,vireo.in,1,2124,PL1-2506-3
VR906505,C108294,VA-EB-PL1,2025-07-31,Amazon,1,2249,PL1-2506-3
VR907760,C100523,VA-SW-FIT,2025-07-31,vireo.in,1,1999,FIT-2506-1
VR880181,C107940,VA-EB-PL2,2025-08-01,Flipkart,1,3324,PL2-2505-4
VR880955,C109301,VA-EB-PL1,2025-08-01,vireo.in,2,4498,PL1-2505-1
VR881223,C101733,VA-SW-NX2,2025-08-01,Flipkart,1,5199,NX2-2507-1
VR881591,C108054,VA-EB-PL2,2025-08-01,Flipkart,1,3499,PL2-2505-3
VR881611,C105250,VA-EB-PL1,2025-08-01,vireo.in,1,2374,PL1-2504-2
VR884265,C101913,VA-EB-AIR,2025-08-01,vireo.in,1,1529,AIR-2506-1
VR885000,C103488,VA-SW-FIT,2025-08-01,vireo.in,1,1599,FIT-2504-3
VR887108,C104057,VA-EB-PL2,2025-08-01,vireo.in,1,2799,PL2-2504-4
VR888672,C100304,VA-EB-PL1,2025-08-01,vireo.in,2,4998,PL1-2505-3
VR888775,C106116,VA-NB-ARC,2025-08-01,Flipkart,1,1299,ARC-2504-2
VR890212,C101222,VA-SW-NX2,2025-08-01,vireo.in,1,5524,NX2-2505-3
VR893708,C106371,VA-SW-NX2,2025-08-01,vireo.in,1,5524,NX2-2506-3
VR894081,C104943,VA-EB-PL1,2025-08-01,vireo.in,1,1999,PL1-2506-2
VR896623,C107321,VA-EB-PL2,2025-08-01,Flipkart,1,3149,PL2-2504-1
VR897723,C104420,VA-AC-CH65,2025-08-01,vireo.in,1,1274,CH65-2505-2
VR899153,C109001,VA-EB-PL2,2025-08-01,vireo.in,1,3149,PL2-2506-2
VR900311,C100191,VA-EB-PL2,2025-08-01,Flipkart,1,3499,PL2-2506-2
VR900715,C105319,VA-SP-ORB,2025-08-01,vireo.in,1,5999,ORB-2504-3
VR901046,C105464,VA-EB-PL2,2025-08-01,vireo.in,1,2974,PL2-2504-2
VR901819,C104914,VA-AC-CASE,2025-08-01,vireo.in,1,1299,CASE-2505-1
VR902438,C106551,VA-EB-PL2,2025-08-01,vireo.in,1,2974,PL2-2504-4
VR903416,C105404,VA-HP-ST2,2025-08-01,vireo.in,1,4999,ST2-2505-4
VR903831,C100237,VA-EB-PL2,2025-08-01,Flipkart,1,3499,PL2-2506-4
VR904340,C102951,VA-SW-FIT,2025-08-01,vireo.in,1,1799,FIT-2505-1
VR905867,C103810,VA-HP-ST2,2025-08-01,vireo.in,2,9998,ST2-2505-4
VR906103,C102047,VA-SW-FIT,2025-08-01,vireo.in,1,1799,FIT-2505-4
VR907428,C100759,VA-EB-PL2,2025-08-01,Flipkart,1,3149,PL2-2504-1
VR909006,C109336,VA-SW-NX2,2025-08-01,Amazon,2,12998,NX2-2506-1
VR909503,C106121,VA-HP-ST3,2025-08-01,vireo.in,1,6649,ST3-2505-4
VR880428,C109355,VA-SP-ORB,2025-08-02,vireo.in,2,11998,ORB-2505-3
VR880802,C100295,VA-EB-PL2,2025-08-02,vireo.in,1,2799,PL2-2506-1
VR881838,C100370,VA-SW-FIT,2025-08-02,vireo.in,1,1599,FIT-2504-1
VR882884,C108501,VA-EB-PL2,2025-08-02,Amazon,1,3499,PL2-2504-1
VR883454,C105283,VA-EB-PL2,2025-08-02,vireo.in,2,5948,PL2-2504-2
VR886403,C100976,VA-EB-PL2,2025-08-02,Flipkart,1,3499,PL2-2505-3
VR888153,C101908,VA-EB-PL2,2025-08-02,Amazon,1,3499,PL2-2505-2
VR889298,C105253,VA-SP-MINI,2025-08-02,vireo.in,1,2499,MINI-2507-2
VR889479,C105656,VA-SW-NX2,2025-08-02,vireo.in,1,6499,NX2-2506-3
VR890118,C108413,VA-SW-FIT,2025-08-02,Flipkart,2,3998,FIT-2504-2
VR890237,C108208,VA-SP-MINI,2025-08-02,Flipkart,1,2374,MINI-2506-2
VR890562,C105425,VA-EB-PL2,2025-08-02,Amazon,1,2799,PL2-2505-4
VR891574,C102542,VA-EB-PL2,2025-08-02,Amazon,1,3499,PL2-2506-2
VR892745,C103124,VA-EB-PL2,2025-08-02,vireo.in,2,6998,PL2-2504-4
VR894220,C109035,VA-SP-MINI,2025-08-02,Amazon,1,2499,MINI-2505-3
VR895328,C103354,VA-SW-NX2,2025-08-02,vireo.in,1,5524,NX2-2507-2
VR895709,C101924,VA-SP-ORB,2025-08-02,Amazon,1,5999,ORB-2507-1
VR895955,C100970,VA-EB-PL2,2025-08-02,vireo.in,1,3324,PL2-2504-3
VR896746,C100300,VA-EB-PL2,2025-08-02,vireo.in,1,3499,PL2-2506-4
VR897018,C100570,VA-EB-PL2,2025-08-02,Amazon,1,3499,PL2-2505-1
VR898728,C103541,VA-AC-CASE,2025-08-02,Amazon,2,2078,CASE-2506-2
VR899421,C104170,VA-AC-CH65,2025-08-02,vireo.in,1,1499,CH65-2505-3
VR899517,C106005,VA-EB-PL2,2025-08-02,vireo.in,1,3149,PL2-2504-1
VR899836,C103297,VA-EB-PL2,2025-08-02,vireo.in,1,2799,PL2-2505-3
VR900693,C107341,VA-EB-PL2,2025-08-02,vireo.in,1,3499,PL2-2507-4
VR901202,C101148,VA-EB-PL1,2025-08-02,Flipkart,1,2124,PL1-2505-1
VR906099,C105646,VA-SW-NX1,2025-08-02,Amazon,1,4499,NX1-2504-3
VR907590,C107719,VA-EB-AIR,2025-08-02,vireo.in,1,1799,AIR-2505-4
VR908190,C101602,VA-SW-NX2,2025-08-02,vireo.in,1,5524,NX2-2505-3
VR908235,C106492,VA-EB-PL2,2025-08-02,Amazon,1,3324,PL2-2505-2
VR908734,C103879,VA-EB-PL2,2025-08-02,vireo.in,1,2974,PL2-2506-3
VR908999,C105586,VA-EB-AIR,2025-08-02,vireo.in,1,1799,AIR-2506-3
VR909366,C108926,VA-EB-PL2,2025-08-02,Flipkart,1,3499,PL2-2505-2
VR909404,C103251,VA-EB-PL2,2025-08-02,Amazon,1,3499,PL2-2507-2
VR909645,C106347,VA-EB-PL2,2025-08-02,Amazon,1,3499,PL2-2505-3
VR910121,C100395,VA-EB-PL2,2025-08-02,vireo.in,2,6998,PL2-2506-3
VR880351,C104854,VA-EB-PL1,2025-08-03,vireo.in,1,1999,PL1-2505-2
VR884444,C103744,VA-EB-PL2,2025-08-03,vireo.in,1,3149,PL2-2507-2
VR886934,C102916,VA-SW-NX2,2025-08-03,Amazon,1,6499,NX2-2506-1
VR887655,C106397,VA-EB-AIR,2025-08-03,vireo.in,1,1709,AIR-2506-3
VR891395,C103852,VA-SW-NX2,2025-08-03,Amazon,1,6499,NX2-2504-3
VR892088,C108543,VA-EB-AIR,2025-08-03,vireo.in,1,1799,AIR-2506-1
VR893657,C108831,VA-EB-PL2,2025-08-03,vireo.in,1,3499,PL2-2506-3
VR894985,C105768,VA-NB-ARC,2025-08-03,vireo.in,2,2598,ARC-2507-4
VR895502,C101488,VA-EB-AIR,2025-08-03,vireo.in,1,1529,AIR-2505-4
VR899176,C100769,VA-EB-PL2,2025-08-03,Amazon,1,3499,PL2-2505-1
VR901313,C109294,VA-EB-PL1,2025-08-03,Amazon,1,2249,PL1-2506-4
VR901502,C101594,VA-EB-PL1,2025-08-03,Amazon,1,2249,PL1-2505-3
VR902249,C100339,VA-EB-PL2,2025-08-03,Amazon,1,3324,PL2-2505-1
VR903821,C102956,VA-SP-ORB,2025-08-03,Flipkart,1,5699,ORB-2506-3
VR904789,C101840,VA-EB-PL2,2025-08-03,vireo.in,1,3149,PL2-2505-1
VR904976,C102058,VA-EB-PL2,2025-08-03,vireo.in,1,3499,PL2-2506-1
VR905572,C100087,VA-SW-FIT,2025-08-03,vireo.in,1,1699,FIT-2505-4
VR906362,C105987,VA-AC-CBL,2025-08-03,vireo.in,1,379,CBL-2505-1
VR906745,C105283,VA-EB-AIR,2025-08-03,Flipkart,1,1439,AIR-2506-3
VR909707,C106488,VA-EB-PL1,2025-08-03,vireo.in,1,1999,PL1-2506-2
VR910015,C101795,VA-EB-PL2,2025-08-03,Flipkart,1,3149,PL2-2504-3
VR880473,C103397,VA-EB-PL1,2025-08-04,Amazon,2,4248,PL1-2506-2
VR880575,C107983,VA-SW-NX2,2025-08-04,Amazon,1,6499,NX2-2505-4
VR882273,C106239,VA-HP-ST3,2025-08-04,vireo.in,1,5599,ST3-2505-2
VR883520,C102588,VA-EB-PL2,2025-08-04,Amazon,1,2799,PL2-2506-3
VR885123,C107820,VA-EB-PL2,2025-08-04,vireo.in,1,3324,PL2-2506-4
VR885847,C102532,VA-EB-PL2,2025-08-04,vireo.in,2,5598,PL2-2505-3
VR890847,C105596,VA-AC-CASE,2025-08-04,vireo.in,1,1104,CASE-2505-1
VR890913,C103080,VA-SW-NX2,2025-08-04,vireo.in,1,6499,NX2-2505-1
VR891267,C100526,VA-EB-PL2,2025-08-04,Amazon,1,3149,PL2-2506-1
VR891523,C101999,VA-EB-PL2,2025-08-04,Flipkart,1,3149,PL2-2504-2
VR892994,C107371,VA-SW-NX1,2025-08-04,vireo.in,1,4749,NX1-2507-1
VR893699,C102119,VA-EB-PL2,2025-08-04,vireo.in,1,2974,PL2-2504-2
VR893889,C107119,VA-EB-PL2,2025-08-04,Amazon,1,3499,PL2-2504-2
VR894104,C104168,VA-EB-PL1,2025-08-04,vireo.in,1,2249,PL1-2505-3
VR895716,C107520,VA-SW-NX2,2025-08-04,vireo.in,1,6174,NX2-2506-3
VR897138,C107175,VA-SW-NX2,2025-08-04,vireo.in,1,5199,NX2-2505-1
VR897730,C101689,VA-EB-PL2,2025-08-04,vireo.in,1,3499,PL2-2506-2
VR898083,C101074,VA-EB-PL2,2025-08-04,Amazon,1,3499,PL2-2504-2
VR899068,C100372,VA-HP-ST3,2025-08-04,Flipkart,1,6999,ST3-2504-4
VR899471,C102055,VA-EB-PL2,2025-08-04,vireo.in,1,3499,PL2-2507-3
VR899827,C105742,VA-SW-NX1,2025-08-04,Amazon,1,4749,NX1-2505-1
VR900508,C106816,VA-EB-PL2,2025-08-04,vireo.in,2,6298,PL2-2507-2
VR900987,C102649,VA-SW-NX1,2025-08-04,vireo.in,1,4499,NX1-2505-2
VR904187,C103479,VA-SP-MINI,2025-08-04,Amazon,1,2249,MINI-2506-3
VR905293,C100680,VA-NB-ARC,2025-08-04,vireo.in,1,1299,ARC-2505-3
VR905589,C100410,VA-EB-PL1,2025-08-04,vireo.in,1,2249,PL1-2506-2
VR905602,C105357,VA-HP-ST2,2025-08-04,vireo.in,1,4749,ST2-2505-1
VR907324,C107648,VA-AC-CASE,2025-08-04,Flipkart,1,1039,CASE-2504-1
VR907479,C105869,VA-EB-PL2,2025-08-04,vireo.in,1,2974,PL2-2505-2
VR908004,C103162,VA-EB-PL2,2025-08-04,vireo.in,1,2799,PL2-2505-4
VR908107,C109179,VA-SW-NX2,2025-08-04,vireo.in,1,6499,NX2-2506-4
VR908919,C102942,VA-SW-NX1,2025-08-04,vireo.in,1,4999,NX1-2505-2
VR908953,C104238,VA-SP-MINI,2025-08-04,Amazon,1,2499,MINI-2506-1
VR909245,C103308,VA-EB-PL2,2025-08-04,vireo.in,1,2799,PL2-2505-3
VR909813,C102046,VA-SW-NX2,2025-08-04,vireo.in,1,5524,NX2-2504-1
VR880749,C108826,VA-HP-ST3,2025-08-05,Amazon,1,6649,ST3-2504-3
VR881389,C105287,VA-EB-PL2,2025-08-05,vireo.in,1,2799,PL2-2506-1
VR884536,C101442,VA-EB-PL2,2025-08-05,Amazon,1,3499,PL2-2506-2
VR885062,C106242,VA-EB-AIR,2025-08-05,Amazon,1,1529,AIR-2504-2
VR885936,C109163,VA-EB-AIR,2025-08-05,vireo.in,1,1799,AIR-2505-3
VR887375,C102958,VA-SP-ORB,2025-08-05,Amazon,1,4799,ORB-2504-1
VR888707,C107219,VA-SW-NX1,2025-08-05,vireo.in,1,4249,NX1-2505-2
VR889191,C103181,VA-EB-PL2,2025-08-05,vireo.in,1,2974,PL2-2507-2
VR889646,C103804,VA-SP-ORB,2025-08-05,vireo.in,2,10198,ORB-2504-4
VR891752,C103734,VA-HP-ST3,2025-08-05,Amazon,1,5949,ST3-2504-2
VR891957,C105240,VA-SP-ORB,2025-08-05,Flipkart,1,4799,ORB-2506-2
VR892229,C101605,VA-HP-ST3,2025-08-05,vireo.in,1,5949,ST3-2504-3
VR895687,C100032,VA-EB-PL2,2025-08-05,Flipkart,1,3499,PL2-2506-3
VR897438,C105019,VA-EB-PL2,2025-08-05,Flipkart,1,2799,PL2-2507-1
VR898390,C105493,VA-SW-NX2,2025-08-05,vireo.in,1,5849,NX2-2507-2
VR900103,C109371,VA-EB-AIR,2025-08-05,Amazon,2,3238,AIR-2506-1
VR900951,C108026,VA-SW-NX1,2025-08-05,Flipkart,1,4999,NX1-2505-4
VR901459,C109012,VA-EB-PL2,2025-08-05,Amazon,1,3499,PL2-2504-2
VR904080,C106076,VA-HP-ST3,2025-08-05,Amazon,1,6999,ST3-2505-3
VR905102,C102605,VA-SP-ORB,2025-08-05,Amazon,1,5999,ORB-2506-4
VR905205,C105645,VA-EB-PL1,2025-08-05,Amazon,1,2499,PL1-2504-4
VR905271,C104149,VA-EB-PL2,2025-08-05,Amazon,1,2799,PL2-2506-4
VR907120,C103028,VA-EB-PL1,2025-08-05,vireo.in,1,2499,PL1-2505-1
VR909218,C107665,VA-EB-PL2,2025-08-05,vireo.in,1,3149,PL2-2505-4
VR909649,C108385,VA-SW-NX1,2025-08-05,Amazon,1,4999,NX1-2504-2
VR909738,C103777,VA-AC-CASE,2025-08-05,vireo.in,2,2208,CASE-2506-1
VR909901,C100272,VA-EB-PL2,2025-08-05,vireo.in,1,3499,PL2-2504-4
VR881070,C100998,VA-SW-FIT,2025-08-06,Amazon,1,1999,FIT-2505-1
VR881649,C105492,VA-SW-FIT,2025-08-06,vireo.in,1,1799,FIT-2506-3
VR881755,C103937,VA-HP-ST3,2025-08-06,vireo.in,1,5599,ST3-2506-4
VR882977,C107173,VA-EB-PL2,2025-08-06,vireo.in,1,3499,PL2-2505-3
VR883618,C100409,VA-SW-NX2,2025-08-06,Flipkart,1,6499,NX2-2506-4
VR884849,C102077,VA-HP-ST3,2025-08-06,Amazon,1,5599,ST3-2506-4
VR885935,C101839,VA-EB-PL1,2025-08-06,vireo.in,1,2499,PL1-2506-4
VR886242,C106328,VA-EB-PL1,2025-08-06,Flipkart,1,2374,PL1-2504-3
VR886309,C106258,VA-HP-ST3,2025-08-06,vireo.in,1,6999,ST3-2506-3
VR886340,C102479,VA-SP-ORB,2025-08-06,Amazon,1,5699,ORB-2506-1
VR888524,C104934,VA-SP-ORB,2025-08-06,vireo.in,1,5099,ORB-2506-4
VR888662,C104061,VA-SP-ORB,2025-08-06,Amazon,1,5399,ORB-2505-2
VR888966,C100950,VA-EB-PL1,2025-08-06,vireo.in,1,2499,PL1-2505-4
VR890400,C104896,VA-EB-PL1,2025-08-06,vireo.in,1,2499,PL1-2506-1
VR893146,C107955,VA-EB-PL1,2025-08-06,Flipkart,1,2499,PL1-2505-1
VR896701,C106219,VA-EB-PL2,2025-08-06,Amazon,1,3499,PL2-2505-3
VR897358,C109146,VA-SW-NX2,2025-08-06,vireo.in,1,5199,NX2-2505-4
VR897565,C101612,VA-EB-PL2,2025-08-06,vireo.in,1,2799,PL2-2505-3
VR898798,C107012,VA-EB-AIR,2025-08-06,vireo.in,1,1799,AIR-2505-1
VR899779,C103607,VA-SW-NX2,2025-08-06,vireo.in,1,6499,NX2-2505-4
VR901383,C108658,VA-EB-PL2,2025-08-06,vireo.in,1,3499,PL2-2505-2
VR902615,C106505,VA-SP-MINI,2025-08-06,vireo.in,1,2499,MINI-2505-1
VR905036,C104641,VA-EB-PL2,2025-08-06,Flipkart,1,2974,PL2-2505-2
VR906578,C103595,VA-EB-PL2,2025-08-06,Amazon,1,2799,PL2-2506-4
VR907260,C109105,VA-SW-NX2,2025-08-06,vireo.in,1,6499,NX2-2507-4
VR907832,C104988,VA-AC-CH65,2025-08-06,vireo.in,1,1499,CH65-2504-2
VR908198,C104123,VA-SW-FIT,2025-08-06,Amazon,2,3198,FIT-2504-2
VR908215,C102903,VA-SP-MINI,2025-08-06,Amazon,1,1999,MINI-2505-1
VR908549,C106870,VA-SP-MINI,2025-08-06,Amazon,1,2499,MINI-2506-1
VR909452,C109010,VA-SW-NX2,2025-08-06,Flipkart,1,5524,NX2-2507-4
VR884098,C103359,VA-NB-ARC,2025-08-07,Flipkart,1,1104,ARC-2507-2
VR884434,C101036,VA-HP-ST3,2025-08-07,vireo.in,1,6999,ST3-2506-4
VR884461,C105432,VA-SW-NX2,2025-08-07,vireo.in,1,6499,NX2-2507-4
VR885508,C107008,VA-SW-NX2,2025-08-07,Amazon,1,5199,NX2-2506-3
VR885792,C103613,VA-EB-PL2,2025-08-07,vireo.in,1,2974,PL2-2506-3
VR886168,C102876,VA-EB-PL2,2025-08-07,vireo.in,1,3149,PL2-2505-2
VR886879,C104966,VA-EB-PL2,2025-08-07,vireo.in,1,2974,PL2-2506-1
VR887306,C108512,VA-SP-MINI,2025-08-07,Amazon,2,4998,MINI-2504-2
VR888664,C108927,VA-SW-FIT,2025-08-07,Amazon,1,1999,FIT-2506-3
VR889341,C100608,VA-EB-AIR,2025-08-07,vireo.in,1,1619,AIR-2506-4
VR889348,C102648,VA-EB-PL1,2025-08-07,vireo.in,1,2249,PL1-2506-2
VR889538,C102632,VA-EB-PL2,2025-08-07,vireo.in,2,5598,PL2-2507-2
VR889606,C101081,VA-SW-NX1,2025-08-07,vireo.in,1,4999,NX1-2505-2
VR891412,C103182,VA-SP-MINI,2025-08-07,vireo.in,1,2499,MINI-2505-4
VR892478,C100861,VA-SP-MINI,2025-08-07,vireo.in,1,2124,MINI-2505-4
VR892518,C103829,VA-EB-PL2,2025-08-07,vireo.in,1,2974,PL2-2505-2
VR893320,C107929,VA-EB-PL1,2025-08-07,vireo.in,1,2499,PL1-2505-4
VR893774,C108031,VA-EB-PL2,2025-08-07,Amazon,1,3499,PL2-2506-1
VR894578,C104478,VA-EB-PL2,2025-08-07,Amazon,1,3149,PL2-2506-1
VR895275,C109358,VA-EB-PL2,2025-08-07,vireo.in,1,2974,PL2-2506-1
VR895667,C100601,VA-SW-NX2,2025-08-07,vireo.in,2,12998,NX2-2507-4
VR896440,C105164,VA-EB-PL2,2025-08-07,vireo.in,2,5598,PL2-2505-1
VR896810,C102018,VA-EB-PL2,2025-08-07,Flipkart,1,2799,PL2-2506-2
VR901727,C108048,VA-EB-PL2,2025-08-07,vireo.in,1,3499,PL2-2506-3
VR902216,C102356,VA-EB-PL2,2025-08-07,vireo.in,1,3499,PL2-2505-4
VR902771,C109048,VA-EB-PL2,2025-08-07,vireo.in,1,2799,PL2-2505-2
VR904401,C103178,VA-NB-ARC,2025-08-07,vireo.in,1,1299,ARC-2506-1
VR905873,C107334,VA-SW-NX2,2025-08-07,vireo.in,1,6499,NX2-2506-1
VR908041,C105282,VA-SW-NX1,2025-08-07,Flipkart,1,3999,NX1-2505-1
VR908573,C107620,VA-HP-ST3,2025-08-07,Amazon,1,6999,ST3-2506-3
VR880476,C108191,VA-HP-ST2,2025-08-08,vireo.in,1,4749,ST2-2506-2
VR880862,C102631,VA-HP-ST3,2025-08-08,Amazon,1,6299,ST3-2505-3
VR881136,C106855,VA-EB-PL2,2025-08-08,Amazon,1,3499,PL2-2506-4
VR881376,C105871,VA-SP-MINI,2025-08-08,vireo.in,1,2499,MINI-2506-2
VR882035,C106049,VA-SW-NX2,2025-08-08,vireo.in,1,6499,NX2-2506-4
VR883901,C107673,VA-SW-NX2,2025-08-08,Amazon,2,10398,NX2-2505-2
VR884807,C100484,VA-SW-NX1,2025-08-08,Amazon,1,4999,NX1-2505-1
VR885733,C101453,VA-SW-NX2,2025-08-08,Flipkart,1,5849,NX2-2506-1
VR887543,C103043,VA-AC-CASE,2025-08-08,Amazon,1,1299,CASE-2505-3
VR887976,C101095,VA-HP-ST2,2025-08-08,vireo.in,1,4999,ST2-2504-2
VR888187,C100158,VA-EB-PL1,2025-08-08,Amazon,1,1999,PL1-2507-2
VR891367,C105242,VA-EB-PL2,2025-08-08,vireo.in,1,3149,PL2-2505-4
VR891872,C100019,VA-EB-PL2,2025-08-08,vireo.in,1,3499,PL2-2507-2
VR894000,C104832,VA-SW-NX1,2025-08-08,vireo.in,1,3999,NX1-2507-4
VR896736,C104007,VA-EB-PL2,2025-08-08,vireo.in,1,3499,PL2-2505-4
VR897032,C102544,VA-NB-ARC,2025-08-08,Amazon,1,1039,ARC-2505-2
VR897041,C109107,VA-EB-PL2,2025-08-08,vireo.in,1,2799,PL2-2505-2
VR897625,C104499,VA-HP-ST3,2025-08-08,vireo.in,1,6299,ST3-2505-1
VR899449,C100748,VA-NB-ARC,2025-08-08,vireo.in,1,1299,ARC-2506-1
VR901428,C107566,VA-HP-ST2,2025-08-08,vireo.in,2,8498,ST2-2506-3
VR901558,C104147,VA-AC-CASE,2025-08-08,vireo.in,1,1039,CASE-2505-2
VR901565,C108586,VA-SP-ORB,2025-08-08,Amazon,1,5999,ORB-2504-4
VR902159,C103105,VA-EB-PL2,2025-08-08,vireo.in,1,3149,PL2-2507-2
VR904348,C104423,VA-SP-ORB,2025-08-08,Flipkart,1,5699,ORB-2505-1
VR906389,C106636,VA-SP-MINI,2025-08-08,Flipkart,1,2499,MINI-2505-1
VR906490,C108284,VA-EB-PL1,2025-08-08,Amazon,1,2499,PL1-2507-2
VR907329,C106819,VA-EB-PL2,2025-08-08,vireo.in,1,2974,PL2-2505-1
VR910031,C105136,VA-EB-PL1,2025-08-08,vireo.in,1,2499,PL1-2505-2
VR881818,C108692,VA-EB-PL2,2025-08-09,vireo.in,2,6648,PL2-2504-2
VR882069,C102566,VA-EB-AIR,2025-08-09,Flipkart,1,1799,AIR-2505-1
VR882334,C106629,VA-EB-PL2,2025-08-09,Amazon,1,3149,PL2-2507-1
VR884176,C103233,VA-EB-PL2,2025-08-09,Amazon,1,3149,PL2-2505-2
VR884544,C105107,VA-EB-PL1,2025-08-09,vireo.in,1,2499,PL1-2505-3
VR884672,C103379,VA-EB-PL1,2025-08-09,Amazon,1,2499,PL1-2506-1
VR887051,C100420,VA-EB-AIR,2025-08-09,vireo.in,1,1439,AIR-2505-2
VR890392,C108465,VA-EB-PL2,2025-08-09,Amazon,1,3324,PL2-2505-3
VR891178,C103663,VA-SW-FIT,2025-08-09,vireo.in,1,1599,FIT-2505-3
VR891556,C102209,VA-EB-PL2,2025-08-09,vireo.in,1,2799,PL2-2504-1
VR892056,C107087,VA-AC-CASE,2025-08-09,vireo.in,1,1169,CASE-2504-4
VR893944,C101130,VA-HP-ST3,2025-08-09,vireo.in,1,6999,ST3-2505-4
VR894510,C108703,VA-EB-PL2,2025-08-09,vireo.in,1,3499,PL2-2507-3
VR895510,C101549,VA-EB-PL2,2025-08-09,vireo.in,1,2799,PL2-2506-2
VR895962,C105230,VA-NB-ARC,2025-08-09,Amazon,1,1039,ARC-2506-4
VR899105,C105104,VA-SP-ORB,2025-08-09,vireo.in,1,5999,ORB-2506-3
VR900795,C106938,VA-EB-PL2,2025-08-09,vireo.in,1,2974,PL2-2504-1
VR903073,C101149,VA-SW-NX1,2025-08-09,Amazon,1,4999,NX1-2506-1
VR904703,C104313,VA-SW-NX2,2025-08-09,Amazon,2,10398,NX2-2505-2
VR907966,C108457,VA-HP-ST3,2025-08-09,vireo.in,1,5599,ST3-2506-3
VR907993,C106238,VA-EB-PL2,2025-08-09,vireo.in,1,3499,PL2-2505-3
VR908850,C104705,VA-SW-NX2,2025-08-09,Amazon,1,6499,NX2-2507-3
VR909072,C102778,VA-SW-NX2,2025-08-09,Flipkart,2,12998,NX2-2506-3
VR880062,C103520,VA-SW-NX2,2025-08-10,vireo.in,1,6499,NX2-2506-1
VR880170,C104623,VA-EB-PL2,2025-08-10,Flipkart,1,3499,PL2-2506-1
VR880733,C100998,VA-EB-PL2,2025-08-10,Amazon,1,2974,PL2-2507-1
VR881508,C104334,VA-EB-PL2,2025-08-10,vireo.in,1,3499,PL2-2505-4
VR883212,C104642,VA-AC-CH65,2025-08-10,Amazon,1,1424,CH65-2504-2
VR883643,C108121,VA-AC-CASE,2025-08-10,Amazon,1,1299,CASE-2506-3
VR883813,C107302,VA-SW-FIT,2025-08-10,Amazon,1,1799,FIT-2506-3
VR886169,C107746,VA-EB-PL2,2025-08-10,vireo.in,1,2974,PL2-2505-4
VR887437,C106311,VA-EB-PL2,2025-08-10,vireo.in,1,3499,PL2-2505-1
VR889659,C109208,VA-EB-PL1,2025-08-10,Flipkart,1,2124,PL1-2507-2
VR891003,C106286,VA-SW-NX2,2025-08-10,vireo.in,1,5524,NX2-2505-3
VR891105,C105998,VA-EB-PL2,2025-08-10,Flipkart,1,2799,PL2-2505-3
VR891346,C102741,VA-HP-ST3,2025-08-10,Amazon,1,5949,ST3-2506-3
VR891429,C102033,VA-SP-MINI,2025-08-10,Amazon,2,4498,MINI-2507-3
VR893824,C106759,VA-SW-NX2,2025-08-10,Amazon,1,5199,NX2-2507-3
VR893834,C104787,VA-HP-ST2,2025-08-10,Amazon,1,4999,ST2-2505-4
VR893874,C107368,VA-SW-FIT,2025-08-10,vireo.in,1,1699,FIT-2506-2
VR894075,C108592,VA-SP-ORB,2025-08-10,Flipkart,1,4799,ORB-2506-2
VR895929,C104631,VA-EB-PL2,2025-08-10,Amazon,1,3499,PL2-2504-4
VR896719,C105513,VA-EB-PL2,2025-08-10,Flipkart,1,3499,PL2-2505-1
VR896754,C100653,VA-EB-PL2,2025-08-10,Flipkart,2,6298,PL2-2505-2
VR897293,C101758,VA-AC-CH65,2025-08-10,Amazon,1,1349,CH65-2506-4
VR897579,C108556,VA-EB-PL2,2025-08-10,vireo.in,1,3499,PL2-2506-2
VR898163,C100887,VA-EB-AIR,2025-08-10,Amazon,1,1799,AIR-2506-3
VR898857,C108985,VA-EB-PL1,2025-08-10,vireo.in,1,2124,PL1-2506-3
VR899052,C101259,VA-HP-ST3,2025-08-10,vireo.in,1,5599,ST3-2507-1
VR899688,C102145,VA-EB-PL2,2025-08-10,Amazon,1,3149,PL2-2506-3
VR899791,C100054,VA-EB-PL2,2025-08-10,Flipkart,1,3499,PL2-2507-4
VR900365,C107529,VA-AC-CASE,2025-08-10,vireo.in,1,1039,CASE-2506-4
VR901091,C107374,VA-SW-NX2,2025-08-10,Amazon,2,12348,NX2-2506-3
VR901136,C101266,VA-EB-PL2,2025-08-10,Amazon,2,6998,PL2-2507-2
VR903350,C105716,VA-SP-MINI,2025-08-10,vireo.in,1,2374,MINI-2505-2
VR903792,C103881,VA-EB-AIR,2025-08-10,Amazon,1,1799,AIR-2506-4
VR905747,C102417,VA-EB-PL2,2025-08-10,Amazon,1,2974,PL2-2505-4
VR906129,C100145,VA-SW-NX2,2025-08-10,vireo.in,1,6499,NX2-2507-3
VR907304,C102965,VA-SP-MINI,2025-08-10,Flipkart,1,2124,MINI-2506-2
VR908824,C106996,VA-EB-PL1,2025-08-10,Amazon,1,2499,PL1-2507-1
VR880559,C105761,VA-EB-PL1,2025-08-11,vireo.in,1,2124,PL1-2506-4
VR887801,C102684,VA-EB-PL2,2025-08-11,vireo.in,1,3499,PL2-2505-3
VR888310,C107801,VA-EB-PL2,2025-08-11,vireo.in,1,3499,PL2-2506-2
VR889570,C106265,VA-NB-ARC,2025-08-11,vireo.in,1,1169,ARC-2506-1
VR890270,C103813,VA-SP-MINI,2025-08-11,vireo.in,1,2499,MINI-2506-3
VR892570,C104283,VA-EB-AIR,2025-08-11,Amazon,1,1439,AIR-2506-4
VR893949,C102462,VA-EB-PL2,2025-08-11,Amazon,1,3324,PL2-2505-2
VR897381,C103001,VA-EB-PL2,2025-08-11,vireo.in,1,2974,PL2-2505-1
VR897452,C104908,VA-EB-PL2,2025-08-11,Amazon,2,6998,PL2-2505-1
VR898343,C106079,VA-EB-PL2,2025-08-11,vireo.in,1,2974,PL2-2506-4
VR899412,C106514,VA-SW-FIT,2025-08-11,vireo.in,1,1999,FIT-2506-3
VR899514,C105515,VA-EB-PL2,2025-08-11,Amazon,1,3499,PL2-2507-1
VR905184,C103557,VA-SW-NX1,2025-08-11,vireo.in,1,4999,NX1-2507-2
VR905307,C107850,VA-SP-MINI,2025-08-11,vireo.in,1,2249,MINI-2506-1
VR905556,C102965,VA-HP-ST3,2025-08-11,Flipkart,1,6999,ST3-2507-3
VR906097,C109189,VA-EB-PL2,2025-08-11,Amazon,1,3324,PL2-2505-2
VR906715,C101551,VA-EB-PL2,2025-08-11,Amazon,1,3149,PL2-2505-3
VR907894,C103246,VA-EB-PL2,2025-08-11,vireo.in,1,3149,PL2-2505-1
VR908403,C107355,VA-SW-NX1,2025-08-11,vireo.in,1,4499,NX1-2505-2
VR908771,C107132,VA-EB-PL2,2025-08-11,Amazon,1,3149,PL2-2505-2
VR908935,C104130,VA-EB-PL2,2025-08-11,vireo.in,1,3324,PL2-2504-2
VR909147,C104087,VA-SP-MINI,2025-08-11,Amazon,1,2374,MINI-2506-2
VR881433,C104643,VA-EB-PL2,2025-08-12,Amazon,1,3499,PL2-2507-4
VR882218,C104992,VA-NB-ARC,2025-08-12,Flipkart,1,1039,ARC-2505-3
VR882304,C103432,VA-SP-MINI,2025-08-12,Amazon,1,2374,MINI-2506-2
VR883371,C107408,VA-SW-FIT,2025-08-12,vireo.in,1,1599,FIT-2505-2
VR884316,C107466,VA-SP-ORB,2025-08-12,vireo.in,1,5099,ORB-2505-4
VR885275,C100425,VA-SP-MINI,2025-08-12,Amazon,1,1999,MINI-2505-4
VR885371,C107247,VA-EB-PL2,2025-08-12,Amazon,1,3499,PL2-2505-1
VR885545,C104309,VA-AC-CH65,2025-08-12,Amazon,1,1274,CH65-2504-2
VR885693,C102709,VA-EB-PL2,2025-08-12,Amazon,1,3324,PL2-2507-2
VR886321,C103439,VA-EB-PL2,2025-08-12,Amazon,1,2974,PL2-2507-3
VR887071,C108546,VA-HP-ST3,2025-08-12,vireo.in,2,13998,ST3-2506-4
VR887759,C102863,VA-EB-PL2,2025-08-12,vireo.in,1,2799,PL2-2505-3
VR887893,C108963,VA-EB-PL1,2025-08-12,vireo.in,1,1999,PL1-2506-1
VR888580,C104399,VA-EB-PL2,2025-08-12,Amazon,1,3324,PL2-2506-4
VR889347,C105306,VA-EB-PL2,2025-08-12,vireo.in,1,2799,PL2-2505-3
VR889968,C109085,VA-EB-AIR,2025-08-12,vireo.in,1,1799,AIR-2507-1
VR890574,C102460,VA-AC-CASE,2025-08-12,Amazon,1,1039,CASE-2506-2
VR891787,C101119,VA-EB-AIR,2025-08-12,vireo.in,1,1799,AIR-2506-4
VR892932,C101618,VA-SW-NX2,2025-08-12,vireo.in,2,12998,NX2-2506-2
VR893294,C102426,VA-SP-MINI,2025-08-12,vireo.in,1,2499,MINI-2506-1
VR897086,C103272,VA-EB-PL2,2025-08-12,Amazon,1,3499,PL2-2506-1
VR898912,C108569,VA-EB-PL2,2025-08-12,vireo.in,1,3499,PL2-2507-2
VR901879,C107761,VA-SW-NX1,2025-08-12,vireo.in,1,4999,NX1-2507-4
VR902607,C103660,VA-HP-ST2,2025-08-12,vireo.in,2,7998,ST2-2506-4
VR902683,C108262,VA-SW-FIT,2025-08-12,vireo.in,1,1999,FIT-2505-3
VR903979,C100061,VA-NB-ARC,2025-08-12,Amazon,1,1299,ARC-2507-4
VR904820,C100009,VA-EB-AIR,2025-08-12,vireo.in,2,3238,AIR-2505-3
VR910000,C109473,VA-HP-ST2,2025-08-12,vireo.in,1,4999,ST2-2506-3
VR880051,C105561,VA-HP-ST3,2025-08-13,vireo.in,1,6299,ST3-2504-4
VR881238,C101456,VA-EB-PL1,2025-08-13,Flipkart,1,2499,PL1-2507-4
VR884083,C104018,VA-HP-ST3,2025-08-13,Amazon,1,6299,ST3-2506-2
VR884427,C104849,VA-EB-PL2,2025-08-13,vireo.in,1,2974,PL2-2506-2
VR886139,C107546,VA-SP-MINI,2025-08-13,Flipkart,1,2499,MINI-2505-4
VR887980,C100740,VA-EB-AIR,2025-08-13,vireo.in,1,1529,AIR-2506-2
VR889267,C103443,VA-EB-PL1,2025-08-13,Flipkart,2,3998,PL1-2506-1
VR890451,C107188,VA-SP-MINI,2025-08-13,Amazon,1,2249,MINI-2506-4
VR892064,C107014,VA-EB-AIR,2025-08-13,vireo.in,2,3598,AIR-2505-4
VR896872,C107543,VA-HP-ST3,2025-08-13,vireo.in,1,6999,ST3-2505-3
VR899065,C104148,VA-SW-FIT,2025-08-13,Amazon,1,1999,FIT-2507-3
VR899273,C107861,VA-EB-PL2,2025-08-13,vireo.in,1,3149,PL2-2504-2
VR900667,C100627,VA-HP-ST3,2025-08-13,vireo.in,1,5949,ST3-2507-1
VR900829,C102409,VA-SW-NX2,2025-08-13,vireo.in,1,6499,NX2-2507-2
VR902709,C106819,VA-EB-PL2,2025-08-13,Amazon,1,2799,PL2-2506-3
VR906734,C100317,VA-EB-PL2,2025-08-13,vireo.in,1,3149,PL2-2505-2
VR906787,C101763,VA-NB-ARC,2025-08-13,vireo.in,1,1299,ARC-2506-1
VR907001,C106655,VA-EB-PL2,2025-08-13,vireo.in,1,3499,PL2-2506-2
VR910144,C103646,VA-SW-NX1,2025-08-13,vireo.in,1,4999,NX1-2505-2
VR880386,C102762,VA-SP-MINI,2025-08-14,Amazon,1,2249,MINI-2507-1
VR880868,C107116,VA-EB-PL2,2025-08-14,vireo.in,1,3499,PL2-2506-2
VR881051,C106809,VA-NB-ARC,2025-08-14,Amazon,1,1039,ARC-2507-3
VR882238,C100467,VA-EB-AIR,2025-08-14,vireo.in,1,1799,AIR-2506-2
VR882815,C104265,VA-HP-ST3,2025-08-14,Amazon,1,6999,ST3-2506-2
VR883597,C105263,VA-SW-NX2,2025-08-14,vireo.in,1,5524,NX2-2506-3
VR884394,C105468,VA-EB-PL2,2025-08-14,vireo.in,1,3499,PL2-2505-1
VR884866,C103455,VA-HP-ST2,2025-08-14,vireo.in,1,4999,ST2-2506-1
VR885286,C104356,VA-SW-NX2,2025-08-14,vireo.in,1,5524,NX2-2505-1
VR885320,C107663,VA-SP-ORB,2025-08-14,Flipkart,1,5999,ORB-2505-3
VR885777,C107352,VA-HP-ST3,2025-08-14,vireo.in,1,6299,ST3-2505-2
VR888810,C104095,VA-SW-FIT,2025-08-14,Amazon,2,3998,FIT-2506-2
VR890547,C108729,VA-EB-PL2,2025-08-14,Amazon,1,3499,PL2-2506-3
VR890851,C106179,VA-EB-AIR,2025-08-14,vireo.in,1,1799,AIR-2505-4
VR893070,C107333,VA-SW-NX2,2025-08-14,vireo.in,1,5524,NX2-2505-4
VR893725,C104187,VA-SW-FIT,2025-08-14,vireo.in,1,1999,FIT-2505-2
VR896567,C105852,VA-SW-NX2,2025-08-14,Flipkart,1,5199,NX2-2506-3
VR896592,C106712,VA-EB-PL1,2025-08-14,vireo.in,1,2124,PL1-2506-2
VR896646,C100939,VA-EB-PL2,2025-08-14,vireo.in,1,3499,PL2-2506-3
VR897633,C106812,VA-EB-AIR,2025-08-14,vireo.in,2,3598,AIR-2506-4
VR897919,C100119,VA-EB-PL1,2025-08-14,Amazon,1,2124,PL1-2504-3
VR898112,C108693,VA-SW-NX2,2025-08-14,Amazon,1,5524,NX2-2505-2
VR898631,C106553,VA-EB-PL2,2025-08-14,vireo.in,1,3499,PL2-2507-1
VR899136,C106756,VA-SW-NX2,2025-08-14,Amazon,2,12348,NX2-2506-4
VR905863,C107138,VA-EB-PL2,2025-08-14,vireo.in,1,3149,PL2-2506-2
VR908466,C103202,VA-EB-PL2,2025-08-14,vireo.in,1,3499,PL2-2505-4
VR909429,C100532,VA-EB-PL1,2025-08-14,Flipkart,1,2249,PL1-2505-1
VR881493,C103005,VA-EB-PL2,2025-08-15,Amazon,2,6998,PL2-2506-3
VR881872,C106038,VA-SP-MINI,2025-08-15,Amazon,1,2499,MINI-2505-3
VR882017,C106819,VA-SW-NX2,2025-08-15,vireo.in,1,6499,NX2-2506-4
VR883491,C100823,VA-HP-ST3,2025-08-15,vireo.in,1,6649,ST3-2505-2
VR883970,C109048,VA-EB-PL2,2025-08-15,vireo.in,1,3499,PL2-2506-2
VR884025,C100666,VA-EB-PL2,2025-08-15,Amazon,1,3499,PL2-2506-4
VR885456,C101200,VA-SP-MINI,2025-08-15,vireo.in,1,1999,MINI-2506-2
VR886776,C103143,VA-EB-PL2,2025-08-15,Flipkart,1,2799,PL2-2505-2
VR887605,C108439,VA-EB-PL2,2025-08-15,Flipkart,1,3499,PL2-2506-1
VR887726,C108049,VA-HP-ST3,2025-08-15,vireo.in,1,6299,ST3-2506-2
VR888141,C104930,VA-SW-NX2,2025-08-15,vireo.in,1,5849,NX2-2507-3
VR888308,C106776,VA-EB-PL1,2025-08-15,Amazon,1,2124,PL1-2506-4
VR888855,C107072,VA-SP-MINI,2025-08-15,vireo.in,1,2124,MINI-2507-1
VR891129,C101662,VA-EB-PL1,2025-08-15,Amazon,1,1999,PL1-2505-3
VR893289,C101838,VA-SW-NX2,2025-08-15,vireo.in,1,5524,NX2-2507-2
VR895099,C103783,VA-SW-FIT,2025-08-15,vireo.in,1,1699,FIT-2505-2
VR901191,C105711,VA-SW-NX1,2025-08-15,Amazon,1,4249,NX1-2506-4
VR902854,C103738,VA-NB-ARC,2025-08-15,vireo.in,1,1104,ARC-2506-1
VR903498,C105135,VA-HP-ST2,2025-08-15,Amazon,1,4499,ST2-2505-2
VR903989,C106098,VA-NB-ARC,2025-08-15,Flipkart,1,1299,ARC-2506-1
VR904841,C103711,VA-SW-NX2,2025-08-15,Amazon,1,6174,NX2-2507-2
VR907792,C105938,VA-SW-FIT,2025-08-15,vireo.in,1,1699,FIT-2507-2
VR908491,C102872,VA-EB-PL2,2025-08-15,Amazon,1,3149,PL2-2507-1
VR909157,C106276,VA-EB-PL2,2025-08-15,vireo.in,1,3499,PL2-2505-1
VR909463,C100176,VA-EB-PL2,2025-08-15,Flipkart,1,3499,PL2-2506-3
VR881904,C108401,VA-EB-PL2,2025-08-16,Amazon,1,3324,PL2-2505-1
VR882537,C106942,VA-EB-PL2,2025-08-16,vireo.in,1,3149,PL2-2507-1
VR885071,C100134,VA-EB-PL2,2025-08-16,vireo.in,1,3149,PL2-2505-3
VR886763,C108873,VA-EB-AIR,2025-08-16,Amazon,1,1799,AIR-2505-2
VR887498,C103608,VA-EB-PL2,2025-08-16,Flipkart,2,6998,PL2-2507-1
VR888510,C103953,VA-SW-NX2,2025-08-16,Amazon,1,5849,NX2-2505-1
VR890716,C103329,VA-EB-PL2,2025-08-16,vireo.in,1,3324,PL2-2505-1
VR895426,C102839,VA-SP-MINI,2025-08-16,vireo.in,1,2499,MINI-2506-1
VR896048,C106696,VA-SW-NX2,2025-08-16,Amazon,1,6499,NX2-2507-3
VR896202,C106891,VA-EB-PL2,2025-08-16,vireo.in,1,3324,PL2-2507-2
VR897890,C105592,VA-EB-PL2,2025-08-16,vireo.in,1,3499,PL2-2505-3
VR898052,C107849,VA-EB-PL1,2025-08-16,vireo.in,1,2124,PL1-2506-4
VR898263,C103937,VA-EB-PL2,2025-08-16,vireo.in,1,2799,PL2-2507-2
VR898458,C100265,VA-SW-NX2,2025-08-16,vireo.in,1,5849,NX2-2507-1
VR898545,C103007,VA-EB-AIR,2025-08-16,Flipkart,1,1529,AIR-2505-1
VR898712,C109246,VA-EB-PL1,2025-08-16,Flipkart,1,2374,PL1-2506-2
VR899550,C106764,VA-EB-PL2,2025-08-16,Flipkart,2,6998,PL2-2505-2
VR899865,C101126,VA-EB-PL2,2025-08-16,Flipkart,1,2799,PL2-2506-4
VR899993,C105000,VA-EB-PL2,2025-08-16,Amazon,1,3324,PL2-2507-3
VR900592,C100455,VA-HP-ST3,2025-08-16,Amazon,1,5599,ST3-2507-1
VR900741,C102016,VA-EB-PL2,2025-08-16,vireo.in,1,3499,PL2-2507-3
VR904612,C101361,VA-AC-CH65,2025-08-16,vireo.in,1,1499,CH65-2507-3
VR906155,C100559,VA-SW-NX2,2025-08-16,Amazon,1,6499,NX2-2505-2
VR906454,C103416,VA-EB-PL2,2025-08-16,vireo.in,1,2974,PL2-2505-3
VR906601,C107613,VA-SW-NX2,2025-08-16,Amazon,1,6499,NX2-2505-2
VR907440,C101990,VA-EB-AIR,2025-08-16,vireo.in,1,1799,AIR-2507-1
VR909241,C104371,VA-EB-AIR,2025-08-16,Flipkart,1,1529,AIR-2506-1
VR880276,C104890,VA-EB-PL2,2025-08-17,vireo.in,1,2974,PL2-2506-1
VR880361,C102879,VA-SW-NX2,2025-08-17,Amazon,1,6174,NX2-2505-4
VR881138,C104753,VA-EB-PL2,2025-08-17,vireo.in,1,3499,PL2-2505-4
VR883611,C100299,VA-SW-NX2,2025-08-17,Amazon,1,5524,NX2-2507-4
VR883925,C103240,VA-SP-ORB,2025-08-17,vireo.in,1,5999,ORB-2506-4
VR884186,C103501,VA-NB-ARC,2025-08-17,Amazon,1,1039,ARC-2506-4
VR884643,C101188,VA-HP-ST3,2025-08-17,Flipkart,1,6999,ST3-2506-1
VR884799,C104512,VA-EB-PL2,2025-08-17,vireo.in,1,2974,PL2-2505-2
VR884932,C100700,VA-EB-PL2,2025-08-17,vireo.in,1,3499,PL2-2506-2
VR886070,C107884,VA-EB-AIR,2025-08-17,vireo.in,1,1619,AIR-2505-1
VR886252,C108643,VA-SW-FIT,2025-08-17,Amazon,1,1599,FIT-2505-4
VR887162,C107403,VA-AC-CASE,2025-08-17,Amazon,1,1169,CASE-2506-2
VR887286,C106410,VA-EB-PL2,2025-08-17,vireo.in,1,2799,PL2-2507-3
VR888166,C107981,VA-EB-PL2,2025-08-17,vireo.in,1,2974,PL2-2505-4
VR888973,C100795,VA-EB-PL2,2025-08-17,vireo.in,1,3499,PL2-2507-1
VR889160,C107667,VA-EB-PL1,2025-08-17,Amazon,1,2374,PL1-2507-3
VR890241,C104958,VA-HP-ST2,2025-08-17,Amazon,1,4999,ST2-2506-2
VR891905,C101254,VA-EB-PL2,2025-08-17,vireo.in,1,3499,PL2-2507-2
VR892937,C100212,VA-SW-NX2,2025-08-17,vireo.in,1,6499,NX2-2507-3
VR893752,C103710,VA-SW-NX2,2025-08-17,Flipkart,1,6499,NX2-2507-3
VR896186,C109305,VA-SW-FIT,2025-08-17,vireo.in,1,1999,FIT-2505-3
VR896372,C103982,VA-AC-CBL,2025-08-17,vireo.in,2,798,CBL-2507-4
VR899622,C107594,VA-EB-PL2,2025-08-17,Amazon,1,2974,PL2-2507-2
VR900856,C108182,VA-EB-PL2,2025-08-17,Flipkart,1,3499,PL2-2507-1
VR901863,C100828,VA-EB-PL2,2025-08-17,Flipkart,1,2974,PL2-2507-4
VR904008,C109472,VA-EB-PL1,2025-08-17,vireo.in,2,4498,PL1-2506-3
VR904151,C103377,VA-EB-PL2,2025-08-17,vireo.in,1,3499,PL2-2505-2
VR904222,C102113,VA-AC-CASE,2025-08-17,vireo.in,1,1169,CASE-2507-1
VR904455,C103278,VA-EB-PL2,2025-08-17,Amazon,1,3149,PL2-2506-1
VR905270,C108250,VA-EB-PL2,2025-08-17,vireo.in,2,6648,PL2-2505-1
VR905862,C100732,VA-SW-NX2,2025-08-17,vireo.in,1,6499,NX2-2506-2
VR907945,C104525,VA-NB-ARC,2025-08-17,vireo.in,1,1234,ARC-2507-2
VR908355,C108492,VA-EB-PL1,2025-08-17,vireo.in,1,2499,PL1-2506-1
VR908478,C109474,VA-EB-PL2,2025-08-17,Flipkart,1,3324,PL2-2506-4
VR908853,C106443,VA-EB-PL2,2025-08-17,Amazon,1,3499,PL2-2505-3
VR881641,C102656,VA-EB-PL2,2025-08-18,vireo.in,1,3499,PL2-2507-2
VR882555,C102984,VA-EB-PL2,2025-08-18,Flipkart,1,3499,PL2-2507-2
VR883956,C100623,VA-EB-PL1,2025-08-18,vireo.in,1,2249,PL1-2506-1
VR884621,C104485,VA-EB-PL1,2025-08-18,vireo.in,1,2374,PL1-2507-4
VR886664,C109249,VA-SP-MINI,2025-08-18,Amazon,1,2499,MINI-2506-3
VR886831,C107751,VA-EB-PL2,2025-08-18,vireo.in,1,3499,PL2-2506-1
VR888486,C106882,VA-EB-PL2,2025-08-18,vireo.in,1,2799,PL2-2507-4
VR889068,C101686,VA-EB-PL2,2025-08-18,Amazon,1,2799,PL2-2507-4
VR890696,C106226,VA-EB-PL2,2025-08-18,vireo.in,1,2974,PL2-2505-1
VR891425,C101152,VA-SW-NX2,2025-08-18,Amazon,1,6499,NX2-2505-2
VR893466,C101118,VA-SP-ORB,2025-08-18,vireo.in,1,5999,ORB-2505-2
VR893553,C101463,VA-EB-PL2,2025-08-18,vireo.in,1,2799,PL2-2507-3
VR894559,C104562,VA-SW-NX1,2025-08-18,Amazon,1,3999,NX1-2505-1
VR894613,C109282,VA-SW-NX2,2025-08-18,Flipkart,1,6499,NX2-2505-1
VR895316,C106180,VA-EB-PL1,2025-08-18,vireo.in,1,2499,PL1-2505-1
VR900679,C104126,VA-EB-PL2,2025-08-18,Amazon,1,3499,PL2-2505-2
VR900848,C103537,VA-EB-PL1,2025-08-18,vireo.in,1,2499,PL1-2507-2
VR901316,C101752,VA-SW-NX2,2025-08-18,Flipkart,1,5199,NX2-2506-4
VR905004,C106464,VA-AC-CBL,2025-08-18,vireo.in,1,339,CBL-2505-2
VR905692,C106762,VA-EB-PL2,2025-08-18,Amazon,2,6648,PL2-2505-1
VR909891,C107118,VA-SP-MINI,2025-08-18,vireo.in,1,2499,MINI-2505-4
VR909929,C105516,VA-EB-PL2,2025-08-18,vireo.in,1,3499,PL2-2506-3
VR881114,C100211,VA-SP-MINI,2025-08-19,vireo.in,1,1999,MINI-2506-3
VR881364,C100313,VA-SW-NX2,2025-08-19,Amazon,1,6174,NX2-2505-4
VR882386,C104758,VA-EB-PL2,2025-08-19,vireo.in,2,5598,PL2-2507-2
VR883301,C105407,VA-EB-PL2,2025-08-19,Flipkart,1,3149,PL2-2505-4
VR884348,C103455,VA-EB-PL1,2025-08-19,vireo.in,1,2499,PL1-2505-3
VR885016,C105735,VA-EB-PL2,2025-08-19,vireo.in,1,3499,PL2-2506-3
VR885659,C107048,VA-EB-AIR,2025-08-19,Amazon,1,1799,AIR-2505-1
VR885964,C103426,VA-EB-PL2,2025-08-19,Amazon,1,3324,PL2-2506-2
VR887681,C104974,VA-EB-PL2,2025-08-19,vireo.in,2,5948,PL2-2507-3
VR887908,C108239,VA-EB-PL2,2025-08-19,vireo.in,1,2799,PL2-2505-2
VR889768,C103871,VA-SW-NX2,2025-08-19,Amazon,2,11048,NX2-2507-3
VR890176,C100541,VA-SW-NX1,2025-08-19,Flipkart,1,4749,NX1-2506-3
VR892081,C105988,VA-EB-PL2,2025-08-19,Flipkart,1,3149,PL2-2507-3
VR892302,C107540,VA-SW-NX2,2025-08-19,Amazon,1,6499,NX2-2505-1
VR894391,C108791,VA-EB-PL1,2025-08-19,Flipkart,1,1999,PL1-2506-4
VR894493,C108732,VA-EB-PL1,2025-08-19,Amazon,1,2249,PL1-2505-4
VR894776,C100686,VA-EB-PL2,2025-08-19,Amazon,1,3149,PL2-2507-3
VR894868,C105305,VA-SP-MINI,2025-08-19,Amazon,1,2124,MINI-2507-3
VR895034,C104178,VA-EB-PL2,2025-08-19,vireo.in,1,2799,PL2-2507-1
VR895788,C107723,VA-EB-AIR,2025-08-19,Flipkart,1,1529,AIR-2507-2
VR896014,C105133,VA-SW-FIT,2025-08-19,Flipkart,1,1899,FIT-2507-2
VR896786,C109371,VA-EB-AIR,2025-08-19,vireo.in,1,1709,AIR-2505-2
VR897074,C105599,VA-EB-PL2,2025-08-19,Amazon,1,2799,PL2-2507-4
VR900581,C103983,VA-EB-PL2,2025-08-19,vireo.in,1,2974,PL2-2507-2
VR901627,C105884,VA-SW-NX2,2025-08-19,vireo.in,1,5524,NX2-2507-3
VR901691,C106740,VA-EB-PL2,2025-08-19,Amazon,1,3149,PL2-2507-2
VR903164,C105902,VA-SP-ORB,2025-08-19,Amazon,1,5999,ORB-2505-4
VR904134,C101072,VA-EB-AIR,2025-08-19,vireo.in,1,1799,AIR-2506-3
VR906606,C108489,VA-SW-NX1,2025-08-19,vireo.in,1,4749,NX1-2507-3
VR906917,C104908,VA-EB-PL2,2025-08-19,vireo.in,1,3499,PL2-2506-2
VR907168,C100984,VA-EB-PL2,2025-08-19,vireo.in,1,3324,PL2-2507-4
VR907309,C106828,VA-EB-PL2,2025-08-19,vireo.in,1,3324,PL2-2506-3
VR907510,C105649,VA-EB-AIR,2025-08-19,Flipkart,1,1799,AIR-2506-1
VR908071,C105498,VA-HP-ST2,2025-08-19,vireo.in,1,4249,ST2-2506-2
VR881449,C108297,VA-AC-CASE,2025-08-20,Flipkart,1,1039,CASE-2507-1
VR881790,C102145,VA-EB-PL1,2025-08-20,vireo.in,1,1999,PL1-2505-3
VR882205,C109225,VA-SP-MINI,2025-08-20,vireo.in,1,1999,MINI-2505-3
VR882985,C101436,VA-SP-MINI,2025-08-20,vireo.in,1,2499,MINI-2507-3
VR883118,C103359,VA-EB-PL2,2025-08-20,Flipkart,2,6648,PL2-2506-4
VR883200,C102284,VA-EB-PL2,2025-08-20,vireo.in,1,2974,PL2-2507-3
VR883335,C106047,VA-EB-PL2,2025-08-20,vireo.in,1,3499,PL2-2506-2
VR885237,C108103,VA-EB-PL2,2025-08-20,vireo.in,1,3499,PL2-2506-2
VR885364,C102054,VA-AC-CASE,2025-08-20,Flipkart,1,1039,CASE-2505-3
VR885958,C104400,VA-EB-PL2,2025-08-20,Amazon,1,3149,PL2-2505-2
VR886850,C105015,VA-EB-PL2,2025-08-20,vireo.in,1,2974,PL2-2507-3
VR887414,C108869,VA-SW-FIT,2025-08-20,Amazon,1,1899,FIT-2507-4
VR889085,C105552,VA-EB-PL2,2025-08-20,Amazon,1,2974,PL2-2506-2
VR889420,C100635,VA-EB-PL1,2025-08-20,Flipkart,1,2499,PL1-2505-4
VR889914,C103939,VA-EB-PL1,2025-08-20,Amazon,1,2499,PL1-2507-2
VR889991,C103001,VA-EB-PL1,2025-08-20,Amazon,1,2249,PL1-2505-3
VR891181,C106287,VA-SP-MINI,2025-08-20,Flipkart,1,2124,MINI-2507-1
VR891291,C104989,VA-HP-ST3,2025-08-20,Amazon,1,5599,ST3-2505-3
VR891340,C108257,VA-AC-CH65,2025-08-20,Amazon,1,1274,CH65-2507-4
VR892919,C104931,VA-EB-PL1,2025-08-20,Amazon,1,2249,PL1-2505-2
VR894771,C108393,VA-SW-NX2,2025-08-20,Amazon,1,5849,NX2-2506-3
VR895727,C107198,VA-HP-ST3,2025-08-20,vireo.in,1,5949,ST3-2506-3
VR895963,C104898,VA-SP-MINI,2025-08-20,Flipkart,1,2124,MINI-2505-2
VR897342,C103693,VA-SP-MINI,2025-08-20,Amazon,2,4998,MINI-2507-1
VR897930,C105674,VA-EB-PL2,2025-08-20,Amazon,1,3499,PL2-2507-2
VR898283,C105649,VA-EB-PL2,2025-08-20,Amazon,1,3499,PL2-2506-3
VR899044,C105369,VA-HP-ST3,2025-08-20,vireo.in,1,6999,ST3-2506-3
VR899881,C108397,VA-SW-FIT,2025-08-20,vireo.in,2,3598,FIT-2507-1
VR901516,C108517,VA-EB-PL1,2025-08-20,Flipkart,2,4998,PL1-2507-3
VR901912,C103825,VA-EB-PL2,2025-08-20,vireo.in,1,3499,PL2-2505-1
VR901953,C103764,VA-EB-PL2,2025-08-20,vireo.in,1,3324,PL2-2507-4
VR902124,C105882,VA-EB-PL2,2025-08-20,vireo.in,1,3499,PL2-2506-2
VR903127,C107429,VA-SW-NX1,2025-08-20,Amazon,1,4749,NX1-2506-1
VR903151,C104967,VA-EB-PL2,2025-08-20,Amazon,1,2799,PL2-2505-4
VR904305,C104068,VA-AC-CH65,2025-08-20,vireo.in,2,2998,CH65-2505-1
VR907861,C102193,VA-EB-PL2,2025-08-20,Amazon,1,2799,PL2-2507-2
VR880037,C108066,VA-EB-PL2,2025-08-21,vireo.in,2,5598,PL2-2506-2
VR882578,C103603,VA-SW-NX2,2025-08-21,vireo.in,1,6499,NX2-2507-3
VR884171,C105999,VA-EB-PL1,2025-08-21,vireo.in,1,2124,PL1-2507-1
VR884343,C109184,VA-EB-PL1,2025-08-21,vireo.in,1,2249,PL1-2505-3
VR885078,C109087,VA-SW-FIT,2025-08-21,Amazon,1,1599,FIT-2507-4
VR885250,C102079,VA-EB-PL1,2025-08-21,vireo.in,1,2374,PL1-2505-2
VR887239,C106968,VA-EB-PL1,2025-08-21,Flipkart,1,2499,PL1-2507-2
VR887800,C101164,VA-EB-PL2,2025-08-21,Flipkart,1,2974,PL2-2505-1
VR890714,C101795,VA-HP-ST2,2025-08-21,vireo.in,1,4749,ST2-2507-2
VR892410,C103501,VA-HP-ST3,2025-08-21,Amazon,1,5599,ST3-2506-3
VR892723,C102177,VA-NB-ARC,2025-08-21,Amazon,1,1104,ARC-2506-3
VR895508,C109435,VA-EB-PL1,2025-08-21,Amazon,1,2499,PL1-2505-4
VR896772,C108123,VA-EB-PL1,2025-08-21,Amazon,1,2499,PL1-2505-2
VR896863,C104024,VA-SW-FIT,2025-08-21,Amazon,2,3398,FIT-2507-2
VR897155,C107472,VA-EB-PL2,2025-08-21,vireo.in,1,2799,PL2-2507-3
VR897334,C103483,VA-SW-FIT,2025-08-21,vireo.in,1,1799,FIT-2507-3
VR899525,C100681,VA-EB-PL2,2025-08-21,vireo.in,1,3149,PL2-2505-2
VR899861,C100306,VA-SW-NX2,2025-08-21,vireo.in,1,6499,NX2-2505-1
VR900188,C103898,VA-SP-MINI,2025-08-21,Amazon,1,2499,MINI-2506-2
VR902060,C108569,VA-SW-FIT,2025-08-21,vireo.in,1,1999,FIT-2506-3
VR905488,C100835,VA-SW-FIT,2025-08-21,vireo.in,2,3598,FIT-2507-1
VR906060,C105259,VA-EB-PL2,2025-08-21,vireo.in,1,3499,PL2-2506-2
VR906368,C105544,VA-EB-PL2,2025-08-21,vireo.in,1,3149,PL2-2506-4
VR907842,C105582,VA-HP-ST3,2025-08-21,Flipkart,1,6649,ST3-2505-4
VR908863,C101566,VA-EB-PL2,2025-08-21,Amazon,1,2799,PL2-2507-2
VR909963,C100631,VA-SP-MINI,2025-08-21,Flipkart,1,2374,MINI-2506-2
VR910153,C106243,VA-AC-CASE,2025-08-21,Flipkart,1,1039,CASE-2507-1
VR880145,C104874,VA-EB-PL2,2025-08-22,vireo.in,1,2974,PL2-2506-1
VR883608,C103583,VA-HP-ST3,2025-08-22,vireo.in,2,11198,ST3-2505-2
VR886210,C100954,VA-HP-ST3,2025-08-22,vireo.in,1,6299,ST3-2507-1
VR887854,C106151,VA-EB-AIR,2025-08-22,Amazon,1,1799,AIR-2505-3
VR890766,C101336,VA-SW-FIT,2025-08-22,Flipkart,1,1999,FIT-2506-4
VR891388,C109364,VA-EB-PL2,2025-08-22,Amazon,1,2799,PL2-2507-3
VR892230,C102924,VA-EB-PL2,2025-08-22,Flipkart,1,3149,PL2-2505-4
VR893562,C101938,VA-EB-PL2,2025-08-22,vireo.in,1,3499,PL2-2506-2
VR896912,C107896,VA-SW-NX2,2025-08-22,vireo.in,1,6499,NX2-2507-2
VR902763,C102702,VA-AC-CH65,2025-08-22,vireo.in,1,1274,CH65-2507-4
VR903828,C108895,VA-HP-ST3,2025-08-22,vireo.in,1,6999,ST3-2505-3
VR903855,C108473,VA-HP-ST3,2025-08-22,vireo.in,1,6999,ST3-2505-1
VR907137,C107175,VA-SW-NX2,2025-08-22,Amazon,1,6499,NX2-2507-2
VR907145,C103143,VA-SP-ORB,2025-08-22,Amazon,1,5399,ORB-2507-4
VR907158,C104803,VA-EB-PL2,2025-08-22,vireo.in,2,6998,PL2-2506-4
VR908345,C109232,VA-SP-MINI,2025-08-22,Amazon,1,2499,MINI-2507-2
VR880260,C104847,VA-SW-NX1,2025-08-23,Flipkart,1,4999,NX1-2506-2
VR881938,C107712,VA-EB-PL2,2025-08-23,vireo.in,1,3499,PL2-2507-3
VR888048,C104366,VA-EB-AIR,2025-08-23,Amazon,1,1799,AIR-2505-4
VR888215,C102132,VA-EB-PL2,2025-08-23,Amazon,2,6998,PL2-2505-3
VR888289,C100735,VA-NB-ARC,2025-08-23,Amazon,1,1299,ARC-2508-2
VR891653,C107199,VA-AC-CH65,2025-08-23,vireo.in,1,1499,CH65-2507-1
VR892848,C108200,VA-EB-PL1,2025-08-23,vireo.in,1,2124,PL1-2505-4
VR892905,C106410,VA-EB-PL2,2025-08-23,vireo.in,1,2974,PL2-2506-4
VR892983,C104488,VA-SP-MINI,2025-08-23,vireo.in,1,2499,MINI-2506-2
VR893421,C102499,VA-SW-NX1,2025-08-23,vireo.in,1,4249,NX1-2505-4
VR894002,C109163,VA-SW-NX2,2025-08-23,Amazon,1,5524,NX2-2506-2
VR894547,C107144,VA-HP-ST3,2025-08-23,vireo.in,1,6999,ST3-2506-4
VR895698,C102094,VA-HP-ST3,2025-08-23,vireo.in,2,13998,ST3-2507-2
VR897007,C100802,VA-EB-PL2,2025-08-23,Flipkart,1,3499,PL2-2507-2
VR897738,C101305,VA-EB-AIR,2025-08-23,Flipkart,1,1799,AIR-2505-1
VR899977,C104040,VA-AC-CH65,2025-08-23,Amazon,1,1424,CH65-2507-3
VR902949,C108506,VA-SP-ORB,2025-08-23,vireo.in,2,9598,ORB-2507-1
VR903283,C105767,VA-SP-ORB,2025-08-23,vireo.in,1,5099,ORB-2507-3
VR903715,C104160,VA-SW-NX2,2025-08-23,vireo.in,1,5524,NX2-2506-1
VR904300,C100124,VA-SP-MINI,2025-08-23,vireo.in,2,4998,MINI-2507-1
VR906795,C105304,VA-EB-PL2,2025-08-23,vireo.in,2,5598,PL2-2505-3
VR880558,C102355,VA-HP-ST2,2025-08-24,vireo.in,1,4749,ST2-2505-3
VR882050,C101629,VA-EB-PL2,2025-08-24,Amazon,1,2974,PL2-2507-2
VR883692,C107917,VA-EB-PL2,2025-08-24,vireo.in,1,2974,PL2-2507-3
VR883981,C106110,VA-EB-PL2,2025-08-24,Amazon,1,3499,PL2-2506-4
VR884507,C106202,VA-HP-ST2,2025-08-24,Amazon,1,4499,ST2-2505-1
VR885421,C100165,VA-EB-AIR,2025-08-24,vireo.in,1,1799,AIR-2506-2
VR886259,C102683,VA-EB-PL2,2025-08-24,vireo.in,1,3499,PL2-2506-3
VR886617,C101087,VA-EB-AIR,2025-08-24,Amazon,1,1799,AIR-2507-2
VR887983,C108553,VA-EB-PL2,2025-08-24,Flipkart,1,3149,PL2-2506-2
VR887985,C104843,VA-EB-PL2,2025-08-24,Amazon,1,3499,PL2-2506-3
VR891524,C109454,VA-SW-FIT,2025-08-24,Amazon,1,1799,FIT-2507-3
VR891739,C100792,VA-EB-PL2,2025-08-24,vireo.in,1,3324,PL2-2507-1
VR891802,C100722,VA-EB-AIR,2025-08-24,vireo.in,1,1529,AIR-2505-3
VR892313,C100723,VA-AC-CASE,2025-08-24,Amazon,1,1299,CASE-2507-1
VR892401,C106481,VA-EB-PL1,2025-08-24,Flipkart,1,2499,PL1-2506-2
VR892459,C103701,VA-EB-AIR,2025-08-24,Flipkart,1,1529,AIR-2505-3
VR892642,C105434,VA-NB-ARC,2025-08-24,vireo.in,1,1169,ARC-2506-1
VR893185,C106999,VA-AC-CASE,2025-08-24,vireo.in,1,1104,CASE-2507-3
VR893973,C101761,VA-AC-CASE,2025-08-24,Amazon,1,1299,CASE-2506-3
VR896127,C105179,VA-HP-ST3,2025-08-24,vireo.in,1,6999,ST3-2505-2
VR899693,C102456,VA-EB-PL2,2025-08-24,Flipkart,1,3499,PL2-2507-3
VR901272,C102074,VA-EB-PL2,2025-08-24,vireo.in,1,2974,PL2-2507-1
VR901889,C105799,VA-EB-PL1,2025-08-24,Amazon,1,1999,PL1-2507-3
VR902602,C100225,VA-AC-CASE,2025-08-24,vireo.in,2,2208,CASE-2506-2
VR902848,C104107,VA-SW-NX2,2025-08-24,Flipkart,1,6499,NX2-2506-2
VR903120,C104160,VA-EB-PL2,2025-08-24,Amazon,1,3499,PL2-2508-3
VR903366,C105975,VA-EB-PL2,2025-08-24,Flipkart,1,3499,PL2-2507-4
VR903996,C102159,VA-EB-PL2,2025-08-24,vireo.in,1,3499,PL2-2507-4
VR904399,C100712,VA-HP-ST2,2025-08-24,Flipkart,1,4249,ST2-2506-1
VR906911,C107692,VA-EB-PL1,2025-08-24,Amazon,1,2249,PL1-2506-4
VR907148,C101710,VA-HP-ST2,2025-08-24,Amazon,1,4749,ST2-2505-4
VR907683,C100205,VA-EB-PL2,2025-08-24,vireo.in,1,3499,PL2-2505-1
VR909019,C101012,VA-EB-PL2,2025-08-24,vireo.in,1,2974,PL2-2506-4
VR909393,C106900,VA-SW-NX2,2025-08-24,Flipkart,1,6174,NX2-2506-4
VR909428,C109391,VA-EB-PL1,2025-08-24,Amazon,1,2124,PL1-2507-3
VR909656,C104666,VA-EB-PL2,2025-08-24,Amazon,1,3499,PL2-2507-2
VR880777,C104630,VA-EB-PL1,2025-08-25,vireo.in,1,2249,PL1-2505-4
VR882319,C102373,VA-SW-NX2,2025-08-25,vireo.in,1,5849,NX2-2507-1
VR883110,C103578,VA-EB-PL2,2025-08-25,vireo.in,1,3324,PL2-2506-1
VR883111,C107251,VA-EB-PL1,2025-08-25,vireo.in,1,1999,PL1-2505-1
VR887402,C108887,VA-SW-NX1,2025-08-25,Amazon,1,4249,NX1-2507-4
VR888990,C104625,VA-EB-AIR,2025-08-25,Flipkart,2,3598,AIR-2506-2
VR889701,C102378,VA-SP-MINI,2025-08-25,vireo.in,1,2499,MINI-2505-2
VR889821,C101943,VA-SW-NX2,2025-08-25,Amazon,1,6499,NX2-2506-4
VR890265,C105020,VA-EB-PL2,2025-08-25,Amazon,1,3499,PL2-2507-2
VR892070,C103010,VA-EB-PL2,2025-08-25,vireo.in,1,3149,PL2-2506-2
VR894387,C102691,VA-EB-PL2,2025-08-25,vireo.in,1,3499,PL2-2507-3
VR895026,C101559,VA-SP-MINI,2025-08-25,Flipkart,1,1999,MINI-2506-4
VR895218,C100243,VA-SP-MINI,2025-08-25,vireo.in,1,2124,MINI-2506-3
VR898257,C105341,VA-EB-PL1,2025-08-25,Amazon,1,2499,PL1-2507-3
VR898703,C101289,VA-EB-PL2,2025-08-25,Flipkart,1,3499,PL2-2505-3
VR902047,C105703,VA-EB-PL2,2025-08-25,vireo.in,1,3499,PL2-2505-4
VR902338,C103808,VA-EB-AIR,2025-08-25,Amazon,1,1709,AIR-2507-2
VR903554,C102333,VA-SW-FIT,2025-08-25,Amazon,1,1899,FIT-2508-1
VR904596,C107158,VA-EB-PL2,2025-08-25,Amazon,1,3499,PL2-2506-4
VR904599,C103434,VA-AC-CH65,2025-08-25,Amazon,1,1499,CH65-2506-1
VR904745,C107761,VA-HP-ST3,2025-08-25,Amazon,1,6649,ST3-2505-3
VR905371,C106280,VA-HP-ST2,2025-08-25,vireo.in,1,4999,ST2-2505-2
VR907574,C101713,VA-EB-PL2,2025-08-25,Amazon,1,2799,PL2-2505-3
VR882503,C103264,VA-SW-NX2,2025-08-26,vireo.in,1,6499,NX2-2507-2
VR883257,C102494,VA-SW-NX1,2025-08-26,vireo.in,1,4499,NX1-2506-2
VR883852,C101114,VA-SP-MINI,2025-08-26,Flipkart,1,2499,MINI-2508-1
VR884195,C107105,VA-HP-ST3,2025-08-26,Amazon,1,5949,ST3-2508-2
VR886058,C104688,VA-SP-MINI,2025-08-26,Flipkart,1,2124,MINI-2505-3
VR886105,C104418,VA-EB-PL2,2025-08-26,vireo.in,1,3499,PL2-2506-1
VR886329,C100452,VA-EB-PL2,2025-08-26,Flipkart,2,6998,PL2-2508-1
VR887222,C100695,VA-AC-CASE,2025-08-26,Amazon,1,1234,CASE-2506-1
VR887323,C103776,VA-EB-PL2,2025-08-26,Flipkart,1,3324,PL2-2505-4
VR888902,C101805,VA-EB-AIR,2025-08-26,vireo.in,1,1799,AIR-2506-1
VR889555,C108511,VA-HP-ST2,2025-08-26,vireo.in,1,4249,ST2-2505-4
VR890126,C101796,VA-EB-PL2,2025-08-26,Flipkart,1,3499,PL2-2505-3
VR890603,C105180,VA-EB-PL2,2025-08-26,vireo.in,1,3499,PL2-2506-1
VR890918,C103340,VA-HP-ST3,2025-08-26,Flipkart,1,6999,ST3-2507-2
VR892827,C103668,VA-EB-PL1,2025-08-26,Amazon,1,2499,PL1-2506-2
VR893475,C101379,VA-EB-PL2,2025-08-26,vireo.in,1,2974,PL2-2508-4
VR894113,C101831,VA-SW-NX2,2025-08-26,Amazon,2,12348,NX2-2507-2
VR895166,C107243,VA-EB-PL2,2025-08-26,Amazon,2,6998,PL2-2507-1
VR896368,C108755,VA-EB-PL2,2025-08-26,vireo.in,1,2799,PL2-2505-4
VR896387,C100323,VA-HP-ST2,2025-08-26,Amazon,1,4999,ST2-2506-1
VR896823,C109451,VA-EB-PL2,2025-08-26,Amazon,1,3324,PL2-2508-3
VR897121,C101593,VA-EB-PL1,2025-08-26,vireo.in,1,2374,PL1-2507-1
VR897879,C104823,VA-SW-FIT,2025-08-26,vireo.in,1,1799,FIT-2505-3
VR901350,C109453,VA-EB-PL1,2025-08-26,vireo.in,1,2374,PL1-2507-1
VR901679,C108595,VA-SW-NX2,2025-08-26,vireo.in,1,5524,NX2-2507-2
VR901704,C108039,VA-EB-PL2,2025-08-26,vireo.in,1,3499,PL2-2505-1
VR901901,C106349,VA-EB-PL2,2025-08-26,vireo.in,1,3499,PL2-2507-3
VR903163,C103224,VA-SW-NX1,2025-08-26,Amazon,1,4749,NX1-2505-2
VR905782,C106138,VA-HP-ST2,2025-08-26,vireo.in,1,3999,ST2-2507-3
VR905893,C106341,VA-HP-ST2,2025-08-26,vireo.in,1,4999,ST2-2507-3
VR906132,C103329,VA-EB-PL1,2025-08-26,Amazon,1,2374,PL1-2507-3
VR907554,C100269,VA-SW-FIT,2025-08-26,vireo.in,1,1999,FIT-2507-2
VR908353,C108183,VA-SW-NX2,2025-08-26,Amazon,1,6174,NX2-2507-3
VR908703,C108737,VA-EB-PL2,2025-08-26,vireo.in,1,3499,PL2-2507-3
VR880092,C103984,VA-EB-PL2,2025-08-27,vireo.in,1,3149,PL2-2506-2
VR881359,C105350,VA-HP-ST3,2025-08-27,Amazon,2,11198,ST3-2507-1
VR881503,C103963,VA-EB-AIR,2025-08-27,vireo.in,1,1529,AIR-2505-3
VR881677,C105855,VA-SP-MINI,2025-08-27,vireo.in,1,2499,MINI-2505-1
VR882415,C108206,VA-EB-PL2,2025-08-27,Flipkart,1,3499,PL2-2506-3
VR882433,C108290,VA-SW-NX2,2025-08-27,vireo.in,1,6499,NX2-2508-2
VR882530,C102481,VA-AC-CASE,2025-08-27,vireo.in,1,1234,CASE-2505-2
VR883268,C105261,VA-HP-ST3,2025-08-27,vireo.in,1,6999,ST3-2506-3
VR883627,C103886,VA-EB-PL2,2025-08-27,Amazon,1,3324,PL2-2508-1
VR883842,C103532,VA-EB-PL2,2025-08-27,Amazon,1,3499,PL2-2506-3
VR884088,C102197,VA-SW-NX2,2025-08-27,vireo.in,1,6499,NX2-2507-1
VR884535,C108223,VA-EB-PL2,2025-08-27,vireo.in,1,2974,PL2-2505-2
VR884664,C104523,VA-EB-PL2,2025-08-27,vireo.in,1,3499,PL2-2505-3
VR884901,C105126,VA-HP-ST3,2025-08-27,Flipkart,1,5599,ST3-2507-1
VR885281,C100103,VA-EB-AIR,2025-08-27,vireo.in,1,1709,AIR-2507-1
VR887541,C102667,VA-EB-PL2,2025-08-27,vireo.in,1,3499,PL2-2506-1
VR887756,C106181,VA-SW-NX2,2025-08-27,vireo.in,1,6174,NX2-2508-3
VR887845,C100259,VA-EB-PL2,2025-08-27,vireo.in,1,3499,PL2-2506-1
VR890441,C104767,VA-HP-ST3,2025-08-27,vireo.in,1,6649,ST3-2506-1
VR890481,C100054,VA-EB-PL2,2025-08-27,vireo.in,1,3499,PL2-2506-1
VR890895,C106000,VA-EB-PL1,2025-08-27,vireo.in,2,4248,PL1-2508-2
VR892752,C103561,VA-SP-MINI,2025-08-27,vireo.in,1,2499,MINI-2507-1
VR894836,C103733,VA-HP-ST2,2025-08-27,Flipkart,1,4749,ST2-2506-3
VR895471,C105318,VA-EB-PL2,2025-08-27,Flipkart,1,3499,PL2-2505-2
VR895993,C105052,VA-EB-PL2,2025-08-27,vireo.in,1,3499,PL2-2506-3
VR896812,C102907,VA-EB-PL2,2025-08-27,Flipkart,1,2974,PL2-2505-1
VR897364,C106158,VA-EB-PL2,2025-08-27,vireo.in,1,2799,PL2-2507-4
VR897628,C107044,VA-SW-NX1,2025-08-27,vireo.in,1,4999,NX1-2507-2
VR898178,C104273,VA-EB-PL2,2025-08-27,vireo.in,1,2974,PL2-2506-4
VR898698,C101048,VA-AC-CBL,2025-08-27,vireo.in,1,379,CBL-2505-4
VR899521,C102071,VA-EB-PL2,2025-08-27,Amazon,1,2799,PL2-2506-2
VR899592,C105445,VA-EB-PL1,2025-08-27,vireo.in,1,1999,PL1-2506-3
VR901684,C105904,VA-EB-PL2,2025-08-27,Amazon,1,3499,PL2-2505-1
VR904165,C107599,VA-NB-ARC,2025-08-27,Amazon,1,1039,ARC-2506-1
VR904198,C104652,VA-EB-PL1,2025-08-27,Amazon,1,2374,PL1-2508-1
VR905834,C105530,VA-EB-PL2,2025-08-27,vireo.in,1,3149,PL2-2507-2
VR906312,C106885,VA-EB-PL2,2025-08-27,Flipkart,1,3499,PL2-2505-4
VR906687,C108073,VA-SP-MINI,2025-08-27,Amazon,1,2499,MINI-2506-3
VR909242,C101172,VA-AC-CASE,2025-08-27,vireo.in,1,1169,CASE-2507-2
VR909790,C108476,VA-EB-AIR,2025-08-27,vireo.in,1,1619,AIR-2506-4
VR880224,C102040,VA-SW-NX2,2025-08-28,vireo.in,2,12348,NX2-2505-2
VR880878,C105086,VA-EB-PL2,2025-08-28,vireo.in,1,3499,PL2-2506-3
VR882942,C109062,VA-EB-PL2,2025-08-28,vireo.in,1,3149,PL2-2508-1
VR883309,C102802,VA-EB-PL2,2025-08-28,vireo.in,1,3149,PL2-2507-3
VR884247,C101456,VA-EB-PL2,2025-08-28,vireo.in,1,3499,PL2-2507-1
VR884954,C107116,VA-EB-PL1,2025-08-28,vireo.in,1,1999,PL1-2505-1
VR885434,C104470,VA-NB-ARC,2025-08-28,Amazon,1,1299,ARC-2505-2
VR886054,C100970,VA-EB-PL2,2025-08-28,vireo.in,1,2974,PL2-2507-3
VR886891,C107940,VA-AC-CH65,2025-08-28,vireo.in,1,1499,CH65-2507-1
VR888266,C108573,VA-EB-PL2,2025-08-28,Amazon,1,2799,PL2-2506-3
VR888976,C106573,VA-NB-ARC,2025-08-28,Amazon,1,1299,ARC-2506-3
VR892323,C108173,VA-EB-PL2,2025-08-28,Amazon,1,3499,PL2-2507-4
VR893339,C104512,VA-EB-AIR,2025-08-28,Flipkart,1,1709,AIR-2506-3
VR893728,C104767,VA-AC-CASE,2025-08-28,Amazon,1,1234,CASE-2505-1
VR893911,C105548,VA-SW-NX2,2025-08-28,Flipkart,1,5524,NX2-2507-2
VR895345,C108223,VA-EB-PL2,2025-08-28,Flipkart,1,3499,PL2-2507-4
VR895446,C100081,VA-HP-ST3,2025-08-28,vireo.in,1,6299,ST3-2506-4
VR895673,C108713,VA-EB-PL2,2025-08-28,vireo.in,1,2974,PL2-2506-1
VR898481,C103766,VA-SP-MINI,2025-08-28,Amazon,1,1999,MINI-2508-4
VR899787,C108452,VA-EB-PL2,2025-08-28,Amazon,1,3324,PL2-2507-2
VR901194,C107146,VA-AC-CASE,2025-08-28,vireo.in,1,1169,CASE-2506-3
VR901635,C107698,VA-HP-ST2,2025-08-28,Flipkart,1,4249,ST2-2507-4
VR902173,C106850,VA-HP-ST3,2025-08-28,vireo.in,1,6999,ST3-2506-4
VR903246,C100683,VA-SW-FIT,2025-08-28,vireo.in,1,1699,FIT-2505-1
VR906667,C103227,VA-HP-ST3,2025-08-28,Amazon,1,6999,ST3-2506-2
VR880763,C109153,VA-SP-MINI,2025-08-29,vireo.in,1,2499,MINI-2506-1
VR883197,C103341,VA-EB-PL2,2025-08-29,vireo.in,2,6998,PL2-2506-4
VR884190,C105814,VA-EB-PL2,2025-08-29,Amazon,1,2799,PL2-2508-2
VR884286,C103134,VA-EB-PL1,2025-08-29,vireo.in,1,2499,PL1-2507-4
VR884774,C104685,VA-SP-MINI,2025-08-29,vireo.in,1,2124,MINI-2506-3
VR885630,C108069,VA-SW-NX1,2025-08-29,vireo.in,1,4999,NX1-2507-2
VR886710,C100461,VA-EB-PL2,2025-08-29,Amazon,1,2974,PL2-2507-3
VR888460,C103261,VA-EB-AIR,2025-08-29,vireo.in,1,1799,AIR-2507-3
VR888985,C105028,VA-EB-PL2,2025-08-29,vireo.in,1,2974,PL2-2507-1
VR889813,C105379,VA-EB-PL2,2025-08-29,vireo.in,2,6648,PL2-2507-3
VR891226,C100511,VA-SW-NX1,2025-08-29,vireo.in,2,8498,NX1-2506-1
VR891305,C104177,VA-EB-PL2,2025-08-29,Amazon,1,2974,PL2-2508-3
VR891580,C105661,VA-EB-PL2,2025-08-29,vireo.in,1,3499,PL2-2507-1
VR891763,C107093,VA-EB-AIR,2025-08-29,Amazon,1,1799,AIR-2507-2
VR893921,C106133,VA-EB-AIR,2025-08-29,Amazon,1,1799,AIR-2508-3
VR894512,C107207,VA-NB-ARC,2025-08-29,vireo.in,1,1234,ARC-2506-3
VR895067,C102896,VA-EB-PL2,2025-08-29,Amazon,1,3324,PL2-2506-4
VR895814,C105728,VA-EB-PL2,2025-08-29,vireo.in,1,3149,PL2-2506-3
VR897088,C108735,VA-HP-ST2,2025-08-29,Amazon,1,3999,ST2-2507-3
VR897855,C101879,VA-EB-PL2,2025-08-29,Amazon,1,3499,PL2-2506-3
VR899126,C100051,VA-SP-MINI,2025-08-29,vireo.in,1,2499,MINI-2508-2
VR899187,C100650,VA-EB-PL2,2025-08-29,vireo.in,1,2799,PL2-2507-1
VR899939,C101724,VA-EB-PL2,2025-08-29,Amazon,1,2799,PL2-2507-1
VR900385,C100344,VA-SP-ORB,2025-08-29,Flipkart,1,5999,ORB-2505-4
VR901214,C103737,VA-EB-PL2,2025-08-29,vireo.in,1,3499,PL2-2506-2
VR902252,C101021,VA-EB-PL1,2025-08-29,Amazon,1,1999,PL1-2506-3
VR903243,C105545,VA-EB-PL1,2025-08-29,Amazon,1,2374,PL1-2505-2
VR906498,C102565,VA-AC-CBL,2025-08-29,Amazon,1,339,CBL-2508-1
VR880824,C108202,VA-SW-NX2,2025-08-30,Amazon,2,11698,NX2-2506-3
VR881536,C101467,VA-EB-PL2,2025-08-30,vireo.in,1,3499,PL2-2506-2
VR882497,C102413,VA-EB-PL1,2025-08-30,vireo.in,1,2124,PL1-2506-2
VR882861,C104666,VA-EB-PL2,2025-08-30,vireo.in,1,2974,PL2-2505-2
VR884612,C100025,VA-EB-PL2,2025-08-30,Amazon,1,2974,PL2-2505-3
VR884991,C100973,VA-EB-PL2,2025-08-30,vireo.in,1,2799,PL2-2506-4
VR885333,C101560,VA-EB-AIR,2025-08-30,vireo.in,1,1529,AIR-2507-2
VR885658,C103357,VA-EB-AIR,2025-08-30,Amazon,1,1799,AIR-2507-1
VR886426,C108040,VA-SW-FIT,2025-08-30,vireo.in,1,1999,FIT-2507-1
VR897421,C100773,VA-EB-AIR,2025-08-30,vireo.in,1,1439,AIR-2506-4
VR897717,C100768,VA-SW-FIT,2025-08-30,Amazon,1,1899,FIT-2505-4
VR899973,C103264,VA-EB-PL2,2025-08-30,vireo.in,1,2799,PL2-2507-4
VR904142,C108888,VA-EB-PL1,2025-08-30,vireo.in,1,2499,PL1-2507-1
VR904216,C105896,VA-NB-ARC,2025-08-30,vireo.in,1,1234,ARC-2508-1
VR904793,C107115,VA-SW-NX2,2025-08-30,Flipkart,1,6499,NX2-2507-2
VR904858,C103996,VA-SP-ORB,2025-08-30,Amazon,1,5999,ORB-2505-1
VR883018,C109221,VA-AC-CASE,2025-08-31,Flipkart,1,1234,CASE-2507-1
VR883640,C108326,VA-EB-PL2,2025-08-31,Flipkart,1,3499,PL2-2507-4
VR884615,C104643,VA-EB-PL2,2025-08-31,Flipkart,1,3499,PL2-2506-3
VR886082,C106665,VA-EB-PL2,2025-08-31,Amazon,1,2799,PL2-2506-1
VR886382,C100059,VA-EB-PL2,2025-08-31,Amazon,1,3499,PL2-2507-4
VR888502,C106527,VA-EB-PL2,2025-08-31,Flipkart,1,2974,PL2-2508-2
VR889404,C103148,VA-EB-PL2,2025-08-31,vireo.in,1,3149,PL2-2506-1
VR889996,C103664,VA-EB-PL1,2025-08-31,vireo.in,1,2499,PL1-2505-3
VR890143,C108329,VA-EB-AIR,2025-08-31,vireo.in,1,1799,AIR-2506-1
VR890552,C105691,VA-EB-PL2,2025-08-31,vireo.in,1,3499,PL2-2507-2
VR891978,C101131,VA-SW-NX2,2025-08-31,Amazon,1,6174,NX2-2507-4
VR892861,C100208,VA-EB-AIR,2025-08-31,Amazon,1,1799,AIR-2506-2
VR894129,C100227,VA-EB-PL2,2025-08-31,Amazon,1,3324,PL2-2506-3
VR895344,C109246,VA-EB-PL2,2025-08-31,Amazon,1,3324,PL2-2507-4
VR895749,C102140,VA-EB-PL2,2025-08-31,vireo.in,1,3499,PL2-2506-3
VR898485,C107250,VA-SP-ORB,2025-08-31,Amazon,1,5999,ORB-2505-2
VR899845,C107217,VA-EB-PL2,2025-08-31,Amazon,2,6998,PL2-2506-4
VR900148,C102431,VA-HP-ST2,2025-08-31,Amazon,1,4499,ST2-2508-4
VR902282,C104190,VA-SW-FIT,2025-08-31,Flipkart,1,1899,FIT-2507-1
VR903381,C107660,VA-EB-PL1,2025-08-31,vireo.in,1,2499,PL1-2505-3
VR903453,C106997,VA-SW-FIT,2025-08-31,vireo.in,1,1799,FIT-2506-1
VR905623,C105285,VA-EB-AIR,2025-08-31,vireo.in,1,1439,AIR-2506-3
VR905670,C104744,VA-SW-FIT,2025-08-31,vireo.in,1,1699,FIT-2507-2
VR907311,C102892,VA-EB-PL2,2025-08-31,Amazon,1,3499,PL2-2506-4
VR907876,C106021,VA-SW-NX1,2025-08-31,vireo.in,1,4249,NX1-2508-1
VR908039,C105417,VA-SP-MINI,2025-08-31,Flipkart,1,2374,MINI-2508-1
VR908541,C103973,VA-SP-MINI,2025-08-31,vireo.in,1,2499,MINI-2508-4
VR880043,C106390,VA-EB-PL2,2025-09-01,Amazon,1,3149,PL2-2507-1
VR880532,C100228,VA-EB-AIR,2025-09-01,Amazon,1,1529,AIR-2505-2
VR880610,C102845,VA-EB-PL2,2025-09-01,Amazon,2,6298,PL2-2505-2
VR881454,C108267,VA-HP-ST2,2025-09-01,Flipkart,1,4999,ST2-2506-3
VR883172,C102304,VA-EB-PL1,2025-09-01,Flipkart,1,2124,PL1-2506-3
VR884459,C106583,VA-EB-PL2,2025-09-01,Amazon,1,2799,PL2-2505-1
VR884882,C103323,VA-SW-FIT,2025-09-01,vireo.in,1,1999,FIT-2507-4
VR885325,C101776,VA-NB-ARC,2025-09-01,vireo.in,1,1039,ARC-2505-4
VR886447,C100740,VA-AC-CBL,2025-09-01,Flipkart,1,359,CBL-2505-4
VR886469,C103601,VA-SP-MINI,2025-09-01,Flipkart,2,3998,MINI-2507-3
VR886551,C103297,VA-EB-AIR,2025-09-01,Amazon,2,3598,AIR-2506-2
VR886843,C107272,VA-EB-PL2,2025-09-01,vireo.in,2,6298,PL2-2507-4
VR887174,C104745,VA-EB-PL2,2025-09-01,vireo.in,1,3324,PL2-2508-2
VR887644,C106568,VA-HP-ST2,2025-09-01,Flipkart,1,4999,ST2-2505-2
VR887930,C104991,VA-EB-PL1,2025-09-01,Amazon,1,2124,PL1-2508-1
VR888543,C101691,VA-EB-PL2,2025-09-01,Amazon,1,3499,PL2-2506-3
VR889509,C103896,VA-HP-ST3,2025-09-01,vireo.in,1,6999,ST3-2505-3
VR889693,C101371,VA-NB-ARC,2025-09-01,vireo.in,1,1169,ARC-2506-3
VR892585,C107582,VA-SW-NX1,2025-09-01,vireo.in,1,4499,NX1-2505-1
VR893036,C101576,VA-EB-PL2,2025-09-01,vireo.in,1,2974,PL2-2507-1
VR896270,C102934,VA-EB-AIR,2025-09-01,vireo.in,1,1709,AIR-2506-1
VR896747,C106851,VA-SP-MINI,2025-09-01,vireo.in,1,2124,MINI-2508-1
VR897652,C106086,VA-SP-MINI,2025-09-01,vireo.in,1,2124,MINI-2508-2
VR900271,C101897,VA-EB-PL2,2025-09-01,vireo.in,1,2974,PL2-2505-2
VR902322,C106415,VA-EB-PL2,2025-09-01,Amazon,1,2974,PL2-2505-2
VR903124,C102261,VA-SW-NX2,2025-09-01,vireo.in,2,12998,NX2-2505-1
VR903383,C108188,VA-EB-PL2,2025-09-01,Flipkart,1,3499,PL2-2507-3
VR904645,C104073,VA-AC-CASE,2025-09-01,vireo.in,1,1299,CASE-2505-4
VR904659,C107849,VA-SW-NX2,2025-09-01,vireo.in,1,5199,NX2-2507-4
VR905555,C109055,VA-SW-NX2,2025-09-01,vireo.in,1,5849,NX2-2507-1
VR906753,C100574,VA-EB-PL2,2025-09-01,vireo.in,1,3149,PL2-2505-3
VR908012,C105250,VA-SW-NX2,2025-09-01,vireo.in,1,6499,NX2-2505-2
VR909426,C103321,VA-EB-PL2,2025-09-01,Flipkart,1,2974,PL2-2508-4
VR909730,C104073,VA-EB-PL1,2025-09-01,vireo.in,1,2374,PL1-2505-3
VR909875,C103704,VA-SW-NX2,2025-09-01,vireo.in,1,5849,NX2-2506-4
VR882452,C104595,VA-SW-NX2,2025-09-02,Amazon,1,5524,NX2-2506-2
VR885591,C102139,VA-NB-ARC,2025-09-02,Amazon,1,1234,ARC-2507-4
VR885675,C103734,VA-SW-NX2,2025-09-02,vireo.in,1,6499,NX2-2506-1
VR886698,C108242,VA-AC-CASE,2025-09-02,vireo.in,1,1234,CASE-2506-4
VR888249,C101122,VA-SP-MINI,2025-09-02,Amazon,1,2499,MINI-2506-3
VR889184,C105262,VA-SP-MINI,2025-09-02,vireo.in,1,2374,MINI-2505-1
VR889760,C103114,VA-NB-ARC,2025-09-02,Amazon,1,1299,ARC-2507-3
VR892022,C105069,VA-EB-PL2,2025-09-02,Flipkart,1,3149,PL2-2505-1
VR893168,C102199,VA-EB-PL2,2025-09-02,Amazon,1,3499,PL2-2506-2
VR896492,C108038,VA-NB-ARC,2025-09-02,vireo.in,1,1039,ARC-2507-3
VR898092,C107603,VA-EB-PL2,2025-09-02,vireo.in,1,2799,PL2-2505-3
VR898743,C106083,VA-EB-PL2,2025-09-02,vireo.in,1,2974,PL2-2505-2
VR899701,C108215,VA-EB-PL2,2025-09-02,Flipkart,1,3499,PL2-2507-3
VR900145,C107997,VA-EB-PL2,2025-09-02,Amazon,1,2799,PL2-2507-1
VR901262,C100184,VA-HP-ST3,2025-09-02,Amazon,1,6299,ST3-2506-2
VR904241,C108336,VA-EB-AIR,2025-09-02,vireo.in,2,3058,AIR-2506-2
VR904862,C106108,VA-EB-PL2,2025-09-02,vireo.in,1,3499,PL2-2506-3
VR909067,C107403,VA-HP-ST2,2025-09-02,vireo.in,1,3999,ST2-2508-1
VR909086,C107295,VA-SP-ORB,2025-09-02,vireo.in,1,5099,ORB-2508-1
VR909770,C102649,VA-SP-MINI,2025-09-02,vireo.in,1,2499,MINI-2505-2
VR910119,C100670,VA-EB-PL2,2025-09-02,vireo.in,1,3499,PL2-2506-1
VR881589,C103709,VA-EB-PL2,2025-09-03,Flipkart,1,3324,PL2-2507-3
VR882529,C101643,VA-SW-NX2,2025-09-03,vireo.in,1,5199,NX2-2508-4
VR885054,C100060,VA-EB-PL2,2025-09-03,Amazon,1,2799,PL2-2507-3
VR885611,C108066,VA-SP-MINI,2025-09-03,Flipkart,1,2249,MINI-2508-2
VR886198,C100807,VA-EB-PL2,2025-09-03,Amazon,1,3499,PL2-2508-3
VR887400,C105886,VA-EB-PL2,2025-09-03,vireo.in,1,2799,PL2-2508-3
VR887422,C105638,VA-EB-AIR,2025-09-03,Amazon,1,1799,AIR-2506-2
VR890128,C107728,VA-EB-PL1,2025-09-03,vireo.in,1,1999,PL1-2507-1
VR890960,C108387,VA-SW-FIT,2025-09-03,vireo.in,1,1599,FIT-2507-3
VR891239,C101808,VA-HP-ST3,2025-09-03,Amazon,1,6999,ST3-2505-2
VR894918,C101200,VA-EB-PL2,2025-09-03,Amazon,1,2799,PL2-2505-4
VR895898,C102001,VA-EB-AIR,2025-09-03,Amazon,1,1619,AIR-2506-1
VR896261,C104274,VA-EB-PL2,2025-09-03,vireo.in,1,3149,PL2-2508-1
VR897267,C103188,VA-EB-PL2,2025-09-03,Amazon,1,3499,PL2-2507-2
VR897537,C107087,VA-EB-PL2,2025-09-03,vireo.in,1,3499,PL2-2506-3
VR897973,C101519,VA-SP-MINI,2025-09-03,vireo.in,1,2499,MINI-2506-3
VR899111,C106347,VA-EB-PL1,2025-09-03,Flipkart,1,2499,PL1-2506-1
VR899219,C105220,VA-HP-ST3,2025-09-03,vireo.in,1,6999,ST3-2508-2
VR899645,C109017,VA-SW-NX2,2025-09-03,Amazon,1,6174,NX2-2505-2
VR900792,C107901,VA-EB-AIR,2025-09-03,vireo.in,2,3238,AIR-2506-3
VR901694,C109372,VA-EB-PL2,2025-09-03,Flipkart,1,2974,PL2-2508-1
VR903679,C101394,VA-SW-NX1,2025-09-03,vireo.in,1,4749,NX1-2506-1
VR905749,C107606,VA-SP-MINI,2025-09-03,vireo.in,2,4748,MINI-2506-2
VR905950,C108457,VA-EB-PL2,2025-09-03,vireo.in,1,3324,PL2-2507-2
VR906737,C104625,VA-EB-PL2,2025-09-03,Flipkart,1,3499,PL2-2508-3
VR907208,C105929,VA-EB-PL2,2025-09-03,vireo.in,1,3499,PL2-2506-4
VR908025,C106314,VA-HP-ST3,2025-09-03,Amazon,1,5949,ST3-2507-2
VR880133,C109245,VA-EB-PL2,2025-09-04,Amazon,1,3149,PL2-2506-3
VR880460,C105599,VA-EB-PL2,2025-09-04,Amazon,1,3499,PL2-2506-3
VR880624,C103938,VA-SP-ORB,2025-09-04,Amazon,1,5699,ORB-2505-1
VR882731,C109421,VA-EB-PL2,2025-09-04,vireo.in,1,3499,PL2-2506-1
VR883954,C100029,VA-SP-MINI,2025-09-04,Flipkart,1,2499,MINI-2505-1
VR884034,C107408,VA-SW-NX1,2025-09-04,Amazon,1,4999,NX1-2507-3
VR884058,C102682,VA-EB-PL1,2025-09-04,Amazon,1,2499,PL1-2506-2
VR885099,C102439,VA-SP-MINI,2025-09-04,vireo.in,1,2124,MINI-2507-4
VR885805,C100170,VA-EB-PL2,2025-09-04,vireo.in,1,3499,PL2-2506-2
VR886400,C105493,VA-NB-ARC,2025-09-04,Amazon,1,1169,ARC-2507-2
VR889301,C107742,VA-EB-AIR,2025-09-04,Flipkart,2,3598,AIR-2508-2
VR890632,C106291,VA-HP-ST3,2025-09-04,vireo.in,1,6999,ST3-2506-1
VR891119,C106652,VA-AC-CASE,2025-09-04,vireo.in,1,1299,CASE-2506-4
VR891832,C108055,VA-EB-PL2,2025-09-04,vireo.in,1,3149,PL2-2507-1
VR892702,C108879,VA-SW-NX2,2025-09-04,Amazon,1,6499,NX2-2506-4
VR895981,C101837,VA-EB-PL2,2025-09-04,vireo.in,2,6998,PL2-2506-1
VR897129,C108339,VA-EB-AIR,2025-09-04,Flipkart,1,1799,AIR-2506-2
VR904115,C100380,VA-SW-FIT,2025-09-04,vireo.in,1,1699,FIT-2506-2
VR905612,C106528,VA-HP-ST3,2025-09-04,Amazon,1,6999,ST3-2506-1
VR905636,C107522,VA-EB-PL2,2025-09-04,vireo.in,1,2799,PL2-2506-1
VR905884,C107771,VA-EB-AIR,2025-09-04,Flipkart,1,1619,AIR-2506-1
VR907768,C108092,VA-SP-ORB,2025-09-04,vireo.in,1,5999,ORB-2507-1
VR909595,C108105,VA-EB-PL2,2025-09-04,vireo.in,1,3499,PL2-2507-4
VR910037,C101731,VA-SW-NX1,2025-09-04,vireo.in,1,3999,NX1-2507-4
VR882429,C100638,VA-EB-AIR,2025-09-05,vireo.in,1,1709,AIR-2506-2
VR882464,C105869,VA-EB-PL2,2025-09-05,vireo.in,1,3499,PL2-2505-4
VR883173,C107579,VA-EB-PL2,2025-09-05,Amazon,1,3499,PL2-2507-4
VR883314,C107112,VA-EB-PL2,2025-09-05,vireo.in,2,6298,PL2-2506-2
VR883437,C108454,VA-EB-PL2,2025-09-05,vireo.in,1,3499,PL2-2508-1
VR884079,C104828,VA-EB-AIR,2025-09-05,Amazon,1,1439,AIR-2505-2
VR884205,C106347,VA-AC-CBL,2025-09-05,vireo.in,1,319,CBL-2508-4
VR888050,C105373,VA-EB-PL2,2025-09-05,Amazon,1,3499,PL2-2507-3
VR891143,C101580,VA-SW-NX2,2025-09-05,vireo.in,1,6174,NX2-2507-3
VR891495,C100937,VA-AC-CASE,2025-09-05,Amazon,1,1039,CASE-2505-1
VR893531,C107874,VA-EB-PL2,2025-09-05,vireo.in,1,3149,PL2-2508-2
VR897110,C100544,VA-EB-PL2,2025-09-05,Flipkart,1,3324,PL2-2508-2
VR897260,C106400,VA-EB-PL2,2025-09-05,vireo.in,1,2974,PL2-2505-1
VR897280,C105344,VA-SP-MINI,2025-09-05,Amazon,1,2499,MINI-2508-3
VR898069,C107214,VA-EB-PL1,2025-09-05,vireo.in,2,4748,PL1-2507-3
VR898351,C107701,VA-EB-AIR,2025-09-05,Amazon,1,1529,AIR-2507-3
VR898566,C106661,VA-SW-NX2,2025-09-05,Amazon,1,6499,NX2-2508-3
VR900130,C106131,VA-NB-ARC,2025-09-05,vireo.in,1,1234,ARC-2505-4
VR900194,C103717,VA-SW-NX2,2025-09-05,Amazon,1,5199,NX2-2508-3
VR901011,C101048,VA-EB-PL2,2025-09-05,Amazon,1,2974,PL2-2506-1
VR901800,C105677,VA-HP-ST3,2025-09-05,vireo.in,1,5599,ST3-2507-3
VR902340,C100084,VA-EB-PL2,2025-09-05,vireo.in,1,2974,PL2-2506-3
VR905363,C104134,VA-EB-PL2,2025-09-05,vireo.in,1,3149,PL2-2507-4
VR905481,C104295,VA-SP-ORB,2025-09-05,vireo.in,1,4799,ORB-2508-2
VR905603,C108289,VA-EB-PL2,2025-09-05,vireo.in,1,3149,PL2-2507-4
VR906033,C105639,VA-EB-PL2,2025-09-05,Flipkart,1,2799,PL2-2507-1
VR906066,C103125,VA-EB-PL2,2025-09-05,vireo.in,1,3149,PL2-2507-1
VR906149,C104649,VA-AC-CH65,2025-09-05,Amazon,1,1349,CH65-2505-4
VR906600,C108527,VA-EB-PL2,2025-09-05,vireo.in,1,3499,PL2-2506-3
VR907664,C105728,VA-EB-AIR,2025-09-05,vireo.in,1,1619,AIR-2506-1
VR908878,C108468,VA-EB-PL2,2025-09-05,vireo.in,1,3499,PL2-2506-1
VR880966,C101533,VA-SW-FIT,2025-09-06,Amazon,1,1699,FIT-2505-3
VR882598,C104241,VA-SW-NX1,2025-09-06,vireo.in,1,4999,NX1-2505-4
VR882793,C107696,VA-EB-PL1,2025-09-06,Flipkart,1,2499,PL1-2507-3
VR883297,C102195,VA-EB-PL2,2025-09-06,vireo.in,1,2974,PL2-2507-3
VR883396,C107625,VA-EB-PL2,2025-09-06,vireo.in,1,2799,PL2-2507-1
VR883466,C104663,VA-SW-NX1,2025-09-06,Flipkart,1,3999,NX1-2506-1
VR883631,C100643,VA-EB-AIR,2025-09-06,Flipkart,2,3598,AIR-2508-4
VR883678,C105774,VA-SW-NX2,2025-09-06,Amazon,1,6499,NX2-2507-1
VR885464,C106009,VA-EB-PL2,2025-09-06,vireo.in,1,3149,PL2-2506-2
VR889125,C108016,VA-HP-ST3,2025-09-06,Flipkart,1,6999,ST3-2508-4
VR889378,C107993,VA-HP-ST2,2025-09-06,vireo.in,1,4999,ST2-2507-3
VR889501,C106573,VA-EB-PL2,2025-09-06,Amazon,1,3499,PL2-2507-1
VR892660,C100344,VA-NB-ARC,2025-09-06,Amazon,1,1039,ARC-2505-3
VR893675,C101358,VA-SP-MINI,2025-09-06,Amazon,1,2499,MINI-2506-2
VR893710,C104150,VA-HP-ST2,2025-09-06,vireo.in,1,3999,ST2-2506-1
VR894102,C104117,VA-EB-PL2,2025-09-06,vireo.in,1,2799,PL2-2508-2
VR896157,C103415,VA-EB-AIR,2025-09-06,vireo.in,1,1619,AIR-2506-3
VR896510,C104277,VA-SW-NX2,2025-09-06,vireo.in,1,6499,NX2-2508-4
VR896911,C100174,VA-EB-PL2,2025-09-06,vireo.in,1,3149,PL2-2507-1
VR898214,C105969,VA-EB-PL1,2025-09-06,Amazon,1,2124,PL1-2507-4
VR898853,C104685,VA-EB-PL2,2025-09-06,Flipkart,2,6998,PL2-2506-2
VR902548,C101708,VA-EB-PL2,2025-09-06,Amazon,1,2799,PL2-2507-2
VR903253,C102014,VA-SW-NX2,2025-09-06,vireo.in,1,6499,NX2-2506-4
VR903877,C101699,VA-EB-PL2,2025-09-06,Amazon,1,2974,PL2-2508-3
VR904378,C105356,VA-EB-AIR,2025-09-06,Flipkart,1,1529,AIR-2508-1
VR905235,C104885,VA-SW-NX1,2025-09-06,vireo.in,1,4499,NX1-2507-2
VR905266,C101707,VA-HP-ST3,2025-09-06,vireo.in,1,6999,ST3-2507-1
VR906211,C103840,VA-SW-NX2,2025-09-06,Flipkart,1,6499,NX2-2505-4
VR906530,C104529,VA-EB-PL2,2025-09-06,vireo.in,1,3499,PL2-2508-1
VR906827,C102847,VA-SW-NX2,2025-09-06,vireo.in,1,6174,NX2-2508-2
VR907261,C106977,VA-EB-PL2,2025-09-06,vireo.in,1,3324,PL2-2507-1
VR907511,C103909,VA-NB-ARC,2025-09-06,vireo.in,1,1299,ARC-2507-4
VR908010,C104586,VA-EB-PL2,2025-09-06,Flipkart,1,3149,PL2-2507-4
VR908162,C106180,VA-HP-ST2,2025-09-06,vireo.in,2,9998,ST2-2506-3
VR880654,C102807,VA-HP-ST3,2025-09-07,Flipkart,2,13298,ST3-2505-1
VR883096,C103159,VA-EB-AIR,2025-09-07,vireo.in,1,1529,AIR-2507-1
VR883291,C104835,VA-EB-PL2,2025-09-07,vireo.in,1,3499,PL2-2507-1
VR883360,C107673,VA-EB-AIR,2025-09-07,Amazon,1,1709,AIR-2506-1
VR886003,C103918,VA-EB-PL2,2025-09-07,Amazon,1,3499,PL2-2506-2
VR886677,C104573,VA-EB-PL2,2025-09-07,Amazon,1,3499,PL2-2507-1
VR887711,C108982,VA-EB-PL2,2025-09-07,vireo.in,1,3324,PL2-2506-2
VR888704,C103449,VA-EB-PL2,2025-09-07,vireo.in,1,3499,PL2-2506-4
VR889608,C105319,VA-EB-PL2,2025-09-07,vireo.in,1,3499,PL2-2506-3
VR890244,C106227,VA-EB-PL2,2025-09-07,vireo.in,1,2974,PL2-2506-3
VR892837,C105125,VA-SW-NX2,2025-09-07,Flipkart,1,5199,NX2-2507-1
VR898106,C100446,VA-SW-NX2,2025-09-07,vireo.in,1,6499,NX2-2507-1
VR898367,C101847,VA-SW-NX2,2025-09-07,Amazon,1,5199,NX2-2506-3
VR900748,C102247,VA-EB-PL2,2025-09-07,Flipkart,1,2799,PL2-2507-4
VR905078,C104410,VA-SP-MINI,2025-09-07,Amazon,1,2249,MINI-2506-1
VR905394,C104524,VA-EB-AIR,2025-09-07,Flipkart,1,1439,AIR-2507-3
VR906778,C102641,VA-AC-CASE,2025-09-07,Amazon,1,1299,CASE-2508-2
VR907151,C104025,VA-EB-PL2,2025-09-07,vireo.in,1,3499,PL2-2508-2
VR907188,C101241,VA-HP-ST3,2025-09-07,vireo.in,1,6299,ST3-2506-3
VR908691,C109412,VA-SP-MINI,2025-09-07,vireo.in,1,2124,MINI-2507-3
VR909904,C104564,VA-SW-FIT,2025-09-07,Flipkart,1,1999,FIT-2508-2
VR880344,C104001,VA-SP-MINI,2025-09-08,Amazon,1,2499,MINI-2506-3
VR880432,C106960,VA-EB-PL2,2025-09-08,Amazon,1,3499,PL2-2507-3
VR882114,C108605,VA-EB-PL2,2025-09-08,Flipkart,1,3499,PL2-2508-1
VR883127,C106896,VA-HP-ST3,2025-09-08,Amazon,1,6999,ST3-2506-2
VR884202,C100985,VA-AC-CASE,2025-09-08,Amazon,1,1299,CASE-2506-2
VR884716,C103297,VA-EB-PL1,2025-09-08,vireo.in,1,2499,PL1-2505-3
VR886462,C109089,VA-EB-PL2,2025-09-08,vireo.in,1,3324,PL2-2507-1
VR888065,C103820,VA-EB-PL2,2025-09-08,vireo.in,1,3499,PL2-2507-3
VR892143,C107828,VA-EB-AIR,2025-09-08,vireo.in,1,1439,AIR-2508-2
VR892657,C107292,VA-SP-MINI,2025-09-08,Amazon,1,2124,MINI-2508-1
VR892787,C107036,VA-EB-PL2,2025-09-08,vireo.in,1,2799,PL2-2508-1
VR894199,C105633,VA-EB-AIR,2025-09-08,vireo.in,1,1799,AIR-2507-3
VR894446,C107213,VA-HP-ST2,2025-09-08,vireo.in,1,4499,ST2-2507-4
VR897604,C104222,VA-EB-PL2,2025-09-08,Amazon,1,3324,PL2-2508-1
VR897621,C100861,VA-HP-ST3,2025-09-08,vireo.in,1,6299,ST3-2507-4
VR897770,C104336,VA-SW-NX2,2025-09-08,vireo.in,2,12348,NX2-2508-2
VR898473,C102737,VA-EB-PL2,2025-09-08,Amazon,1,3499,PL2-2505-2
VR900330,C108350,VA-SW-NX2,2025-09-08,Flipkart,1,6499,NX2-2507-4
VR900371,C101537,VA-EB-PL2,2025-09-08,Amazon,1,3499,PL2-2506-1
VR902013,C100008,VA-SW-NX2,2025-09-08,Amazon,1,5849,NX2-2508-1
VR902231,C107083,VA-EB-AIR,2025-09-08,Flipkart,1,1709,AIR-2508-3
VR903184,C100891,VA-EB-PL2,2025-09-08,Flipkart,1,2799,PL2-2506-2
VR905550,C100556,VA-SP-MINI,2025-09-08,Amazon,2,4498,MINI-2507-3
VR906055,C109003,VA-HP-ST2,2025-09-08,vireo.in,1,4749,ST2-2505-2
VR906670,C101103,VA-EB-AIR,2025-09-08,Amazon,1,1799,AIR-2506-4
VR907648,C105138,VA-EB-PL2,2025-09-08,vireo.in,1,3149,PL2-2508-3
VR880240,C105535,VA-HP-ST3,2025-09-09,vireo.in,1,5949,ST3-2506-4
VR883242,C109030,VA-HP-ST3,2025-09-09,vireo.in,1,6999,ST3-2508-2
VR883895,C109178,VA-SW-FIT,2025-09-09,vireo.in,1,1599,FIT-2508-3
VR887081,C100970,VA-SW-NX2,2025-09-09,vireo.in,1,5849,NX2-2507-3
VR887568,C103226,VA-HP-ST3,2025-09-09,vireo.in,1,5949,ST3-2506-4
VR888302,C106903,VA-EB-PL2,2025-09-09,Amazon,1,3499,PL2-2507-1
VR889256,C100186,VA-EB-PL2,2025-09-09,vireo.in,1,3499,PL2-2507-3
VR889450,C102744,VA-AC-CASE,2025-09-09,Amazon,1,1234,CASE-2507-1
VR889519,C100726,VA-EB-PL1,2025-09-09,vireo.in,1,2499,PL1-2507-1
VR889837,C105674,VA-EB-PL2,2025-09-09,vireo.in,1,2799,PL2-2507-1
VR890576,C106133,VA-SW-NX1,2025-09-09,Flipkart,1,4999,NX1-2508-2
VR894165,C101252,VA-EB-PL2,2025-09-09,Amazon,1,3149,PL2-2507-1
VR894575,C100778,VA-SP-ORB,2025-09-09,Amazon,1,5999,ORB-2508-2
VR894858,C103623,VA-HP-ST3,2025-09-09,vireo.in,1,6299,ST3-2507-4
VR899371,C102580,VA-EB-PL1,2025-09-09,vireo.in,1,1999,PL1-2508-1
VR900806,C107440,VA-AC-CBL,2025-09-09,Amazon,1,339,CBL-2507-1
VR901981,C101133,VA-HP-ST2,2025-09-09,Amazon,1,4999,ST2-2505-4
VR902961,C102854,VA-SP-MINI,2025-09-09,Amazon,1,2374,MINI-2506-4
VR903123,C103702,VA-EB-PL2,2025-09-09,vireo.in,1,3499,PL2-2506-4
VR905095,C107342,VA-EB-PL2,2025-09-09,vireo.in,1,3499,PL2-2507-2
VR906526,C102289,VA-NB-ARC,2025-09-09,vireo.in,1,1299,ARC-2506-2
VR908005,C106698,VA-EB-PL2,2025-09-09,Amazon,1,3499,PL2-2505-2
VR908632,C100755,VA-SW-FIT,2025-09-09,vireo.in,1,1899,FIT-2508-4
VR908790,C108080,VA-AC-CASE,2025-09-09,vireo.in,1,1299,CASE-2507-4
VR909483,C101237,VA-SW-NX2,2025-09-09,Amazon,1,6499,NX2-2507-1
VR881539,C104120,VA-SW-NX2,2025-09-10,Amazon,1,5199,NX2-2508-1
VR882327,C101543,VA-EB-PL1,2025-09-10,vireo.in,1,2374,PL1-2505-3
VR882684,C104002,VA-EB-PL2,2025-09-10,vireo.in,1,3499,PL2-2506-4
VR882844,C107734,VA-EB-PL2,2025-09-10,vireo.in,1,3499,PL2-2506-3
VR883126,C107261,VA-SW-NX2,2025-09-10,Flipkart,1,6499,NX2-2507-1
VR883873,C109144,VA-EB-AIR,2025-09-10,Amazon,1,1709,AIR-2506-4
VR885178,C102540,VA-EB-PL2,2025-09-10,vireo.in,2,6998,PL2-2505-1
VR888359,C108638,VA-EB-PL2,2025-09-10,vireo.in,1,3499,PL2-2507-2
VR890650,C102934,VA-EB-AIR,2025-09-10,vireo.in,1,1799,AIR-2506-1
VR893862,C100380,VA-EB-PL1,2025-09-10,Amazon,1,2499,PL1-2507-1
VR894194,C106135,VA-HP-ST2,2025-09-10,vireo.in,1,3999,ST2-2506-2
VR894509,C105180,VA-EB-AIR,2025-09-10,Flipkart,1,1799,AIR-2506-2
VR898522,C107281,VA-EB-PL2,2025-09-10,Amazon,2,6648,PL2-2508-1
VR900740,C106501,VA-EB-PL2,2025-09-10,vireo.in,1,2974,PL2-2506-1
VR902921,C101488,VA-EB-PL2,2025-09-10,vireo.in,1,3499,PL2-2507-4
VR904337,C109499,VA-EB-AIR,2025-09-10,vireo.in,1,1439,AIR-2506-4
VR904951,C104190,VA-HP-ST2,2025-09-10,Amazon,1,4999,ST2-2506-3
VR905015,C100237,VA-EB-PL2,2025-09-10,Amazon,1,3499,PL2-2507-4
VR905795,C103426,VA-EB-PL2,2025-09-10,vireo.in,1,3499,PL2-2507-4
VR907869,C104071,VA-EB-PL2,2025-09-10,vireo.in,1,3499,PL2-2506-3
VR908001,C106722,VA-EB-PL2,2025-09-10,vireo.in,1,2799,PL2-2506-4
VR908301,C107250,VA-NB-ARC,2025-09-10,vireo.in,1,1299,ARC-2507-4
VR880000,C109121,VA-AC-CASE,2025-09-11,vireo.in,1,1104,CASE-2507-2
VR882689,C107294,VA-EB-AIR,2025-09-11,Amazon,1,1709,AIR-2505-2
VR882952,C109186,VA-EB-AIR,2025-09-11,vireo.in,1,1439,AIR-2508-2
VR883158,C109071,VA-EB-PL1,2025-09-11,Amazon,1,2499,PL1-2507-2
VR884564,C104290,VA-EB-PL1,2025-09-11,Amazon,1,2374,PL1-2508-4
VR884677,C105017,VA-EB-PL2,2025-09-11,vireo.in,1,3499,PL2-2506-1
VR885427,C105229,VA-SP-MINI,2025-09-11,vireo.in,1,2124,MINI-2508-2
VR885649,C106813,VA-EB-PL2,2025-09-11,vireo.in,1,3499,PL2-2508-1
VR886849,C101275,VA-EB-PL2,2025-09-11,vireo.in,2,6998,PL2-2508-4
VR887009,C100190,VA-EB-AIR,2025-09-11,vireo.in,1,1799,AIR-2506-3
VR888034,C108439,VA-HP-ST3,2025-09-11,vireo.in,1,5599,ST3-2507-3
VR890437,C104121,VA-EB-PL2,2025-09-11,Flipkart,1,2974,PL2-2507-4
VR891393,C109496,VA-SP-MINI,2025-09-11,Amazon,1,2499,MINI-2506-1
VR892288,C107136,VA-EB-PL2,2025-09-11,vireo.in,1,3324,PL2-2507-2
VR892577,C106395,VA-EB-PL1,2025-09-11,vireo.in,1,2499,PL1-2505-4
VR898047,C105998,VA-EB-PL2,2025-09-11,vireo.in,1,3149,PL2-2507-2
VR898695,C106887,VA-HP-ST3,2025-09-11,Amazon,1,5949,ST3-2507-4
VR899700,C100314,VA-NB-ARC,2025-09-11,vireo.in,1,1039,ARC-2507-3
VR899707,C108721,VA-EB-PL1,2025-09-11,vireo.in,1,2249,PL1-2507-2
VR899803,C107456,VA-SP-ORB,2025-09-11,vireo.in,1,5999,ORB-2506-3
VR900280,C105581,VA-EB-PL2,2025-09-11,vireo.in,1,3149,PL2-2506-1
VR902052,C100140,VA-EB-PL2,2025-09-11,vireo.in,1,3324,PL2-2508-1
VR902226,C105105,VA-SW-NX1,2025-09-11,Flipkart,1,4249,NX1-2508-2
VR902613,C106187,VA-SW-NX2,2025-09-11,vireo.in,1,5199,NX2-2508-2
VR903725,C108796,VA-SP-MINI,2025-09-11,Flipkart,1,2374,MINI-2506-3
VR904070,C102198,VA-SP-MINI,2025-09-11,vireo.in,1,2499,MINI-2506-3
VR904838,C102102,VA-EB-PL2,2025-09-11,vireo.in,1,3499,PL2-2507-3
VR908746,C103419,VA-EB-PL1,2025-09-11,vireo.in,1,2499,PL1-2508-3
VR908886,C103045,VA-EB-PL2,2025-09-11,Flipkart,1,3324,PL2-2506-2
VR909346,C108357,VA-EB-PL2,2025-09-11,vireo.in,1,2799,PL2-2505-3
VR909870,C102003,VA-EB-PL2,2025-09-11,vireo.in,1,2974,PL2-2507-1
VR881250,C102601,VA-EB-PL2,2025-09-12,vireo.in,1,3499,PL2-2506-2
VR882879,C100655,VA-EB-PL1,2025-09-12,vireo.in,1,1999,PL1-2506-1
VR883448,C103536,VA-EB-PL2,2025-09-12,vireo.in,1,3499,PL2-2506-2
VR884263,C107887,VA-EB-PL1,2025-09-12,Amazon,1,2249,PL1-2506-1
VR885368,C104334,VA-SW-NX2,2025-09-12,Amazon,1,6174,NX2-2508-4
VR887978,C104703,VA-AC-CASE,2025-09-12,vireo.in,1,1299,CASE-2507-2
VR889245,C101976,VA-SW-NX2,2025-09-12,vireo.in,1,5524,NX2-2505-4
VR889599,C104041,VA-EB-PL2,2025-09-12,vireo.in,1,3324,PL2-2507-2
VR891984,C107160,VA-EB-PL2,2025-09-12,vireo.in,1,3499,PL2-2508-2
VR893267,C108733,VA-EB-PL1,2025-09-12,Amazon,1,2374,PL1-2507-1
VR893589,C109327,VA-EB-PL2,2025-09-12,vireo.in,1,3149,PL2-2507-4
VR895057,C108534,VA-HP-ST2,2025-09-12,vireo.in,1,4499,ST2-2508-3
VR896673,C108518,VA-EB-PL2,2025-09-12,vireo.in,1,3499,PL2-2506-3
VR896751,C105688,VA-EB-PL2,2025-09-12,Amazon,2,6298,PL2-2505-2
VR897436,C106876,VA-EB-PL2,2025-09-12,vireo.in,1,2974,PL2-2508-4
VR897841,C108759,VA-EB-PL1,2025-09-12,vireo.in,1,2499,PL1-2507-3
VR898152,C100176,VA-EB-PL2,2025-09-12,vireo.in,1,2799,PL2-2506-1
VR899431,C102613,VA-EB-PL1,2025-09-12,vireo.in,1,2374,PL1-2507-1
VR899998,C100284,VA-EB-PL2,2025-09-12,vireo.in,1,2974,PL2-2506-1
VR900044,C102271,VA-SW-NX1,2025-09-12,Amazon,1,4499,NX1-2505-2
VR901005,C108122,VA-AC-CBL,2025-09-12,vireo.in,1,339,CBL-2508-4
VR901524,C104712,VA-EB-PL2,2025-09-12,Flipkart,1,3149,PL2-2506-3
VR902335,C106719,VA-EB-PL2,2025-09-12,Amazon,1,3324,PL2-2505-4
VR903797,C104953,VA-EB-PL2,2025-09-12,Flipkart,1,3499,PL2-2508-1
VR903861,C107965,VA-EB-PL1,2025-09-12,Amazon,1,2499,PL1-2507-2
VR904548,C100792,VA-SP-MINI,2025-09-12,vireo.in,1,2124,MINI-2507-3
VR904590,C107603,VA-SW-NX1,2025-09-12,vireo.in,1,4749,NX1-2508-3
VR904904,C107618,VA-EB-PL2,2025-09-12,Amazon,1,3499,PL2-2507-1
VR906512,C103931,VA-EB-PL2,2025-09-12,vireo.in,2,5598,PL2-2508-3
VR881321,C101519,VA-EB-PL1,2025-09-13,Amazon,1,2374,PL1-2507-4
VR884464,C106493,VA-EB-PL1,2025-09-13,vireo.in,2,3998,PL1-2507-1
VR884523,C107900,VA-EB-PL2,2025-09-13,vireo.in,1,3324,PL2-2508-2
VR884616,C105583,VA-HP-ST2,2025-09-13,Flipkart,1,3999,ST2-2508-4
VR884940,C103665,VA-EB-AIR,2025-09-13,Amazon,1,1799,AIR-2506-1
VR887594,C107327,VA-SW-FIT,2025-09-13,Flipkart,1,1999,FIT-2508-1
VR888599,C104574,VA-SP-MINI,2025-09-13,Amazon,1,2499,MINI-2508-3
VR888936,C103989,VA-EB-AIR,2025-09-13,vireo.in,1,1439,AIR-2506-4
VR889290,C104335,VA-EB-PL2,2025-09-13,vireo.in,1,3499,PL2-2507-3
VR890914,C108291,VA-EB-PL2,2025-09-13,vireo.in,1,3149,PL2-2507-4
VR892244,C101936,VA-EB-PL2,2025-09-13,Flipkart,1,2974,PL2-2506-4
VR894114,C100085,VA-SW-FIT,2025-09-13,vireo.in,1,1599,FIT-2506-2
VR894226,C108563,VA-SW-FIT,2025-09-13,vireo.in,1,1599,FIT-2507-2
VR894885,C100281,VA-EB-PL1,2025-09-13,Flipkart,1,1999,PL1-2508-1
VR896539,C101271,VA-SP-MINI,2025-09-13,Amazon,1,2249,MINI-2508-2
VR896971,C105460,VA-SP-MINI,2025-09-13,vireo.in,1,1999,MINI-2506-2
VR897478,C103912,VA-HP-ST3,2025-09-13,vireo.in,1,5949,ST3-2508-4
VR899588,C105684,VA-SW-FIT,2025-09-13,Amazon,1,1899,FIT-2506-2
VR900320,C106897,VA-EB-PL2,2025-09-13,vireo.in,1,3499,PL2-2506-4
VR900880,C100076,VA-EB-AIR,2025-09-13,vireo.in,1,1799,AIR-2506-2
VR902869,C100878,VA-EB-PL2,2025-09-13,Flipkart,1,3499,PL2-2508-3
VR904434,C101412,VA-EB-PL2,2025-09-13,vireo.in,1,2799,PL2-2506-3
VR905194,C100497,VA-EB-PL2,2025-09-13,vireo.in,1,3324,PL2-2506-4
VR906995,C109362,VA-AC-CH65,2025-09-13,Amazon,1,1499,CH65-2508-4
VR908401,C109209,VA-EB-PL2,2025-09-13,vireo.in,1,2974,PL2-2507-3
VR908412,C109245,VA-NB-ARC,2025-09-13,Amazon,1,1234,ARC-2506-2
VR909742,C104781,VA-HP-ST3,2025-09-13,Amazon,1,6649,ST3-2506-4
VR880604,C100626,VA-HP-ST3,2025-09-14,Amazon,1,6999,ST3-2508-4
VR881747,C100654,VA-AC-CH65,2025-09-14,Amazon,2,2848,CH65-2508-1
VR882825,C107707,VA-EB-PL2,2025-09-14,vireo.in,1,3324,PL2-2507-3
VR883482,C106245,VA-EB-PL2,2025-09-14,Amazon,1,3499,PL2-2508-4
VR883767,C105045,VA-AC-CH65,2025-09-14,vireo.in,1,1499,CH65-2507-2
VR883809,C103439,VA-EB-PL2,2025-09-14,vireo.in,2,6648,PL2-2506-2
VR884486,C101303,VA-EB-PL2,2025-09-14,Amazon,1,3499,PL2-2507-4
VR884574,C100006,VA-EB-PL2,2025-09-14,vireo.in,1,2974,PL2-2506-4
VR885038,C108979,VA-EB-PL1,2025-09-14,Flipkart,1,2499,PL1-2507-3
VR885285,C104396,VA-SW-NX2,2025-09-14,Amazon,1,6499,NX2-2508-4
VR885484,C101441,VA-NB-ARC,2025-09-14,vireo.in,1,1039,ARC-2507-1
VR886224,C102745,VA-EB-PL2,2025-09-14,Flipkart,1,3324,PL2-2507-4
VR888174,C102441,VA-EB-PL2,2025-09-14,vireo.in,1,3499,PL2-2507-1
VR889110,C100118,VA-EB-PL2,2025-09-14,vireo.in,1,3499,PL2-2506-2
VR891058,C106586,VA-HP-ST2,2025-09-14,Amazon,1,4499,ST2-2507-2
VR893402,C108145,VA-AC-CH65,2025-09-14,Flipkart,1,1199,CH65-2506-1
VR893938,C107089,VA-SP-MINI,2025-09-14,Amazon,1,2499,MINI-2507-4
VR894325,C108587,VA-SP-ORB,2025-09-14,vireo.in,1,5399,ORB-2507-3
VR895829,C106583,VA-SP-MINI,2025-09-14,Amazon,1,2499,MINI-2507-1
VR895945,C101445,VA-SW-FIT,2025-09-14,Amazon,1,1999,FIT-2508-4
VR896259,C108280,VA-EB-PL2,2025-09-14,Amazon,1,3499,PL2-2507-1
VR898269,C102746,VA-NB-ARC,2025-09-14,Amazon,1,1104,ARC-2508-2
VR899254,C101446,VA-AC-CASE,2025-09-14,Amazon,1,1299,CASE-2507-3
VR900096,C105047,VA-EB-PL2,2025-09-14,Flipkart,1,3499,PL2-2508-1
VR900122,C106007,VA-EB-AIR,2025-09-14,vireo.in,1,1709,AIR-2508-3
VR900697,C100799,VA-EB-PL2,2025-09-14,vireo.in,1,3499,PL2-2508-1
VR900920,C105846,VA-HP-ST3,2025-09-14,vireo.in,1,5949,ST3-2506-2
VR901004,C101264,VA-SW-NX2,2025-09-14,Flipkart,1,6174,NX2-2506-1
VR901264,C101483,VA-EB-PL2,2025-09-14,Amazon,1,3324,PL2-2506-2
VR902634,C103139,VA-EB-PL2,2025-09-14,vireo.in,1,3499,PL2-2506-3
VR903394,C103053,VA-EB-PL2,2025-09-14,vireo.in,1,3324,PL2-2508-4
VR906624,C107677,VA-EB-PL2,2025-09-14,Flipkart,2,5598,PL2-2508-1
VR907115,C107336,VA-EB-PL2,2025-09-14,vireo.in,1,3324,PL2-2506-2
VR908485,C105844,VA-EB-PL1,2025-09-14,Amazon,1,2374,PL1-2508-3
VR908902,C102623,VA-SP-MINI,2025-09-14,vireo.in,1,2249,MINI-2507-2
VR909299,C108390,VA-EB-PL1,2025-09-14,Amazon,1,2249,PL1-2507-4
VR909522,C106058,VA-SW-NX2,2025-09-14,vireo.in,1,5849,NX2-2506-3
VR880374,C104997,VA-EB-PL2,2025-09-15,Amazon,1,3324,PL2-2507-3
VR882376,C105644,VA-EB-PL2,2025-09-15,Amazon,1,3499,PL2-2505-3
VR882390,C102091,VA-SP-ORB,2025-09-15,vireo.in,2,10798,ORB-2506-2
VR883806,C107614,VA-HP-ST3,2025-09-15,vireo.in,1,5599,ST3-2506-2
VR884426,C101603,VA-EB-AIR,2025-09-15,Flipkart,1,1799,AIR-2508-1
VR885048,C107618,VA-EB-PL2,2025-09-15,Amazon,1,2974,PL2-2507-2
VR887673,C105472,VA-SW-NX2,2025-09-15,Flipkart,1,6499,NX2-2507-4
VR889103,C104780,VA-EB-PL2,2025-09-15,Amazon,2,6998,PL2-2508-3
VR889551,C109074,VA-SW-NX2,2025-09-15,Amazon,1,6499,NX2-2508-3
VR890110,C100620,VA-EB-PL1,2025-09-15,vireo.in,1,1999,PL1-2507-2
VR890531,C107084,VA-SP-MINI,2025-09-15,vireo.in,1,2374,MINI-2506-3
VR891117,C105411,VA-SW-FIT,2025-09-15,vireo.in,1,1599,FIT-2507-2
VR891462,C106934,VA-EB-AIR,2025-09-15,Amazon,1,1709,AIR-2506-4
VR891916,C100221,VA-EB-PL2,2025-09-15,vireo.in,1,3499,PL2-2507-3
VR892853,C102450,VA-NB-ARC,2025-09-15,vireo.in,1,1299,ARC-2507-2
VR893266,C106503,VA-EB-PL2,2025-09-15,Amazon,1,2799,PL2-2506-4
VR894054,C109394,VA-EB-PL2,2025-09-15,vireo.in,2,6998,PL2-2506-2
VR896223,C102086,VA-SP-MINI,2025-09-15,vireo.in,1,2249,MINI-2507-2
VR896686,C108955,VA-EB-PL2,2025-09-15,vireo.in,1,3499,PL2-2506-1
VR898588,C106627,VA-EB-PL2,2025-09-15,vireo.in,1,2799,PL2-2506-3
VR899031,C107764,VA-SW-NX2,2025-09-15,vireo.in,1,6499,NX2-2506-4
VR899580,C102094,VA-HP-ST2,2025-09-15,vireo.in,1,3999,ST2-2506-2
VR902966,C107389,VA-EB-AIR,2025-09-15,vireo.in,1,1439,AIR-2508-2
VR904284,C102427,VA-HP-ST3,2025-09-15,vireo.in,1,6649,ST3-2506-3
VR904355,C106072,VA-EB-PL2,2025-09-15,Amazon,1,3499,PL2-2506-1
VR904426,C106299,VA-EB-PL2,2025-09-15,Amazon,1,3499,PL2-2505-1
VR905649,C109309,VA-SW-NX1,2025-09-15,Amazon,1,4999,NX1-2508-1
VR905833,C102359,VA-EB-PL2,2025-09-15,Amazon,1,3499,PL2-2506-4
VR909497,C108334,VA-SW-NX2,2025-09-15,Flipkart,1,5849,NX2-2507-3
VR909615,C101945,VA-EB-PL2,2025-09-15,Amazon,1,3499,PL2-2508-2
VR880338,C101315,VA-SW-NX1,2025-09-16,vireo.in,1,4249,NX1-2506-3
VR882148,C105876,VA-EB-PL2,2025-09-16,vireo.in,1,2974,PL2-2506-4
VR882620,C106507,VA-EB-PL2,2025-09-16,vireo.in,1,3499,PL2-2506-3
VR885233,C108763,VA-EB-PL2,2025-09-16,vireo.in,1,3499,PL2-2506-2
VR885477,C103257,VA-SW-NX2,2025-09-16,vireo.in,1,5849,NX2-2507-3
VR886250,C103058,VA-SP-MINI,2025-09-16,vireo.in,1,2374,MINI-2506-4
VR888349,C104933,VA-AC-CH65,2025-09-16,vireo.in,1,1499,CH65-2506-4
VR888917,C102567,VA-EB-AIR,2025-09-16,Amazon,1,1439,AIR-2506-4
VR890131,C108929,VA-EB-PL2,2025-09-16,vireo.in,1,3499,PL2-2507-1
VR890283,C100568,VA-SP-ORB,2025-09-16,vireo.in,2,10798,ORB-2506-4
VR890630,C100422,VA-AC-CH65,2025-09-16,vireo.in,1,1349,CH65-2507-1
VR890754,C100761,VA-EB-PL2,2025-09-16,vireo.in,2,6998,PL2-2507-3
VR890931,C101959,VA-EB-PL2,2025-09-16,vireo.in,1,2799,PL2-2508-1
VR892311,C101265,VA-SW-FIT,2025-09-16,Amazon,1,1599,FIT-2506-1
VR895018,C108837,VA-EB-PL2,2025-09-16,Amazon,1,3499,PL2-2506-1
VR895544,C103217,VA-AC-CASE,2025-09-16,vireo.in,1,1299,CASE-2507-1
VR895914,C102258,VA-EB-PL2,2025-09-16,vireo.in,1,2974,PL2-2508-1
VR902096,C101245,VA-AC-CBL,2025-09-16,vireo.in,1,359,CBL-2507-4
VR905523,C104234,VA-NB-ARC,2025-09-16,vireo.in,1,1104,ARC-2508-1
VR906240,C103342,VA-EB-PL1,2025-09-16,vireo.in,1,2249,PL1-2507-2
VR906244,C106894,VA-EB-PL1,2025-09-16,Flipkart,1,2249,PL1-2507-4
VR907466,C101964,VA-SW-NX2,2025-09-16,Amazon,1,5524,NX2-2508-4
VR909604,C102358,VA-SW-FIT,2025-09-16,vireo.in,1,1599,FIT-2508-2
VR909888,C108502,VA-EB-PL2,2025-09-16,vireo.in,1,3499,PL2-2505-1
VR883165,C109162,VA-EB-AIR,2025-09-17,vireo.in,1,1619,AIR-2506-3
VR883600,C104602,VA-EB-PL2,2025-09-17,vireo.in,1,3499,PL2-2507-3
VR885491,C101812,VA-SW-FIT,2025-09-17,Amazon,1,1999,FIT-2508-4
VR886191,C109010,VA-EB-PL1,2025-09-17,Flipkart,1,2374,PL1-2507-3
VR886673,C102493,VA-SW-NX2,2025-09-17,Flipkart,1,6174,NX2-2506-1
VR887380,C100021,VA-EB-PL2,2025-09-17,Amazon,1,3499,PL2-2507-2
VR887738,C101267,VA-EB-PL2,2025-09-17,Flipkart,1,3324,PL2-2507-3
VR888496,C101878,VA-SW-NX2,2025-09-17,Amazon,1,5199,NX2-2506-1
VR889849,C107182,VA-EB-PL2,2025-09-17,vireo.in,1,2974,PL2-2506-2
VR890409,C108638,VA-HP-ST2,2025-09-17,vireo.in,1,3999,ST2-2506-3
VR891326,C108566,VA-EB-PL2,2025-09-17,Amazon,1,3499,PL2-2506-4
VR894435,C107367,VA-EB-AIR,2025-09-17,Amazon,1,1439,AIR-2506-4
VR899149,C101419,VA-EB-PL2,2025-09-17,vireo.in,1,3149,PL2-2508-1
VR899533,C103096,VA-AC-CH65,2025-09-17,Amazon,1,1499,CH65-2505-3
VR903352,C102013,VA-SW-FIT,2025-09-17,Amazon,1,1599,FIT-2507-2
VR903653,C102205,VA-SW-FIT,2025-09-17,vireo.in,1,1999,FIT-2508-3
VR903781,C102385,VA-EB-PL2,2025-09-17,vireo.in,1,2974,PL2-2508-4
VR904775,C107978,VA-EB-PL1,2025-09-17,vireo.in,1,2499,PL1-2507-1
VR906849,C101073,VA-EB-PL2,2025-09-17,vireo.in,1,2799,PL2-2506-2
VR907356,C106066,VA-HP-ST3,2025-09-17,vireo.in,1,5599,ST3-2507-4
VR907781,C104196,VA-EB-PL2,2025-09-17,vireo.in,1,2974,PL2-2506-3
VR908754,C102580,VA-SP-MINI,2025-09-17,vireo.in,1,2499,MINI-2506-2
VR880890,C100288,VA-EB-PL2,2025-09-18,Flipkart,1,3499,PL2-2507-1
VR882058,C101579,VA-EB-PL2,2025-09-18,vireo.in,1,3499,PL2-2507-1
VR882456,C101204,VA-SP-MINI,2025-09-18,Flipkart,1,2499,MINI-2506-2
VR882695,C101947,VA-EB-PL2,2025-09-18,vireo.in,1,3324,PL2-2508-2
VR883702,C102611,VA-HP-ST2,2025-09-18,Amazon,2,9998,ST2-2507-2
VR885784,C100770,VA-SP-MINI,2025-09-18,Amazon,1,2499,MINI-2508-3
VR886615,C102429,VA-SW-NX2,2025-09-18,Flipkart,1,6499,NX2-2506-2
VR888439,C106262,VA-SP-MINI,2025-09-18,Amazon,1,2249,MINI-2506-3
VR889978,C103802,VA-EB-PL2,2025-09-18,vireo.in,1,2974,PL2-2506-2
VR891838,C103057,VA-HP-ST2,2025-09-18,Flipkart,1,3999,ST2-2506-4
VR892054,C101150,VA-EB-PL2,2025-09-18,vireo.in,1,2974,PL2-2508-4
VR892197,C107182,VA-EB-PL2,2025-09-18,Amazon,1,3499,PL2-2506-4
VR893455,C101760,VA-EB-PL2,2025-09-18,Amazon,1,3324,PL2-2508-3
VR894755,C108062,VA-EB-PL2,2025-09-18,vireo.in,1,3499,PL2-2508-1
VR894803,C107906,VA-AC-CH65,2025-09-18,vireo.in,1,1274,CH65-2508-4
VR895496,C103426,VA-HP-ST3,2025-09-18,vireo.in,1,6299,ST3-2508-2
VR896129,C101840,VA-EB-PL2,2025-09-18,Flipkart,1,3499,PL2-2506-3
VR896967,C103851,VA-AC-CH65,2025-09-18,Amazon,1,1199,CH65-2506-1
VR899053,C100952,VA-EB-PL2,2025-09-18,vireo.in,1,3499,PL2-2506-1
VR899130,C103798,VA-SP-MINI,2025-09-18,Flipkart,1,2374,MINI-2507-3
VR899363,C104818,VA-EB-PL2,2025-09-18,Amazon,1,3499,PL2-2508-4
VR900363,C100514,VA-AC-CASE,2025-09-18,Amazon,1,1234,CASE-2508-4
VR900409,C106488,VA-SP-ORB,2025-09-18,Amazon,1,4799,ORB-2507-3
VR900952,C108058,VA-SP-ORB,2025-09-18,vireo.in,1,4799,ORB-2506-3
VR902707,C106966,VA-SW-FIT,2025-09-18,Amazon,1,1599,FIT-2507-4
VR903082,C107037,VA-HP-ST2,2025-09-18,Amazon,1,4749,ST2-2506-1
VR904032,C101218,VA-EB-PL2,2025-09-18,Flipkart,1,3499,PL2-2508-4
VR904105,C100288,VA-EB-PL2,2025-09-18,Amazon,1,3149,PL2-2506-2
VR904353,C101120,VA-EB-PL2,2025-09-18,vireo.in,1,3499,PL2-2508-3
VR905423,C108420,VA-SW-NX2,2025-09-18,Amazon,1,6499,NX2-2508-2
VR905709,C102288,VA-HP-ST3,2025-09-18,vireo.in,1,5599,ST3-2508-1
VR906440,C100955,VA-EB-PL1,2025-09-18,vireo.in,1,2374,PL1-2506-2
VR909029,C109399,VA-EB-PL1,2025-09-18,Flipkart,1,1999,PL1-2507-3
VR909705,C107879,VA-SW-NX2,2025-09-18,Flipkart,1,6174,NX2-2507-4
VR883686,C102788,VA-HP-ST3,2025-09-19,vireo.in,1,6999,ST3-2508-3
VR885202,C107384,VA-HP-ST3,2025-09-19,Flipkart,1,6649,ST3-2507-4
VR888043,C104332,VA-SP-MINI,2025-09-19,Amazon,1,2374,MINI-2508-4
VR891021,C104778,VA-EB-PL2,2025-09-19,vireo.in,1,2974,PL2-2507-1
VR891231,C101754,VA-EB-PL2,2025-09-19,Flipkart,1,3499,PL2-2506-1
VR892378,C100632,VA-EB-PL2,2025-09-19,vireo.in,1,2974,PL2-2508-4
VR892783,C104006,VA-AC-CASE,2025-09-19,vireo.in,1,1169,CASE-2508-2
VR895359,C106503,VA-AC-CASE,2025-09-19,vireo.in,1,1169,CASE-2506-2
VR895970,C109002,VA-EB-PL2,2025-09-19,vireo.in,1,3499,PL2-2506-2
VR896306,C101132,VA-EB-AIR,2025-09-19,vireo.in,1,1799,AIR-2508-3
VR896516,C107702,VA-SW-NX2,2025-09-19,Amazon,1,5524,NX2-2508-2
VR898415,C104101,VA-EB-AIR,2025-09-19,vireo.in,1,1799,AIR-2507-3
VR902280,C103291,VA-EB-PL2,2025-09-19,Flipkart,1,3499,PL2-2508-1
VR903035,C109029,VA-HP-ST2,2025-09-19,Amazon,1,4999,ST2-2507-4
VR904647,C106312,VA-SP-MINI,2025-09-19,vireo.in,1,2374,MINI-2506-1
VR907297,C102357,VA-HP-ST3,2025-09-19,Amazon,1,6649,ST3-2508-1
VR907475,C109475,VA-SW-NX2,2025-09-19,Amazon,1,6499,NX2-2508-4
VR908316,C103312,VA-SP-MINI,2025-09-19,vireo.in,1,2499,MINI-2507-4
VR908698,C103103,VA-EB-PL2,2025-09-19,vireo.in,1,3499,PL2-2507-3
VR909021,C101447,VA-HP-ST3,2025-09-19,vireo.in,1,6999,ST3-2508-1
VR909777,C108270,VA-SP-MINI,2025-09-19,Amazon,1,1999,MINI-2506-3
VR882009,C105863,VA-SP-ORB,2025-09-20,Amazon,1,5999,ORB-2507-1
VR882917,C103479,VA-SP-MINI,2025-09-20,vireo.in,2,4998,MINI-2507-3
VR883230,C100900,VA-EB-PL2,2025-09-20,vireo.in,1,3499,PL2-2506-1
VR883401,C100087,VA-EB-PL2,2025-09-20,Amazon,1,3499,PL2-2508-4
VR883509,C107610,VA-SP-ORB,2025-09-20,vireo.in,1,5099,ORB-2508-4
VR883726,C102897,VA-EB-PL2,2025-09-20,vireo.in,1,2974,PL2-2507-1
VR885248,C103462,VA-AC-CBL,2025-09-20,vireo.in,1,399,CBL-2506-4
VR887512,C106548,VA-SW-FIT,2025-09-20,Amazon,1,1599,FIT-2506-3
VR888549,C104746,VA-SW-FIT,2025-09-20,vireo.in,1,1899,FIT-2506-4
VR892238,C107851,VA-HP-ST3,2025-09-20,Amazon,1,6299,ST3-2508-4
VR895624,C107085,VA-SW-NX1,2025-09-20,Flipkart,1,4999,NX1-2507-3
VR896768,C102755,VA-EB-PL2,2025-09-20,vireo.in,1,3149,PL2-2506-1
VR897692,C103576,VA-SP-MINI,2025-09-20,Flipkart,1,2499,MINI-2506-2
VR898314,C104387,VA-HP-ST2,2025-09-20,vireo.in,1,4749,ST2-2508-1
VR898764,C103734,VA-EB-PL2,2025-09-20,Amazon,2,5598,PL2-2508-3
VR898902,C101454,VA-EB-PL2,2025-09-20,Amazon,1,3324,PL2-2508-1
VR899339,C105041,VA-EB-PL2,2025-09-20,vireo.in,1,3499,PL2-2506-2
VR899649,C101536,VA-SW-FIT,2025-09-20,vireo.in,1,1999,FIT-2507-4
VR903545,C106180,VA-SP-MINI,2025-09-20,vireo.in,1,2124,MINI-2507-3
VR905290,C106206,VA-SW-NX1,2025-09-20,Amazon,1,4249,NX1-2506-4
VR905535,C103929,VA-EB-PL2,2025-09-20,Flipkart,1,3149,PL2-2508-1
VR908395,C106000,VA-EB-PL2,2025-09-20,Amazon,1,3499,PL2-2506-4
VR908633,C107814,VA-EB-PL1,2025-09-20,vireo.in,1,2499,PL1-2506-4
VR909321,C103414,VA-HP-ST2,2025-09-20,Flipkart,1,4249,ST2-2506-1
VR909618,C104838,VA-EB-PL2,2025-09-20,vireo.in,1,3499,PL2-2507-1
VR910136,C107239,VA-EB-PL2,2025-09-20,vireo.in,1,2799,PL2-2507-3
VR880579,C102905,VA-EB-PL2,2025-09-21,vireo.in,1,3324,PL2-2508-2
VR885855,C103524,VA-SW-NX2,2025-09-21,vireo.in,1,6499,NX2-2508-3
VR886583,C102542,VA-EB-PL2,2025-09-21,vireo.in,1,3499,PL2-2507-4
VR886695,C103537,VA-EB-PL2,2025-09-21,vireo.in,1,3499,PL2-2506-4
VR889192,C106703,VA-EB-PL2,2025-09-21,vireo.in,1,2974,PL2-2508-2
VR889588,C104966,VA-SW-NX2,2025-09-21,Amazon,1,6499,NX2-2507-3
VR890357,C108703,VA-SW-FIT,2025-09-21,vireo.in,1,1699,FIT-2508-1
VR892483,C101408,VA-EB-PL2,2025-09-21,Flipkart,1,3149,PL2-2506-1
VR894353,C100873,VA-EB-PL1,2025-09-21,vireo.in,1,2374,PL1-2507-3
VR894647,C101560,VA-HP-ST3,2025-09-21,Flipkart,2,11198,ST3-2507-4
VR898041,C100808,VA-HP-ST3,2025-09-21,Flipkart,1,5599,ST3-2506-4
VR899795,C106273,VA-EB-PL2,2025-09-21,vireo.in,1,3324,PL2-2507-2
VR906365,C105790,VA-EB-PL1,2025-09-21,Amazon,1,1999,PL1-2508-4
VR909894,C103905,VA-SW-NX2,2025-09-21,vireo.in,1,5849,NX2-2507-4
VR909950,C104637,VA-AC-CBL,2025-09-21,Flipkart,1,399,CBL-2506-1
VR880884,C108271,VA-SW-NX2,2025-09-22,vireo.in,1,6499,NX2-2506-2
VR882567,C105367,VA-EB-PL2,2025-09-22,vireo.in,2,6998,PL2-2507-3
VR885289,C103403,VA-EB-PL2,2025-09-22,vireo.in,1,2799,PL2-2506-3
VR887776,C105134,VA-EB-PL2,2025-09-22,vireo.in,1,2974,PL2-2506-3
VR887992,C103772,VA-EB-PL1,2025-09-22,Amazon,1,2499,PL1-2506-1
VR888604,C108067,VA-SW-NX2,2025-09-22,vireo.in,1,6499,NX2-2507-4
VR888801,C103919,VA-SW-NX1,2025-09-22,vireo.in,1,3999,NX1-2506-4
VR890261,C101472,VA-EB-PL2,2025-09-22,Flipkart,1,2974,PL2-2506-2
VR894791,C102361,VA-SW-NX2,2025-09-22,Amazon,1,5524,NX2-2508-3
VR896229,C102724,VA-SW-FIT,2025-09-22,vireo.in,1,1999,FIT-2506-2
VR897987,C108385,VA-SP-MINI,2025-09-22,Flipkart,2,4248,MINI-2507-3
VR898067,C107395,VA-EB-PL2,2025-09-22,vireo.in,2,5598,PL2-2506-4
VR898378,C108064,VA-EB-PL2,2025-09-22,vireo.in,1,3324,PL2-2508-1
VR899462,C108178,VA-EB-PL1,2025-09-22,Amazon,1,2499,PL1-2508-1
VR899792,C108804,VA-EB-PL2,2025-09-22,vireo.in,1,3149,PL2-2506-2
VR900242,C109480,VA-SP-MINI,2025-09-22,vireo.in,1,1999,MINI-2508-1
VR906895,C101176,VA-EB-AIR,2025-09-22,vireo.in,1,1439,AIR-2507-4
VR908561,C100084,VA-SP-ORB,2025-09-22,Amazon,1,5399,ORB-2506-2
VR908611,C106144,VA-HP-ST2,2025-09-22,vireo.in,1,4999,ST2-2508-1
VR909088,C108229,VA-SW-NX2,2025-09-22,Flipkart,1,6499,NX2-2506-4
VR881555,C100229,VA-EB-PL2,2025-09-23,vireo.in,1,3499,PL2-2508-1
VR883388,C102135,VA-EB-PL2,2025-09-23,vireo.in,1,2974,PL2-2509-2
VR884610,C105207,VA-HP-ST2,2025-09-23,Amazon,1,4749,ST2-2508-2
VR886997,C107323,VA-EB-PL2,2025-09-23,Amazon,1,3324,PL2-2508-2
VR887255,C101842,VA-EB-PL1,2025-09-23,vireo.in,1,2499,PL1-2506-3
VR887873,C108975,VA-EB-PL1,2025-09-23,vireo.in,2,3998,PL1-2508-4
VR888659,C106754,VA-EB-AIR,2025-09-23,Amazon,1,1619,AIR-2508-1
VR889232,C108171,VA-HP-ST3,2025-09-23,vireo.in,1,6999,ST3-2506-1
VR890429,C105404,VA-EB-PL2,2025-09-23,vireo.in,1,3499,PL2-2508-4
VR892855,C106527,VA-AC-CH65,2025-09-23,vireo.in,1,1499,CH65-2507-2
VR893227,C106887,VA-EB-AIR,2025-09-23,Amazon,1,1709,AIR-2508-2
VR893570,C107343,VA-EB-PL2,2025-09-23,vireo.in,1,3149,PL2-2508-2
VR896560,C109027,VA-EB-AIR,2025-09-23,Flipkart,1,1619,AIR-2506-3
VR899637,C107225,VA-EB-PL2,2025-09-23,Amazon,1,3499,PL2-2507-1
VR899834,C104788,VA-EB-PL2,2025-09-23,vireo.in,1,3499,PL2-2506-3
VR900731,C106016,VA-EB-PL2,2025-09-23,Amazon,1,3499,PL2-2507-4
VR903825,C100084,VA-EB-PL2,2025-09-23,Flipkart,1,3499,PL2-2508-2
VR904391,C103464,VA-EB-PL2,2025-09-23,vireo.in,1,2974,PL2-2508-4
VR906664,C109243,VA-EB-PL1,2025-09-23,vireo.in,1,2499,PL1-2507-4
VR907898,C103858,VA-EB-PL1,2025-09-23,Amazon,1,2499,PL1-2506-4
VR909401,C106497,VA-EB-PL2,2025-09-23,vireo.in,1,2974,PL2-2508-2
VR880253,C103550,VA-EB-PL2,2025-09-24,Amazon,1,3499,PL2-2508-2
VR882135,C106169,VA-HP-ST3,2025-09-24,vireo.in,1,5599,ST3-2508-4
VR882345,C107303,VA-EB-AIR,2025-09-24,vireo.in,1,1439,AIR-2508-1
VR884151,C105136,VA-EB-PL2,2025-09-24,vireo.in,1,3499,PL2-2506-2
VR886075,C100346,VA-EB-PL1,2025-09-24,vireo.in,1,2374,PL1-2507-2
VR886419,C103040,VA-SW-NX2,2025-09-24,vireo.in,1,5524,NX2-2508-1
VR887244,C106675,VA-HP-ST2,2025-09-24,vireo.in,1,4499,ST2-2509-3
VR890790,C102504,VA-SW-NX1,2025-09-24,Amazon,1,4749,NX1-2506-2
VR892929,C107630,VA-SW-NX1,2025-09-24,Flipkart,1,4249,NX1-2508-3
VR893423,C102676,VA-EB-PL2,2025-09-24,vireo.in,1,2799,PL2-2506-1
VR893928,C105473,VA-EB-PL2,2025-09-24,Amazon,1,3499,PL2-2506-1
VR893989,C102581,VA-SP-ORB,2025-09-24,Flipkart,1,5099,ORB-2507-2
VR895194,C104764,VA-EB-AIR,2025-09-24,Flipkart,1,1439,AIR-2506-1
VR895512,C108556,VA-EB-PL2,2025-09-24,vireo.in,1,2799,PL2-2507-3
VR897532,C101542,VA-NB-ARC,2025-09-24,vireo.in,1,1299,ARC-2507-2
VR897932,C106696,VA-EB-PL2,2025-09-24,vireo.in,1,3324,PL2-2507-4
VR898810,C102494,VA-EB-PL1,2025-09-24,Amazon,1,2499,PL1-2506-1
VR899160,C102189,VA-HP-ST3,2025-09-24,Amazon,1,6649,ST3-2506-3
VR900212,C105809,VA-EB-PL2,2025-09-24,vireo.in,1,3324,PL2-2507-1
VR901581,C103494,VA-HP-ST3,2025-09-24,vireo.in,1,6999,ST3-2508-2
VR902801,C103395,VA-EB-AIR,2025-09-24,vireo.in,1,1529,AIR-2507-1
VR906268,C106426,VA-SP-MINI,2025-09-24,vireo.in,1,2124,MINI-2508-1
VR907746,C104712,VA-EB-PL2,2025-09-24,vireo.in,1,3149,PL2-2507-2
VR908835,C102040,VA-SW-NX2,2025-09-24,vireo.in,1,5524,NX2-2507-1
VR909063,C100396,VA-NB-ARC,2025-09-24,Amazon,1,1299,ARC-2507-1
VR909692,C103321,VA-EB-AIR,2025-09-24,vireo.in,1,1709,AIR-2508-4
VR909751,C106999,VA-EB-PL2,2025-09-24,Amazon,1,3499,PL2-2507-3
VR880068,C103298,VA-EB-PL2,2025-09-25,vireo.in,1,3499,PL2-2508-1
VR880834,C109042,VA-SW-FIT,2025-09-25,vireo.in,1,1899,FIT-2508-2
VR883014,C102087,VA-SP-MINI,2025-09-25,vireo.in,1,2499,MINI-2507-1
VR884037,C105076,VA-SP-MINI,2025-09-25,Amazon,1,2374,MINI-2507-1
VR884680,C103001,VA-EB-PL2,2025-09-25,Amazon,1,3499,PL2-2507-3
VR886354,C105200,VA-SW-NX2,2025-09-25,Amazon,2,12348,NX2-2507-3
VR889945,C102640,VA-EB-PL2,2025-09-25,Amazon,1,3324,PL2-2507-1
VR890458,C100840,VA-AC-CH65,2025-09-25,Amazon,1,1349,CH65-2506-4
VR891229,C108999,VA-HP-ST2,2025-09-25,vireo.in,1,4249,ST2-2506-2
VR891338,C100503,VA-SP-ORB,2025-09-25,Amazon,1,4799,ORB-2508-2
VR892127,C109447,VA-EB-PL2,2025-09-25,Amazon,1,2799,PL2-2507-2
VR893032,C103918,VA-EB-PL2,2025-09-25,vireo.in,1,3499,PL2-2509-1
VR893373,C101168,VA-EB-PL2,2025-09-25,vireo.in,1,3499,PL2-2508-4
VR896725,C103255,VA-HP-ST3,2025-09-25,vireo.in,1,6999,ST3-2508-1
VR901049,C102490,VA-EB-PL2,2025-09-25,Amazon,1,3149,PL2-2506-4
VR901143,C105759,VA-AC-CASE,2025-09-25,Flipkart,1,1299,CASE-2507-1
VR905685,C108897,VA-EB-PL2,2025-09-25,vireo.in,1,2974,PL2-2507-1
VR906196,C102294,VA-AC-CASE,2025-09-25,vireo.in,1,1039,CASE-2506-4
VR907352,C106082,VA-EB-PL2,2025-09-25,Flipkart,1,3324,PL2-2508-4
VR908599,C108637,VA-EB-PL2,2025-09-25,Amazon,1,3324,PL2-2508-4
VR910011,C102878,VA-EB-PL1,2025-09-25,vireo.in,1,2374,PL1-2507-3
VR881739,C109452,VA-EB-PL2,2025-09-26,vireo.in,1,3499,PL2-2508-4
VR883920,C100944,VA-SW-NX2,2025-09-26,vireo.in,1,5849,NX2-2506-2
VR885891,C106782,VA-EB-PL2,2025-09-26,vireo.in,1,3149,PL2-2509-3
VR889828,C103054,VA-EB-PL2,2025-09-26,Amazon,1,3149,PL2-2509-2
VR889857,C105742,VA-EB-PL2,2025-09-26,vireo.in,1,3499,PL2-2507-3
VR890528,C100849,VA-SW-NX1,2025-09-26,vireo.in,1,4999,NX1-2506-2
VR891555,C108006,VA-HP-ST2,2025-09-26,Amazon,1,4999,ST2-2506-2
VR891904,C101172,VA-EB-PL1,2025-09-26,vireo.in,1,2124,PL1-2508-2
VR891949,C104080,VA-EB-PL1,2025-09-26,Amazon,1,2374,PL1-2506-4
VR892301,C109000,VA-EB-PL2,2025-09-26,vireo.in,1,3149,PL2-2507-2
VR893525,C102911,VA-EB-PL2,2025-09-26,Flipkart,1,3324,PL2-2507-2
VR895117,C101518,VA-HP-ST3,2025-09-26,vireo.in,1,6999,ST3-2507-1
VR895154,C100715,VA-EB-PL1,2025-09-26,Amazon,1,2499,PL1-2508-2
VR895646,C100010,VA-EB-PL2,2025-09-26,vireo.in,1,3499,PL2-2508-1
VR896596,C106422,VA-EB-PL2,2025-09-26,Amazon,1,3499,PL2-2506-3
VR897282,C102980,VA-HP-ST3,2025-09-26,Amazon,1,5599,ST3-2506-4
VR897920,C108125,VA-EB-PL1,2025-09-26,vireo.in,1,2499,PL1-2507-4
VR898207,C104258,VA-EB-PL2,2025-09-26,Flipkart,1,3149,PL2-2508-3
VR899307,C104341,VA-HP-ST3,2025-09-26,vireo.in,1,6999,ST3-2508-3
VR900305,C101148,VA-EB-PL2,2025-09-26,vireo.in,1,2974,PL2-2506-4
VR903446,C106904,VA-EB-PL2,2025-09-26,Amazon,1,3324,PL2-2506-4
VR903586,C105123,VA-EB-PL1,2025-09-26,Flipkart,1,2499,PL1-2508-3
VR904252,C103617,VA-SP-ORB,2025-09-26,Amazon,1,5399,ORB-2506-3
VR905186,C105046,VA-EB-PL2,2025-09-26,vireo.in,1,3499,PL2-2507-1
VR905318,C104965,VA-EB-PL1,2025-09-26,vireo.in,1,1999,PL1-2507-4
VR905495,C104281,VA-EB-PL2,2025-09-26,vireo.in,1,3499,PL2-2506-3
VR907004,C102243,VA-AC-CH65,2025-09-26,Flipkart,1,1499,CH65-2508-2
VR907219,C108079,VA-EB-PL2,2025-09-26,vireo.in,1,3324,PL2-2508-1
VR907399,C102429,VA-EB-PL1,2025-09-26,Amazon,1,2124,PL1-2507-1
VR908721,C103493,VA-SW-NX1,2025-09-26,Amazon,1,4999,NX1-2508-2
VR880772,C101277,VA-EB-PL2,2025-09-27,Amazon,1,3324,PL2-2507-3
VR881106,C107728,VA-HP-ST3,2025-09-27,vireo.in,1,6299,ST3-2507-4
VR881782,C102823,VA-HP-ST3,2025-09-27,Amazon,1,6299,ST3-2507-4
VR882185,C103150,VA-EB-PL2,2025-09-27,vireo.in,2,6298,PL2-2507-3
VR882904,C109338,VA-HP-ST3,2025-09-27,vireo.in,1,6649,ST3-2506-3
VR883030,C109255,VA-EB-AIR,2025-09-27,vireo.in,1,1799,AIR-2507-1
VR883739,C107169,VA-HP-ST3,2025-09-27,vireo.in,1,6999,ST3-2507-1
VR883978,C103673,VA-NB-ARC,2025-09-27,vireo.in,1,1169,ARC-2508-3
VR884106,C102136,VA-EB-PL2,2025-09-27,vireo.in,1,2974,PL2-2508-2
VR886104,C107927,VA-EB-PL2,2025-09-27,Amazon,1,3499,PL2-2506-1
VR889545,C108127,VA-EB-PL1,2025-09-27,Amazon,1,2124,PL1-2506-1
VR889912,C107809,VA-SP-ORB,2025-09-27,vireo.in,1,5399,ORB-2507-1
VR893605,C107342,VA-SW-NX2,2025-09-27,vireo.in,1,6499,NX2-2508-1
VR894529,C107075,VA-EB-PL1,2025-09-27,vireo.in,1,2249,PL1-2509-2
VR895432,C107487,VA-SW-NX1,2025-09-27,vireo.in,2,9998,NX1-2509-3
VR897618,C102893,VA-EB-PL2,2025-09-27,vireo.in,1,2799,PL2-2507-4
VR899129,C100354,VA-HP-ST3,2025-09-27,vireo.in,2,11198,ST3-2507-4
VR899910,C108881,VA-SW-NX2,2025-09-27,Amazon,1,5199,NX2-2508-1
VR899945,C109448,VA-EB-PL2,2025-09-27,Amazon,1,3324,PL2-2506-2
VR900344,C103262,VA-EB-PL2,2025-09-27,vireo.in,1,3324,PL2-2508-4
VR900565,C107096,VA-EB-PL2,2025-09-27,Amazon,1,3499,PL2-2506-4
VR901419,C100917,VA-SW-FIT,2025-09-27,Amazon,1,1999,FIT-2506-4
VR902678,C102959,VA-AC-CBL,2025-09-27,Flipkart,1,359,CBL-2507-4
VR903512,C104490,VA-HP-ST3,2025-09-27,vireo.in,1,6999,ST3-2506-4
VR904411,C101703,VA-EB-PL2,2025-09-27,Amazon,1,3499,PL2-2507-2
VR904892,C108598,VA-SW-NX1,2025-09-27,Amazon,1,4999,NX1-2508-3
VR905392,C109115,VA-SP-ORB,2025-09-27,vireo.in,1,5999,ORB-2508-2
VR906864,C107977,VA-SW-NX2,2025-09-27,vireo.in,1,6499,NX2-2509-1
VR908225,C104427,VA-EB-PL2,2025-09-27,vireo.in,1,3499,PL2-2507-1
VR908584,C103683,VA-EB-PL2,2025-09-27,Amazon,1,3149,PL2-2506-4
VR908972,C102213,VA-HP-ST3,2025-09-27,Flipkart,1,5599,ST3-2507-4
VR909916,C104732,VA-SW-FIT,2025-09-27,Amazon,1,1799,FIT-2507-4
VR881185,C101449,VA-EB-PL2,2025-09-28,vireo.in,2,6998,PL2-2508-4
VR882078,C103236,VA-HP-ST3,2025-09-28,Amazon,2,11898,ST3-2508-4
VR885453,C100156,VA-SP-MINI,2025-09-28,Amazon,1,2124,MINI-2507-1
VR887805,C101011,VA-SP-MINI,2025-09-28,Amazon,1,1999,MINI-2508-1
VR888789,C101092,VA-HP-ST3,2025-09-28,Amazon,1,6299,ST3-2506-3
VR890612,C108117,VA-SW-FIT,2025-09-28,Amazon,1,1999,FIT-2508-3
VR891008,C105971,VA-EB-PL2,2025-09-28,vireo.in,2,6998,PL2-2507-3
VR891165,C104029,VA-EB-PL2,2025-09-28,Amazon,1,2799,PL2-2509-3
VR892840,C106996,VA-EB-PL2,2025-09-28,Flipkart,1,3499,PL2-2507-1
VR893001,C107349,VA-HP-ST3,2025-09-28,Flipkart,1,6299,ST3-2507-2
VR893085,C105155,VA-EB-PL2,2025-09-28,Amazon,1,3499,PL2-2507-2
VR894999,C106770,VA-SW-NX2,2025-09-28,Flipkart,1,6499,NX2-2507-4
VR895394,C108202,VA-HP-ST3,2025-09-28,vireo.in,1,5949,ST3-2507-1
VR895817,C102702,VA-EB-PL2,2025-09-28,Flipkart,1,2799,PL2-2507-2
VR897992,C109030,VA-SW-NX1,2025-09-28,vireo.in,2,9498,NX1-2507-4
VR898148,C106256,VA-AC-CBL,2025-09-28,vireo.in,2,798,CBL-2507-4
VR898184,C101392,VA-HP-ST3,2025-09-28,vireo.in,1,6999,ST3-2506-2
VR898767,C108780,VA-EB-AIR,2025-09-28,vireo.in,1,1709,AIR-2508-2
VR901568,C100798,VA-EB-PL2,2025-09-28,Amazon,1,2974,PL2-2508-4
VR903865,C109198,VA-AC-CASE,2025-09-28,Amazon,1,1104,CASE-2508-3
VR905856,C102345,VA-HP-ST3,2025-09-28,vireo.in,1,6299,ST3-2507-2
VR905959,C108796,VA-EB-PL2,2025-09-28,Amazon,1,2974,PL2-2508-1
VR907050,C100878,VA-EB-PL2,2025-09-28,vireo.in,1,2974,PL2-2508-4
VR907704,C106320,VA-HP-ST2,2025-09-28,vireo.in,1,4499,ST2-2507-2
VR909563,C104300,VA-EB-PL2,2025-09-28,Amazon,1,3499,PL2-2508-4
VR909584,C102809,VA-SW-FIT,2025-09-28,Amazon,1,1999,FIT-2506-2
VR881490,C103929,VA-SP-MINI,2025-09-29,vireo.in,1,2499,MINI-2506-1
VR882577,C101890,VA-EB-PL2,2025-09-29,Flipkart,1,2974,PL2-2506-2
VR883131,C103397,VA-EB-PL1,2025-09-29,Amazon,1,2499,PL1-2506-3
VR884269,C104516,VA-EB-PL1,2025-09-29,vireo.in,1,2249,PL1-2506-1
VR884719,C107038,VA-EB-PL2,2025-09-29,vireo.in,1,3499,PL2-2506-1
VR885579,C103654,VA-EB-PL2,2025-09-29,Flipkart,1,3324,PL2-2506-1
VR887273,C107753,VA-EB-PL2,2025-09-29,vireo.in,1,3149,PL2-2507-3
VR887303,C101752,VA-EB-PL2,2025-09-29,Amazon,1,2799,PL2-2508-4
VR888109,C106582,VA-EB-PL2,2025-09-29,vireo.in,1,3499,PL2-2508-4
VR888841,C108133,VA-SP-MINI,2025-09-29,Amazon,1,2249,MINI-2507-4
VR889854,C101145,VA-EB-PL2,2025-09-29,Amazon,1,3324,PL2-2508-3
VR890444,C107418,VA-EB-AIR,2025-09-29,vireo.in,1,1799,AIR-2508-3
VR891013,C107276,VA-SW-NX1,2025-09-29,vireo.in,1,4999,NX1-2507-3
VR893176,C108109,VA-AC-CASE,2025-09-29,vireo.in,1,1039,CASE-2506-1
VR896137,C100293,VA-AC-CASE,2025-09-29,vireo.in,1,1299,CASE-2508-3
VR897403,C107291,VA-SW-NX2,2025-09-29,vireo.in,1,5524,NX2-2509-1
VR899331,C103508,VA-AC-CASE,2025-09-29,vireo.in,2,2598,CASE-2506-2
VR899511,C104334,VA-EB-PL2,2025-09-29,Amazon,1,3324,PL2-2506-2
VR902089,C104939,VA-EB-PL2,2025-09-29,vireo.in,2,6998,PL2-2508-1
VR902323,C107052,VA-EB-PL1,2025-09-29,vireo.in,1,2499,PL1-2509-2
VR902379,C101475,VA-EB-PL2,2025-09-29,vireo.in,1,3324,PL2-2507-2
VR902779,C104204,VA-EB-PL2,2025-09-29,vireo.in,1,3499,PL2-2509-4
VR904695,C106140,VA-NB-ARC,2025-09-29,Flipkart,1,1299,ARC-2508-2
VR904890,C108267,VA-EB-PL2,2025-09-29,vireo.in,1,2974,PL2-2507-1
VR909279,C103726,VA-SP-MINI,2025-09-29,Flipkart,1,1999,MINI-2508-3
VR881784,C109004,VA-EB-AIR,2025-09-30,Amazon,2,3238,AIR-2507-2
VR882908,C100310,VA-EB-PL2,2025-09-30,vireo.in,1,3499,PL2-2507-3
VR883142,C100125,VA-EB-AIR,2025-09-30,Flipkart,1,1439,AIR-2506-2
VR883515,C107606,VA-EB-PL2,2025-09-30,Flipkart,1,3324,PL2-2506-4
VR883616,C104223,VA-EB-AIR,2025-09-30,Amazon,1,1799,AIR-2508-3
VR884146,C104354,VA-EB-PL1,2025-09-30,Amazon,1,2374,PL1-2507-4
VR885514,C108044,VA-EB-PL2,2025-09-30,Amazon,1,2799,PL2-2507-1
VR886209,C104961,VA-NB-ARC,2025-09-30,Amazon,1,1104,ARC-2506-4
VR886836,C101246,VA-SW-NX2,2025-09-30,vireo.in,1,5524,NX2-2507-2
VR886908,C105899,VA-EB-AIR,2025-09-30,vireo.in,1,1439,AIR-2508-1
VR890192,C106093,VA-EB-PL1,2025-09-30,Amazon,1,1999,PL1-2506-4
VR890482,C101123,VA-EB-PL2,2025-09-30,Amazon,1,3324,PL2-2507-1
VR890546,C106362,VA-EB-PL1,2025-09-30,vireo.in,2,4998,PL1-2506-3
VR891154,C105139,VA-EB-PL2,2025-09-30,Amazon,1,2799,PL2-2506-1
VR892481,C103642,VA-EB-PL2,2025-09-30,Flipkart,1,3499,PL2-2507-3
VR892910,C105377,VA-EB-PL2,2025-09-30,vireo.in,1,3149,PL2-2508-3
VR893450,C106403,VA-EB-PL1,2025-09-30,vireo.in,1,2124,PL1-2507-1
VR893515,C104693,VA-HP-ST3,2025-09-30,Flipkart,1,5599,ST3-2507-1
VR894616,C100095,VA-AC-CASE,2025-09-30,Amazon,1,1299,CASE-2507-2
VR895454,C100422,VA-EB-AIR,2025-09-30,vireo.in,1,1799,AIR-2508-4
VR896324,C107191,VA-EB-PL2,2025-09-30,Amazon,1,3499,PL2-2507-3
VR896956,C102122,VA-EB-PL2,2025-09-30,Amazon,1,2974,PL2-2507-2
VR899011,C103545,VA-SP-ORB,2025-09-30,vireo.in,1,5099,ORB-2507-3
VR900051,C107596,VA-SW-FIT,2025-09-30,vireo.in,1,1899,FIT-2508-1
VR900085,C103971,VA-HP-ST2,2025-09-30,vireo.in,2,9498,ST2-2507-4
VR900119,C107052,VA-EB-AIR,2025-09-30,Amazon,1,1799,AIR-2508-3
VR902818,C109207,VA-HP-ST2,2025-09-30,vireo.in,1,4999,ST2-2507-3
VR903594,C100238,VA-EB-PL2,2025-09-30,vireo.in,1,2799,PL2-2506-1
VR903834,C109268,VA-EB-PL2,2025-09-30,vireo.in,1,2974,PL2-2506-3
VR904486,C104418,VA-EB-AIR,2025-09-30,vireo.in,1,1529,AIR-2507-3
VR905329,C109253,VA-SP-MINI,2025-09-30,Flipkart,1,2249,MINI-2506-1
VR906028,C100285,VA-EB-PL2,2025-09-30,vireo.in,1,2974,PL2-2508-1
VR907389,C103203,VA-SW-NX1,2025-09-30,Amazon,1,4999,NX1-2506-1
VR908816,C107448,VA-EB-PL2,2025-09-30,Flipkart,1,3499,PL2-2507-3
VR908963,C102582,VA-NB-ARC,2025-09-30,vireo.in,1,1299,ARC-2509-3
VR909946,C104249,VA-EB-PL2,2025-09-30,Amazon,1,3499,PL2-2508-4
VR884261,C105414,VA-EB-PL2,2025-10-01,Amazon,1,3149,PL2-2507-3
VR885780,C108544,VA-SW-NX1,2025-10-01,vireo.in,1,3999,NX1-2508-2
VR887503,C104380,VA-SP-MINI,2025-10-01,vireo.in,1,2124,MINI-2506-4
VR889889,C101267,VA-EB-AIR,2025-10-01,vireo.in,1,1619,AIR-2506-3
VR890412,C107571,VA-EB-PL2,2025-10-01,vireo.in,1,3499,PL2-2507-3
VR890639,C104571,VA-EB-PL2,2025-10-01,Amazon,1,2974,PL2-2507-3
VR891095,C100781,VA-EB-PL2,2025-10-01,vireo.in,1,2799,PL2-2506-2
VR892880,C104039,VA-SP-ORB,2025-10-01,Amazon,1,5999,ORB-2506-3
VR893653,C106913,VA-EB-PL2,2025-10-01,vireo.in,1,3499,PL2-2506-4
VR893809,C108038,VA-AC-CASE,2025-10-01,vireo.in,1,1169,CASE-2508-3
VR894757,C104241,VA-AC-CBL,2025-10-01,vireo.in,1,359,CBL-2506-2
VR896609,C105404,VA-EB-PL1,2025-10-01,vireo.in,1,2124,PL1-2506-2
VR896688,C105774,VA-EB-PL2,2025-10-01,vireo.in,2,5948,PL2-2509-2
VR897670,C106188,VA-SW-NX2,2025-10-01,vireo.in,1,6499,NX2-2508-4
VR897752,C102255,VA-AC-CBL,2025-10-01,Amazon,1,399,CBL-2507-4
VR898705,C106333,VA-SW-NX2,2025-10-01,vireo.in,1,6499,NX2-2506-4
VR900083,C101073,VA-EB-PL1,2025-10-01,vireo.in,1,2499,PL1-2506-3
VR900338,C100235,VA-SW-NX2,2025-10-01,Flipkart,1,6499,NX2-2508-1
VR900871,C105775,VA-EB-PL1,2025-10-01,vireo.in,1,2249,PL1-2507-2
VR901874,C101546,VA-SW-NX2,2025-10-01,vireo.in,1,5849,NX2-2506-1
VR902741,C108715,VA-EB-PL2,2025-10-01,vireo.in,1,2799,PL2-2507-1
VR903739,C105144,VA-HP-ST2,2025-10-01,Amazon,1,4999,ST2-2508-4
VR905741,C103570,VA-EB-PL2,2025-10-01,vireo.in,1,3499,PL2-2508-1
VR906887,C108571,VA-EB-PL2,2025-10-01,Amazon,1,2974,PL2-2508-1
VR907534,C108107,VA-SW-NX2,2025-10-01,Amazon,1,6499,NX2-2508-1
VR907838,C100728,VA-HP-ST3,2025-10-01,vireo.in,1,6649,ST3-2509-1
VR908243,C105955,VA-SW-NX2,2025-10-01,vireo.in,2,12998,NX2-2508-3
VR908623,C104993,VA-EB-PL2,2025-10-01,vireo.in,1,3324,PL2-2507-3
VR908812,C103791,VA-AC-CASE,2025-10-01,vireo.in,1,1299,CASE-2508-3
VR908865,C100454,VA-EB-PL2,2025-10-01,vireo.in,1,3149,PL2-2508-2
VR909390,C100974,VA-EB-PL2,2025-10-01,vireo.in,1,3499,PL2-2509-3
VR910080,C104744,VA-SW-FIT,2025-10-01,vireo.in,1,1799,FIT-2507-2
VR881617,C107420,VA-EB-PL2,2025-10-02,Flipkart,1,3499,PL2-2507-4
VR882199,C109194,VA-HP-ST3,2025-10-02,Amazon,1,5599,ST3-2507-3
VR882591,C100604,VA-AC-CH65,2025-10-02,vireo.in,1,1274,CH65-2508-2
VR885264,C107029,VA-HP-ST3,2025-10-02,Flipkart,1,6999,ST3-2509-1
VR885317,C103058,VA-HP-ST3,2025-10-02,vireo.in,1,5599,ST3-2508-1
VR886562,C107997,VA-EB-PL2,2025-10-02,Flipkart,1,2974,PL2-2508-2
VR887331,C103699,VA-EB-PL2,2025-10-02,Flipkart,1,3149,PL2-2509-1
VR888205,C102705,VA-SW-NX2,2025-10-02,Flipkart,1,5849,NX2-2507-3
VR888551,C103224,VA-EB-PL1,2025-10-02,vireo.in,1,2499,PL1-2507-1
VR888643,C102030,VA-EB-PL2,2025-10-02,vireo.in,1,2799,PL2-2507-4
VR888756,C107622,VA-SW-NX2,2025-10-02,Flipkart,1,6174,NX2-2507-2
VR888870,C105273,VA-EB-PL2,2025-10-02,vireo.in,1,2974,PL2-2507-1
VR888980,C101780,VA-EB-PL2,2025-10-02,Amazon,1,2799,PL2-2508-3
VR889287,C101128,VA-EB-PL2,2025-10-02,Amazon,1,3499,PL2-2507-2
VR890635,C106158,VA-SP-MINI,2025-10-02,vireo.in,1,2499,MINI-2509-1
VR890838,C108031,VA-EB-PL1,2025-10-02,Amazon,1,2124,PL1-2507-1
VR891206,C105970,VA-SP-ORB,2025-10-02,vireo.in,1,5699,ORB-2507-1
VR891506,C109407,VA-EB-PL2,2025-10-02,vireo.in,1,3499,PL2-2508-1
VR891646,C105025,VA-EB-PL2,2025-10-02,Amazon,1,3499,PL2-2509-2
VR891880,C109411,VA-SP-MINI,2025-10-02,Flipkart,1,1999,MINI-2508-1
VR894137,C106530,VA-SW-FIT,2025-10-02,vireo.in,1,1799,FIT-2507-4
VR894142,C100048,VA-HP-ST3,2025-10-02,Flipkart,1,5949,ST3-2508-1
VR894744,C109152,VA-AC-CASE,2025-10-02,vireo.in,1,1299,CASE-2508-1
VR895150,C107523,VA-EB-PL2,2025-10-02,vireo.in,1,3499,PL2-2507-1
VR895467,C103985,VA-EB-PL2,2025-10-02,Flipkart,1,3499,PL2-2508-3
VR895703,C107128,VA-EB-PL2,2025-10-02,vireo.in,1,3149,PL2-2506-3
VR895930,C106987,VA-HP-ST2,2025-10-02,vireo.in,2,8498,ST2-2508-2
VR897704,C105298,VA-SP-MINI,2025-10-02,vireo.in,1,2499,MINI-2507-2
VR898037,C100785,VA-EB-AIR,2025-10-02,Flipkart,1,1619,AIR-2508-1
VR899256,C102226,VA-SW-NX2,2025-10-02,Amazon,1,6499,NX2-2506-4
VR900702,C104581,VA-EB-AIR,2025-10-02,vireo.in,1,1439,AIR-2509-4
VR900764,C105147,VA-HP-ST3,2025-10-02,vireo.in,1,6999,ST3-2508-1
VR900817,C103418,VA-SW-NX2,2025-10-02,Flipkart,1,5199,NX2-2509-1
VR900966,C109172,VA-SP-ORB,2025-10-02,vireo.in,2,9598,ORB-2508-2
VR901590,C105873,VA-AC-CASE,2025-10-02,vireo.in,1,1299,CASE-2507-2
VR901607,C101245,VA-EB-PL2,2025-10-02,vireo.in,1,2974,PL2-2507-2
VR902629,C106603,VA-EB-PL2,2025-10-02,Amazon,1,3499,PL2-2507-4
VR903326,C108862,VA-EB-PL1,2025-10-02,vireo.in,1,2249,PL1-2507-1
VR904508,C108589,VA-SW-NX2,2025-10-02,Flipkart,1,6174,NX2-2507-2
VR904985,C106193,VA-EB-PL2,2025-10-02,Flipkart,2,5948,PL2-2509-4
VR905046,C104218,VA-EB-PL2,2025-10-02,Amazon,1,3499,PL2-2506-2
VR905735,C101138,VA-AC-CH65,2025-10-02,vireo.in,1,1499,CH65-2507-1
VR906181,C107192,VA-EB-AIR,2025-10-02,Amazon,1,1619,AIR-2508-3
VR880110,C103803,VA-SW-NX1,2025-10-03,vireo.in,1,4499,NX1-2508-1
VR881176,C109334,VA-EB-PL2,2025-10-03,vireo.in,1,3324,PL2-2508-4
VR884539,C105601,VA-SP-MINI,2025-10-03,vireo.in,1,2249,MINI-2509-3
VR885511,C104212,VA-SW-NX2,2025-10-03,vireo.in,1,5199,NX2-2506-4
VR885588,C104400,VA-HP-ST2,2025-10-03,vireo.in,1,4499,ST2-2506-2
VR886668,C102204,VA-EB-PL2,2025-10-03,vireo.in,1,2799,PL2-2509-2
VR887517,C107103,VA-EB-PL2,2025-10-03,Amazon,1,3499,PL2-2507-2
VR887647,C101534,VA-EB-PL2,2025-10-03,Amazon,1,3499,PL2-2506-2
VR888072,C108553,VA-SP-ORB,2025-10-03,vireo.in,1,5999,ORB-2509-1
VR888640,C105643,VA-EB-PL2,2025-10-03,Amazon,1,3499,PL2-2509-4
VR888813,C108788,VA-SW-NX2,2025-10-03,Amazon,1,6499,NX2-2507-4
VR889750,C103768,VA-EB-PL2,2025-10-03,vireo.in,2,5948,PL2-2507-3
VR889757,C107071,VA-SW-NX2,2025-10-03,Flipkart,1,6499,NX2-2508-1
VR891966,C108272,VA-EB-PL2,2025-10-03,vireo.in,1,3499,PL2-2507-2
VR892750,C106433,VA-EB-PL1,2025-10-03,vireo.in,1,2124,PL1-2507-4
VR893151,C107213,VA-EB-PL1,2025-10-03,vireo.in,1,2499,PL1-2507-2
VR893737,C104275,VA-EB-PL2,2025-10-03,vireo.in,2,6998,PL2-2507-1
VR893759,C106948,VA-SP-MINI,2025-10-03,Flipkart,1,1999,MINI-2506-2
VR894105,C102044,VA-EB-PL2,2025-10-03,vireo.in,1,2974,PL2-2509-3
VR894384,C102159,VA-SW-NX1,2025-10-03,Amazon,1,4749,NX1-2507-2
VR894679,C105416,VA-SW-NX2,2025-10-03,Amazon,1,6499,NX2-2507-4
VR895100,C108031,VA-SP-MINI,2025-10-03,vireo.in,1,2499,MINI-2508-4
VR895412,C107801,VA-EB-PL2,2025-10-03,Amazon,1,2974,PL2-2508-2
VR896979,C105071,VA-EB-PL2,2025-10-03,Amazon,1,3499,PL2-2507-3
VR897469,C100912,VA-EB-PL2,2025-10-03,Amazon,1,3324,PL2-2508-4
VR898295,C109463,VA-AC-CASE,2025-10-03,vireo.in,1,1234,CASE-2507-1
VR898498,C102192,VA-EB-PL2,2025-10-03,vireo.in,1,2974,PL2-2509-4
VR901629,C105741,VA-EB-PL2,2025-10-03,vireo.in,1,3149,PL2-2507-2
VR901669,C104901,VA-SP-MINI,2025-10-03,Amazon,1,2374,MINI-2506-1
VR902221,C102510,VA-SW-NX2,2025-10-03,vireo.in,1,5849,NX2-2508-2
VR902377,C105081,VA-EB-PL2,2025-10-03,Amazon,1,3499,PL2-2507-2
VR903899,C109344,VA-SP-ORB,2025-10-03,vireo.in,1,5999,ORB-2507-2
VR903959,C105059,VA-SW-NX1,2025-10-03,Amazon,1,4249,NX1-2506-1
VR904636,C101538,VA-SP-MINI,2025-10-03,vireo.in,1,2124,MINI-2506-1
VR905277,C105623,VA-HP-ST2,2025-10-03,vireo.in,1,3999,ST2-2509-3
VR908246,C108790,VA-SW-NX2,2025-10-03,Amazon,1,6499,NX2-2506-1
VR880089,C100446,VA-EB-PL2,2025-10-04,Amazon,1,3324,PL2-2507-2
VR881352,C108373,VA-EB-PL2,2025-10-04,vireo.in,1,2974,PL2-2509-1
VR884904,C108192,VA-HP-ST3,2025-10-04,vireo.in,1,5599,ST3-2507-4
VR885699,C108415,VA-EB-PL1,2025-10-04,vireo.in,1,2249,PL1-2507-3
VR886539,C104977,VA-EB-PL2,2025-10-04,Amazon,1,3149,PL2-2508-2
VR888402,C100404,VA-EB-PL2,2025-10-04,vireo.in,1,3324,PL2-2506-2
VR888823,C107387,VA-SW-NX2,2025-10-04,vireo.in,1,5524,NX2-2509-1
VR888939,C105810,VA-SP-MINI,2025-10-04,vireo.in,1,1999,MINI-2507-4
VR889817,C105448,VA-EB-PL2,2025-10-04,Flipkart,1,3324,PL2-2509-2
VR891856,C109340,VA-EB-PL1,2025-10-04,vireo.in,1,2374,PL1-2508-3
VR891908,C101670,VA-EB-AIR,2025-10-04,vireo.in,1,1799,AIR-2509-4
VR892450,C107211,VA-EB-PL2,2025-10-04,vireo.in,2,6298,PL2-2507-4
VR892696,C101896,VA-EB-PL2,2025-10-04,vireo.in,1,3499,PL2-2507-4
VR893552,C102433,VA-EB-PL1,2025-10-04,vireo.in,1,2499,PL1-2507-4
VR893925,C102217,VA-SW-NX1,2025-10-04,Amazon,1,4999,NX1-2506-2
VR895121,C102626,VA-HP-ST2,2025-10-04,vireo.in,2,9998,ST2-2508-4
VR895628,C109034,VA-EB-PL2,2025-10-04,Amazon,1,2799,PL2-2508-1
VR895740,C100379,VA-EB-AIR,2025-10-04,vireo.in,1,1799,AIR-2509-4
VR896641,C108268,VA-HP-ST3,2025-10-04,vireo.in,1,5949,ST3-2508-1
VR897312,C105416,VA-SW-NX2,2025-10-04,Amazon,1,6499,NX2-2507-4
VR897570,C104733,VA-EB-PL2,2025-10-04,Amazon,1,3324,PL2-2508-1
VR897899,C103355,VA-SW-NX2,2025-10-04,Flipkart,1,6499,NX2-2507-4
VR899933,C109090,VA-NB-ARC,2025-10-04,vireo.in,1,1039,ARC-2509-2
VR901631,C102568,VA-EB-PL2,2025-10-04,vireo.in,1,3499,PL2-2507-1
VR902146,C103186,VA-SW-NX2,2025-10-04,vireo.in,1,6174,NX2-2507-1
VR902537,C105177,VA-EB-PL1,2025-10-04,vireo.in,1,2499,PL1-2509-2
VR902838,C102989,VA-EB-PL2,2025-10-04,Amazon,1,2974,PL2-2509-1
VR903557,C108663,VA-EB-AIR,2025-10-04,vireo.in,1,1799,AIR-2508-3
VR904203,C102343,VA-EB-PL2,2025-10-04,Amazon,1,3149,PL2-2509-3
VR904343,C108567,VA-EB-AIR,2025-10-04,Amazon,1,1799,AIR-2507-1
VR905202,C104692,VA-AC-CASE,2025-10-04,vireo.in,1,1299,CASE-2509-2
VR906236,C105062,VA-SW-NX2,2025-10-04,vireo.in,1,6499,NX2-2509-3
VR907523,C101023,VA-EB-PL2,2025-10-04,Amazon,1,3149,PL2-2507-1
VR909439,C104109,VA-EB-PL2,2025-10-04,Flipkart,1,3499,PL2-2507-2
VR880317,C109065,VA-SP-MINI,2025-10-05,Flipkart,1,2499,MINI-2506-2
VR880690,C109166,VA-HP-ST2,2025-10-05,Flipkart,1,4999,ST2-2509-1
VR880881,C102095,VA-EB-AIR,2025-10-05,vireo.in,2,3598,AIR-2507-3
VR881026,C105599,VA-SW-NX2,2025-10-05,Amazon,1,6174,NX2-2507-1
VR881792,C107074,VA-EB-AIR,2025-10-05,vireo.in,1,1529,AIR-2508-2
VR882099,C105292,VA-HP-ST3,2025-10-05,Flipkart,1,6999,ST3-2506-1
VR884360,C103494,VA-EB-PL2,2025-10-05,Amazon,1,3324,PL2-2508-1
VR886183,C101448,VA-EB-AIR,2025-10-05,vireo.in,1,1709,AIR-2506-2
VR888156,C108289,VA-EB-PL2,2025-10-05,vireo.in,1,2799,PL2-2508-3
VR888305,C102397,VA-EB-PL2,2025-10-05,vireo.in,2,6648,PL2-2507-1
VR889153,C104057,VA-EB-AIR,2025-10-05,Flipkart,1,1799,AIR-2506-1
VR889932,C103032,VA-EB-PL2,2025-10-05,vireo.in,1,2799,PL2-2509-1
VR890185,C104359,VA-EB-AIR,2025-10-05,vireo.in,1,1799,AIR-2507-4
VR891282,C105397,VA-SP-MINI,2025-10-05,Amazon,1,1999,MINI-2507-2
VR891520,C102559,VA-EB-PL2,2025-10-05,vireo.in,1,3499,PL2-2506-1
VR891812,C107341,VA-SW-NX2,2025-10-05,vireo.in,1,6499,NX2-2509-1
VR892105,C101967,VA-SW-NX2,2025-10-05,Amazon,1,5524,NX2-2507-2
VR893174,C108462,VA-EB-PL1,2025-10-05,vireo.in,1,2499,PL1-2508-4
VR894139,C106826,VA-AC-CASE,2025-10-05,Amazon,1,1299,CASE-2507-1
VR896389,C103962,VA-EB-AIR,2025-10-05,vireo.in,1,1799,AIR-2509-1
VR898010,C104977,VA-EB-PL2,2025-10-05,Amazon,1,3499,PL2-2507-4
VR902305,C109248,VA-SP-MINI,2025-10-05,Amazon,1,2374,MINI-2507-3
VR903259,C103340,VA-EB-PL1,2025-10-05,Flipkart,1,2374,PL1-2508-3
VR903769,C101597,VA-HP-ST3,2025-10-05,vireo.in,1,6649,ST3-2507-1
VR903952,C102709,VA-EB-PL2,2025-10-05,vireo.in,1,2799,PL2-2507-2
VR905807,C107434,VA-HP-ST2,2025-10-05,Flipkart,1,4999,ST2-2508-3
VR907184,C102402,VA-EB-PL2,2025-10-05,Flipkart,1,2799,PL2-2507-3
VR907358,C101336,VA-EB-PL1,2025-10-05,Amazon,1,2499,PL1-2506-3
VR907680,C109406,VA-EB-PL2,2025-10-05,vireo.in,1,3499,PL2-2509-2
VR908742,C100768,VA-SP-MINI,2025-10-05,vireo.in,1,2249,MINI-2507-1
VR909703,C100902,VA-HP-ST3,2025-10-05,vireo.in,1,6299,ST3-2507-1
VR909940,C105972,VA-SW-NX2,2025-10-05,vireo.in,1,5849,NX2-2507-2
VR880385,C102555,VA-SP-MINI,2025-10-06,Amazon,1,2124,MINI-2506-1
VR880933,C109257,VA-AC-CH65,2025-10-06,Flipkart,1,1499,CH65-2508-1
VR881283,C104635,VA-HP-ST2,2025-10-06,Flipkart,1,4999,ST2-2507-1
VR881345,C102175,VA-SW-FIT,2025-10-06,Amazon,1,1599,FIT-2507-1
VR882886,C104107,VA-EB-PL2,2025-10-06,vireo.in,1,3149,PL2-2508-4
VR883587,C106334,VA-SW-NX2,2025-10-06,Flipkart,1,6499,NX2-2508-4
VR885776,C106009,VA-EB-PL2,2025-10-06,Amazon,1,2974,PL2-2507-4
VR886378,C106442,VA-SP-MINI,2025-10-06,vireo.in,1,2374,MINI-2507-2
VR886406,C107200,VA-HP-ST3,2025-10-06,vireo.in,1,6299,ST3-2508-1
VR886526,C104118,VA-HP-ST3,2025-10-06,Amazon,1,6999,ST3-2507-3
VR889227,C103912,VA-AC-CASE,2025-10-06,vireo.in,1,1039,CASE-2506-1
VR889658,C106059,VA-EB-PL2,2025-10-06,vireo.in,1,2799,PL2-2507-3
VR892162,C101250,VA-EB-PL2,2025-10-06,vireo.in,1,2974,PL2-2508-2
VR892235,C105568,VA-NB-ARC,2025-10-06,Flipkart,1,1299,ARC-2508-4
VR893762,C107834,VA-HP-ST3,2025-10-06,Amazon,1,6299,ST3-2509-4
VR894012,C107707,VA-EB-PL2,2025-10-06,vireo.in,1,3499,PL2-2506-3
VR894127,C106970,VA-SW-FIT,2025-10-06,vireo.in,1,1999,FIT-2508-3
VR894186,C104683,VA-AC-CH65,2025-10-06,vireo.in,1,1499,CH65-2508-4
VR896205,C100056,VA-SP-MINI,2025-10-06,Amazon,1,2249,MINI-2506-3
VR897887,C100631,VA-EB-AIR,2025-10-06,Amazon,1,1799,AIR-2508-4
VR901139,C102198,VA-SW-NX2,2025-10-06,Amazon,1,6499,NX2-2508-2
VR901736,C104772,VA-EB-PL2,2025-10-06,vireo.in,2,6648,PL2-2508-3
VR903347,C106542,VA-EB-PL2,2025-10-06,Flipkart,1,3499,PL2-2507-2
VR903389,C105908,VA-SP-MINI,2025-10-06,vireo.in,1,2374,MINI-2506-2
VR903751,C107635,VA-EB-PL1,2025-10-06,vireo.in,1,2499,PL1-2508-3
VR907762,C101626,VA-SP-ORB,2025-10-06,vireo.in,1,4799,ORB-2509-2
VR908651,C100539,VA-EB-PL2,2025-10-06,Flipkart,1,3499,PL2-2509-4
VR909340,C107477,VA-EB-PL2,2025-10-06,vireo.in,1,3499,PL2-2506-1
VR881334,C109085,VA-EB-PL2,2025-10-07,vireo.in,1,3499,PL2-2507-1
VR882802,C106964,VA-SW-NX2,2025-10-07,vireo.in,2,12998,NX2-2509-4
VR882914,C109236,VA-SP-ORB,2025-10-07,Amazon,2,11998,ORB-2506-2
VR884527,C106056,VA-EB-PL2,2025-10-07,vireo.in,1,3499,PL2-2507-4
VR884587,C101181,VA-EB-PL2,2025-10-07,Amazon,1,3149,PL2-2508-1
VR885452,C101137,VA-SW-FIT,2025-10-07,Amazon,1,1799,FIT-2507-2
VR887175,C100108,VA-EB-PL2,2025-10-07,vireo.in,1,3324,PL2-2507-4
VR887789,C106273,VA-HP-ST3,2025-10-07,vireo.in,1,5949,ST3-2507-3
VR888338,C101616,VA-EB-PL2,2025-10-07,vireo.in,1,3324,PL2-2508-4
VR889676,C105655,VA-EB-PL2,2025-10-07,vireo.in,1,3149,PL2-2508-4
VR890224,C103817,VA-EB-PL2,2025-10-07,Flipkart,1,2799,PL2-2507-3
VR891152,C103177,VA-AC-CH65,2025-10-07,vireo.in,1,1349,CH65-2509-2
VR892129,C101247,VA-EB-AIR,2025-10-07,Flipkart,1,1529,AIR-2509-4
VR893153,C102050,VA-HP-ST3,2025-10-07,Amazon,1,6999,ST3-2508-2
VR893886,C103277,VA-SP-ORB,2025-10-07,vireo.in,1,4799,ORB-2507-1
VR893993,C108962,VA-EB-PL2,2025-10-07,vireo.in,1,3499,PL2-2507-4
VR894079,C102363,VA-AC-CASE,2025-10-07,vireo.in,1,1299,CASE-2507-2
VR896530,C104586,VA-SW-NX2,2025-10-07,Amazon,1,5199,NX2-2509-1
VR896664,C105988,VA-EB-PL1,2025-10-07,vireo.in,1,2499,PL1-2508-4
VR898140,C106434,VA-EB-PL2,2025-10-07,vireo.in,1,3499,PL2-2506-2
VR900750,C105647,VA-HP-ST2,2025-10-07,vireo.in,2,7998,ST2-2507-4
VR901017,C102353,VA-AC-CASE,2025-10-07,Amazon,1,1234,CASE-2506-1
VR902902,C104593,VA-EB-PL2,2025-10-07,vireo.in,1,3499,PL2-2508-4
VR903798,C103182,VA-AC-CH65,2025-10-07,vireo.in,1,1499,CH65-2507-3
VR904029,C101036,VA-EB-AIR,2025-10-07,Flipkart,1,1439,AIR-2507-2
VR904036,C104282,VA-SW-NX2,2025-10-07,vireo.in,1,5524,NX2-2509-4
VR904454,C100998,VA-EB-PL2,2025-10-07,Amazon,1,3499,PL2-2507-2
VR904529,C104342,VA-EB-PL1,2025-10-07,Flipkart,1,2499,PL1-2506-2
VR904585,C102622,VA-SW-NX1,2025-10-07,vireo.in,1,4249,NX1-2509-3
VR905085,C108240,VA-SP-ORB,2025-10-07,vireo.in,1,5099,ORB-2507-4
VR907318,C102919,VA-EB-AIR,2025-10-07,Amazon,1,1799,AIR-2507-2
VR907326,C105741,VA-EB-PL2,2025-10-07,Amazon,1,3324,PL2-2506-1
VR908979,C104265,VA-SP-MINI,2025-10-07,Amazon,1,2124,MINI-2509-3
VR909207,C109267,VA-SW-NX1,2025-10-07,Amazon,1,3999,NX1-2508-4
VR881953,C104691,VA-SW-FIT,2025-10-08,vireo.in,1,1799,FIT-2507-4
VR883027,C106423,VA-SW-NX2,2025-10-08,vireo.in,2,12348,NX2-2509-4
VR883239,C108008,VA-EB-PL2,2025-10-08,vireo.in,1,3499,PL2-2507-4
VR883347,C100895,VA-EB-PL2,2025-10-08,vireo.in,1,3499,PL2-2508-4
VR884267,C100555,VA-SP-MINI,2025-10-08,vireo.in,1,2499,MINI-2509-2
VR885749,C103260,VA-EB-PL2,2025-10-08,Amazon,1,3499,PL2-2508-2
VR886039,C106791,VA-EB-PL2,2025-10-08,Flipkart,1,2974,PL2-2508-2
VR887410,C109138,VA-EB-PL1,2025-10-08,Amazon,1,2249,PL1-2506-3
VR887438,C104337,VA-EB-PL2,2025-10-08,Amazon,1,3499,PL2-2507-4
VR888297,C105021,VA-SP-MINI,2025-10-08,vireo.in,1,2499,MINI-2508-4
VR888447,C102437,VA-HP-ST3,2025-10-08,vireo.in,1,5949,ST3-2509-4
VR891106,C102698,VA-NB-ARC,2025-10-08,vireo.in,2,2598,ARC-2509-1
VR893015,C108423,VA-EB-AIR,2025-10-08,Flipkart,1,1619,AIR-2506-4
VR894323,C104993,VA-EB-AIR,2025-10-08,Flipkart,1,1799,AIR-2508-1
VR896255,C106120,VA-EB-PL2,2025-10-08,vireo.in,1,2799,PL2-2507-4
VR899226,C108507,VA-EB-AIR,2025-10-08,Amazon,1,1799,AIR-2508-4
VR901038,C104706,VA-EB-PL1,2025-10-08,vireo.in,1,2499,PL1-2507-2
VR901696,C104081,VA-EB-PL2,2025-10-08,Flipkart,1,3499,PL2-2506-2
VR902213,C109451,VA-EB-PL2,2025-10-08,vireo.in,1,3499,PL2-2507-1
VR902425,C108804,VA-EB-PL2,2025-10-08,vireo.in,1,3324,PL2-2507-3
VR902505,C100936,VA-EB-PL2,2025-10-08,vireo.in,1,3499,PL2-2508-4
VR902927,C103032,VA-SW-FIT,2025-10-08,vireo.in,1,1999,FIT-2508-4
VR903365,C105941,VA-EB-AIR,2025-10-08,vireo.in,1,1799,AIR-2507-3
VR903816,C107258,VA-EB-PL1,2025-10-08,vireo.in,2,4998,PL1-2507-2
VR903933,C100732,VA-EB-PL2,2025-10-08,vireo.in,1,2974,PL2-2507-3
VR904022,C104259,VA-HP-ST3,2025-10-08,Amazon,1,6999,ST3-2507-1
VR905928,C102582,VA-EB-PL2,2025-10-08,Amazon,1,3149,PL2-2507-3
VR906093,C108524,VA-HP-ST3,2025-10-08,vireo.in,1,6649,ST3-2507-2
VR908342,C101014,VA-SW-NX2,2025-10-08,vireo.in,2,12998,NX2-2508-2
VR908554,C106060,VA-AC-CASE,2025-10-08,vireo.in,1,1234,CASE-2508-2
VR908739,C101845,VA-EB-PL2,2025-10-08,vireo.in,1,3499,PL2-2509-2
VR880482,C108771,VA-EB-PL2,2025-10-09,Amazon,1,3324,PL2-2507-1
VR881397,C107306,VA-EB-PL2,2025-10-09,vireo.in,1,3499,PL2-2508-2
VR881578,C100594,VA-SW-NX2,2025-10-09,Flipkart,1,5849,NX2-2507-2
VR884358,C105275,VA-HP-ST2,2025-10-09,Flipkart,1,4249,ST2-2507-4
VR884479,C100889,VA-AC-CASE,2025-10-09,Flipkart,1,1299,CASE-2506-3
VR885381,C103037,VA-SP-MINI,2025-10-09,Amazon,1,1999,MINI-2508-2
VR886639,C106379,VA-AC-CASE,2025-10-09,Amazon,1,1299,CASE-2508-4
VR888015,C108204,VA-SW-NX1,2025-10-09,Flipkart,1,4499,NX1-2507-3
VR889865,C103850,VA-EB-PL2,2025-10-09,vireo.in,1,3324,PL2-2506-1
VR889969,C105334,VA-SP-MINI,2025-10-09,vireo.in,1,1999,MINI-2507-3
VR890780,C101732,VA-NB-ARC,2025-10-09,vireo.in,1,1299,ARC-2507-2
VR891051,C106394,VA-EB-PL2,2025-10-09,Amazon,2,6298,PL2-2507-3
VR892619,C102873,VA-SP-ORB,2025-10-09,Amazon,1,4799,ORB-2509-2
VR892846,C106759,VA-EB-PL2,2025-10-09,vireo.in,1,3499,PL2-2507-2
VR893256,C108931,VA-SW-NX2,2025-10-09,vireo.in,1,6499,NX2-2506-1
VR893842,C105385,VA-EB-AIR,2025-10-09,vireo.in,1,1799,AIR-2507-2
VR894093,C100179,VA-EB-PL2,2025-10-09,vireo.in,1,2974,PL2-2507-2
VR895039,C102254,VA-EB-AIR,2025-10-09,vireo.in,1,1529,AIR-2509-2
VR895191,C100188,VA-SW-NX1,2025-10-09,Amazon,1,4999,NX1-2508-4
VR896282,C103092,VA-EB-AIR,2025-10-09,vireo.in,1,1709,AIR-2509-2
VR897609,C101579,VA-EB-PL1,2025-10-09,Amazon,1,2374,PL1-2507-3
VR898611,C100750,VA-SP-MINI,2025-10-09,Amazon,1,2499,MINI-2509-4
VR899981,C105913,VA-SP-MINI,2025-10-09,vireo.in,1,2124,MINI-2508-1
VR900954,C108567,VA-EB-PL2,2025-10-09,vireo.in,1,2799,PL2-2509-1
VR902497,C101321,VA-HP-ST3,2025-10-09,vireo.in,1,6999,ST3-2509-4
VR903787,C107431,VA-EB-PL2,2025-10-09,Amazon,1,2974,PL2-2508-4
VR904615,C102788,VA-SP-MINI,2025-10-09,vireo.in,1,2249,MINI-2507-3
VR905333,C109275,VA-SW-NX2,2025-10-09,vireo.in,1,6499,NX2-2509-4
VR906582,C101521,VA-SW-FIT,2025-10-09,Amazon,1,1999,FIT-2507-4
VR907980,C109152,VA-EB-PL2,2025-10-09,vireo.in,1,3324,PL2-2506-3
VR908932,C100428,VA-EB-PL2,2025-10-09,Amazon,1,2974,PL2-2506-2
VR909609,C101046,VA-AC-CASE,2025-10-09,Amazon,1,1299,CASE-2509-3
VR880209,C101521,VA-HP-ST2,2025-10-10,vireo.in,1,4249,ST2-2508-4
VR880700,C105397,VA-EB-PL2,2025-10-10,Amazon,1,2799,PL2-2507-1
VR881288,C100907,VA-SW-NX2,2025-10-10,vireo.in,2,12348,NX2-2508-1
VR881994,C105430,VA-EB-PL2,2025-10-10,Flipkart,1,3499,PL2-2507-2
VR882610,C106421,VA-AC-CASE,2025-10-10,Flipkart,1,1169,CASE-2507-3
VR883534,C109335,VA-EB-PL2,2025-10-10,vireo.in,2,6648,PL2-2507-2
VR883718,C100884,VA-SP-MINI,2025-10-10,vireo.in,1,2249,MINI-2508-2
VR885909,C101421,VA-EB-PL2,2025-10-10,vireo.in,1,3149,PL2-2507-1
VR885987,C103548,VA-EB-PL2,2025-10-10,vireo.in,1,2799,PL2-2508-1
VR886922,C100218,VA-EB-PL2,2025-10-10,Amazon,1,3499,PL2-2508-2
VR889009,C106654,VA-EB-PL2,2025-10-10,vireo.in,1,3499,PL2-2509-4
VR890584,C109014,VA-EB-PL2,2025-10-10,vireo.in,1,3149,PL2-2509-3
VR891232,C107351,VA-EB-PL2,2025-10-10,vireo.in,1,3324,PL2-2507-2
VR891899,C106206,VA-EB-PL1,2025-10-10,Amazon,1,2374,PL1-2508-3
VR892178,C101323,VA-EB-PL2,2025-10-10,vireo.in,1,3499,PL2-2509-4
VR893493,C104462,VA-SW-NX2,2025-10-10,vireo.in,2,12998,NX2-2509-2
VR893808,C102898,VA-EB-PL2,2025-10-10,Amazon,1,3499,PL2-2508-1
VR895237,C104388,VA-AC-CH65,2025-10-10,Amazon,1,1349,CH65-2508-4
VR895883,C101167,VA-SW-FIT,2025-10-10,vireo.in,1,1599,FIT-2507-2
VR896573,C103556,VA-SP-MINI,2025-10-10,Flipkart,1,2249,MINI-2509-3
VR896939,C105832,VA-SP-ORB,2025-10-10,Flipkart,1,5999,ORB-2508-1
VR897097,C109113,VA-EB-AIR,2025-10-10,Amazon,1,1619,AIR-2508-1
VR897572,C106004,VA-SP-MINI,2025-10-10,vireo.in,1,2249,MINI-2508-1
VR897831,C107476,VA-SW-FIT,2025-10-10,Amazon,1,1899,FIT-2509-3
VR898209,C108432,VA-EB-PL1,2025-10-10,Amazon,1,2124,PL1-2508-1
VR898267,C100848,VA-EB-PL2,2025-10-10,vireo.in,1,2799,PL2-2506-3
VR898772,C104656,VA-EB-PL1,2025-10-10,vireo.in,1,2124,PL1-2507-2
VR899108,C109137,VA-EB-PL1,2025-10-10,vireo.in,1,2374,PL1-2508-4
VR900656,C103308,VA-SW-FIT,2025-10-10,Amazon,1,1999,FIT-2508-3
VR902885,C109224,VA-EB-AIR,2025-10-10,Flipkart,1,1709,AIR-2509-4
VR903549,C105846,VA-SW-NX1,2025-10-10,Amazon,2,8498,NX1-2507-3
VR904220,C103464,VA-SW-NX1,2025-10-10,vireo.in,1,4499,NX1-2507-2
VR904672,C104979,VA-EB-PL2,2025-10-10,vireo.in,1,3149,PL2-2507-3
VR905712,C107859,VA-SW-FIT,2025-10-10,vireo.in,1,1699,FIT-2506-3
VR906266,C103406,VA-SW-NX2,2025-10-10,vireo.in,1,5849,NX2-2507-3
VR906942,C106180,VA-SW-NX2,2025-10-10,vireo.in,1,6174,NX2-2507-3
VR906962,C102587,VA-EB-PL2,2025-10-10,Amazon,1,2974,PL2-2506-1
VR907224,C102109,VA-AC-CBL,2025-10-10,vireo.in,1,359,CBL-2506-2
VR909694,C102645,VA-HP-ST3,2025-10-10,Amazon,1,5599,ST3-2508-3
VR910002,C109188,VA-EB-AIR,2025-10-10,vireo.in,1,1799,AIR-2509-4
VR880819,C104236,VA-EB-PL2,2025-10-11,vireo.in,1,3499,PL2-2507-2
VR881483,C109240,VA-EB-PL2,2025-10-11,vireo.in,1,3324,PL2-2507-1
VR881730,C109154,VA-SW-FIT,2025-10-11,vireo.in,1,1899,FIT-2507-4
VR882424,C107028,VA-AC-CASE,2025-10-11,vireo.in,1,1169,CASE-2507-4
VR883321,C103308,VA-SP-MINI,2025-10-11,vireo.in,1,2499,MINI-2508-4
VR885042,C105793,VA-HP-ST3,2025-10-11,vireo.in,1,6649,ST3-2509-1
VR885236,C104217,VA-EB-PL2,2025-10-11,vireo.in,1,2974,PL2-2508-4
VR885803,C101716,VA-NB-ARC,2025-10-11,vireo.in,1,1104,ARC-2508-2
VR886034,C109066,VA-EB-PL2,2025-10-11,vireo.in,1,2974,PL2-2507-2
VR887742,C102796,VA-EB-AIR,2025-10-11,vireo.in,1,1529,AIR-2507-4
VR890558,C109000,VA-AC-CASE,2025-10-11,Amazon,2,2338,CASE-2508-1
VR890591,C107779,VA-SW-NX2,2025-10-11,vireo.in,1,5524,NX2-2509-3
VR891542,C103983,VA-SW-NX2,2025-10-11,vireo.in,1,5199,NX2-2506-1
VR893881,C101845,VA-EB-PL1,2025-10-11,Amazon,1,2249,PL1-2507-2
VR894326,C108971,VA-EB-PL2,2025-10-11,vireo.in,2,6998,PL2-2508-2
VR896697,C107229,VA-EB-PL2,2025-10-11,Amazon,1,3149,PL2-2507-3
VR899927,C101300,VA-EB-PL2,2025-10-11,Amazon,1,2799,PL2-2507-4
VR900358,C100442,VA-SW-NX2,2025-10-11,Flipkart,2,11698,NX2-2507-1
VR901507,C107188,VA-EB-PL2,2025-10-11,Amazon,2,6998,PL2-2507-2
VR901658,C107390,VA-EB-PL1,2025-10-11,Amazon,1,2124,PL1-2508-1
VR902074,C105488,VA-SP-MINI,2025-10-11,Amazon,1,2249,MINI-2508-2
VR903726,C106680,VA-EB-AIR,2025-10-11,Flipkart,1,1799,AIR-2509-1
VR904878,C103710,VA-EB-PL2,2025-10-11,vireo.in,1,2799,PL2-2507-3
VR905770,C106799,VA-SP-MINI,2025-10-11,vireo.in,1,2499,MINI-2507-2
VR905904,C108164,VA-EB-PL2,2025-10-11,Amazon,1,2974,PL2-2508-1
VR907529,C100206,VA-NB-ARC,2025-10-11,vireo.in,1,1039,ARC-2508-1
VR909038,C109482,VA-AC-CASE,2025-10-11,Flipkart,1,1234,CASE-2509-2
VR910131,C107627,VA-NB-ARC,2025-10-11,vireo.in,1,1299,ARC-2507-1
VR880755,C101856,VA-SP-MINI,2025-10-12,Amazon,1,2499,MINI-2507-1
VR881672,C101945,VA-SP-ORB,2025-10-12,vireo.in,1,4799,ORB-2507-2
VR882246,C106587,VA-EB-PL2,2025-10-12,Amazon,1,3149,PL2-2508-4
VR882300,C107555,VA-EB-AIR,2025-10-12,Amazon,1,1439,AIR-2509-4
VR883728,C103136,VA-EB-PL2,2025-10-12,Amazon,2,6998,PL2-2508-1
VR885455,C102592,VA-EB-PL2,2025-10-12,Amazon,1,3499,PL2-2507-4
VR887357,C109202,VA-EB-PL2,2025-10-12,Flipkart,1,2974,PL2-2508-4
VR887798,C109202,VA-SP-ORB,2025-10-12,vireo.in,1,5999,ORB-2507-1
VR889921,C105857,VA-EB-PL2,2025-10-12,vireo.in,1,2799,PL2-2507-1
VR890098,C103101,VA-SW-NX2,2025-10-12,vireo.in,1,6499,NX2-2507-4
VR890135,C109175,VA-HP-ST2,2025-10-12,Flipkart,1,4999,ST2-2507-3
VR890659,C102741,VA-EB-PL2,2025-10-12,vireo.in,1,3149,PL2-2509-1
VR891043,C105967,VA-SW-FIT,2025-10-12,Amazon,1,1599,FIT-2506-2
VR891370,C108574,VA-EB-PL2,2025-10-12,Flipkart,1,3499,PL2-2507-1
VR891937,C104676,VA-EB-AIR,2025-10-12,Amazon,1,1619,AIR-2509-3
VR892061,C104954,VA-NB-ARC,2025-10-12,vireo.in,1,1299,ARC-2507-4
VR893206,C103332,VA-EB-PL2,2025-10-12,Flipkart,1,3149,PL2-2507-2
VR893652,C108385,VA-EB-PL2,2025-10-12,vireo.in,1,2799,PL2-2509-2
VR895084,C108429,VA-EB-AIR,2025-10-12,Amazon,1,1799,AIR-2509-2
VR895118,C102417,VA-HP-ST3,2025-10-12,vireo.in,1,5599,ST3-2507-1
VR897523,C106882,VA-EB-PL2,2025-10-12,vireo.in,1,2799,PL2-2508-3
VR898561,C108397,VA-EB-PL1,2025-10-12,vireo.in,1,2499,PL1-2506-3
VR898584,C100415,VA-SW-FIT,2025-10-12,vireo.in,1,1799,FIT-2509-1
VR898706,C109115,VA-SW-NX1,2025-10-12,vireo.in,2,9998,NX1-2509-1
VR898896,C105799,VA-EB-PL2,2025-10-12,Amazon,1,2974,PL2-2507-1
VR899755,C104849,VA-SP-ORB,2025-10-12,Flipkart,1,5999,ORB-2508-1
VR900233,C108814,VA-EB-PL2,2025-10-12,vireo.in,1,3324,PL2-2509-4
VR901289,C106782,VA-SP-MINI,2025-10-12,vireo.in,1,2499,MINI-2509-2
VR901851,C102060,VA-EB-PL2,2025-10-12,Amazon,1,3324,PL2-2507-1
VR902417,C104115,VA-EB-AIR,2025-10-12,Amazon,1,1709,AIR-2509-2
VR902719,C108258,VA-EB-PL2,2025-10-12,vireo.in,1,3499,PL2-2508-3
VR903577,C108739,VA-EB-PL1,2025-10-12,vireo.in,1,1999,PL1-2509-3
VR903667,C107283,VA-SW-NX1,2025-10-12,Amazon,1,4999,NX1-2509-1
VR903755,C102479,VA-EB-PL2,2025-10-12,vireo.in,1,2974,PL2-2509-4
VR905212,C106912,VA-EB-PL2,2025-10-12,Amazon,1,2974,PL2-2507-3
VR905389,C105592,VA-EB-PL2,2025-10-12,vireo.in,1,3499,PL2-2507-4
VR906071,C107051,VA-EB-PL2,2025-10-12,vireo.in,1,3499,PL2-2507-1
VR906542,C101159,VA-EB-PL1,2025-10-12,Amazon,1,2499,PL1-2507-4
VR907462,C105110,VA-SP-MINI,2025-10-12,vireo.in,2,4748,MINI-2509-3
VR907486,C105663,VA-SW-NX1,2025-10-12,vireo.in,1,4749,NX1-2507-4
VR907823,C104092,VA-AC-CASE,2025-10-12,vireo.in,1,1169,CASE-2508-1
VR907844,C109299,VA-EB-PL1,2025-10-12,Amazon,1,2499,PL1-2508-2
VR908325,C103280,VA-NB-ARC,2025-10-12,vireo.in,1,1039,ARC-2507-3
VR908571,C107275,VA-HP-ST3,2025-10-12,vireo.in,1,5599,ST3-2507-4
VR908654,C107769,VA-EB-PL2,2025-10-12,vireo.in,1,2974,PL2-2508-4
VR909313,C103037,VA-EB-PL2,2025-10-12,Amazon,1,3149,PL2-2507-1
VR909855,C103232,VA-EB-PL2,2025-10-12,Flipkart,1,3499,PL2-2507-1
VR909990,C102325,VA-EB-PL2,2025-10-12,vireo.in,1,2799,PL2-2508-2
VR880315,C101167,VA-NB-ARC,2025-10-13,Amazon,1,1104,ARC-2506-1
VR881013,C100121,VA-EB-PL2,2025-10-13,vireo.in,1,2799,PL2-2508-4
VR882704,C105941,VA-SW-NX2,2025-10-13,vireo.in,1,6174,NX2-2507-4
VR882846,C105544,VA-EB-AIR,2025-10-13,Amazon,1,1439,AIR-2508-4
VR883763,C108233,VA-EB-PL2,2025-10-13,Amazon,1,3149,PL2-2507-1
VR883986,C107874,VA-EB-PL2,2025-10-13,vireo.in,1,3499,PL2-2508-1
VR886283,C105313,VA-SP-ORB,2025-10-13,Amazon,1,5999,ORB-2508-4
VR886412,C105836,VA-EB-PL1,2025-10-13,Flipkart,1,2499,PL1-2509-4
VR886528,C103303,VA-SP-ORB,2025-10-13,Flipkart,1,5999,ORB-2508-4
VR886773,C101899,VA-HP-ST3,2025-10-13,Amazon,1,5949,ST3-2508-2
VR886998,C100021,VA-EB-PL2,2025-10-13,vireo.in,1,3499,PL2-2507-4
VR887283,C101441,VA-SW-NX1,2025-10-13,vireo.in,1,4499,NX1-2508-2
VR889743,C109447,VA-EB-PL2,2025-10-13,vireo.in,1,3149,PL2-2508-4
VR889876,C108431,VA-HP-ST3,2025-10-13,Flipkart,1,6649,ST3-2508-1
VR890376,C107049,VA-EB-AIR,2025-10-13,Amazon,1,1799,AIR-2506-2
VR892711,C103462,VA-EB-PL2,2025-10-13,Amazon,1,3149,PL2-2507-4
VR893642,C107437,VA-EB-PL2,2025-10-13,vireo.in,1,3499,PL2-2507-3
VR894668,C107448,VA-NB-ARC,2025-10-13,vireo.in,1,1299,ARC-2508-2
VR894850,C109422,VA-SW-NX2,2025-10-13,vireo.in,1,6499,NX2-2507-2
VR896323,C100453,VA-EB-PL1,2025-10-13,vireo.in,1,2499,PL1-2507-1
VR897430,C107486,VA-EB-PL2,2025-10-13,Amazon,1,3499,PL2-2509-3
VR898375,C105383,VA-EB-PL2,2025-10-13,vireo.in,1,2974,PL2-2507-1
VR899784,C106058,VA-SW-FIT,2025-10-13,vireo.in,1,1799,FIT-2509-1
VR901701,C100664,VA-EB-PL2,2025-10-13,Amazon,1,2799,PL2-2507-1
VR903241,C102272,VA-EB-AIR,2025-10-13,vireo.in,1,1799,AIR-2507-1
VR903566,C104493,VA-HP-ST3,2025-10-13,Flipkart,1,6299,ST3-2509-1
VR904245,C107922,VA-EB-PL1,2025-10-13,vireo.in,2,4248,PL1-2507-2
VR904727,C104104,VA-SW-NX2,2025-10-13,vireo.in,1,6499,NX2-2509-3
VR905410,C107681,VA-EB-AIR,2025-10-13,vireo.in,1,1529,AIR-2507-2
VR907100,C107148,VA-EB-PL2,2025-10-13,vireo.in,1,3499,PL2-2508-3
VR910042,C107099,VA-EB-PL2,2025-10-13,vireo.in,1,2799,PL2-2508-4
VR881191,C105856,VA-SP-MINI,2025-10-14,vireo.in,1,2374,MINI-2507-2
VR882899,C104860,VA-EB-PL2,2025-10-14,Amazon,1,2799,PL2-2507-3
VR883208,C108684,VA-SP-MINI,2025-10-14,vireo.in,1,2124,MINI-2508-3
VR883492,C100801,VA-EB-PL1,2025-10-14,vireo.in,1,1999,PL1-2509-4
VR883565,C101510,VA-SW-NX1,2025-10-14,vireo.in,1,4749,NX1-2508-4
VR884067,C109096,VA-EB-AIR,2025-10-14,vireo.in,1,1439,AIR-2508-3
VR884646,C107051,VA-HP-ST3,2025-10-14,Amazon,1,6649,ST3-2508-1
VR884852,C102286,VA-SW-NX2,2025-10-14,vireo.in,1,6499,NX2-2506-1
VR885026,C102016,VA-AC-CASE,2025-10-14,vireo.in,1,1299,CASE-2508-1
VR886279,C100951,VA-EB-AIR,2025-10-14,vireo.in,1,1709,AIR-2508-1
VR886666,C109172,VA-HP-ST3,2025-10-14,Amazon,1,6999,ST3-2509-2
VR887185,C100403,VA-SW-FIT,2025-10-14,vireo.in,1,1999,FIT-2509-4
VR887352,C101161,VA-EB-PL2,2025-10-14,vireo.in,1,3499,PL2-2507-3
VR888413,C106352,VA-EB-PL1,2025-10-14,Flipkart,1,2499,PL1-2507-1
VR888579,C108026,VA-SW-FIT,2025-10-14,vireo.in,1,1899,FIT-2509-4
VR889460,C102068,VA-SW-NX2,2025-10-14,vireo.in,1,6499,NX2-2509-2
VR889695,C109395,VA-NB-ARC,2025-10-14,Amazon,1,1104,ARC-2509-4
VR890404,C100097,VA-SW-NX2,2025-10-14,Amazon,1,5199,NX2-2508-2
VR890945,C106968,VA-EB-PL1,2025-10-14,vireo.in,2,4998,PL1-2508-3
VR890976,C103640,VA-EB-PL1,2025-10-14,vireo.in,1,2249,PL1-2507-3
VR891283,C106854,VA-SP-ORB,2025-10-14,Amazon,1,5999,ORB-2508-4
VR891583,C102275,VA-EB-PL2,2025-10-14,vireo.in,1,3499,PL2-2508-2
VR892617,C105463,VA-HP-ST2,2025-10-14,Amazon,2,7998,ST2-2507-1
VR893852,C107885,VA-EB-AIR,2025-10-14,vireo.in,1,1799,AIR-2507-3
VR894304,C106043,VA-EB-PL2,2025-10-14,vireo.in,1,3499,PL2-2507-3
VR894654,C108221,VA-EB-AIR,2025-10-14,vireo.in,1,1799,AIR-2508-3
VR895254,C106104,VA-EB-PL2,2025-10-14,vireo.in,1,3499,PL2-2508-2
VR895545,C101711,VA-SW-FIT,2025-10-14,vireo.in,1,1899,FIT-2508-4
VR896051,C108813,VA-SP-MINI,2025-10-14,vireo.in,1,2374,MINI-2509-2
VR897087,C105329,VA-EB-PL2,2025-10-14,vireo.in,1,2799,PL2-2509-3
VR897256,C105448,VA-SP-MINI,2025-10-14,vireo.in,1,1999,MINI-2507-2
VR897661,C100600,VA-SW-FIT,2025-10-14,vireo.in,1,1599,FIT-2508-2
VR898614,C101775,VA-HP-ST2,2025-10-14,Amazon,1,4999,ST2-2509-2
VR898825,C102958,VA-SP-MINI,2025-10-14,Flipkart,1,2249,MINI-2507-2
VR899399,C104130,VA-EB-PL2,2025-10-14,Amazon,1,3499,PL2-2506-4
VR899584,C107780,VA-EB-PL2,2025-10-14,vireo.in,1,2799,PL2-2508-3
VR900235,C102981,VA-HP-ST3,2025-10-14,Flipkart,1,6299,ST3-2509-4
VR900703,C109495,VA-SP-ORB,2025-10-14,Flipkart,1,5999,ORB-2508-2
VR901013,C103975,VA-EB-PL2,2025-10-14,Flipkart,1,3149,PL2-2508-1
VR901061,C108291,VA-EB-PL1,2025-10-14,Amazon,1,2499,PL1-2507-4
VR901687,C109452,VA-SW-FIT,2025-10-14,Amazon,1,1799,FIT-2509-1
VR902257,C108528,VA-EB-PL2,2025-10-14,Flipkart,1,3499,PL2-2507-2
VR902937,C104572,VA-AC-CASE,2025-10-14,vireo.in,1,1299,CASE-2509-3
VR903015,C105893,VA-EB-PL2,2025-10-14,Amazon,1,3499,PL2-2506-2
VR905274,C104686,VA-SW-FIT,2025-10-14,Amazon,1,1699,FIT-2509-3
VR905587,C108630,VA-EB-PL2,2025-10-14,Amazon,2,6298,PL2-2507-2
VR906008,C105633,VA-EB-PL1,2025-10-14,Flipkart,1,1999,PL1-2509-2
VR907854,C108121,VA-EB-PL2,2025-10-14,Flipkart,1,3149,PL2-2507-1
VR908206,C106060,VA-EB-PL2,2025-10-14,vireo.in,1,3499,PL2-2508-2
VR908455,C106028,VA-EB-PL2,2025-10-14,Flipkart,1,2974,PL2-2507-1
VR908484,C107882,VA-EB-PL1,2025-10-14,vireo.in,1,2249,PL1-2508-4
VR909949,C101430,VA-EB-PL2,2025-10-14,vireo.in,1,3499,PL2-2508-4
VR910018,C103085,VA-EB-PL1,2025-10-14,vireo.in,1,2249,PL1-2507-4
VR910041,C102401,VA-EB-PL2,2025-10-14,Amazon,1,3149,PL2-2509-1
VR880250,C106396,VA-EB-PL2,2025-10-15,Amazon,1,3149,PL2-2508-2
VR881497,C100468,VA-HP-ST2,2025-10-15,Amazon,1,4999,ST2-2506-2
VR882804,C101751,VA-EB-PL2,2025-10-15,Amazon,1,2799,PL2-2509-3
VR883104,C102446,VA-HP-ST3,2025-10-15,vireo.in,1,6999,ST3-2509-3
VR884324,C108017,VA-SW-FIT,2025-10-15,Amazon,1,1699,FIT-2508-2
VR884385,C100412,VA-HP-ST3,2025-10-15,Amazon,1,5949,ST3-2507-2
VR884817,C102932,VA-SP-ORB,2025-10-15,vireo.in,1,4799,ORB-2508-4
VR886334,C103058,VA-EB-AIR,2025-10-15,Amazon,1,1799,AIR-2509-2
VR886799,C107802,VA-SW-FIT,2025-10-15,Amazon,1,1999,FIT-2508-4
VR887000,C100283,VA-EB-AIR,2025-10-15,vireo.in,1,1799,AIR-2508-2
VR889054,C106142,VA-EB-PL2,2025-10-15,Flipkart,1,3499,PL2-2507-4
VR889264,C103591,VA-SP-MINI,2025-10-15,vireo.in,1,2249,MINI-2507-1
VR890058,C102906,VA-SW-NX2,2025-10-15,vireo.in,1,6499,NX2-2508-2
VR891507,C109455,VA-EB-PL2,2025-10-15,Amazon,2,6648,PL2-2509-2
VR891743,C102086,VA-NB-ARC,2025-10-15,Flipkart,1,1234,ARC-2507-3
VR892213,C104294,VA-EB-PL2,2025-10-15,Flipkart,1,2799,PL2-2506-3
VR892258,C106869,VA-NB-ARC,2025-10-15,Amazon,1,1039,ARC-2508-3
VR893118,C100580,VA-HP-ST3,2025-10-15,Amazon,1,6649,ST3-2506-2
VR896558,C109103,VA-EB-PL2,2025-10-15,vireo.in,1,2974,PL2-2507-2
VR898932,C100269,VA-EB-PL2,2025-10-15,Amazon,1,3324,PL2-2509-4
VR899538,C107599,VA-EB-PL2,2025-10-15,vireo.in,1,3149,PL2-2508-1
VR899817,C102922,VA-EB-PL2,2025-10-15,vireo.in,2,6298,PL2-2506-2
VR901344,C106368,VA-EB-PL2,2025-10-15,Amazon,1,2799,PL2-2508-4
VR906110,C102553,VA-EB-PL2,2025-10-15,vireo.in,2,6998,PL2-2509-1
VR906416,C104395,VA-EB-PL2,2025-10-15,Amazon,1,3149,PL2-2507-3
VR909212,C100742,VA-EB-PL1,2025-10-15,vireo.in,1,2499,PL1-2508-1
VR880493,C109332,VA-EB-PL1,2025-10-16,Flipkart,1,2249,PL1-2508-1
VR880915,C100500,VA-EB-PL2,2025-10-16,vireo.in,1,3324,PL2-2509-2
VR883279,C108330,VA-EB-PL2,2025-10-16,vireo.in,1,2974,PL2-2508-3
VR883402,C106917,VA-SP-MINI,2025-10-16,Amazon,1,2499,MINI-2509-4
VR884639,C103832,VA-HP-ST3,2025-10-16,vireo.in,1,6999,ST3-2508-1
VR885548,C106399,VA-EB-PL1,2025-10-16,vireo.in,1,2499,PL1-2508-3
VR885746,C101848,VA-EB-PL2,2025-10-16,vireo.in,1,3324,PL2-2509-4
VR887575,C105099,VA-HP-ST3,2025-10-16,vireo.in,1,6649,ST3-2509-4
VR888504,C104619,VA-EB-PL1,2025-10-16,vireo.in,1,1999,PL1-2507-2
VR889466,C100086,VA-HP-ST3,2025-10-16,Flipkart,1,6299,ST3-2509-1
VR889844,C106581,VA-EB-PL2,2025-10-16,vireo.in,1,3324,PL2-2507-1
VR890285,C108450,VA-HP-ST3,2025-10-16,Amazon,1,6999,ST3-2509-4
VR891450,C101681,VA-SW-NX2,2025-10-16,vireo.in,1,5849,NX2-2507-2
VR892304,C108951,VA-EB-PL2,2025-10-16,Flipkart,1,3499,PL2-2507-3
VR892310,C101184,VA-EB-PL1,2025-10-16,vireo.in,1,2499,PL1-2507-3
VR893875,C104887,VA-EB-PL2,2025-10-16,vireo.in,1,2974,PL2-2507-1
VR894162,C103348,VA-EB-AIR,2025-10-16,vireo.in,1,1799,AIR-2508-4
VR894280,C103025,VA-SP-MINI,2025-10-16,Amazon,1,2499,MINI-2507-1
VR896302,C109361,VA-AC-CH65,2025-10-16,Amazon,1,1499,CH65-2507-1
VR896780,C103190,VA-EB-AIR,2025-10-16,vireo.in,1,1619,AIR-2507-1
VR897258,C108705,VA-NB-ARC,2025-10-16,Amazon,1,1299,ARC-2507-4
VR898089,C100515,VA-EB-PL1,2025-10-16,Amazon,1,2499,PL1-2507-2
VR900578,C103532,VA-EB-PL1,2025-10-16,vireo.in,1,2499,PL1-2507-4
VR901084,C100261,VA-EB-PL2,2025-10-16,Amazon,1,3499,PL2-2507-4
VR902069,C107205,VA-AC-CH65,2025-10-16,Amazon,1,1349,CH65-2509-1
VR902137,C106704,VA-EB-PL2,2025-10-16,Amazon,1,3149,PL2-2509-4
VR902288,C108647,VA-SW-NX1,2025-10-16,vireo.in,1,4999,NX1-2507-1
VR905145,C102507,VA-AC-CH65,2025-10-16,vireo.in,1,1499,CH65-2507-2
VR905864,C105736,VA-EB-AIR,2025-10-16,vireo.in,1,1529,AIR-2507-3
VR906682,C108091,VA-EB-PL2,2025-10-16,vireo.in,1,2974,PL2-2507-3
VR907039,C101054,VA-AC-CH65,2025-10-16,Flipkart,1,1349,CH65-2507-1
VR907457,C101826,VA-SW-NX1,2025-10-16,vireo.in,1,4999,NX1-2507-2
VR908232,C102577,VA-EB-AIR,2025-10-16,Amazon,1,1799,AIR-2509-3
VR908701,C105212,VA-EB-PL1,2025-10-16,Flipkart,1,2499,PL1-2508-1
VR909886,C108889,VA-SW-FIT,2025-10-16,Flipkart,1,1999,FIT-2508-1
VR880664,C102533,VA-EB-PL2,2025-10-17,Amazon,1,3499,PL2-2508-2
VR883432,C100122,VA-EB-PL2,2025-10-17,vireo.in,2,6998,PL2-2507-3
VR884155,C107917,VA-EB-PL1,2025-10-17,vireo.in,1,2499,PL1-2508-4
VR884583,C104804,VA-SP-MINI,2025-10-17,Amazon,1,1999,MINI-2507-4
VR885292,C109061,VA-SW-FIT,2025-10-17,Amazon,1,1999,FIT-2509-2
VR886061,C106857,VA-EB-AIR,2025-10-17,Amazon,1,1619,AIR-2508-1
VR887398,C100167,VA-HP-ST3,2025-10-17,Amazon,1,6999,ST3-2508-2
VR887477,C108312,VA-SP-MINI,2025-10-17,Flipkart,1,2499,MINI-2507-4
VR887967,C109010,VA-HP-ST3,2025-10-17,Amazon,1,5599,ST3-2509-4
VR888088,C101491,VA-EB-PL2,2025-10-17,vireo.in,1,2799,PL2-2508-3
VR888886,C100525,VA-EB-PL1,2025-10-17,Flipkart,1,2124,PL1-2507-4
VR889173,C105013,VA-EB-PL2,2025-10-17,vireo.in,1,3499,PL2-2508-3
VR890064,C108485,VA-EB-PL1,2025-10-17,vireo.in,1,2499,PL1-2508-2
VR892333,C108625,VA-SW-NX1,2025-10-17,Amazon,1,4999,NX1-2509-3
VR892944,C105191,VA-EB-PL1,2025-10-17,Amazon,1,2499,PL1-2508-3
VR893014,C109054,VA-EB-PL2,2025-10-17,Flipkart,1,2974,PL2-2508-1
VR893613,C102788,VA-HP-ST2,2025-10-17,vireo.in,1,4249,ST2-2507-4
VR894300,C107461,VA-SP-ORB,2025-10-17,vireo.in,1,5399,ORB-2509-2
VR895739,C103688,VA-EB-PL2,2025-10-17,Amazon,1,2974,PL2-2508-3
VR896449,C106307,VA-SP-ORB,2025-10-17,vireo.in,1,5099,ORB-2509-3
VR896750,C104198,VA-HP-ST3,2025-10-17,Flipkart,1,6999,ST3-2508-3
VR897092,C104823,VA-EB-PL2,2025-10-17,Amazon,1,3324,PL2-2507-1
VR898748,C100854,VA-EB-PL2,2025-10-17,Flipkart,1,3499,PL2-2507-4
VR899842,C100932,VA-EB-PL2,2025-10-17,vireo.in,2,6648,PL2-2508-2
VR900108,C108926,VA-SP-MINI,2025-10-17,Flipkart,1,2499,MINI-2506-1
VR900221,C105890,VA-EB-PL2,2025-10-17,vireo.in,1,3499,PL2-2509-2
VR901438,C102509,VA-HP-ST3,2025-10-17,Flipkart,1,6299,ST3-2509-3
VR902477,C109066,VA-EB-PL2,2025-10-17,Flipkart,1,3324,PL2-2507-2
VR904539,C101022,VA-EB-PL2,2025-10-17,vireo.in,1,2799,PL2-2508-4
VR904918,C107433,VA-EB-AIR,2025-10-17,vireo.in,1,1619,AIR-2507-1
VR905134,C109191,VA-SW-NX2,2025-10-17,vireo.in,1,6499,NX2-2507-2
VR906546,C107172,VA-EB-AIR,2025-10-17,vireo.in,1,1439,AIR-2507-1
VR907098,C107121,VA-SW-FIT,2025-10-17,Amazon,1,1999,FIT-2509-3
VR908925,C106541,VA-EB-PL2,2025-10-17,Amazon,1,2799,PL2-2508-2
VR909764,C108363,VA-EB-PL2,2025-10-17,vireo.in,1,3499,PL2-2508-2
VR880075,C108793,VA-EB-PL2,2025-10-18,vireo.in,1,3499,PL2-2506-1
VR880327,C108668,VA-EB-PL2,2025-10-18,Amazon,1,3499,PL2-2509-2
VR882468,C108383,VA-SW-NX1,2025-10-18,Flipkart,1,4749,NX1-2508-4
VR883939,C100120,VA-AC-CH65,2025-10-18,vireo.in,1,1499,CH65-2508-1
VR884410,C100066,VA-EB-PL2,2025-10-18,Flipkart,1,3499,PL2-2507-3
VR885020,C100042,VA-HP-ST2,2025-10-18,vireo.in,1,4999,ST2-2507-4
VR887578,C101944,VA-SP-MINI,2025-10-18,vireo.in,1,2374,MINI-2507-2
VR887679,C100605,VA-EB-AIR,2025-10-18,vireo.in,1,1529,AIR-2509-1
VR888181,C102012,VA-EB-PL1,2025-10-18,vireo.in,1,2499,PL1-2508-2
VR888287,C103507,VA-SW-FIT,2025-10-18,vireo.in,1,1699,FIT-2507-2
VR888288,C106743,VA-EB-PL2,2025-10-18,Flipkart,1,3499,PL2-2508-1
VR888386,C106629,VA-EB-PL2,2025-10-18,Flipkart,1,2799,PL2-2508-4
VR889604,C102003,VA-EB-PL1,2025-10-18,vireo.in,1,2499,PL1-2508-3
VR890073,C103808,VA-HP-ST3,2025-10-18,vireo.in,1,6999,ST3-2507-3
VR891813,C100173,VA-EB-PL2,2025-10-18,Amazon,2,5948,PL2-2509-3
VR893572,C104361,VA-SW-NX2,2025-10-18,Flipkart,1,6499,NX2-2508-1
VR893900,C109317,VA-EB-PL2,2025-10-18,Flipkart,1,2974,PL2-2509-1
VR896238,C106134,VA-EB-PL2,2025-10-18,vireo.in,2,6648,PL2-2507-1
VR896289,C109080,VA-EB-PL2,2025-10-18,vireo.in,1,3499,PL2-2508-3
VR896854,C100949,VA-AC-CBL,2025-10-18,Amazon,1,319,CBL-2508-2
VR897681,C107505,VA-EB-PL2,2025-10-18,vireo.in,1,3499,PL2-2507-4
VR897839,C108145,VA-HP-ST3,2025-10-18,Amazon,1,5949,ST3-2509-1
VR898562,C105180,VA-EB-AIR,2025-10-18,Amazon,1,1799,AIR-2509-4
VR898669,C108794,VA-EB-PL2,2025-10-18,vireo.in,1,2974,PL2-2506-4
VR899718,C106148,VA-EB-PL2,2025-10-18,Amazon,1,2799,PL2-2509-3
VR901777,C102129,VA-EB-PL2,2025-10-18,Amazon,1,3149,PL2-2507-3
VR901974,C104168,VA-SW-NX2,2025-10-18,vireo.in,1,5524,NX2-2509-3
VR902035,C101325,VA-SW-NX2,2025-10-18,vireo.in,1,6499,NX2-2507-3
VR902532,C104421,VA-EB-PL1,2025-10-18,Amazon,1,2249,PL1-2507-1
VR902760,C100488,VA-EB-PL2,2025-10-18,vireo.in,1,3499,PL2-2509-3
VR903315,C108084,VA-NB-ARC,2025-10-18,Amazon,1,1234,ARC-2507-3
VR904639,C107665,VA-AC-CBL,2025-10-18,vireo.in,1,319,CBL-2508-2
VR905768,C102320,VA-EB-PL2,2025-10-18,vireo.in,1,3149,PL2-2508-2
VR906277,C107278,VA-HP-ST3,2025-10-18,vireo.in,1,6999,ST3-2508-2
VR906306,C101403,VA-EB-PL2,2025-10-18,Amazon,1,3149,PL2-2508-4
VR906878,C106906,VA-SW-NX2,2025-10-18,vireo.in,1,6174,NX2-2507-4
VR907027,C108215,VA-NB-ARC,2025-10-18,Amazon,1,1299,ARC-2507-3
VR908489,C101628,VA-HP-ST2,2025-10-18,vireo.in,1,4999,ST2-2508-3
VR908780,C108728,VA-AC-CASE,2025-10-18,vireo.in,1,1169,CASE-2507-3
VR909050,C107418,VA-EB-PL2,2025-10-18,vireo.in,1,3499,PL2-2508-2
VR881367,C103494,VA-EB-PL2,2025-10-19,Amazon,1,2799,PL2-2508-4
VR881404,C103781,VA-EB-PL2,2025-10-19,vireo.in,1,3324,PL2-2507-2
VR882086,C103195,VA-EB-PL2,2025-10-19,vireo.in,1,3499,PL2-2509-1
VR882758,C101462,VA-EB-PL2,2025-10-19,vireo.in,1,2799,PL2-2509-2
VR883134,C108246,VA-EB-PL2,2025-10-19,vireo.in,1,2799,PL2-2507-4
VR884806,C104036,VA-NB-ARC,2025-10-19,Amazon,1,1299,ARC-2509-4
VR888458,C104603,VA-EB-PL2,2025-10-19,Amazon,1,2799,PL2-2507-2
VR889338,C103605,VA-SW-FIT,2025-10-19,vireo.in,1,1999,FIT-2507-2
VR890205,C101678,VA-EB-PL2,2025-10-19,vireo.in,1,3499,PL2-2507-1
VR890773,C108056,VA-EB-AIR,2025-10-19,Flipkart,1,1529,AIR-2509-3
VR890967,C100379,VA-EB-PL2,2025-10-19,Amazon,1,3149,PL2-2508-3
VR892060,C103193,VA-HP-ST2,2025-10-19,Amazon,1,4999,ST2-2508-2
VR894781,C105563,VA-AC-CASE,2025-10-19,Amazon,1,1299,CASE-2508-4
VR895737,C101425,VA-EB-PL2,2025-10-19,vireo.in,1,3499,PL2-2509-3
VR896176,C108756,VA-EB-PL2,2025-10-19,vireo.in,1,2974,PL2-2507-1
VR897561,C103901,VA-EB-PL2,2025-10-19,vireo.in,1,3324,PL2-2508-3
VR898316,C105412,VA-EB-PL2,2025-10-19,vireo.in,2,6648,PL2-2509-1
VR898795,C100956,VA-EB-PL1,2025-10-19,vireo.in,1,2499,PL1-2507-2
VR899247,C100634,VA-EB-PL2,2025-10-19,vireo.in,1,2799,PL2-2509-3
VR901012,C103033,VA-HP-ST3,2025-10-19,vireo.in,1,6999,ST3-2508-2
VR902025,C101314,VA-EB-PL1,2025-10-19,vireo.in,1,2124,PL1-2507-4
VR902384,C105373,VA-EB-PL1,2025-10-19,vireo.in,1,2124,PL1-2509-1
VR903818,C106150,VA-EB-PL2,2025-10-19,Flipkart,1,2974,PL2-2509-4
VR905845,C102584,VA-SP-MINI,2025-10-19,vireo.in,1,2124,MINI-2508-4
VR906851,C102333,VA-EB-PL2,2025-10-19,vireo.in,1,3499,PL2-2509-1
VR907144,C102141,VA-AC-CASE,2025-10-19,vireo.in,1,1169,CASE-2507-3
VR907235,C102905,VA-EB-AIR,2025-10-19,Amazon,1,1799,AIR-2508-2
VR907366,C107862,VA-SW-NX1,2025-10-19,Amazon,1,4749,NX1-2507-4
VR907571,C101712,VA-AC-CASE,2025-10-19,vireo.in,1,1169,CASE-2507-2
VR907631,C105854,VA-SW-FIT,2025-10-19,vireo.in,1,1699,FIT-2508-2
VR880742,C101144,VA-AC-CH65,2025-10-20,Amazon,1,1274,CH65-2507-2
VR881180,C101421,VA-EB-PL2,2025-10-20,Flipkart,1,2799,PL2-2507-3
VR881212,C107558,VA-EB-PL2,2025-10-20,Amazon,2,5598,PL2-2509-2
VR882164,C107820,VA-HP-ST3,2025-10-20,Amazon,1,6299,ST3-2508-4
VR884145,C103762,VA-EB-PL2,2025-10-20,vireo.in,1,2799,PL2-2509-4
VR886115,C103442,VA-SW-NX2,2025-10-20,Amazon,1,5524,NX2-2508-3
VR889312,C107058,VA-SP-ORB,2025-10-20,vireo.in,1,4799,ORB-2508-2
VR890454,C109114,VA-AC-CASE,2025-10-20,vireo.in,1,1299,CASE-2507-2
VR891631,C103935,VA-SW-NX2,2025-10-20,vireo.in,2,12998,NX2-2508-1
VR891969,C106620,VA-HP-ST2,2025-10-20,Amazon,2,8998,ST2-2507-3
VR892667,C103340,VA-HP-ST3,2025-10-20,Amazon,1,6999,ST3-2508-3
VR893606,C106660,VA-EB-PL2,2025-10-20,Amazon,1,3499,PL2-2508-1
VR894894,C101713,VA-EB-PL1,2025-10-20,vireo.in,1,2499,PL1-2507-2
VR895136,C106612,VA-EB-PL1,2025-10-20,Flipkart,2,4248,PL1-2509-3
VR895225,C101340,VA-EB-PL1,2025-10-20,vireo.in,1,2499,PL1-2509-3
VR897915,C107103,VA-EB-AIR,2025-10-20,vireo.in,1,1799,AIR-2509-1
VR898085,C100465,VA-EB-PL1,2025-10-20,vireo.in,2,4998,PL1-2507-2
VR899259,C104594,VA-SP-ORB,2025-10-20,vireo.in,1,5099,ORB-2508-1
VR899591,C106946,VA-EB-PL2,2025-10-20,Flipkart,1,2799,PL2-2507-2
VR900182,C108719,VA-SP-MINI,2025-10-20,vireo.in,1,2249,MINI-2509-1
VR900434,C103973,VA-HP-ST3,2025-10-20,vireo.in,2,13998,ST3-2507-3
VR902972,C102051,VA-EB-PL1,2025-10-20,vireo.in,1,2249,PL1-2508-3
VR903537,C104772,VA-EB-PL2,2025-10-20,vireo.in,1,2974,PL2-2507-4
VR904147,C103613,VA-SW-NX2,2025-10-20,Flipkart,1,6499,NX2-2508-2
VR904273,C103141,VA-EB-PL2,2025-10-20,vireo.in,1,3499,PL2-2509-3
VR904406,C103810,VA-EB-PL2,2025-10-20,Amazon,1,3499,PL2-2508-2
VR905223,C103834,VA-EB-PL2,2025-10-20,vireo.in,1,3499,PL2-2507-2
VR906466,C102629,VA-SW-FIT,2025-10-20,vireo.in,1,1799,FIT-2507-1
VR906722,C107525,VA-EB-PL1,2025-10-20,vireo.in,1,2374,PL1-2507-1
VR907011,C108547,VA-EB-PL2,2025-10-20,vireo.in,1,3149,PL2-2507-4
VR907291,C103367,VA-EB-PL2,2025-10-20,vireo.in,1,3324,PL2-2509-4
VR909845,C102094,VA-EB-PL1,2025-10-20,vireo.in,1,2249,PL1-2507-2
VR880945,C100684,VA-EB-PL2,2025-10-21,vireo.in,1,3499,PL2-2509-2
VR884280,C105768,VA-EB-PL2,2025-10-21,Amazon,1,2974,PL2-2509-2
VR885308,C102374,VA-NB-ARC,2025-10-21,vireo.in,1,1169,ARC-2508-3
VR886575,C104735,VA-EB-PL2,2025-10-21,vireo.in,1,3324,PL2-2508-4
VR887131,C102709,VA-AC-CASE,2025-10-21,vireo.in,2,2208,CASE-2507-2
VR887886,C106258,VA-SW-FIT,2025-10-21,Flipkart,1,1899,FIT-2508-1
VR890475,C106265,VA-EB-PL2,2025-10-21,Amazon,1,3324,PL2-2507-1
VR890724,C105419,VA-EB-PL2,2025-10-21,Amazon,1,2974,PL2-2507-2
VR892389,C101902,VA-SW-NX2,2025-10-21,vireo.in,1,6499,NX2-2508-4
VR895433,C107503,VA-SP-ORB,2025-10-21,vireo.in,1,4799,ORB-2509-4
VR896237,C109080,VA-EB-PL2,2025-10-21,Flipkart,1,2974,PL2-2508-4
VR896770,C102232,VA-HP-ST3,2025-10-21,Amazon,1,5949,ST3-2509-1
VR898558,C107895,VA-HP-ST2,2025-10-21,Amazon,2,8998,ST2-2507-2
VR899875,C106942,VA-HP-ST3,2025-10-21,vireo.in,1,5949,ST3-2507-3
VR901024,C101056,VA-EB-AIR,2025-10-21,vireo.in,1,1799,AIR-2509-3
VR901671,C107995,VA-EB-PL2,2025-10-21,Amazon,2,5598,PL2-2508-4
VR901723,C100668,VA-EB-PL2,2025-10-21,vireo.in,1,3499,PL2-2507-2
VR902948,C107391,VA-HP-ST3,2025-10-21,vireo.in,1,6999,ST3-2509-1
VR903538,C105860,VA-EB-PL2,2025-10-21,vireo.in,1,3499,PL2-2508-1
VR903711,C105910,VA-EB-PL2,2025-10-21,Amazon,1,3149,PL2-2508-2
VR903917,C106254,VA-EB-PL2,2025-10-21,Flipkart,1,2799,PL2-2507-1
VR904323,C102806,VA-EB-PL2,2025-10-21,Amazon,1,2799,PL2-2507-2
VR904537,C108918,VA-HP-ST2,2025-10-21,Flipkart,1,4249,ST2-2507-3
VR906257,C101544,VA-SW-NX1,2025-10-21,vireo.in,1,4999,NX1-2509-2
VR906626,C103895,VA-EB-AIR,2025-10-21,vireo.in,1,1439,AIR-2508-3
VR906766,C102437,VA-EB-PL2,2025-10-21,vireo.in,2,6298,PL2-2507-3
VR909387,C102670,VA-EB-AIR,2025-10-21,Flipkart,1,1439,AIR-2508-1
VR909409,C109458,VA-HP-ST2,2025-10-21,vireo.in,1,4749,ST2-2507-2
VR909768,C106925,VA-EB-PL1,2025-10-21,vireo.in,1,2499,PL1-2508-4
VR880952,C106332,VA-EB-PL2,2025-10-22,Amazon,1,2974,PL2-2509-4
VR884096,C106256,VA-EB-PL2,2025-10-22,vireo.in,1,3499,PL2-2507-2
VR884492,C102092,VA-EB-PL2,2025-10-22,vireo.in,1,3499,PL2-2509-4
VR884518,C105024,VA-SW-FIT,2025-10-22,Amazon,1,1699,FIT-2509-1
VR887078,C103516,VA-SW-NX1,2025-10-22,vireo.in,1,4249,NX1-2509-2
VR887225,C107194,VA-SW-FIT,2025-10-22,Amazon,1,1999,FIT-2509-2
VR887629,C101941,VA-EB-PL2,2025-10-22,Amazon,1,2974,PL2-2509-4
VR887722,C100960,VA-EB-PL2,2025-10-22,Amazon,1,3149,PL2-2508-2
VR889796,C104584,VA-EB-PL2,2025-10-22,vireo.in,1,3499,PL2-2509-3
VR890504,C102360,VA-EB-PL2,2025-10-22,Amazon,2,6998,PL2-2507-2
VR890523,C101342,VA-EB-PL2,2025-10-22,Flipkart,1,3499,PL2-2509-1
VR890966,C101625,VA-EB-PL2,2025-10-22,Amazon,1,2799,PL2-2508-2
VR891779,C106786,VA-SP-MINI,2025-10-22,Amazon,1,2249,MINI-2509-1
VR893214,C100313,VA-HP-ST2,2025-10-22,vireo.in,1,4499,ST2-2509-4
VR894039,C106649,VA-EB-PL2,2025-10-22,vireo.in,1,2974,PL2-2509-1
VR894731,C105801,VA-EB-PL1,2025-10-22,vireo.in,1,2124,PL1-2509-3
VR894762,C103551,VA-EB-PL2,2025-10-22,Amazon,1,2799,PL2-2508-3
VR897509,C102819,VA-EB-PL2,2025-10-22,Amazon,1,3499,PL2-2508-4
VR897837,C101990,VA-EB-PL2,2025-10-22,Flipkart,1,2974,PL2-2508-2
VR898145,C101934,VA-AC-CH65,2025-10-22,Amazon,1,1499,CH65-2508-3
VR898469,C106162,VA-NB-ARC,2025-10-22,vireo.in,1,1299,ARC-2509-1
VR899140,C101241,VA-NB-ARC,2025-10-22,Amazon,1,1234,ARC-2508-1
VR899989,C104433,VA-EB-PL2,2025-10-22,vireo.in,1,2799,PL2-2507-4
VR902698,C100692,VA-AC-CASE,2025-10-22,vireo.in,1,1104,CASE-2509-3
VR906424,C102079,VA-EB-PL2,2025-10-22,vireo.in,1,3499,PL2-2509-3
VR907895,C105001,VA-EB-PL2,2025-10-22,vireo.in,1,3499,PL2-2507-3
VR908111,C101344,VA-HP-ST2,2025-10-22,vireo.in,1,4749,ST2-2508-3
VR908254,C100048,VA-SW-NX1,2025-10-22,Amazon,1,4999,NX1-2507-1
VR908282,C102004,VA-EB-PL2,2025-10-22,Amazon,1,2974,PL2-2507-1
VR908847,C108927,VA-EB-PL2,2025-10-22,Amazon,1,2974,PL2-2508-2
VR908941,C103903,VA-HP-ST2,2025-10-22,vireo.in,1,4499,ST2-2509-1
VR909246,C104272,VA-SW-NX2,2025-10-22,vireo.in,1,5199,NX2-2509-4
VR880555,C108193,VA-EB-PL2,2025-10-23,Amazon,2,5948,PL2-2507-1
VR880572,C103624,VA-EB-PL1,2025-10-23,Flipkart,1,2124,PL1-2507-4
VR880587,C106248,VA-EB-PL2,2025-10-23,Flipkart,1,2974,PL2-2509-2
VR880720,C107360,VA-EB-PL1,2025-10-23,vireo.in,1,2499,PL1-2508-2
VR881464,C103619,VA-SW-FIT,2025-10-23,vireo.in,2,3998,FIT-2507-1
VR882025,C105638,VA-EB-PL1,2025-10-23,Flipkart,1,2124,PL1-2508-1
VR882251,C100943,VA-EB-PL2,2025-10-23,vireo.in,1,3324,PL2-2507-2
VR882894,C108360,VA-SW-NX2,2025-10-23,vireo.in,2,12998,NX2-2509-1
VR885117,C105456,VA-SP-MINI,2025-10-23,vireo.in,2,4498,MINI-2508-3
VR885851,C107980,VA-SW-NX2,2025-10-23,Amazon,1,6174,NX2-2508-2
VR886044,C107950,VA-EB-PL1,2025-10-23,vireo.in,1,1999,PL1-2509-2
VR886587,C101094,VA-SW-NX2,2025-10-23,vireo.in,1,5849,NX2-2508-2
VR887019,C102680,VA-EB-PL2,2025-10-23,vireo.in,1,3499,PL2-2509-2
VR887114,C100277,VA-HP-ST3,2025-10-23,Amazon,1,6999,ST3-2509-4
VR887876,C103489,VA-EB-PL1,2025-10-23,vireo.in,1,1999,PL1-2507-2
VR887974,C107484,VA-HP-ST3,2025-10-23,vireo.in,1,6649,ST3-2508-2
VR888929,C104326,VA-EB-PL2,2025-10-23,Amazon,1,3324,PL2-2508-1
VR889156,C106210,VA-SW-NX2,2025-10-23,vireo.in,1,6499,NX2-2509-4
VR889344,C106620,VA-EB-PL2,2025-10-23,vireo.in,1,2799,PL2-2507-4
VR889716,C108453,VA-SW-FIT,2025-10-23,vireo.in,1,1999,FIT-2508-4
VR891064,C106046,VA-EB-PL2,2025-10-23,vireo.in,1,3499,PL2-2509-4
VR891599,C105543,VA-SP-MINI,2025-10-23,vireo.in,1,2499,MINI-2508-3
VR892347,C102802,VA-EB-PL2,2025-10-23,vireo.in,1,3499,PL2-2509-4
VR893582,C101012,VA-NB-ARC,2025-10-23,Flipkart,1,1169,ARC-2509-2
VR893806,C100035,VA-EB-PL1,2025-10-23,Amazon,1,2499,PL1-2509-3
VR897322,C100479,VA-SP-MINI,2025-10-23,Amazon,2,4998,MINI-2507-1
VR897497,C107546,VA-EB-PL2,2025-10-23,Amazon,1,3499,PL2-2507-3
VR898813,C103591,VA-SW-NX2,2025-10-23,vireo.in,2,12998,NX2-2507-1
VR899682,C104615,VA-EB-AIR,2025-10-23,vireo.in,1,1529,AIR-2509-3
VR900497,C108332,VA-EB-AIR,2025-10-23,Flipkart,1,1529,AIR-2509-3
VR901240,C103066,VA-SW-NX2,2025-10-23,Amazon,1,6174,NX2-2509-2
VR901417,C106197,VA-EB-PL2,2025-10-23,vireo.in,1,2799,PL2-2508-2
VR901945,C100531,VA-EB-PL2,2025-10-23,vireo.in,1,3499,PL2-2508-1
VR904541,C101346,VA-EB-PL1,2025-10-23,vireo.in,1,2499,PL1-2507-3
VR904826,C107968,VA-EB-PL2,2025-10-23,Amazon,1,3499,PL2-2507-2
VR904883,C105206,VA-EB-AIR,2025-10-23,Flipkart,1,1709,AIR-2509-4
VR905142,C107474,VA-NB-ARC,2025-10-23,Flipkart,2,2208,ARC-2509-3
VR905407,C109352,VA-SW-NX1,2025-10-23,Amazon,1,3999,NX1-2509-2
VR906230,C100410,VA-EB-PL2,2025-10-23,Amazon,1,3499,PL2-2509-4
VR906396,C101099,VA-EB-PL2,2025-10-23,Amazon,1,3324,PL2-2508-4
VR906919,C103623,VA-EB-PL2,2025-10-23,Amazon,1,3499,PL2-2507-1
VR907183,C105227,VA-EB-PL2,2025-10-23,Flipkart,1,2799,PL2-2509-3
VR908443,C101886,VA-SW-NX2,2025-10-23,vireo.in,1,5199,NX2-2509-3
VR909808,C105731,VA-SW-FIT,2025-10-23,Flipkart,1,1999,FIT-2509-2
VR909868,C103784,VA-EB-AIR,2025-10-23,Amazon,1,1619,AIR-2509-3
VR910156,C106292,VA-EB-PL2,2025-10-23,vireo.in,1,3324,PL2-2508-4
VR883155,C104739,VA-EB-AIR,2025-10-24,vireo.in,1,1439,AIR-2509-4
VR884157,C103257,VA-EB-PL2,2025-10-24,vireo.in,1,3324,PL2-2509-1
VR886509,C106205,VA-EB-PL2,2025-10-24,Flipkart,1,3499,PL2-2507-3
VR887788,C102810,VA-NB-ARC,2025-10-24,vireo.in,1,1299,ARC-2508-4
VR887951,C105650,VA-EB-PL2,2025-10-24,Flipkart,1,3499,PL2-2507-1
VR890082,C108698,VA-EB-PL2,2025-10-24,Flipkart,1,3499,PL2-2508-3
VR890622,C101782,VA-EB-PL2,2025-10-24,vireo.in,1,3499,PL2-2508-2
VR890667,C101226,VA-EB-PL2,2025-10-24,Amazon,1,3499,PL2-2509-4
VR891361,C106126,VA-EB-PL2,2025-10-24,Amazon,1,3499,PL2-2508-4
VR891447,C104585,VA-EB-PL1,2025-10-24,vireo.in,1,2124,PL1-2507-2
VR892321,C107758,VA-EB-PL2,2025-10-24,vireo.in,1,2974,PL2-2508-4
VR892904,C103196,VA-SW-FIT,2025-10-24,vireo.in,1,1999,FIT-2507-4
VR892927,C108081,VA-SP-MINI,2025-10-24,vireo.in,1,2124,MINI-2508-4
VR893953,C108303,VA-HP-ST3,2025-10-24,vireo.in,1,5599,ST3-2510-2
VR894302,C107414,VA-EB-PL2,2025-10-24,vireo.in,1,2799,PL2-2508-3
VR894481,C104429,VA-EB-PL1,2025-10-24,vireo.in,1,1999,PL1-2509-1
VR896233,C102365,VA-SW-NX2,2025-10-24,Amazon,1,5524,NX2-2508-1
VR896247,C102419,VA-SP-MINI,2025-10-24,Amazon,1,2499,MINI-2509-3
VR897954,C101139,VA-AC-CASE,2025-10-24,vireo.in,1,1299,CASE-2509-2
VR898601,C109443,VA-SW-NX2,2025-10-24,Flipkart,1,5524,NX2-2508-1
VR898863,C101412,VA-EB-PL2,2025-10-24,Amazon,2,6998,PL2-2509-4
VR899222,C104786,VA-HP-ST2,2025-10-24,vireo.in,1,4999,ST2-2508-2
VR899457,C102507,VA-SW-NX2,2025-10-24,Amazon,1,5199,NX2-2508-3
VR899648,C103876,VA-EB-PL2,2025-10-24,vireo.in,1,3499,PL2-2509-1
VR900136,C108556,VA-AC-CASE,2025-10-24,vireo.in,1,1234,CASE-2509-4
VR900439,C107625,VA-EB-PL1,2025-10-24,vireo.in,1,2499,PL1-2507-2
VR900889,C106735,VA-SW-FIT,2025-10-24,Amazon,1,1699,FIT-2509-2
VR900944,C105758,VA-EB-PL1,2025-10-24,Flipkart,2,4998,PL1-2509-4
VR902028,C104240,VA-EB-PL2,2025-10-24,vireo.in,1,2799,PL2-2507-3
VR902219,C103636,VA-EB-PL2,2025-10-24,vireo.in,1,3324,PL2-2509-3
VR902564,C108138,VA-NB-ARC,2025-10-24,Amazon,1,1104,ARC-2509-2
VR902578,C104184,VA-EB-PL1,2025-10-24,Amazon,1,1999,PL1-2507-4
VR902700,C104095,VA-EB-PL2,2025-10-24,vireo.in,1,3499,PL2-2509-3
VR902842,C102384,VA-AC-CH65,2025-10-24,Amazon,1,1499,CH65-2509-3
VR903014,C109240,VA-EB-PL2,2025-10-24,vireo.in,1,3499,PL2-2507-3
VR903681,C101200,VA-EB-PL1,2025-10-24,vireo.in,1,2499,PL1-2510-1
VR904444,C104430,VA-EB-AIR,2025-10-24,Flipkart,1,1619,AIR-2507-3
VR905117,C104075,VA-EB-PL1,2025-10-24,Amazon,1,2374,PL1-2509-4
VR905152,C105581,VA-SP-MINI,2025-10-24,Flipkart,1,2499,MINI-2509-3
VR906846,C100943,VA-HP-ST3,2025-10-24,Amazon,1,6999,ST3-2507-3
VR907550,C108335,VA-SW-NX2,2025-10-24,Flipkart,1,6499,NX2-2507-4
VR907672,C108189,VA-HP-ST2,2025-10-24,Amazon,1,4499,ST2-2507-2
VR881202,C108343,VA-SP-MINI,2025-10-25,vireo.in,1,2499,MINI-2509-3
VR881568,C104403,VA-EB-PL2,2025-10-25,vireo.in,1,3499,PL2-2509-3
VR882066,C104124,VA-EB-PL1,2025-10-25,vireo.in,1,2499,PL1-2509-1
VR882088,C103239,VA-EB-PL2,2025-10-25,vireo.in,1,2974,PL2-2509-4
VR882403,C107552,VA-EB-PL2,2025-10-25,Amazon,1,3499,PL2-2508-4
VR883191,C101251,VA-EB-PL2,2025-10-25,vireo.in,1,3149,PL2-2507-2
VR884411,C108749,VA-EB-AIR,2025-10-25,Amazon,1,1529,AIR-2507-2
VR884899,C104947,VA-EB-PL2,2025-10-25,vireo.in,1,3499,PL2-2507-4
VR885278,C106242,VA-EB-PL1,2025-10-25,Amazon,1,2499,PL1-2507-3
VR886233,C101498,VA-SW-NX2,2025-10-25,Amazon,1,6174,NX2-2508-4
VR886450,C105480,VA-HP-ST2,2025-10-25,Amazon,1,3999,ST2-2508-3
VR886760,C101699,VA-EB-PL2,2025-10-25,vireo.in,1,3499,PL2-2508-2
VR887603,C101253,VA-SP-MINI,2025-10-25,Amazon,1,2499,MINI-2508-1
VR887774,C103337,VA-EB-PL1,2025-10-25,vireo.in,1,2374,PL1-2508-4
VR888045,C105656,VA-EB-PL2,2025-10-25,Flipkart,1,3149,PL2-2509-3
VR889529,C103794,VA-SP-MINI,2025-10-25,vireo.in,1,2124,MINI-2509-4
VR889931,C107847,VA-HP-ST2,2025-10-25,Flipkart,1,3999,ST2-2509-3
VR890146,C103192,VA-SW-FIT,2025-10-25,vireo.in,1,1999,FIT-2508-2
VR890534,C109380,VA-SW-NX2,2025-10-25,vireo.in,1,5199,NX2-2507-2
VR891958,C108598,VA-EB-PL2,2025-10-25,vireo.in,1,3499,PL2-2510-3
VR892220,C101554,VA-EB-PL2,2025-10-25,Flipkart,1,2974,PL2-2507-2
VR894196,C105353,VA-EB-PL1,2025-10-25,Amazon,1,1999,PL1-2509-3
VR894413,C107297,VA-EB-PL1,2025-10-25,vireo.in,1,2499,PL1-2508-2
VR894432,C104281,VA-EB-PL2,2025-10-25,vireo.in,1,3499,PL2-2507-3
VR894912,C103633,VA-EB-PL2,2025-10-25,vireo.in,1,3499,PL2-2508-2
VR895401,C104663,VA-EB-PL2,2025-10-25,vireo.in,1,3149,PL2-2510-1
VR895660,C101317,VA-EB-AIR,2025-10-25,Amazon,1,1529,AIR-2507-4
VR899545,C100533,VA-EB-PL2,2025-10-25,vireo.in,1,3499,PL2-2507-3
VR901043,C108699,VA-EB-PL2,2025-10-25,vireo.in,1,3499,PL2-2507-2
VR901105,C100648,VA-EB-PL2,2025-10-25,vireo.in,1,2974,PL2-2507-4
VR901406,C102328,VA-AC-CH65,2025-10-25,vireo.in,1,1499,CH65-2509-4
VR902267,C109069,VA-HP-ST3,2025-10-25,vireo.in,1,6999,ST3-2507-1
VR903119,C102271,VA-SP-MINI,2025-10-25,Flipkart,1,2499,MINI-2509-4
VR903968,C105729,VA-AC-CASE,2025-10-25,vireo.in,1,1039,CASE-2507-2
VR904428,C102761,VA-AC-CH65,2025-10-25,Flipkart,1,1274,CH65-2509-3
VR904795,C104168,VA-SP-ORB,2025-10-25,Amazon,1,5999,ORB-2509-2
VR905032,C106744,VA-EB-PL2,2025-10-25,Flipkart,1,2799,PL2-2507-1
VR905061,C100579,VA-EB-PL2,2025-10-25,vireo.in,1,3149,PL2-2507-4
VR906436,C105381,VA-EB-PL2,2025-10-25,vireo.in,1,2799,PL2-2509-2
VR906650,C107953,VA-SP-ORB,2025-10-25,vireo.in,1,5999,ORB-2509-3
VR908075,C105333,VA-AC-CBL,2025-10-25,Flipkart,1,339,CBL-2508-3
VR908229,C107267,VA-HP-ST3,2025-10-25,vireo.in,1,5599,ST3-2509-3
VR909899,C107838,VA-SP-MINI,2025-10-25,Flipkart,1,2124,MINI-2509-3
VR880080,C102454,VA-SP-ORB,2025-10-26,vireo.in,1,5999,ORB-2508-1
VR881501,C100761,VA-EB-PL2,2025-10-26,vireo.in,2,6998,PL2-2508-4
VR882000,C104870,VA-SP-MINI,2025-10-26,vireo.in,1,2499,MINI-2509-3
VR882442,C108215,VA-EB-PL2,2025-10-26,vireo.in,1,2974,PL2-2507-2
VR882871,C104553,VA-EB-PL1,2025-10-26,Amazon,1,2124,PL1-2508-2
VR882930,C101069,VA-HP-ST3,2025-10-26,vireo.in,1,6299,ST3-2509-4
VR884038,C108879,VA-EB-PL2,2025-10-26,vireo.in,1,3499,PL2-2509-4
VR884945,C100712,VA-EB-PL2,2025-10-26,vireo.in,1,3499,PL2-2508-2
VR885414,C101870,VA-EB-PL2,2025-10-26,vireo.in,1,3149,PL2-2508-1
VR886478,C107044,VA-EB-PL1,2025-10-26,vireo.in,1,2499,PL1-2507-2
VR887154,C109378,VA-HP-ST3,2025-10-26,vireo.in,1,6999,ST3-2509-2
VR887387,C101288,VA-HP-ST3,2025-10-26,vireo.in,1,6999,ST3-2509-2
VR887802,C108675,VA-EB-PL2,2025-10-26,Amazon,1,3149,PL2-2508-2
VR889683,C107541,VA-EB-PL1,2025-10-26,vireo.in,1,2124,PL1-2508-2
VR889925,C104198,VA-AC-CASE,2025-10-26,vireo.in,1,1299,CASE-2507-3
VR890578,C102377,VA-SW-FIT,2025-10-26,Flipkart,1,1999,FIT-2508-4
VR891209,C107329,VA-HP-ST3,2025-10-26,vireo.in,1,5599,ST3-2507-2
VR891876,C106831,VA-EB-PL2,2025-10-26,Amazon,1,2799,PL2-2509-3
VR892360,C107126,VA-EB-PL2,2025-10-26,vireo.in,1,3324,PL2-2508-1
VR892596,C106808,VA-EB-PL2,2025-10-26,Amazon,1,3499,PL2-2508-4
VR893355,C102605,VA-SP-ORB,2025-10-26,vireo.in,1,4799,ORB-2507-3
VR893446,C106233,VA-EB-PL2,2025-10-26,vireo.in,1,3499,PL2-2509-3
VR894296,C106284,VA-EB-PL2,2025-10-26,vireo.in,1,2974,PL2-2507-4
VR895713,C100174,VA-AC-CASE,2025-10-26,vireo.in,1,1169,CASE-2509-3
VR897221,C104237,VA-EB-PL2,2025-10-26,vireo.in,1,3499,PL2-2509-3
VR897360,C106975,VA-AC-CASE,2025-10-26,vireo.in,1,1234,CASE-2507-1
VR897546,C101969,VA-EB-PL2,2025-10-26,vireo.in,1,2799,PL2-2508-2
VR897640,C106633,VA-EB-PL2,2025-10-26,vireo.in,1,3499,PL2-2507-2
VR897838,C103590,VA-EB-PL1,2025-10-26,vireo.in,1,1999,PL1-2508-3
VR898246,C105731,VA-EB-PL2,2025-10-26,vireo.in,1,2799,PL2-2508-4
VR899021,C105141,VA-EB-AIR,2025-10-26,Amazon,1,1709,AIR-2508-3
VR899146,C100281,VA-EB-PL2,2025-10-26,Flipkart,1,3499,PL2-2507-2
VR900427,C103373,VA-AC-CH65,2025-10-26,Flipkart,1,1199,CH65-2508-3
VR901501,C102546,VA-EB-PL2,2025-10-26,vireo.in,1,3499,PL2-2509-2
VR902199,C106288,VA-SW-NX1,2025-10-26,Amazon,1,4999,NX1-2508-1
VR902328,C107286,VA-HP-ST3,2025-10-26,vireo.in,1,5599,ST3-2508-3
VR902418,C101221,VA-EB-PL2,2025-10-26,vireo.in,1,3324,PL2-2509-4
VR903419,C101799,VA-EB-PL2,2025-10-26,vireo.in,1,3499,PL2-2510-3
VR903999,C101747,VA-EB-PL2,2025-10-26,vireo.in,1,3149,PL2-2509-4
VR905109,C102880,VA-SW-FIT,2025-10-26,Amazon,1,1999,FIT-2509-1
VR905942,C101140,VA-SW-FIT,2025-10-26,Amazon,1,1999,FIT-2507-1
VR906094,C108364,VA-NB-ARC,2025-10-26,Amazon,1,1104,ARC-2508-1
VR906382,C100304,VA-EB-PL2,2025-10-26,Amazon,1,3499,PL2-2509-1
VR906870,C105610,VA-EB-AIR,2025-10-26,Amazon,1,1529,AIR-2508-4
VR907345,C107375,VA-NB-ARC,2025-10-26,vireo.in,1,1299,ARC-2508-2
VR907879,C104231,VA-SW-FIT,2025-10-26,Amazon,1,1999,FIT-2509-1
VR908775,C105327,VA-EB-PL2,2025-10-26,vireo.in,1,3499,PL2-2507-2
VR908950,C108281,VA-HP-ST3,2025-10-26,vireo.in,1,5949,ST3-2509-3
VR909122,C101023,VA-EB-AIR,2025-10-26,vireo.in,2,3418,AIR-2507-2
VR909624,C100952,VA-SW-FIT,2025-10-26,Flipkart,1,1799,FIT-2507-4
VR880142,C107479,VA-SW-NX2,2025-10-27,Flipkart,1,6499,NX2-2509-1
VR880325,C109344,VA-SW-NX2,2025-10-27,Amazon,1,6174,NX2-2508-4
VR881016,C107553,VA-EB-PL2,2025-10-27,vireo.in,1,2974,PL2-2510-1
VR881906,C108787,VA-EB-PL2,2025-10-27,vireo.in,1,3499,PL2-2510-1
VR884887,C108403,VA-EB-PL2,2025-10-27,vireo.in,2,6998,PL2-2507-4
VR884950,C108778,VA-EB-PL2,2025-10-27,vireo.in,1,2974,PL2-2508-4
VR885543,C106222,VA-SW-NX1,2025-10-27,vireo.in,1,4499,NX1-2509-3
VR886631,C106588,VA-EB-PL2,2025-10-27,vireo.in,1,3149,PL2-2510-1
VR886723,C103884,VA-EB-PL2,2025-10-27,Flipkart,1,3499,PL2-2507-4
VR887415,C108357,VA-EB-PL2,2025-10-27,Amazon,1,3499,PL2-2509-2
VR887571,C107627,VA-HP-ST3,2025-10-27,vireo.in,1,6999,ST3-2509-3
VR888283,C103752,VA-SP-MINI,2025-10-27,Amazon,1,2499,MINI-2508-1
VR889151,C106459,VA-EB-PL1,2025-10-27,Amazon,1,2249,PL1-2510-2
VR889773,C108470,VA-EB-PL2,2025-10-27,vireo.in,2,5948,PL2-2508-1
VR889963,C106251,VA-EB-PL2,2025-10-27,vireo.in,1,3149,PL2-2509-2
VR891853,C103839,VA-SP-MINI,2025-10-27,Amazon,1,2499,MINI-2509-2
VR892572,C104773,VA-SW-NX2,2025-10-27,Amazon,1,6174,NX2-2507-3
VR893669,C102729,VA-SW-NX2,2025-10-27,Flipkart,1,5849,NX2-2508-2
VR894019,C103637,VA-HP-ST3,2025-10-27,vireo.in,1,6999,ST3-2509-2
VR897067,C105570,VA-EB-PL2,2025-10-27,vireo.in,1,3499,PL2-2508-3
VR897108,C108865,VA-EB-AIR,2025-10-27,Amazon,1,1709,AIR-2507-3
VR897146,C103861,VA-SW-FIT,2025-10-27,Flipkart,1,1999,FIT-2508-3
VR898211,C107458,VA-EB-PL2,2025-10-27,Amazon,1,2799,PL2-2508-4
VR898687,C101361,VA-EB-PL2,2025-10-27,vireo.in,1,3149,PL2-2508-1
VR898937,C105722,VA-SP-ORB,2025-10-27,vireo.in,1,5999,ORB-2509-3
VR899415,C108573,VA-EB-PL2,2025-10-27,Amazon,1,2974,PL2-2508-1
VR899662,C101144,VA-EB-PL2,2025-10-27,Flipkart,1,3324,PL2-2509-4
VR900098,C102187,VA-EB-PL2,2025-10-27,vireo.in,1,3499,PL2-2507-1
VR900120,C100994,VA-EB-PL2,2025-10-27,Amazon,1,3499,PL2-2508-1
VR900283,C104670,VA-EB-PL2,2025-10-27,Flipkart,1,2974,PL2-2507-1
VR901577,C102249,VA-SW-NX2,2025-10-27,vireo.in,1,6499,NX2-2508-4
VR901655,C105423,VA-EB-PL2,2025-10-27,vireo.in,1,2974,PL2-2509-4
VR901760,C102342,VA-AC-CBL,2025-10-27,vireo.in,1,399,CBL-2507-1
VR902390,C108782,VA-HP-ST2,2025-10-27,Flipkart,1,4999,ST2-2509-3
VR902455,C103532,VA-EB-PL2,2025-10-27,Amazon,1,2799,PL2-2508-2
VR903636,C104548,VA-EB-PL1,2025-10-27,Amazon,1,2499,PL1-2508-1
VR904211,C102207,VA-SW-NX1,2025-10-27,Amazon,1,4999,NX1-2509-1
VR904602,C105487,VA-EB-PL2,2025-10-27,Amazon,1,2799,PL2-2508-1
VR906212,C103557,VA-AC-CH65,2025-10-27,vireo.in,1,1499,CH65-2509-4
VR907520,C105562,VA-SW-NX1,2025-10-27,Amazon,1,3999,NX1-2509-4
VR880994,C109208,VA-SW-FIT,2025-10-28,Flipkart,1,1999,FIT-2509-4
VR881435,C101039,VA-SP-ORB,2025-10-28,vireo.in,2,11998,ORB-2508-2
VR882015,C104561,VA-EB-PL2,2025-10-28,Amazon,1,3499,PL2-2508-4
VR883063,C103878,VA-SW-FIT,2025-10-28,Amazon,1,1999,FIT-2510-4
VR883186,C102733,VA-EB-PL2,2025-10-28,Amazon,1,2799,PL2-2508-4
VR883712,C102232,VA-AC-CBL,2025-10-28,Flipkart,1,319,CBL-2510-4
VR884237,C103580,VA-EB-PL1,2025-10-28,Amazon,1,2499,PL1-2510-4
VR884508,C100750,VA-EB-PL2,2025-10-28,Flipkart,1,2974,PL2-2508-1
VR885612,C102230,VA-SW-NX2,2025-10-28,vireo.in,1,5849,NX2-2509-1
VR885893,C103456,VA-EB-PL2,2025-10-28,vireo.in,2,5948,PL2-2507-4
VR886788,C101934,VA-HP-ST3,2025-10-28,vireo.in,1,6299,ST3-2507-4
VR886911,C104076,VA-SP-MINI,2025-10-28,Amazon,1,2499,MINI-2507-3
VR890884,C105462,VA-EB-PL1,2025-10-28,vireo.in,1,2499,PL1-2509-3
VR891162,C104634,VA-EB-PL2,2025-10-28,vireo.in,1,3324,PL2-2510-3
VR891701,C101692,VA-EB-PL2,2025-10-28,Amazon,1,3149,PL2-2507-1
VR892176,C101177,VA-SW-NX2,2025-10-28,Amazon,1,6499,NX2-2507-1
VR893299,C100005,VA-SP-ORB,2025-10-28,vireo.in,1,5999,ORB-2508-4
VR893301,C105745,VA-HP-ST3,2025-10-28,vireo.in,1,5949,ST3-2510-2
VR893615,C106813,VA-SW-NX2,2025-10-28,vireo.in,1,5199,NX2-2510-1
VR893804,C102546,VA-EB-AIR,2025-10-28,vireo.in,1,1799,AIR-2508-2
VR894408,C101535,VA-EB-PL2,2025-10-28,vireo.in,1,2799,PL2-2509-2
VR894741,C102996,VA-SW-NX1,2025-10-28,Amazon,2,9998,NX1-2509-3
VR895968,C102095,VA-HP-ST2,2025-10-28,Amazon,1,4999,ST2-2507-3
VR896232,C107853,VA-AC-CASE,2025-10-28,vireo.in,1,1299,CASE-2507-3
VR896896,C103495,VA-HP-ST3,2025-10-28,Flipkart,1,6999,ST3-2509-4
VR897500,C102406,VA-SP-MINI,2025-10-28,Amazon,2,4748,MINI-2510-2
VR900191,C101098,VA-EB-PL2,2025-10-28,Flipkart,1,2974,PL2-2509-3
VR900538,C103805,VA-EB-PL2,2025-10-28,Amazon,1,3499,PL2-2508-2
VR901837,C106033,VA-SW-FIT,2025-10-28,vireo.in,1,1799,FIT-2510-2
VR902456,C101044,VA-EB-PL2,2025-10-28,vireo.in,1,2974,PL2-2507-1
VR902502,C105483,VA-EB-PL2,2025-10-28,vireo.in,1,2974,PL2-2510-3
VR903141,C100588,VA-SW-NX2,2025-10-28,Amazon,1,6499,NX2-2510-3
VR903633,C100463,VA-HP-ST2,2025-10-28,vireo.in,1,4999,ST2-2507-2
VR904369,C101288,VA-AC-CASE,2025-10-28,Flipkart,1,1299,CASE-2508-1
VR906617,C103727,VA-SW-NX1,2025-10-28,Amazon,1,4499,NX1-2507-4
VR908096,C104030,VA-SW-NX2,2025-10-28,Amazon,1,5524,NX2-2507-3
VR908173,C102096,VA-SW-FIT,2025-10-28,Amazon,1,1599,FIT-2508-1
VR909042,C100448,VA-AC-CH65,2025-10-28,vireo.in,1,1499,CH65-2507-2
VR880464,C109151,VA-EB-PL2,2025-10-29,vireo.in,1,3324,PL2-2508-4
VR881392,C106591,VA-EB-PL2,2025-10-29,vireo.in,1,2974,PL2-2507-1
VR882624,C101337,VA-SW-NX2,2025-10-29,Amazon,1,5199,NX2-2510-3
VR883408,C108528,VA-EB-AIR,2025-10-29,vireo.in,1,1799,AIR-2507-4
VR883822,C101235,VA-SW-NX1,2025-10-29,Amazon,1,4999,NX1-2509-4
VR883913,C100216,VA-SW-FIT,2025-10-29,Flipkart,1,1999,FIT-2510-4
VR884994,C103391,VA-SW-NX2,2025-10-29,Amazon,1,6174,NX2-2508-3
VR885107,C104467,VA-SW-NX2,2025-10-29,Flipkart,1,5524,NX2-2508-1
VR885137,C100749,VA-EB-PL2,2025-10-29,Amazon,1,3324,PL2-2508-4
VR885403,C101304,VA-EB-AIR,2025-10-29,vireo.in,1,1529,AIR-2509-4
VR885872,C100839,VA-EB-PL1,2025-10-29,Flipkart,1,2124,PL1-2509-3
VR886887,C100750,VA-EB-PL2,2025-10-29,vireo.in,1,2799,PL2-2507-4
VR888259,C104782,VA-EB-PL1,2025-10-29,Amazon,1,2499,PL1-2508-4
VR888483,C100073,VA-SP-MINI,2025-10-29,vireo.in,1,2499,MINI-2509-3
VR889469,C107896,VA-EB-PL2,2025-10-29,Flipkart,1,3499,PL2-2509-4
VR889525,C105216,VA-EB-PL1,2025-10-29,vireo.in,1,1999,PL1-2508-4
VR889781,C104721,VA-SW-FIT,2025-10-29,vireo.in,1,1899,FIT-2508-2
VR889791,C102676,VA-SW-NX2,2025-10-29,Amazon,1,6499,NX2-2507-3
VR890123,C107641,VA-EB-PL2,2025-10-29,vireo.in,1,3324,PL2-2509-2
VR890566,C103873,VA-HP-ST2,2025-10-29,vireo.in,1,3999,ST2-2508-3
VR891072,C101483,VA-AC-CH65,2025-10-29,vireo.in,1,1349,CH65-2510-1
VR891585,C105688,VA-EB-PL2,2025-10-29,vireo.in,1,3149,PL2-2507-3
VR891954,C106778,VA-SW-NX2,2025-10-29,vireo.in,1,6499,NX2-2507-1
VR892362,C100715,VA-SW-NX2,2025-10-29,vireo.in,1,5524,NX2-2507-4
VR893996,C103904,VA-SW-NX2,2025-10-29,Amazon,1,6499,NX2-2510-2
VR894234,C104526,VA-EB-PL2,2025-10-29,vireo.in,1,2799,PL2-2508-1
VR894382,C105662,VA-SW-NX2,2025-10-29,vireo.in,1,6499,NX2-2509-3
VR896330,C107370,VA-HP-ST3,2025-10-29,vireo.in,1,6299,ST3-2509-2
VR896818,C109392,VA-EB-PL1,2025-10-29,vireo.in,1,2499,PL1-2507-1
VR897276,C100563,VA-EB-PL2,2025-10-29,vireo.in,1,3499,PL2-2507-4
VR897371,C108612,VA-EB-PL2,2025-10-29,Amazon,1,2799,PL2-2508-4
VR898785,C101785,VA-SP-MINI,2025-10-29,Flipkart,1,2499,MINI-2508-1
VR899049,C103534,VA-SP-MINI,2025-10-29,Amazon,2,4998,MINI-2508-3
VR899967,C108961,VA-HP-ST3,2025-10-29,vireo.in,1,5949,ST3-2507-3
VR900169,C101160,VA-HP-ST3,2025-10-29,Amazon,1,6649,ST3-2509-4
VR900269,C104515,VA-EB-PL2,2025-10-29,vireo.in,1,3499,PL2-2507-2
VR901026,C102296,VA-SW-NX2,2025-10-29,Flipkart,1,5199,NX2-2509-2
VR901149,C101861,VA-HP-ST2,2025-10-29,Amazon,1,4249,ST2-2508-2
VR903614,C103298,VA-EB-PL2,2025-10-29,vireo.in,1,3324,PL2-2508-1
VR905625,C102608,VA-EB-PL2,2025-10-29,vireo.in,1,3149,PL2-2509-3
VR907028,C100139,VA-EB-PL2,2025-10-29,Amazon,1,3324,PL2-2509-2
VR907048,C100477,VA-SP-ORB,2025-10-29,vireo.in,2,11998,ORB-2508-2
VR907636,C101813,VA-EB-AIR,2025-10-29,Amazon,1,1799,AIR-2509-1
VR908266,C100678,VA-EB-PL2,2025-10-29,vireo.in,1,2799,PL2-2509-4
VR908786,C103793,VA-HP-ST3,2025-10-29,vireo.in,1,5599,ST3-2509-1
VR909085,C109252,VA-EB-PL2,2025-10-29,Flipkart,1,2799,PL2-2509-2
VR909438,C102917,VA-SP-ORB,2025-10-29,vireo.in,1,5099,ORB-2507-2
VR909753,C104349,VA-SW-FIT,2025-10-29,vireo.in,1,1799,FIT-2509-3
VR880055,C106541,VA-EB-PL2,2025-10-30,vireo.in,1,3499,PL2-2509-1
VR880331,C100775,VA-AC-CASE,2025-10-30,Amazon,1,1299,CASE-2508-3
VR881104,C101496,VA-AC-CASE,2025-10-30,vireo.in,1,1234,CASE-2508-3
VR881303,C109112,VA-EB-PL1,2025-10-30,vireo.in,1,2499,PL1-2509-4
VR881950,C105036,VA-SP-MINI,2025-10-30,Flipkart,1,2499,MINI-2510-1
VR885641,C101734,VA-SW-NX2,2025-10-30,Amazon,1,5849,NX2-2508-3
VR886651,C100666,VA-EB-PL1,2025-10-30,vireo.in,1,2499,PL1-2510-3
VR888764,C103488,VA-AC-CH65,2025-10-30,vireo.in,1,1499,CH65-2507-4
VR888791,C101573,VA-HP-ST3,2025-10-30,vireo.in,1,6999,ST3-2510-4
VR888807,C105452,VA-EB-PL2,2025-10-30,vireo.in,1,3149,PL2-2509-1
VR890425,C100336,VA-EB-PL2,2025-10-30,vireo.in,1,3324,PL2-2509-3
VR891127,C103047,VA-EB-PL1,2025-10-30,Flipkart,1,2374,PL1-2510-1
VR891157,C109408,VA-SP-ORB,2025-10-30,vireo.in,1,5999,ORB-2508-4
VR891172,C106082,VA-AC-CBL,2025-10-30,vireo.in,1,399,CBL-2509-4
VR896309,C104105,VA-HP-ST3,2025-10-30,Flipkart,1,6999,ST3-2509-2
VR896555,C109161,VA-EB-PL2,2025-10-30,Amazon,1,2974,PL2-2508-3
VR896728,C101381,VA-EB-PL2,2025-10-30,vireo.in,1,2799,PL2-2507-3
VR896886,C107742,VA-EB-AIR,2025-10-30,vireo.in,1,1709,AIR-2509-4
VR897667,C104500,VA-EB-PL1,2025-10-30,Flipkart,1,2499,PL1-2508-2
VR898066,C107385,VA-EB-PL1,2025-10-30,Amazon,1,2499,PL1-2507-4
VR898895,C107891,VA-EB-PL2,2025-10-30,Amazon,1,3499,PL2-2508-3
VR898994,C102682,VA-EB-PL2,2025-10-30,Amazon,1,3499,PL2-2510-3
VR899166,C101514,VA-EB-AIR,2025-10-30,vireo.in,1,1529,AIR-2507-3
VR899461,C105315,VA-AC-CASE,2025-10-30,vireo.in,1,1039,CASE-2509-2
VR901446,C108606,VA-SW-NX2,2025-10-30,Amazon,1,5199,NX2-2509-1
VR901771,C103392,VA-EB-PL2,2025-10-30,vireo.in,2,6998,PL2-2509-1
VR901846,C105969,VA-EB-AIR,2025-10-30,vireo.in,1,1799,AIR-2508-1
VR903291,C106331,VA-EB-PL2,2025-10-30,Amazon,1,3499,PL2-2508-4
VR903509,C100610,VA-EB-PL2,2025-10-30,vireo.in,1,2799,PL2-2508-2
VR905658,C101598,VA-EB-PL2,2025-10-30,Amazon,1,3499,PL2-2508-1
VR906828,C108455,VA-EB-PL2,2025-10-30,Amazon,1,3499,PL2-2509-1
VR881058,C103973,VA-EB-PL2,2025-10-31,vireo.in,1,3499,PL2-2509-4
VR881232,C105326,VA-EB-PL2,2025-10-31,Amazon,1,2974,PL2-2507-3
VR881337,C103810,VA-SW-NX2,2025-10-31,vireo.in,1,5849,NX2-2508-1
VR881812,C108731,VA-SP-MINI,2025-10-31,vireo.in,1,2374,MINI-2510-2
VR882830,C106088,VA-EB-PL1,2025-10-31,vireo.in,2,4498,PL1-2508-3
VR882928,C100886,VA-SW-NX2,2025-10-31,Amazon,1,6174,NX2-2509-2
VR883178,C103474,VA-EB-PL2,2025-10-31,Amazon,1,3499,PL2-2509-4
VR884531,C100545,VA-EB-PL2,2025-10-31,vireo.in,2,5598,PL2-2507-1
VR884741,C101442,VA-SP-MINI,2025-10-31,Amazon,1,1999,MINI-2510-2
VR884770,C109249,VA-EB-PL2,2025-10-31,Amazon,1,2974,PL2-2507-4
VR884771,C102426,VA-SW-FIT,2025-10-31,Amazon,1,1999,FIT-2509-2
VR885982,C100757,VA-EB-PL2,2025-10-31,vireo.in,1,3149,PL2-2507-2
VR886933,C105324,VA-EB-PL2,2025-10-31,Flipkart,1,2799,PL2-2509-4
VR887407,C101572,VA-EB-PL2,2025-10-31,vireo.in,1,3499,PL2-2508-3
VR887761,C102382,VA-SW-NX2,2025-10-31,vireo.in,1,6499,NX2-2508-3
VR887836,C100484,VA-EB-PL2,2025-10-31,vireo.in,1,2974,PL2-2510-4
VR888915,C106815,VA-SW-FIT,2025-10-31,vireo.in,1,1999,FIT-2508-4
VR889724,C103540,VA-EB-PL2,2025-10-31,vireo.in,1,2974,PL2-2507-1
VR889843,C108638,VA-SW-NX2,2025-10-31,vireo.in,2,11048,NX2-2509-3
VR890710,C108196,VA-SW-NX1,2025-10-31,vireo.in,1,4249,NX1-2507-4
VR893680,C108524,VA-NB-ARC,2025-10-31,Amazon,1,1299,ARC-2508-1
VR894255,C105767,VA-EB-AIR,2025-10-31,Amazon,1,1799,AIR-2508-1
VR894573,C101021,VA-NB-ARC,2025-10-31,Flipkart,1,1299,ARC-2509-4
VR895657,C107128,VA-EB-PL2,2025-10-31,vireo.in,1,3149,PL2-2507-4
VR896884,C107245,VA-HP-ST3,2025-10-31,vireo.in,1,6999,ST3-2507-4
VR897232,C101277,VA-EB-PL2,2025-10-31,Amazon,2,6648,PL2-2508-2
VR898926,C103955,VA-EB-PL2,2025-10-31,vireo.in,1,3149,PL2-2508-2
VR900619,C105119,VA-EB-PL2,2025-10-31,vireo.in,1,3499,PL2-2508-1
VR902151,C108519,VA-EB-PL2,2025-10-31,vireo.in,1,2799,PL2-2509-4
VR902238,C105166,VA-AC-CH65,2025-10-31,Flipkart,1,1499,CH65-2509-1
VR902324,C102664,VA-EB-PL2,2025-10-31,vireo.in,1,2799,PL2-2509-3
VR902365,C107187,VA-EB-PL2,2025-10-31,vireo.in,1,2799,PL2-2508-3
VR902637,C103456,VA-EB-PL2,2025-10-31,Flipkart,1,3499,PL2-2508-2
VR902981,C106920,VA-EB-PL2,2025-10-31,vireo.in,1,3499,PL2-2509-2
VR903801,C104227,VA-SW-FIT,2025-10-31,vireo.in,1,1799,FIT-2510-3
VR904511,C101050,VA-HP-ST3,2025-10-31,vireo.in,1,5949,ST3-2507-2
VR904608,C105359,VA-SP-ORB,2025-10-31,vireo.in,1,5099,ORB-2507-1
VR904803,C105931,VA-EB-PL1,2025-10-31,Flipkart,1,2249,PL1-2508-1
VR905287,C107231,VA-SW-NX2,2025-10-31,Amazon,1,6499,NX2-2510-4
VR905532,C106977,VA-SP-MINI,2025-10-31,Amazon,1,2499,MINI-2508-3
VR906933,C108183,VA-EB-PL2,2025-10-31,vireo.in,1,3499,PL2-2509-1
VR907012,C105908,VA-HP-ST2,2025-10-31,vireo.in,1,4999,ST2-2508-3
VR908868,C106400,VA-SP-MINI,2025-10-31,Amazon,1,2249,MINI-2509-1
VR909560,C108282,VA-EB-PL2,2025-10-31,Amazon,1,3499,PL2-2509-1
VR881182,C106068,VA-HP-ST3,2025-11-01,Flipkart,1,5599,ST3-2507-4
VR881991,C106175,VA-EB-PL2,2025-11-01,Amazon,1,2974,PL2-2508-1
VR882583,C105559,VA-SW-FIT,2025-11-01,vireo.in,1,1999,FIT-2509-3
VR882608,C102119,VA-EB-PL1,2025-11-01,Amazon,1,2249,PL1-2508-2
VR883344,C103696,VA-SW-NX2,2025-11-01,Amazon,1,6499,NX2-2508-3
VR884090,C102350,VA-SW-NX2,2025-11-01,Flipkart,1,5849,NX2-2508-4
VR885357,C103110,VA-EB-AIR,2025-11-01,Amazon,1,1799,AIR-2509-1
VR885790,C107538,VA-AC-CASE,2025-11-01,vireo.in,1,1299,CASE-2509-2
VR886932,C109317,VA-NB-ARC,2025-11-01,vireo.in,1,1299,ARC-2507-2
VR887296,C103901,VA-AC-CASE,2025-11-01,vireo.in,1,1234,CASE-2508-4
VR887981,C105963,VA-HP-ST3,2025-11-01,Amazon,1,6649,ST3-2507-3
VR888278,C106857,VA-NB-ARC,2025-11-01,Amazon,1,1104,ARC-2508-4
VR888725,C108389,VA-EB-PL2,2025-11-01,Amazon,1,3499,PL2-2507-2
VR889088,C104104,VA-HP-ST2,2025-11-01,vireo.in,1,4999,ST2-2508-4
VR889159,C102729,VA-SW-NX2,2025-11-01,Amazon,1,6499,NX2-2508-3
VR889409,C101420,VA-EB-PL2,2025-11-01,Amazon,1,3149,PL2-2509-1
VR891841,C106143,VA-EB-PL2,2025-11-01,Amazon,1,3149,PL2-2509-4
VR892434,C103427,VA-EB-PL2,2025-11-01,vireo.in,2,6998,PL2-2509-2
VR893452,C109000,VA-HP-ST2,2025-11-01,vireo.in,1,4499,ST2-2510-2
VR894842,C107249,VA-EB-PL2,2025-11-01,Amazon,2,6998,PL2-2508-4
VR895456,C107801,VA-SW-NX2,2025-11-01,vireo.in,1,5524,NX2-2508-1
VR896174,C108688,VA-EB-AIR,2025-11-01,Amazon,1,1439,AIR-2508-2
VR896583,C108768,VA-EB-PL2,2025-11-01,vireo.in,1,3499,PL2-2509-2
VR897168,C100162,VA-EB-PL2,2025-11-01,vireo.in,1,3324,PL2-2507-4
VR897676,C101223,VA-EB-PL2,2025-11-01,vireo.in,1,3499,PL2-2509-3
VR897897,C102180,VA-EB-PL2,2025-11-01,vireo.in,1,2974,PL2-2508-4
VR898229,C100386,VA-EB-PL2,2025-11-01,vireo.in,1,3499,PL2-2507-3
VR898465,C106249,VA-EB-PL1,2025-11-01,Amazon,1,2124,PL1-2509-1
VR899058,C106882,VA-SP-MINI,2025-11-01,vireo.in,1,1999,MINI-2509-1
VR899132,C100951,VA-SP-MINI,2025-11-01,vireo.in,1,1999,MINI-2510-4
VR899753,C104863,VA-SW-FIT,2025-11-01,vireo.in,1,1999,FIT-2508-2
VR900459,C109050,VA-EB-PL1,2025-11-01,vireo.in,1,2499,PL1-2509-2
VR901095,C101578,VA-EB-PL2,2025-11-01,vireo.in,1,3499,PL2-2507-4
VR901495,C103704,VA-EB-AIR,2025-11-01,Amazon,1,1799,AIR-2508-3
VR903106,C102299,VA-EB-PL2,2025-11-01,vireo.in,1,3499,PL2-2508-4
VR903284,C104832,VA-SP-MINI,2025-11-01,Flipkart,1,2499,MINI-2507-2
VR903878,C102470,VA-EB-PL1,2025-11-01,Amazon,1,2374,PL1-2507-3
VR903916,C102654,VA-EB-PL1,2025-11-01,Flipkart,1,2124,PL1-2509-2
VR903922,C104559,VA-SW-NX2,2025-11-01,Amazon,1,5849,NX2-2508-4
VR906176,C108290,VA-HP-ST3,2025-11-01,vireo.in,1,5599,ST3-2510-1
VR906355,C107240,VA-EB-AIR,2025-11-01,vireo.in,1,1799,AIR-2507-2
VR907104,C105806,VA-EB-AIR,2025-11-01,vireo.in,1,1439,AIR-2509-3
VR907573,C106165,VA-AC-CASE,2025-11-01,vireo.in,2,2598,CASE-2508-2
VR907628,C108304,VA-SW-FIT,2025-11-01,Amazon,1,1899,FIT-2508-4
VR907868,C108509,VA-SW-NX2,2025-11-01,Amazon,1,5849,NX2-2507-2
VR907997,C107943,VA-EB-PL2,2025-11-01,Amazon,1,3499,PL2-2507-3
VR909585,C106973,VA-SW-NX2,2025-11-01,vireo.in,1,5849,NX2-2509-1
VR909881,C106587,VA-SW-NX2,2025-11-01,Amazon,1,6499,NX2-2508-2
VR880751,C101996,VA-SW-NX2,2025-11-02,Amazon,1,5849,NX2-2507-1
VR880805,C108216,VA-HP-ST3,2025-11-02,vireo.in,1,6999,ST3-2507-4
VR883963,C105256,VA-EB-PL2,2025-11-02,Flipkart,1,2974,PL2-2509-4
VR888638,C105373,VA-EB-PL2,2025-11-02,vireo.in,1,3149,PL2-2509-4
VR890619,C102358,VA-EB-PL2,2025-11-02,Amazon,1,3149,PL2-2508-3
VR891864,C109321,VA-EB-PL2,2025-11-02,Amazon,1,3499,PL2-2508-2
VR892198,C101734,VA-HP-ST3,2025-11-02,vireo.in,1,6999,ST3-2508-2
VR892495,C101397,VA-SW-NX1,2025-11-02,Amazon,1,4999,NX1-2509-3
VR892564,C107788,VA-EB-PL2,2025-11-02,Amazon,2,6998,PL2-2508-3
VR893315,C106905,VA-EB-PL2,2025-11-02,Amazon,1,3499,PL2-2509-3
VR894240,C101612,VA-HP-ST3,2025-11-02,vireo.in,1,6999,ST3-2508-4
VR894358,C101869,VA-EB-PL2,2025-11-02,Flipkart,1,2974,PL2-2509-3
VR894865,C100622,VA-HP-ST3,2025-11-02,Flipkart,1,6299,ST3-2508-1
VR896315,C106839,VA-EB-PL2,2025-11-02,vireo.in,1,3149,PL2-2509-2
VR896875,C100517,VA-HP-ST2,2025-11-02,Amazon,1,4999,ST2-2510-4
VR897394,C104200,VA-EB-PL2,2025-11-02,vireo.in,1,3499,PL2-2507-4
VR898063,C109135,VA-SW-FIT,2025-11-02,Flipkart,2,3198,FIT-2507-4
VR901107,C105017,VA-EB-PL2,2025-11-02,vireo.in,1,3499,PL2-2508-3
VR901835,C107625,VA-EB-PL1,2025-11-02,Amazon,1,2249,PL1-2509-2
VR901937,C100794,VA-NB-ARC,2025-11-02,vireo.in,1,1169,ARC-2508-3
VR902260,C106039,VA-SP-ORB,2025-11-02,vireo.in,1,4799,ORB-2510-3
VR904642,C103763,VA-EB-PL2,2025-11-02,vireo.in,1,2974,PL2-2508-4
VR905214,C106520,VA-EB-PL1,2025-11-02,vireo.in,1,2124,PL1-2510-3
VR906188,C103243,VA-SW-NX2,2025-11-02,vireo.in,2,12998,NX2-2507-2
VR906872,C106465,VA-EB-PL2,2025-11-02,vireo.in,1,3324,PL2-2507-3
VR907562,C108160,VA-EB-PL2,2025-11-02,Amazon,2,6648,PL2-2509-2
VR909372,C102259,VA-SP-MINI,2025-11-02,Amazon,1,2499,MINI-2508-4
VR909827,C103305,VA-EB-PL2,2025-11-02,Amazon,1,2974,PL2-2508-3
VR909982,C103286,VA-SW-NX2,2025-11-02,vireo.in,1,6499,NX2-2510-3
VR881675,C106224,VA-EB-AIR,2025-11-03,Amazon,1,1619,AIR-2509-3
VR882346,C103770,VA-EB-PL2,2025-11-03,Flipkart,1,3499,PL2-2509-3
VR883883,C102982,VA-EB-PL2,2025-11-03,vireo.in,1,3499,PL2-2507-4
VR884951,C106651,VA-NB-ARC,2025-11-03,vireo.in,1,1299,ARC-2508-2
VR885380,C101055,VA-EB-PL2,2025-11-03,vireo.in,1,3499,PL2-2510-1
VR885566,C101690,VA-EB-PL1,2025-11-03,vireo.in,1,1999,PL1-2509-1
VR887765,C102422,VA-SW-FIT,2025-11-03,Amazon,2,3398,FIT-2509-4
VR889091,C107366,VA-SW-NX2,2025-11-03,Flipkart,1,6174,NX2-2510-3
VR890823,C107987,VA-HP-ST2,2025-11-03,vireo.in,1,4249,ST2-2509-2
VR890862,C102034,VA-EB-PL2,2025-11-03,vireo.in,1,3324,PL2-2509-4
VR891819,C108026,VA-SP-MINI,2025-11-03,Flipkart,1,2249,MINI-2509-2
VR892007,C102405,VA-SW-FIT,2025-11-03,vireo.in,1,1599,FIT-2507-1
VR892934,C102478,VA-EB-PL1,2025-11-03,Flipkart,1,2499,PL1-2507-3
VR894420,C106296,VA-EB-PL1,2025-11-03,Amazon,1,2499,PL1-2508-4
VR895980,C102918,VA-NB-ARC,2025-11-03,vireo.in,1,1169,ARC-2508-3
VR898952,C103454,VA-SW-FIT,2025-11-03,vireo.in,1,1699,FIT-2508-4
VR899710,C109052,VA-SW-NX1,2025-11-03,vireo.in,1,4249,NX1-2510-2
VR901325,C108659,VA-EB-PL2,2025-11-03,Amazon,1,3499,PL2-2510-1
VR901586,C100271,VA-SW-NX2,2025-11-03,vireo.in,1,6174,NX2-2508-4
VR902235,C106649,VA-HP-ST3,2025-11-03,Amazon,1,6999,ST3-2507-4
VR902471,C104673,VA-SW-NX2,2025-11-03,vireo.in,1,6499,NX2-2509-2
VR902953,C108164,VA-SP-ORB,2025-11-03,Flipkart,1,5699,ORB-2508-3
VR904998,C103293,VA-EB-PL2,2025-11-03,vireo.in,1,3149,PL2-2510-2
VR906125,C102473,VA-SW-NX2,2025-11-03,vireo.in,1,5849,NX2-2508-2
VR906183,C101749,VA-EB-PL2,2025-11-03,Amazon,1,3499,PL2-2509-1
VR907017,C102578,VA-SP-MINI,2025-11-03,Amazon,1,2249,MINI-2510-2
VR907240,C100887,VA-EB-PL2,2025-11-03,Amazon,1,3324,PL2-2507-4
VR908087,C108796,VA-SW-FIT,2025-11-03,vireo.in,2,3598,FIT-2507-1
VR909272,C100915,VA-EB-PL2,2025-11-03,vireo.in,2,5598,PL2-2509-1
VR910165,C103397,VA-SP-ORB,2025-11-03,Flipkart,1,5999,ORB-2510-2
VR882224,C105808,VA-NB-ARC,2025-11-04,vireo.in,1,1104,ARC-2508-2
VR883367,C106302,VA-SW-NX2,2025-11-04,Amazon,1,5524,NX2-2510-2
VR886116,C102892,VA-EB-PL2,2025-11-04,vireo.in,1,3499,PL2-2509-1
VR887592,C102944,VA-EB-PL1,2025-11-04,vireo.in,1,2499,PL1-2510-4
VR888031,C102958,VA-EB-PL2,2025-11-04,vireo.in,1,3324,PL2-2509-4
VR888040,C103247,VA-EB-AIR,2025-11-04,Amazon,1,1799,AIR-2508-2
VR889231,C106049,VA-EB-PL2,2025-11-04,Amazon,1,3499,PL2-2508-3
VR891448,C101990,VA-EB-PL2,2025-11-04,vireo.in,1,3149,PL2-2508-4
VR891655,C105612,VA-EB-PL2,2025-11-04,vireo.in,1,2799,PL2-2510-3
VR892502,C101950,VA-NB-ARC,2025-11-04,Flipkart,1,1169,ARC-2507-4
VR892624,C103954,VA-EB-PL2,2025-11-04,Amazon,1,3499,PL2-2510-1
VR893259,C106433,VA-SW-NX2,2025-11-04,Amazon,1,6499,NX2-2509-3
VR893919,C102646,VA-EB-AIR,2025-11-04,Flipkart,1,1439,AIR-2507-1
VR895096,C106905,VA-EB-PL2,2025-11-04,vireo.in,2,6998,PL2-2508-3
VR895665,C107030,VA-EB-AIR,2025-11-04,Flipkart,2,3598,AIR-2509-2
VR898407,C103186,VA-EB-PL2,2025-11-04,vireo.in,1,3149,PL2-2508-2
VR900206,C108132,VA-SW-NX2,2025-11-04,vireo.in,1,5524,NX2-2508-1
VR900690,C105383,VA-EB-PL2,2025-11-04,Amazon,1,3499,PL2-2508-2
VR905300,C105772,VA-SW-NX2,2025-11-04,vireo.in,1,5849,NX2-2507-1
VR905606,C104943,VA-EB-PL1,2025-11-04,vireo.in,1,2499,PL1-2509-4
VR905851,C107785,VA-HP-ST3,2025-11-04,Amazon,1,6999,ST3-2508-4
VR906011,C101926,VA-EB-PL2,2025-11-04,Amazon,1,3499,PL2-2510-2
VR906419,C107602,VA-EB-PL2,2025-11-04,vireo.in,1,3499,PL2-2509-4
VR907123,C100785,VA-SW-FIT,2025-11-04,Amazon,1,1999,FIT-2507-2
VR907594,C109462,VA-EB-PL2,2025-11-04,vireo.in,1,2799,PL2-2508-2
VR908156,C105268,VA-EB-PL2,2025-11-04,Amazon,1,3324,PL2-2509-4
VR909578,C104069,VA-EB-AIR,2025-11-04,vireo.in,1,1709,AIR-2510-4
VR880635,C104180,VA-EB-PL2,2025-11-05,Amazon,1,3324,PL2-2508-3
VR880866,C108556,VA-SW-NX2,2025-11-05,vireo.in,1,5524,NX2-2509-4
VR881130,C101280,VA-EB-PL2,2025-11-05,Amazon,1,3499,PL2-2509-4
VR881465,C101125,VA-SP-MINI,2025-11-05,vireo.in,1,1999,MINI-2509-2
VR882944,C100179,VA-EB-PL2,2025-11-05,vireo.in,1,3149,PL2-2510-1
VR883649,C104689,VA-EB-PL2,2025-11-05,vireo.in,1,3499,PL2-2510-4
VR883910,C101258,VA-EB-PL2,2025-11-05,Amazon,1,3499,PL2-2509-1
VR886076,C106237,VA-SW-FIT,2025-11-05,Amazon,2,3198,FIT-2509-3
VR886968,C106990,VA-EB-PL2,2025-11-05,Flipkart,1,3499,PL2-2508-3
VR888426,C104448,VA-AC-CBL,2025-11-05,vireo.in,1,399,CBL-2509-1
VR888805,C107035,VA-EB-PL2,2025-11-05,vireo.in,1,2974,PL2-2507-3
VR891255,C106782,VA-EB-PL2,2025-11-05,vireo.in,1,3499,PL2-2508-1
VR891766,C101674,VA-EB-PL2,2025-11-05,Amazon,1,2799,PL2-2508-1
VR892399,C106023,VA-EB-PL2,2025-11-05,vireo.in,1,3499,PL2-2508-1
VR892486,C102411,VA-SW-NX1,2025-11-05,Flipkart,2,9998,NX1-2510-2
VR893126,C104217,VA-EB-PL2,2025-11-05,Flipkart,1,2799,PL2-2508-1
VR893282,C101844,VA-AC-CASE,2025-11-05,vireo.in,2,2078,CASE-2510-3
VR894136,C106440,VA-SP-MINI,2025-11-05,vireo.in,1,2499,MINI-2507-2
VR895476,C102533,VA-EB-PL2,2025-11-05,Amazon,1,3324,PL2-2510-2
VR896200,C108686,VA-EB-AIR,2025-11-05,vireo.in,1,1529,AIR-2508-4
VR897050,C102260,VA-AC-CASE,2025-11-05,vireo.in,1,1299,CASE-2509-4
VR899369,C107821,VA-HP-ST2,2025-11-05,Amazon,1,4749,ST2-2509-2
VR900088,C100391,VA-SW-NX1,2025-11-05,vireo.in,1,3999,NX1-2510-4
VR900240,C107104,VA-HP-ST2,2025-11-05,Flipkart,2,9998,ST2-2509-3
VR902062,C103670,VA-EB-PL2,2025-11-05,vireo.in,1,3499,PL2-2507-3
VR902454,C103629,VA-NB-ARC,2025-11-05,vireo.in,1,1104,ARC-2508-2
VR902495,C107356,VA-SW-NX2,2025-11-05,vireo.in,1,5849,NX2-2508-3
VR902883,C106698,VA-SW-FIT,2025-11-05,vireo.in,1,1899,FIT-2510-1
VR904654,C102644,VA-EB-AIR,2025-11-05,vireo.in,2,3598,AIR-2507-4
VR905054,C105205,VA-EB-PL2,2025-11-05,vireo.in,1,3324,PL2-2508-2
VR905412,C108138,VA-EB-PL2,2025-11-05,vireo.in,1,3499,PL2-2507-4
VR907713,C106049,VA-EB-PL2,2025-11-05,vireo.in,2,5598,PL2-2508-2
VR908496,C102762,VA-EB-PL2,2025-11-05,vireo.in,1,3149,PL2-2508-2
VR909872,C103105,VA-EB-PL2,2025-11-05,vireo.in,1,3499,PL2-2509-1
VR909913,C101115,VA-AC-CBL,2025-11-05,vireo.in,1,379,CBL-2509-4
VR881144,C108497,VA-SW-NX1,2025-11-06,Flipkart,1,4249,NX1-2507-2
VR881786,C108640,VA-EB-PL2,2025-11-06,Flipkart,1,3499,PL2-2509-1
VR883667,C103502,VA-NB-ARC,2025-11-06,vireo.in,1,1234,ARC-2508-1
VR884093,C101077,VA-EB-AIR,2025-11-06,Flipkart,2,3058,AIR-2509-4
VR884515,C104725,VA-EB-AIR,2025-11-06,vireo.in,1,1799,AIR-2509-2
VR884542,C108038,VA-NB-ARC,2025-11-06,vireo.in,1,1039,ARC-2508-3
VR885361,C107973,VA-EB-PL1,2025-11-06,vireo.in,1,2374,PL1-2507-1
VR885474,C108627,VA-SP-MINI,2025-11-06,Flipkart,1,2124,MINI-2508-3
VR885739,C108157,VA-HP-ST3,2025-11-06,vireo.in,2,13998,ST3-2509-3
VR885827,C103998,VA-HP-ST3,2025-11-06,vireo.in,1,6299,ST3-2508-3
VR886493,C109463,VA-HP-ST3,2025-11-06,vireo.in,1,6649,ST3-2508-2
VR886732,C100009,VA-EB-PL2,2025-11-06,Amazon,1,2974,PL2-2508-3
VR887027,C101546,VA-SP-MINI,2025-11-06,Amazon,1,2124,MINI-2507-2
VR887316,C107597,VA-EB-PL2,2025-11-06,vireo.in,1,3499,PL2-2508-4
VR887339,C101761,VA-HP-ST2,2025-11-06,vireo.in,1,4999,ST2-2510-2
VR888463,C102134,VA-EB-PL2,2025-11-06,Amazon,1,3324,PL2-2507-2
VR888616,C105924,VA-EB-PL2,2025-11-06,vireo.in,1,3324,PL2-2508-2
VR890235,C108005,VA-SW-NX1,2025-11-06,vireo.in,1,4749,NX1-2509-4
VR890555,C103188,VA-EB-PL1,2025-11-06,vireo.in,1,2124,PL1-2508-3
VR891977,C100491,VA-EB-PL2,2025-11-06,vireo.in,1,2799,PL2-2509-4
VR893352,C102484,VA-EB-PL2,2025-11-06,vireo.in,1,3499,PL2-2507-3
VR894351,C106273,VA-EB-PL1,2025-11-06,Amazon,1,2249,PL1-2508-2
VR894441,C105866,VA-EB-PL2,2025-11-06,vireo.in,1,3149,PL2-2509-4
VR895186,C106056,VA-EB-PL1,2025-11-06,vireo.in,1,2124,PL1-2510-4
VR895464,C101521,VA-HP-ST3,2025-11-06,vireo.in,1,5949,ST3-2508-1
VR896462,C105513,VA-EB-PL2,2025-11-06,vireo.in,1,3324,PL2-2507-3
VR898304,C103314,VA-HP-ST3,2025-11-06,vireo.in,1,6999,ST3-2509-2
VR898731,C102668,VA-EB-PL2,2025-11-06,Flipkart,1,3149,PL2-2510-1
VR899401,C106740,VA-EB-PL2,2025-11-06,vireo.in,1,3324,PL2-2508-2
VR899777,C107867,VA-AC-CBL,2025-11-06,vireo.in,1,399,CBL-2509-2
VR901083,C102347,VA-SW-NX2,2025-11-06,Flipkart,1,5524,NX2-2509-2
VR902794,C107095,VA-EB-PL2,2025-11-06,vireo.in,1,3499,PL2-2508-1
VR903323,C101834,VA-SW-NX2,2025-11-06,Amazon,1,5199,NX2-2510-3
VR903619,C108459,VA-EB-PL2,2025-11-06,vireo.in,1,3499,PL2-2509-1
VR903940,C108661,VA-NB-ARC,2025-11-06,vireo.in,1,1299,ARC-2508-3
VR905303,C105652,VA-HP-ST3,2025-11-06,vireo.in,1,5599,ST3-2507-2
VR906214,C106820,VA-EB-PL2,2025-11-06,vireo.in,1,2974,PL2-2507-3
VR907212,C108111,VA-EB-PL1,2025-11-06,vireo.in,1,2124,PL1-2509-3
VR907977,C103003,VA-SW-NX1,2025-11-06,Amazon,1,4499,NX1-2507-4
VR908182,C106382,VA-EB-PL2,2025-11-06,vireo.in,1,3499,PL2-2510-4
VR908985,C105637,VA-EB-PL2,2025-11-06,Amazon,1,3324,PL2-2508-3
VR882502,C103370,VA-EB-PL2,2025-11-07,vireo.in,1,3324,PL2-2509-1
VR883659,C109257,VA-AC-CASE,2025-11-07,Flipkart,1,1104,CASE-2508-4
VR884339,C108680,VA-SW-FIT,2025-11-07,Amazon,1,1699,FIT-2508-2
VR884737,C104919,VA-EB-PL2,2025-11-07,Flipkart,1,3499,PL2-2510-4
VR886826,C101343,VA-SW-NX2,2025-11-07,Amazon,1,6499,NX2-2510-1
VR887266,C103470,VA-SW-FIT,2025-11-07,vireo.in,1,1999,FIT-2509-3
VR889299,C107402,VA-EB-PL2,2025-11-07,vireo.in,1,3499,PL2-2510-1
VR892241,C104015,VA-EB-PL1,2025-11-07,vireo.in,1,2374,PL1-2508-2
VR893504,C102659,VA-SW-NX2,2025-11-07,vireo.in,1,5199,NX2-2510-2
VR898956,C105387,VA-HP-ST3,2025-11-07,vireo.in,1,6999,ST3-2508-4
VR899055,C105110,VA-AC-CH65,2025-11-07,Amazon,1,1499,CH65-2509-1
VR900882,C100020,VA-EB-AIR,2025-11-07,Amazon,1,1799,AIR-2509-3
VR903823,C104241,VA-EB-PL2,2025-11-07,vireo.in,1,3499,PL2-2509-3
VR905362,C105780,VA-EB-PL2,2025-11-07,vireo.in,1,2974,PL2-2508-4
VR907057,C101825,VA-SP-MINI,2025-11-07,Flipkart,1,1999,MINI-2510-3
VR907277,C105267,VA-NB-ARC,2025-11-07,Flipkart,1,1299,ARC-2508-2
VR907375,C108726,VA-SW-NX1,2025-11-07,Flipkart,1,4749,NX1-2509-3
VR908088,C107511,VA-HP-ST2,2025-11-07,vireo.in,1,4999,ST2-2509-1
VR909232,C100917,VA-SP-ORB,2025-11-07,vireo.in,1,5999,ORB-2507-3
VR909625,C102687,VA-EB-PL2,2025-11-07,vireo.in,1,3149,PL2-2508-2
VR909675,C101228,VA-SW-FIT,2025-11-07,vireo.in,1,1799,FIT-2508-4
VR880775,C109465,VA-EB-PL2,2025-11-08,Amazon,1,3499,PL2-2508-2
VR882362,C100801,VA-AC-CASE,2025-11-08,vireo.in,1,1299,CASE-2510-1
VR882658,C104290,VA-EB-AIR,2025-11-08,vireo.in,1,1619,AIR-2510-2
VR883161,C107873,VA-EB-PL2,2025-11-08,Flipkart,1,3499,PL2-2508-1
VR884648,C108621,VA-SW-NX2,2025-11-08,Amazon,1,5199,NX2-2510-1
VR884966,C107262,VA-EB-PL1,2025-11-08,vireo.in,1,2499,PL1-2510-1
VR885715,C109163,VA-AC-CASE,2025-11-08,Amazon,1,1039,CASE-2508-4
VR887739,C105024,VA-HP-ST3,2025-11-08,vireo.in,1,5599,ST3-2509-1
VR887809,C100941,VA-SP-ORB,2025-11-08,vireo.in,1,5699,ORB-2508-1
VR888492,C104136,VA-SP-ORB,2025-11-08,vireo.in,1,5999,ORB-2508-2
VR889342,C100054,VA-EB-PL2,2025-11-08,vireo.in,1,3149,PL2-2510-4
VR890196,C107616,VA-NB-ARC,2025-11-08,Amazon,1,1169,ARC-2507-2
VR890331,C103532,VA-SW-NX2,2025-11-08,Flipkart,1,6174,NX2-2509-3
VR892272,C106556,VA-EB-PL2,2025-11-08,Amazon,1,3149,PL2-2508-1
VR893178,C107599,VA-EB-AIR,2025-11-08,vireo.in,1,1799,AIR-2508-1
VR893743,C107701,VA-EB-PL2,2025-11-08,vireo.in,1,3149,PL2-2510-1
VR894123,C101484,VA-HP-ST3,2025-11-08,vireo.in,1,6649,ST3-2509-2
VR894734,C107475,VA-SP-MINI,2025-11-08,vireo.in,1,2499,MINI-2509-1
VR895571,C105552,VA-SP-ORB,2025-11-08,vireo.in,1,4799,ORB-2508-4
VR895704,C101951,VA-EB-PL2,2025-11-08,vireo.in,1,2799,PL2-2509-4
VR897574,C107958,VA-EB-PL2,2025-11-08,Amazon,2,6998,PL2-2507-4
VR898004,C103614,VA-EB-PL2,2025-11-08,vireo.in,1,3499,PL2-2510-3
VR898383,C103823,VA-SW-NX1,2025-11-08,vireo.in,1,4999,NX1-2508-4
VR899120,C104997,VA-EB-AIR,2025-11-08,Flipkart,1,1439,AIR-2509-3
VR899152,C107004,VA-EB-PL2,2025-11-08,vireo.in,2,6998,PL2-2509-4
VR900228,C100776,VA-EB-PL1,2025-11-08,vireo.in,1,2499,PL1-2508-2
VR901045,C103988,VA-EB-PL1,2025-11-08,Flipkart,1,1999,PL1-2508-4
VR901853,C106805,VA-AC-CH65,2025-11-08,Amazon,1,1499,CH65-2510-3
VR902290,C102782,VA-EB-PL2,2025-11-08,Amazon,1,3499,PL2-2508-3
VR905615,C100548,VA-EB-AIR,2025-11-08,Amazon,1,1619,AIR-2510-3
VR906903,C100728,VA-HP-ST3,2025-11-08,Amazon,1,5599,ST3-2509-4
VR906916,C101330,VA-EB-PL2,2025-11-08,Flipkart,2,6998,PL2-2510-4
VR907165,C101429,VA-EB-AIR,2025-11-08,vireo.in,1,1529,AIR-2509-4
VR907837,C106000,VA-EB-PL2,2025-11-08,vireo.in,1,3499,PL2-2508-3
VR908046,C104065,VA-SP-MINI,2025-11-08,Amazon,1,2374,MINI-2508-3
VR909098,C103130,VA-EB-AIR,2025-11-08,Amazon,1,1439,AIR-2507-4
VR910051,C107919,VA-EB-PL2,2025-11-08,Amazon,1,3149,PL2-2508-2
VR880976,C106648,VA-SP-MINI,2025-11-09,vireo.in,1,2499,MINI-2510-2
VR882434,C104015,VA-EB-PL2,2025-11-09,vireo.in,1,3149,PL2-2510-4
VR882864,C106237,VA-AC-CASE,2025-11-09,vireo.in,1,1039,CASE-2509-2
VR883284,C103316,VA-EB-PL2,2025-11-09,Flipkart,1,2799,PL2-2508-1
VR884119,C107784,VA-EB-PL2,2025-11-09,Flipkart,1,3499,PL2-2508-4
VR884346,C103925,VA-EB-PL2,2025-11-09,Flipkart,1,2799,PL2-2509-4
VR884708,C101033,VA-EB-PL1,2025-11-09,Flipkart,1,2499,PL1-2510-1
VR884727,C104643,VA-EB-PL2,2025-11-09,Amazon,1,3499,PL2-2509-1
VR885172,C107324,VA-SP-MINI,2025-11-09,Amazon,1,2124,MINI-2510-4
VR885615,C104332,VA-EB-PL2,2025-11-09,vireo.in,1,3324,PL2-2509-2
VR885999,C102069,VA-NB-ARC,2025-11-09,vireo.in,1,1169,ARC-2508-4
VR886832,C107750,VA-HP-ST3,2025-11-09,vireo.in,1,6299,ST3-2507-1
VR887319,C106261,VA-SP-ORB,2025-11-09,vireo.in,1,5099,ORB-2507-1
VR888304,C103563,VA-SP-MINI,2025-11-09,vireo.in,1,2249,MINI-2507-1
VR888333,C103234,VA-EB-PL2,2025-11-09,vireo.in,1,2799,PL2-2509-1
VR891049,C104660,VA-HP-ST2,2025-11-09,Amazon,1,4999,ST2-2508-4
VR891316,C100747,VA-EB-AIR,2025-11-09,vireo.in,1,1529,AIR-2509-4
VR891378,C105609,VA-EB-PL1,2025-11-09,vireo.in,1,2499,PL1-2510-2
VR892398,C106250,VA-SP-MINI,2025-11-09,Flipkart,1,2499,MINI-2509-4
VR894124,C106691,VA-SW-NX1,2025-11-09,Amazon,1,4999,NX1-2510-3
VR894593,C103487,VA-EB-PL2,2025-11-09,Amazon,2,6298,PL2-2507-3
VR895760,C101414,VA-EB-PL2,2025-11-09,Amazon,1,3499,PL2-2508-3
VR896017,C104799,VA-EB-PL2,2025-11-09,vireo.in,2,6998,PL2-2508-4
VR896473,C107619,VA-SW-FIT,2025-11-09,vireo.in,1,1799,FIT-2510-4
VR896627,C106968,VA-HP-ST3,2025-11-09,Amazon,1,6299,ST3-2510-4
VR896789,C104344,VA-EB-PL2,2025-11-09,Flipkart,1,3499,PL2-2508-3
VR897224,C105168,VA-EB-PL2,2025-11-09,vireo.in,1,3499,PL2-2508-2
VR898400,C103354,VA-AC-CH65,2025-11-09,Flipkart,1,1274,CH65-2508-2
VR900104,C103143,VA-EB-PL2,2025-11-09,vireo.in,1,3499,PL2-2510-2
VR901029,C100727,VA-NB-ARC,2025-11-09,vireo.in,1,1039,ARC-2508-1
VR901226,C107369,VA-EB-PL2,2025-11-09,vireo.in,1,2974,PL2-2510-2
VR901402,C102222,VA-SW-NX2,2025-11-09,vireo.in,1,6499,NX2-2509-1
VR901682,C103991,VA-EB-PL2,2025-11-09,Flipkart,1,3149,PL2-2508-1
VR902184,C103573,VA-EB-PL2,2025-11-09,Amazon,1,3499,PL2-2508-2
VR902520,C105452,VA-EB-PL1,2025-11-09,Amazon,1,2124,PL1-2508-1
VR902764,C109087,VA-EB-AIR,2025-11-09,Amazon,1,1799,AIR-2509-3
VR903107,C103699,VA-AC-CASE,2025-11-09,Flipkart,1,1299,CASE-2507-1
VR903546,C108210,VA-SW-NX2,2025-11-09,vireo.in,1,5199,NX2-2508-1
VR904012,C106340,VA-SW-FIT,2025-11-09,vireo.in,1,1699,FIT-2508-1
VR904064,C103158,VA-EB-PL2,2025-11-09,vireo.in,1,2799,PL2-2508-4
VR905618,C104313,VA-AC-CASE,2025-11-09,Amazon,2,2598,CASE-2508-3
VR905687,C101308,VA-EB-PL1,2025-11-09,vireo.in,1,2499,PL1-2508-4
VR906335,C108439,VA-EB-PL2,2025-11-09,vireo.in,1,3499,PL2-2507-2
VR907292,C103548,VA-EB-PL2,2025-11-09,vireo.in,1,3499,PL2-2509-2
VR907958,C101945,VA-EB-PL2,2025-11-09,Amazon,1,3499,PL2-2508-2
VR909114,C101272,VA-EB-PL2,2025-11-09,Flipkart,1,2799,PL2-2508-4
VR909972,C103419,VA-EB-AIR,2025-11-09,vireo.in,1,1619,AIR-2508-4
VR881528,C102097,VA-EB-PL2,2025-11-10,vireo.in,1,3149,PL2-2507-2
VR881697,C101099,VA-SW-NX2,2025-11-10,vireo.in,1,5199,NX2-2509-2
VR881724,C104848,VA-EB-AIR,2025-11-10,vireo.in,1,1799,AIR-2509-2
VR881907,C105859,VA-HP-ST3,2025-11-10,vireo.in,1,6999,ST3-2510-1
VR884179,C102019,VA-SW-NX2,2025-11-10,Amazon,1,5849,NX2-2508-2
VR884765,C100489,VA-EB-PL2,2025-11-10,vireo.in,1,3149,PL2-2507-1
VR884881,C104962,VA-SW-FIT,2025-11-10,vireo.in,1,1999,FIT-2508-3
VR886498,C104259,VA-AC-CASE,2025-11-10,vireo.in,1,1299,CASE-2509-3
VR887012,C103599,VA-HP-ST3,2025-11-10,Flipkart,2,11198,ST3-2510-3
VR887633,C105072,VA-EB-PL2,2025-11-10,Amazon,1,3499,PL2-2508-1
VR889371,C108195,VA-EB-PL2,2025-11-10,vireo.in,1,2974,PL2-2507-1
VR889389,C103423,VA-EB-PL2,2025-11-10,Flipkart,1,2799,PL2-2508-1
VR890956,C100025,VA-HP-ST3,2025-11-10,vireo.in,1,6999,ST3-2510-3
VR895792,C100006,VA-EB-PL2,2025-11-10,Flipkart,1,3324,PL2-2509-3
VR896296,C107048,VA-EB-PL1,2025-11-10,vireo.in,1,2249,PL1-2510-1
VR896384,C101868,VA-EB-AIR,2025-11-10,vireo.in,1,1709,AIR-2508-3
VR897806,C108809,VA-NB-ARC,2025-11-10,vireo.in,1,1104,ARC-2509-2
VR899103,C102191,VA-EB-PL2,2025-11-10,Amazon,1,3149,PL2-2508-4
VR899158,C108194,VA-EB-PL2,2025-11-10,Amazon,1,3324,PL2-2507-1
VR899828,C103794,VA-SP-MINI,2025-11-10,vireo.in,1,2374,MINI-2508-2
VR900906,C107263,VA-EB-PL1,2025-11-10,vireo.in,1,2374,PL1-2509-2
VR902193,C101568,VA-EB-PL2,2025-11-10,vireo.in,1,2974,PL2-2510-1
VR902610,C103703,VA-EB-PL2,2025-11-10,vireo.in,1,2974,PL2-2507-4
VR902642,C107227,VA-EB-PL2,2025-11-10,Amazon,1,3499,PL2-2508-2
VR903062,C102011,VA-SP-MINI,2025-11-10,Amazon,1,2499,MINI-2509-2
VR903357,C100464,VA-EB-PL2,2025-11-10,Amazon,1,3499,PL2-2508-1
VR903961,C104141,VA-SW-NX2,2025-11-10,vireo.in,1,5849,NX2-2510-4
VR905139,C106069,VA-SW-FIT,2025-11-10,vireo.in,1,1999,FIT-2507-4
VR905494,C103462,VA-SP-MINI,2025-11-10,Flipkart,1,1999,MINI-2510-1
VR908974,C103818,VA-HP-ST2,2025-11-10,vireo.in,1,4749,ST2-2509-3
VR881199,C101909,VA-SW-NX2,2025-11-11,Amazon,1,5199,NX2-2508-3
VR881505,C102847,VA-EB-PL2,2025-11-11,Flipkart,1,2799,PL2-2508-1
VR881667,C102276,VA-EB-PL2,2025-11-11,vireo.in,1,3499,PL2-2508-3
VR881731,C101157,VA-EB-PL2,2025-11-11,Flipkart,1,3324,PL2-2507-1
VR882016,C100576,VA-EB-PL2,2025-11-11,vireo.in,1,3499,PL2-2508-4
VR883010,C109218,VA-EB-AIR,2025-11-11,Flipkart,1,1619,AIR-2510-3
VR884211,C101755,VA-EB-PL2,2025-11-11,Flipkart,2,6998,PL2-2508-2
VR885339,C100712,VA-SP-ORB,2025-11-11,vireo.in,1,5399,ORB-2508-3
VR885488,C103481,VA-SW-NX2,2025-11-11,Amazon,1,6499,NX2-2507-1
VR885555,C104895,VA-SP-MINI,2025-11-11,Amazon,1,2374,MINI-2509-2
VR886073,C109397,VA-EB-PL2,2025-11-11,vireo.in,2,6648,PL2-2508-2
VR887777,C103117,VA-EB-PL2,2025-11-11,vireo.in,1,2799,PL2-2508-2
VR887871,C109188,VA-EB-PL1,2025-11-11,vireo.in,1,1999,PL1-2508-3
VR888119,C103299,VA-HP-ST3,2025-11-11,Amazon,1,5599,ST3-2508-3
VR888749,C103690,VA-EB-PL2,2025-11-11,vireo.in,1,2974,PL2-2508-1
VR889486,C104770,VA-EB-PL2,2025-11-11,Flipkart,2,6998,PL2-2510-3
VR889613,C107343,VA-EB-PL2,2025-11-11,vireo.in,1,3499,PL2-2509-3
VR889764,C102057,VA-SP-MINI,2025-11-11,vireo.in,2,4998,MINI-2509-4
VR890445,C102414,VA-SP-ORB,2025-11-11,Flipkart,1,5399,ORB-2508-3
VR893781,C108589,VA-SW-NX2,2025-11-11,vireo.in,1,6499,NX2-2509-4
VR895827,C102408,VA-HP-ST3,2025-11-11,Flipkart,2,13298,ST3-2509-3
VR896279,C101237,VA-EB-PL2,2025-11-11,vireo.in,1,3149,PL2-2508-2
VR897184,C104573,VA-SW-FIT,2025-11-11,Amazon,1,1999,FIT-2509-4
VR899750,C103687,VA-EB-PL2,2025-11-11,vireo.in,1,3324,PL2-2510-3
VR901362,C105381,VA-AC-CASE,2025-11-11,vireo.in,1,1169,CASE-2508-4
VR902364,C100029,VA-EB-PL2,2025-11-11,Amazon,1,3499,PL2-2508-3
VR902675,C108074,VA-SW-FIT,2025-11-11,vireo.in,1,1799,FIT-2508-3
VR903295,C102947,VA-EB-PL2,2025-11-11,Flipkart,1,3499,PL2-2510-1
VR903864,C104850,VA-EB-AIR,2025-11-11,Flipkart,2,3598,AIR-2509-3
VR904349,C105726,VA-SP-ORB,2025-11-11,Amazon,1,5399,ORB-2509-1
VR904648,C104113,VA-SW-FIT,2025-11-11,vireo.in,1,1599,FIT-2508-4
VR905104,C104880,VA-EB-PL2,2025-11-11,vireo.in,1,3324,PL2-2508-4
VR905559,C101336,VA-EB-PL2,2025-11-11,Amazon,1,3499,PL2-2508-4
VR906764,C100671,VA-HP-ST2,2025-11-11,Flipkart,1,4499,ST2-2508-3
VR907007,C106628,VA-EB-PL2,2025-11-11,vireo.in,1,3499,PL2-2508-4
VR907531,C107733,VA-EB-AIR,2025-11-11,vireo.in,1,1709,AIR-2510-3
VR908033,C100451,VA-EB-AIR,2025-11-11,Amazon,1,1799,AIR-2509-4
VR908119,C100865,VA-EB-PL2,2025-11-11,Amazon,1,3324,PL2-2509-3
VR908446,C106464,VA-AC-CBL,2025-11-11,Flipkart,1,359,CBL-2508-4
VR908897,C109066,VA-EB-PL2,2025-11-11,vireo.in,1,3149,PL2-2510-2
VR909542,C101338,VA-SW-NX2,2025-11-11,Amazon,1,5524,NX2-2509-4
VR910010,C103301,VA-EB-PL2,2025-11-11,vireo.in,1,2799,PL2-2508-1
VR881643,C100841,VA-EB-AIR,2025-11-12,vireo.in,1,1529,AIR-2508-1
VR884428,C102016,VA-EB-PL2,2025-11-12,vireo.in,1,2974,PL2-2507-1
VR884441,C108955,VA-EB-PL2,2025-11-12,Amazon,1,3324,PL2-2509-1
VR885254,C106286,VA-EB-PL2,2025-11-12,vireo.in,1,3499,PL2-2507-4
VR885648,C108745,VA-EB-PL2,2025-11-12,vireo.in,1,2974,PL2-2508-1
VR885915,C109379,VA-EB-PL1,2025-11-12,Amazon,1,2124,PL1-2510-4
VR887481,C104342,VA-SW-NX2,2025-11-12,vireo.in,1,5524,NX2-2509-1
VR887658,C104650,VA-SP-MINI,2025-11-12,vireo.in,1,2499,MINI-2509-2
VR888007,C103106,VA-EB-PL1,2025-11-12,vireo.in,1,2124,PL1-2510-4
VR889056,C102993,VA-EB-PL2,2025-11-12,vireo.in,1,2799,PL2-2508-2
VR890009,C100262,VA-EB-PL2,2025-11-12,Flipkart,1,2974,PL2-2508-1
VR890873,C105217,VA-EB-PL1,2025-11-12,Amazon,1,2499,PL1-2509-4
VR891082,C108426,VA-EB-PL2,2025-11-12,Amazon,2,6648,PL2-2509-1
VR891794,C100950,VA-EB-PL2,2025-11-12,vireo.in,1,3499,PL2-2508-2
VR892336,C107225,VA-EB-PL1,2025-11-12,vireo.in,1,2249,PL1-2509-3
VR893018,C100962,VA-EB-PL2,2025-11-12,vireo.in,1,3149,PL2-2510-2
VR893671,C102277,VA-SW-NX2,2025-11-12,Amazon,1,6499,NX2-2509-4
VR894763,C108104,VA-EB-PL2,2025-11-12,Amazon,2,6998,PL2-2508-4
VR895059,C100803,VA-EB-AIR,2025-11-12,vireo.in,1,1439,AIR-2510-4
VR896058,C108361,VA-SW-FIT,2025-11-12,Amazon,1,1999,FIT-2509-3
VR896996,C102645,VA-EB-PL2,2025-11-12,Amazon,2,6998,PL2-2508-2
VR897530,C102400,VA-EB-AIR,2025-11-12,Flipkart,1,1709,AIR-2509-2
VR897696,C101150,VA-SW-NX1,2025-11-12,Flipkart,1,4499,NX1-2508-4
VR897769,C100666,VA-EB-PL2,2025-11-12,vireo.in,1,2799,PL2-2508-4
VR898038,C108811,VA-EB-PL2,2025-11-12,Amazon,1,3499,PL2-2509-3
VR898900,C108238,VA-EB-PL1,2025-11-12,Flipkart,1,2499,PL1-2510-2
VR899005,C104885,VA-EB-AIR,2025-11-12,Amazon,1,1799,AIR-2510-4
VR899627,C100246,VA-SP-ORB,2025-11-12,vireo.in,1,5399,ORB-2509-4
VR899921,C104371,VA-HP-ST3,2025-11-12,vireo.in,1,6649,ST3-2510-3
VR900899,C107056,VA-EB-PL2,2025-11-12,Amazon,1,3149,PL2-2510-2
VR900923,C105606,VA-EB-PL1,2025-11-12,Amazon,1,2499,PL1-2510-4
VR901933,C107655,VA-EB-PL2,2025-11-12,vireo.in,1,3324,PL2-2507-3
VR903231,C105850,VA-EB-PL1,2025-11-12,vireo.in,1,2499,PL1-2508-4
VR904678,C101936,VA-AC-CH65,2025-11-12,vireo.in,1,1424,CH65-2508-2
VR904757,C101370,VA-EB-PL2,2025-11-12,Amazon,1,2974,PL2-2509-2
VR904995,C106221,VA-EB-PL2,2025-11-12,vireo.in,1,3499,PL2-2507-4
VR905099,C105985,VA-EB-PL2,2025-11-12,Flipkart,1,3499,PL2-2508-3
VR906208,C108250,VA-HP-ST3,2025-11-12,vireo.in,1,6999,ST3-2508-2
VR906656,C105828,VA-SP-MINI,2025-11-12,vireo.in,1,2499,MINI-2508-4
VR907498,C100180,VA-EB-PL2,2025-11-12,vireo.in,1,3324,PL2-2508-1
VR907757,C107046,VA-NB-ARC,2025-11-12,Amazon,1,1104,ARC-2508-1
VR909638,C108069,VA-EB-PL1,2025-11-12,Amazon,1,2499,PL1-2509-3
VR909761,C100015,VA-EB-PL2,2025-11-12,vireo.in,1,3499,PL2-2508-3
VR909933,C104708,VA-EB-AIR,2025-11-12,vireo.in,1,1619,AIR-2510-3
VR910130,C108263,VA-SW-NX2,2025-11-12,vireo.in,1,6499,NX2-2509-2
VR881010,C103761,VA-EB-PL2,2025-11-13,Amazon,1,2799,PL2-2508-2
VR881545,C102112,VA-SW-NX2,2025-11-13,Amazon,1,5849,NX2-2508-2
VR881847,C106938,VA-EB-PL2,2025-11-13,vireo.in,1,3499,PL2-2509-2
VR881873,C104519,VA-EB-PL2,2025-11-13,vireo.in,1,3324,PL2-2510-4
VR882747,C107378,VA-SW-FIT,2025-11-13,Amazon,1,1999,FIT-2509-1
VR882850,C100430,VA-SW-NX2,2025-11-13,Flipkart,1,6499,NX2-2508-3
VR883677,C103983,VA-SP-MINI,2025-11-13,vireo.in,1,2249,MINI-2509-3
VR885619,C106966,VA-EB-AIR,2025-11-13,vireo.in,1,1799,AIR-2509-3
VR886570,C108475,VA-EB-PL2,2025-11-13,Flipkart,2,6998,PL2-2508-4
VR887825,C106384,VA-EB-PL2,2025-11-13,vireo.in,1,3149,PL2-2509-2
VR889630,C108652,VA-EB-PL2,2025-11-13,Flipkart,1,2974,PL2-2508-1
VR889787,C106158,VA-SP-MINI,2025-11-13,vireo.in,1,2499,MINI-2510-2
VR891469,C105383,VA-EB-AIR,2025-11-13,vireo.in,1,1799,AIR-2508-4
VR891564,C109054,VA-EB-PL1,2025-11-13,vireo.in,1,2499,PL1-2508-1
VR894028,C101922,VA-NB-ARC,2025-11-13,vireo.in,1,1169,ARC-2508-2
VR894587,C102484,VA-EB-PL2,2025-11-13,Flipkart,1,3324,PL2-2510-1
VR895250,C100086,VA-SW-NX2,2025-11-13,Amazon,1,6499,NX2-2509-4
VR896277,C107197,VA-SP-ORB,2025-11-13,Flipkart,1,5999,ORB-2508-2
VR896634,C100115,VA-HP-ST3,2025-11-13,vireo.in,1,6999,ST3-2509-4
VR898733,C101193,VA-SW-FIT,2025-11-13,vireo.in,1,1999,FIT-2509-4
VR899202,C101702,VA-AC-CASE,2025-11-13,Amazon,1,1299,CASE-2510-4
VR899350,C104704,VA-SW-NX2,2025-11-13,Amazon,1,5524,NX2-2509-3
VR899392,C105532,VA-EB-PL2,2025-11-13,vireo.in,1,2799,PL2-2510-3
VR899572,C105179,VA-SW-FIT,2025-11-13,vireo.in,1,1799,FIT-2508-4
VR900375,C103272,VA-EB-PL2,2025-11-13,vireo.in,1,3499,PL2-2509-2
VR901652,C108862,VA-EB-PL2,2025-11-13,Flipkart,1,2799,PL2-2509-3
VR907301,C105232,VA-AC-CASE,2025-11-13,vireo.in,1,1234,CASE-2510-2
VR907504,C104392,VA-EB-PL2,2025-11-13,Amazon,1,3499,PL2-2509-4
VR907858,C108606,VA-SW-FIT,2025-11-13,vireo.in,2,3198,FIT-2509-4
VR907860,C102068,VA-EB-PL1,2025-11-13,Amazon,1,2374,PL1-2509-1
VR908896,C101352,VA-SW-FIT,2025-11-13,Amazon,2,3998,FIT-2508-4
VR909221,C102112,VA-NB-ARC,2025-11-13,Flipkart,2,2598,ARC-2508-4
VR909943,C102024,VA-EB-PL1,2025-11-13,Flipkart,1,1999,PL1-2510-3
VR880319,C104767,VA-SW-FIT,2025-11-14,Amazon,1,1599,FIT-2508-1
VR880760,C102779,VA-EB-PL2,2025-11-14,Amazon,1,3499,PL2-2509-2
VR880855,C102429,VA-HP-ST3,2025-11-14,Amazon,1,6999,ST3-2508-4
VR881517,C104022,VA-SW-FIT,2025-11-14,vireo.in,1,1999,FIT-2508-1
VR881809,C101429,VA-SW-NX2,2025-11-14,Amazon,1,6499,NX2-2508-4
VR882217,C103848,VA-EB-PL2,2025-11-14,vireo.in,1,3499,PL2-2509-3
VR882675,C100860,VA-SP-MINI,2025-11-14,vireo.in,1,1999,MINI-2508-3
VR882736,C107550,VA-SW-FIT,2025-11-14,vireo.in,1,1599,FIT-2510-1
VR884110,C101233,VA-EB-PL2,2025-11-14,Flipkart,2,6998,PL2-2510-1
VR886012,C106764,VA-EB-PL1,2025-11-14,vireo.in,1,2499,PL1-2508-2
VR888336,C106269,VA-SP-MINI,2025-11-14,vireo.in,1,2249,MINI-2510-4
VR888834,C107546,VA-SW-NX2,2025-11-14,Amazon,1,6174,NX2-2507-2
VR889741,C101910,VA-EB-PL2,2025-11-14,vireo.in,2,6648,PL2-2507-3
VR890353,C102927,VA-EB-PL2,2025-11-14,vireo.in,1,2974,PL2-2509-3
VR890815,C104276,VA-EB-PL2,2025-11-14,Flipkart,1,3499,PL2-2509-4
VR891333,C107791,VA-AC-CH65,2025-11-14,vireo.in,1,1199,CH65-2508-2
VR891816,C101111,VA-EB-PL2,2025-11-14,vireo.in,1,3499,PL2-2508-2
VR892385,C106050,VA-SW-NX1,2025-11-14,vireo.in,1,4999,NX1-2509-1
VR893432,C108831,VA-EB-PL2,2025-11-14,Amazon,1,2974,PL2-2510-3
VR894651,C104567,VA-HP-ST3,2025-11-14,Amazon,2,11898,ST3-2508-1
VR896841,C105028,VA-EB-AIR,2025-11-14,vireo.in,1,1619,AIR-2509-1
VR896948,C104886,VA-EB-PL2,2025-11-14,Amazon,2,5598,PL2-2508-2
VR898656,C105608,VA-EB-PL2,2025-11-14,vireo.in,1,3499,PL2-2509-4
VR899576,C101452,VA-EB-AIR,2025-11-14,vireo.in,1,1799,AIR-2510-2
VR899615,C108185,VA-EB-PL2,2025-11-14,vireo.in,2,6998,PL2-2507-2
VR899958,C107228,VA-EB-PL2,2025-11-14,vireo.in,1,2974,PL2-2510-1
VR900786,C101062,VA-SW-NX2,2025-11-14,vireo.in,1,6499,NX2-2509-1
VR901908,C107512,VA-SW-NX2,2025-11-14,Amazon,1,6499,NX2-2509-1
VR902373,C101446,VA-SW-NX1,2025-11-14,vireo.in,1,4999,NX1-2508-3
VR903530,C100439,VA-AC-CASE,2025-11-14,vireo.in,1,1104,CASE-2508-4
VR904571,C109307,VA-AC-CASE,2025-11-14,Amazon,1,1104,CASE-2510-4
VR906084,C101351,VA-EB-PL2,2025-11-14,Amazon,1,3499,PL2-2508-4
VR906990,C102659,VA-EB-PL2,2025-11-14,vireo.in,2,6998,PL2-2509-1
VR907791,C105985,VA-EB-AIR,2025-11-14,Amazon,1,1799,AIR-2510-3
VR909733,C100836,VA-SW-NX2,2025-11-14,vireo.in,1,5199,NX2-2509-4
VR880082,C101988,VA-EB-PL2,2025-11-15,Amazon,2,6998,PL2-2508-3
VR881341,C106386,VA-EB-PL2,2025-11-15,Amazon,1,2974,PL2-2508-3
VR881414,C108370,VA-EB-PL2,2025-11-15,Amazon,1,3499,PL2-2510-4
VR882857,C102441,VA-SP-ORB,2025-11-15,vireo.in,1,5399,ORB-2508-3
VR883124,C100391,VA-SW-NX2,2025-11-15,Amazon,2,12998,NX2-2509-2
VR883497,C101546,VA-HP-ST2,2025-11-15,Amazon,2,9998,ST2-2510-1
VR883819,C100896,VA-EB-PL2,2025-11-15,Amazon,1,3499,PL2-2508-2
VR884125,C102967,VA-EB-PL2,2025-11-15,vireo.in,2,6648,PL2-2510-1
VR884354,C109387,VA-EB-AIR,2025-11-15,vireo.in,1,1529,AIR-2507-1
VR884683,C105877,VA-NB-ARC,2025-11-15,Flipkart,1,1299,ARC-2510-2
VR884910,C105373,VA-SW-NX2,2025-11-15,vireo.in,1,5524,NX2-2508-3
VR885087,C104839,VA-AC-CBL,2025-11-15,vireo.in,1,399,CBL-2507-4
VR885515,C105767,VA-SW-FIT,2025-11-15,Amazon,1,1699,FIT-2508-2
VR885766,C105162,VA-EB-AIR,2025-11-15,vireo.in,1,1619,AIR-2508-2
VR885798,C106103,VA-HP-ST2,2025-11-15,vireo.in,1,4999,ST2-2509-4
VR886165,C108690,VA-SW-NX2,2025-11-15,vireo.in,1,6499,NX2-2508-2
VR886289,C101185,VA-SW-NX2,2025-11-15,vireo.in,1,6174,NX2-2510-3
VR887054,C102019,VA-EB-PL1,2025-11-15,Amazon,1,2499,PL1-2509-1
VR887201,C103926,VA-EB-PL2,2025-11-15,vireo.in,1,3499,PL2-2508-3
VR888011,C100850,VA-EB-PL2,2025-11-15,vireo.in,1,2974,PL2-2509-4
VR888654,C100999,VA-SW-FIT,2025-11-15,Amazon,1,1599,FIT-2508-4
VR891024,C108362,VA-HP-ST3,2025-11-15,Amazon,1,5949,ST3-2510-4
VR891981,C109390,VA-EB-PL2,2025-11-15,vireo.in,1,3499,PL2-2508-3
VR892363,C105554,VA-EB-PL2,2025-11-15,vireo.in,1,2799,PL2-2509-3
VR892386,C104121,VA-EB-PL1,2025-11-15,Flipkart,1,2499,PL1-2509-3
VR893045,C106701,VA-EB-AIR,2025-11-15,Amazon,1,1799,AIR-2510-4
VR894960,C108282,VA-SW-FIT,2025-11-15,Amazon,1,1899,FIT-2508-4
VR896511,C109388,VA-EB-AIR,2025-11-15,vireo.in,1,1439,AIR-2509-1
VR897446,C100495,VA-SW-NX2,2025-11-15,Amazon,1,6499,NX2-2510-3
VR897484,C104606,VA-EB-PL2,2025-11-15,vireo.in,2,6298,PL2-2510-1
VR898713,C104805,VA-EB-PL2,2025-11-15,vireo.in,2,6998,PL2-2508-3
VR899139,C100695,VA-EB-AIR,2025-11-15,vireo.in,1,1799,AIR-2510-4
VR899298,C106509,VA-SW-NX2,2025-11-15,Flipkart,1,6499,NX2-2509-4
VR899366,C107230,VA-EB-PL2,2025-11-15,Amazon,1,2799,PL2-2510-3
VR899798,C101277,VA-NB-ARC,2025-11-15,vireo.in,1,1169,ARC-2508-3
VR899832,C107945,VA-SP-MINI,2025-11-15,Amazon,1,2499,MINI-2509-1
VR901645,C101232,VA-EB-PL1,2025-11-15,Amazon,1,2499,PL1-2508-2
VR902006,C104124,VA-SW-NX2,2025-11-15,Flipkart,1,5199,NX2-2509-2
VR903720,C101583,VA-SP-MINI,2025-11-15,vireo.in,1,2499,MINI-2509-3
VR904632,C103514,VA-SW-FIT,2025-11-15,Flipkart,1,1799,FIT-2508-1
VR904970,C109410,VA-EB-PL2,2025-11-15,vireo.in,1,2799,PL2-2510-3
VR905492,C103217,VA-SP-MINI,2025-11-15,Amazon,1,2374,MINI-2509-1
VR905888,C100232,VA-SW-NX2,2025-11-15,Amazon,1,6499,NX2-2508-4
VR906022,C102341,VA-EB-PL2,2025-11-15,vireo.in,1,3499,PL2-2509-3
VR909699,C100072,VA-EB-PL2,2025-11-15,Amazon,1,3499,PL2-2509-3
VR881161,C106642,VA-EB-PL2,2025-11-16,vireo.in,1,3149,PL2-2508-1
VR881762,C108030,VA-EB-PL2,2025-11-16,Flipkart,1,2799,PL2-2509-2
VR882248,C101549,VA-HP-ST3,2025-11-16,Flipkart,1,6999,ST3-2509-1
VR882316,C106108,VA-EB-PL2,2025-11-16,vireo.in,1,2799,PL2-2508-3
VR882963,C101617,VA-EB-PL1,2025-11-16,vireo.in,1,2499,PL1-2507-3
VR884150,C102959,VA-SW-NX2,2025-11-16,Amazon,1,5524,NX2-2510-1
VR884513,C106786,VA-EB-PL2,2025-11-16,vireo.in,1,3499,PL2-2509-3
VR886187,C101145,VA-HP-ST3,2025-11-16,Amazon,1,6999,ST3-2508-2
VR886467,C108193,VA-EB-AIR,2025-11-16,Amazon,1,1799,AIR-2508-3
VR887499,C108082,VA-SW-NX2,2025-11-16,Amazon,1,6174,NX2-2508-1
VR887530,C106109,VA-EB-PL2,2025-11-16,Flipkart,1,3499,PL2-2509-2
VR887832,C106379,VA-EB-AIR,2025-11-16,Amazon,1,1799,AIR-2509-1
VR889581,C102542,VA-HP-ST3,2025-11-16,vireo.in,1,6299,ST3-2510-3
VR889922,C107229,VA-EB-PL2,2025-11-16,vireo.in,1,2799,PL2-2509-3
VR892892,C101859,VA-HP-ST3,2025-11-16,Amazon,1,6999,ST3-2510-1
VR892972,C103366,VA-EB-PL2,2025-11-16,vireo.in,1,2974,PL2-2509-4
VR893544,C101011,VA-SP-MINI,2025-11-16,Amazon,1,2499,MINI-2509-2
VR894004,C100540,VA-HP-ST3,2025-11-16,vireo.in,1,6649,ST3-2510-4
VR894253,C107997,VA-EB-PL2,2025-11-16,Flipkart,1,3149,PL2-2510-2
VR895773,C102175,VA-EB-PL2,2025-11-16,vireo.in,1,3499,PL2-2509-1
VR895776,C108886,VA-SW-NX1,2025-11-16,vireo.in,1,4999,NX1-2508-2
VR895903,C105583,VA-EB-PL2,2025-11-16,vireo.in,1,3149,PL2-2510-1
VR896118,C104486,VA-EB-PL2,2025-11-16,vireo.in,1,3499,PL2-2509-1
VR898805,C104230,VA-EB-PL2,2025-11-16,vireo.in,1,3149,PL2-2510-1
VR898906,C107092,VA-EB-AIR,2025-11-16,vireo.in,1,1799,AIR-2508-3
VR899873,C100380,VA-SP-ORB,2025-11-16,vireo.in,1,5099,ORB-2510-3
VR901898,C101453,VA-SW-NX2,2025-11-16,vireo.in,1,6499,NX2-2510-1
VR902435,C107679,VA-EB-AIR,2025-11-16,Flipkart,1,1799,AIR-2509-4
VR903244,C103952,VA-EB-AIR,2025-11-16,Amazon,1,1799,AIR-2510-4
VR904728,C103512,VA-EB-PL2,2025-11-16,vireo.in,1,3499,PL2-2510-4
VR909005,C108455,VA-EB-PL1,2025-11-16,Flipkart,1,2124,PL1-2510-2
VR909331,C107170,VA-EB-PL2,2025-11-16,vireo.in,1,3499,PL2-2507-4
VR909555,C103937,VA-SW-NX2,2025-11-16,vireo.in,2,11698,NX2-2509-3
VR880552,C101182,VA-EB-PL2,2025-11-17,vireo.in,1,3499,PL2-2508-1
VR881259,C107705,VA-HP-ST3,2025-11-17,Amazon,1,6999,ST3-2509-2
VR881343,C103616,VA-EB-PL2,2025-11-17,vireo.in,2,6298,PL2-2510-4
VR882028,C107993,VA-SW-FIT,2025-11-17,Amazon,1,1999,FIT-2509-3
VR882891,C106041,VA-EB-PL1,2025-11-17,vireo.in,1,2499,PL1-2510-4
VR883486,C103491,VA-EB-PL1,2025-11-17,Amazon,1,2499,PL1-2508-2
VR883838,C105996,VA-EB-PL2,2025-11-17,Amazon,1,3324,PL2-2510-1
VR883855,C101486,VA-EB-PL2,2025-11-17,Amazon,1,2974,PL2-2509-4
VR885709,C103226,VA-EB-PL2,2025-11-17,Flipkart,2,6648,PL2-2510-1
VR886333,C107330,VA-SP-ORB,2025-11-17,vireo.in,1,5399,ORB-2508-2
VR886916,C108425,VA-EB-PL2,2025-11-17,vireo.in,1,3499,PL2-2509-1
VR889870,C105762,VA-EB-PL2,2025-11-17,vireo.in,1,3324,PL2-2510-3
VR890324,C106714,VA-EB-PL2,2025-11-17,vireo.in,1,3499,PL2-2509-2
VR890537,C106573,VA-EB-PL2,2025-11-17,vireo.in,1,3499,PL2-2509-3
VR892839,C101049,VA-EB-PL2,2025-11-17,Amazon,1,3499,PL2-2510-1
VR893222,C106781,VA-EB-PL2,2025-11-17,vireo.in,1,3324,PL2-2508-3
VR893745,C107290,VA-SP-MINI,2025-11-17,Amazon,1,2249,MINI-2509-4
VR896680,C106942,VA-HP-ST3,2025-11-17,vireo.in,1,6999,ST3-2510-1
VR897498,C101920,VA-EB-PL2,2025-11-17,Flipkart,1,2799,PL2-2508-3
VR897558,C103779,VA-SP-ORB,2025-11-17,vireo.in,1,5699,ORB-2509-1
VR898594,C100756,VA-SP-MINI,2025-11-17,Flipkart,2,4998,MINI-2509-1
VR899811,C105703,VA-EB-PL2,2025-11-17,vireo.in,1,3149,PL2-2510-1
VR900995,C102156,VA-EB-PL2,2025-11-17,vireo.in,1,3499,PL2-2510-3
VR901249,C101395,VA-EB-PL1,2025-11-17,vireo.in,1,2499,PL1-2509-3
VR901875,C102320,VA-SW-NX2,2025-11-17,vireo.in,1,6174,NX2-2510-3
VR903905,C102216,VA-SW-NX1,2025-11-17,Flipkart,1,4499,NX1-2509-4
VR904039,C108339,VA-EB-PL1,2025-11-17,vireo.in,1,2499,PL1-2508-2
VR904941,C106604,VA-EB-PL1,2025-11-17,Amazon,1,2374,PL1-2510-4
VR906984,C107837,VA-EB-PL1,2025-11-17,vireo.in,1,2499,PL1-2508-2
VR907650,C100046,VA-EB-AIR,2025-11-17,Amazon,1,1619,AIR-2508-3
VR907809,C105365,VA-EB-PL2,2025-11-17,vireo.in,1,3499,PL2-2509-3
VR909543,C109202,VA-EB-PL1,2025-11-17,vireo.in,1,2249,PL1-2510-2
VR909579,C104866,VA-EB-PL2,2025-11-17,Amazon,1,3499,PL2-2508-4
VR880676,C104975,VA-EB-PL2,2025-11-18,Amazon,1,3324,PL2-2509-1
VR881251,C105185,VA-EB-PL2,2025-11-18,vireo.in,1,3499,PL2-2510-3
VR881499,C108623,VA-SW-NX1,2025-11-18,Flipkart,2,8998,NX1-2508-3
VR881628,C101094,VA-EB-PL2,2025-11-18,vireo.in,2,6998,PL2-2509-1
VR883475,C109299,VA-EB-PL2,2025-11-18,Flipkart,1,3499,PL2-2509-3
VR883689,C109188,VA-HP-ST3,2025-11-18,Amazon,1,6649,ST3-2510-2
VR884601,C105121,VA-SW-FIT,2025-11-18,vireo.in,1,1899,FIT-2509-1
VR885315,C100943,VA-EB-PL2,2025-11-18,vireo.in,1,3499,PL2-2510-1
VR888923,C103747,VA-EB-PL1,2025-11-18,vireo.in,1,1999,PL1-2509-4
VR889626,C104089,VA-SW-NX2,2025-11-18,vireo.in,1,5524,NX2-2508-1
VR891029,C106426,VA-HP-ST3,2025-11-18,Amazon,1,6999,ST3-2510-1
VR891351,C102800,VA-EB-PL2,2025-11-18,vireo.in,1,3324,PL2-2509-4
VR891463,C102426,VA-EB-PL2,2025-11-18,vireo.in,1,2799,PL2-2510-4
VR891557,C107337,VA-SW-NX2,2025-11-18,Amazon,1,6499,NX2-2510-2
VR892085,C103233,VA-HP-ST3,2025-11-18,Flipkart,1,5949,ST3-2509-1
VR892102,C108394,VA-EB-PL2,2025-11-18,Amazon,1,3324,PL2-2510-1
VR892950,C102877,VA-SW-NX2,2025-11-18,Flipkart,1,5199,NX2-2508-1
VR893658,C105844,VA-EB-PL2,2025-11-18,vireo.in,1,3149,PL2-2508-4
VR893821,C103216,VA-SP-MINI,2025-11-18,vireo.in,1,2374,MINI-2510-3
VR893855,C102817,VA-EB-PL2,2025-11-18,vireo.in,1,3149,PL2-2508-1
VR894814,C104967,VA-EB-PL1,2025-11-18,Amazon,2,4248,PL1-2508-3
VR895342,C100366,VA-HP-ST3,2025-11-18,vireo.in,2,11898,ST3-2510-4
VR896976,C108997,VA-NB-ARC,2025-11-18,Amazon,1,1104,ARC-2509-4
VR897958,C105018,VA-HP-ST2,2025-11-18,Flipkart,1,4749,ST2-2508-1
VR900155,C106418,VA-SW-FIT,2025-11-18,Flipkart,1,1999,FIT-2510-2
VR900175,C109317,VA-EB-PL2,2025-11-18,vireo.in,1,2799,PL2-2510-2
VR900418,C102775,VA-EB-PL2,2025-11-18,vireo.in,1,3499,PL2-2508-2
VR901467,C104995,VA-EB-PL2,2025-11-18,Flipkart,1,3499,PL2-2509-3
VR902490,C108943,VA-EB-AIR,2025-11-18,vireo.in,1,1439,AIR-2510-3
VR903670,C100298,VA-SP-MINI,2025-11-18,vireo.in,1,1999,MINI-2508-3
VR903778,C104963,VA-HP-ST3,2025-11-18,vireo.in,1,6999,ST3-2510-2
VR905541,C105164,VA-SW-NX2,2025-11-18,vireo.in,1,5849,NX2-2508-4
VR907614,C103703,VA-SP-ORB,2025-11-18,vireo.in,1,5999,ORB-2509-3
VR908593,C103976,VA-EB-PL1,2025-11-18,vireo.in,1,2499,PL1-2509-1
VR908753,C102352,VA-EB-PL2,2025-11-18,vireo.in,1,3499,PL2-2509-4
VR909215,C104457,VA-EB-PL1,2025-11-18,Flipkart,1,2499,PL1-2509-1
VR909282,C106462,VA-EB-PL1,2025-11-18,vireo.in,1,2499,PL1-2509-2
VR909423,C103504,VA-EB-PL2,2025-11-18,Amazon,1,2799,PL2-2510-2
VR880139,C104201,VA-EB-PL2,2025-11-19,Flipkart,1,3149,PL2-2509-3
VR880323,C106901,VA-HP-ST3,2025-11-19,Amazon,1,5599,ST3-2509-4
VR880387,C104470,VA-EB-PL2,2025-11-19,Amazon,1,3499,PL2-2508-4
VR882822,C109174,VA-SP-MINI,2025-11-19,vireo.in,1,2249,MINI-2508-4
VR883316,C105967,VA-EB-PL2,2025-11-19,vireo.in,1,3324,PL2-2509-1
VR883440,C108163,VA-EB-PL2,2025-11-19,vireo.in,1,2974,PL2-2510-4
VR883662,C108993,VA-SW-NX1,2025-11-19,vireo.in,1,4999,NX1-2509-4
VR884928,C103992,VA-SW-NX2,2025-11-19,vireo.in,1,6499,NX2-2509-4
VR885183,C107775,VA-SW-NX2,2025-11-19,Amazon,1,6499,NX2-2510-2
VR886623,C107057,VA-EB-PL1,2025-11-19,Flipkart,1,2124,PL1-2509-3
VR888281,C108695,VA-EB-AIR,2025-11-19,Amazon,1,1799,AIR-2509-1
VR890980,C100082,VA-EB-PL2,2025-11-19,Amazon,1,2799,PL2-2510-1
VR891196,C101250,VA-SW-FIT,2025-11-19,Amazon,1,1799,FIT-2510-3
VR891237,C109124,VA-EB-PL1,2025-11-19,Amazon,1,1999,PL1-2510-3
VR891801,C103629,VA-EB-PL2,2025-11-19,Amazon,1,2974,PL2-2508-2
VR891987,C103100,VA-EB-PL2,2025-11-19,Amazon,1,3499,PL2-2509-3
VR892429,C105165,VA-EB-PL2,2025-11-19,vireo.in,1,3324,PL2-2508-1
VR893107,C103536,VA-EB-PL2,2025-11-19,Flipkart,1,3324,PL2-2510-1
VR893187,C100263,VA-SP-MINI,2025-11-19,vireo.in,1,2499,MINI-2510-4
VR893523,C104184,VA-SP-ORB,2025-11-19,vireo.in,1,5999,ORB-2510-1
VR894747,C102918,VA-EB-PL2,2025-11-19,Amazon,1,3499,PL2-2509-4
VR895671,C108613,VA-EB-AIR,2025-11-19,vireo.in,1,1619,AIR-2509-1
VR896943,C106866,VA-HP-ST2,2025-11-19,Amazon,1,4749,ST2-2508-3
VR897022,C108804,VA-SW-NX1,2025-11-19,vireo.in,1,4999,NX1-2508-1
VR897959,C108351,VA-SW-NX2,2025-11-19,Amazon,1,5199,NX2-2508-1
VR899217,C106315,VA-SW-NX2,2025-11-19,vireo.in,1,5849,NX2-2509-3
VR899498,C107565,VA-AC-CH65,2025-11-19,vireo.in,1,1499,CH65-2508-1
VR900313,C104771,VA-SP-ORB,2025-11-19,vireo.in,2,11998,ORB-2508-3
VR906372,C106201,VA-EB-PL1,2025-11-19,Flipkart,1,2249,PL1-2510-4
VR907086,C109089,VA-EB-PL1,2025-11-19,Flipkart,1,2499,PL1-2508-4
VR907906,C104895,VA-EB-PL1,2025-11-19,Amazon,1,2249,PL1-2508-1
VR908539,C101976,VA-EB-PL2,2025-11-19,vireo.in,1,3149,PL2-2510-2
VR908578,C102421,VA-EB-AIR,2025-11-19,vireo.in,1,1529,AIR-2508-2
VR908849,C108336,VA-HP-ST3,2025-11-19,Amazon,1,5599,ST3-2509-2
VR909087,C100374,VA-SW-NX2,2025-11-19,vireo.in,1,6499,NX2-2508-3
VR881686,C100402,VA-EB-AIR,2025-11-20,vireo.in,2,3238,AIR-2510-3
VR882083,C101940,VA-EB-PL1,2025-11-20,vireo.in,1,2499,PL1-2508-2
VR882992,C109225,VA-SP-MINI,2025-11-20,Flipkart,1,2374,MINI-2508-4
VR883732,C106535,VA-HP-ST3,2025-11-20,vireo.in,1,6999,ST3-2508-4
VR883755,C104639,VA-EB-PL2,2025-11-20,vireo.in,1,3324,PL2-2508-3
VR883940,C105335,VA-EB-PL2,2025-11-20,vireo.in,1,3499,PL2-2510-1
VR885605,C108752,VA-SP-MINI,2025-11-20,vireo.in,1,2374,MINI-2509-2
VR887116,C100269,VA-EB-PL2,2025-11-20,vireo.in,1,3149,PL2-2510-1
VR888508,C100762,VA-EB-AIR,2025-11-20,vireo.in,1,1799,AIR-2509-1
VR889080,C102406,VA-EB-PL2,2025-11-20,vireo.in,1,3499,PL2-2508-2
VR891182,C101983,VA-HP-ST3,2025-11-20,Amazon,1,6999,ST3-2509-1
VR891437,C108538,VA-EB-PL2,2025-11-20,vireo.in,1,3324,PL2-2509-1
VR892352,C103028,VA-EB-PL2,2025-11-20,Amazon,1,3499,PL2-2510-4
VR894294,C101070,VA-SP-MINI,2025-11-20,Amazon,1,2499,MINI-2508-2
VR894875,C106752,VA-EB-PL1,2025-11-20,vireo.in,1,1999,PL1-2508-3
VR896479,C103486,VA-SW-NX2,2025-11-20,Amazon,1,6499,NX2-2508-4
VR896914,C101705,VA-SW-NX2,2025-11-20,vireo.in,1,6174,NX2-2510-2
VR897149,C101003,VA-SP-ORB,2025-11-20,vireo.in,1,5099,ORB-2508-2
VR897199,C104567,VA-SP-MINI,2025-11-20,vireo.in,2,4498,MINI-2510-4
VR898759,C100236,VA-EB-PL2,2025-11-20,Flipkart,1,3499,PL2-2509-1
VR899180,C102559,VA-HP-ST3,2025-11-20,Amazon,1,5949,ST3-2510-3
VR899847,C100481,VA-EB-PL2,2025-11-20,Amazon,1,3324,PL2-2510-1
VR900202,C106575,VA-EB-PL2,2025-11-20,Amazon,1,2974,PL2-2510-2
VR900630,C102304,VA-AC-CASE,2025-11-20,Flipkart,1,1299,CASE-2509-3
VR901175,C103199,VA-SP-MINI,2025-11-20,Flipkart,2,4248,MINI-2510-3
VR902245,C105235,VA-EB-AIR,2025-11-20,Amazon,1,1439,AIR-2509-1
VR902733,C100124,VA-SW-NX1,2025-11-20,Flipkart,2,9998,NX1-2510-3
VR903020,C101867,VA-EB-PL2,2025-11-20,vireo.in,1,3149,PL2-2509-3
VR903391,C104251,VA-EB-PL2,2025-11-20,Amazon,1,3499,PL2-2509-3
VR903396,C103630,VA-EB-AIR,2025-11-20,Flipkart,1,1799,AIR-2508-4
VR903972,C101030,VA-EB-PL2,2025-11-20,Flipkart,1,3499,PL2-2508-4
VR903991,C108469,VA-AC-CASE,2025-11-20,Flipkart,1,1299,CASE-2508-4
VR904365,C103952,VA-EB-AIR,2025-11-20,vireo.in,1,1439,AIR-2509-3
VR904764,C104967,VA-AC-CBL,2025-11-20,Flipkart,1,359,CBL-2510-2
VR905418,C105911,VA-EB-PL2,2025-11-20,vireo.in,1,3149,PL2-2508-3
VR905672,C101639,VA-SP-ORB,2025-11-20,Flipkart,1,5999,ORB-2509-1
VR907321,C108668,VA-EB-PL2,2025-11-20,vireo.in,1,3499,PL2-2509-4
VR908180,C102792,VA-SP-ORB,2025-11-20,vireo.in,1,4799,ORB-2509-3
VR908390,C107186,VA-SP-MINI,2025-11-20,vireo.in,2,4498,MINI-2510-2
VR880509,C106349,VA-EB-PL1,2025-11-21,Flipkart,1,2499,PL1-2509-3
VR882738,C105791,VA-EB-AIR,2025-11-21,Amazon,2,3238,AIR-2510-4
VR883236,C101832,VA-EB-AIR,2025-11-21,Amazon,1,1529,AIR-2509-3
VR883409,C106218,VA-HP-ST3,2025-11-21,Flipkart,1,6999,ST3-2510-1
VR884598,C101885,VA-SP-ORB,2025-11-21,vireo.in,1,5999,ORB-2510-3
VR884890,C102420,VA-HP-ST3,2025-11-21,vireo.in,1,6999,ST3-2509-2
VR885073,C105275,VA-EB-PL2,2025-11-21,vireo.in,1,3499,PL2-2510-3
VR885377,C100192,VA-EB-AIR,2025-11-21,Flipkart,1,1799,AIR-2508-4
VR887735,C105487,VA-EB-AIR,2025-11-21,Flipkart,1,1799,AIR-2509-3
VR889300,C102545,VA-EB-PL1,2025-11-21,vireo.in,1,2249,PL1-2509-2
VR890943,C108074,VA-SW-NX1,2025-11-21,Amazon,1,4999,NX1-2508-2
VR891531,C103937,VA-EB-AIR,2025-11-21,Amazon,1,1619,AIR-2508-3
VR893500,C102918,VA-SW-FIT,2025-11-21,vireo.in,1,1599,FIT-2509-2
VR894633,C100600,VA-EB-AIR,2025-11-21,Amazon,2,2878,AIR-2509-2
VR895867,C106334,VA-HP-ST2,2025-11-21,Amazon,1,4749,ST2-2510-1
VR897368,C108845,VA-HP-ST3,2025-11-21,Amazon,1,6299,ST3-2510-1
VR898218,C103639,VA-EB-PL2,2025-11-21,vireo.in,1,3499,PL2-2509-3
VR898340,C106653,VA-EB-PL2,2025-11-21,Amazon,1,3324,PL2-2509-4
VR898371,C104226,VA-EB-PL2,2025-11-21,Amazon,1,3149,PL2-2510-3
VR898434,C102545,VA-SP-ORB,2025-11-21,vireo.in,1,5999,ORB-2510-3
VR899165,C101206,VA-SP-ORB,2025-11-21,Flipkart,1,5399,ORB-2508-4
VR899908,C107541,VA-AC-CH65,2025-11-21,Amazon,1,1349,CH65-2510-4
VR901277,C100554,VA-SW-NX2,2025-11-21,vireo.in,1,6174,NX2-2510-1
VR903115,C104209,VA-SW-NX2,2025-11-21,vireo.in,1,6499,NX2-2509-1
VR903432,C103414,VA-HP-ST3,2025-11-21,vireo.in,1,6999,ST3-2508-1
VR904068,C103406,VA-AC-CASE,2025-11-21,vireo.in,1,1299,CASE-2509-3
VR904226,C108809,VA-EB-AIR,2025-11-21,Flipkart,1,1799,AIR-2509-2
VR906576,C103092,VA-SP-MINI,2025-11-21,vireo.in,1,2499,MINI-2509-1
VR907282,C102861,VA-SP-ORB,2025-11-21,vireo.in,1,5699,ORB-2510-1
VR908682,C107036,VA-SP-MINI,2025-11-21,vireo.in,1,2374,MINI-2510-3
VR909170,C106998,VA-HP-ST3,2025-11-21,Amazon,1,6999,ST3-2508-1
VR910090,C108984,VA-HP-ST3,2025-11-21,vireo.in,1,6999,ST3-2509-2
VR910101,C101366,VA-EB-PL2,2025-11-21,vireo.in,1,3499,PL2-2509-3
VR881894,C108096,VA-EB-PL2,2025-11-22,vireo.in,1,3499,PL2-2508-1
VR882311,C107609,VA-EB-AIR,2025-11-22,Amazon,1,1709,AIR-2510-4
VR884135,C107634,VA-EB-PL2,2025-11-22,Amazon,1,3499,PL2-2508-2
VR884163,C100581,VA-SW-NX2,2025-11-22,vireo.in,1,5849,NX2-2509-1
VR884498,C101668,VA-EB-PL1,2025-11-22,vireo.in,1,2499,PL1-2509-4
VR885182,C103754,VA-EB-PL2,2025-11-22,vireo.in,1,2974,PL2-2510-1
VR885531,C102938,VA-EB-PL2,2025-11-22,vireo.in,1,2799,PL2-2511-4
VR886605,C107601,VA-EB-PL2,2025-11-22,Flipkart,1,2974,PL2-2509-4
VR886756,C108374,VA-SW-FIT,2025-11-22,Amazon,1,1999,FIT-2509-2
VR887855,C109009,VA-EB-PL2,2025-11-22,Flipkart,1,3149,PL2-2510-2
VR888767,C109188,VA-EB-PL2,2025-11-22,vireo.in,1,2974,PL2-2508-2
VR889251,C101356,VA-EB-PL2,2025-11-22,vireo.in,1,3149,PL2-2509-3
VR889307,C104692,VA-SW-NX2,2025-11-22,vireo.in,1,6499,NX2-2509-3
VR889334,C103786,VA-EB-PL1,2025-11-22,vireo.in,1,2249,PL1-2508-1
VR889808,C108346,VA-EB-PL2,2025-11-22,Amazon,1,3499,PL2-2510-2
VR890000,C100561,VA-EB-PL1,2025-11-22,Amazon,1,2249,PL1-2509-3
VR893672,C100117,VA-HP-ST2,2025-11-22,Flipkart,1,4999,ST2-2509-4
VR894407,C106899,VA-SW-NX2,2025-11-22,Flipkart,1,6174,NX2-2509-4
VR894444,C107461,VA-AC-CH65,2025-11-22,vireo.in,1,1274,CH65-2508-3
VR894839,C101848,VA-EB-AIR,2025-11-22,Flipkart,1,1439,AIR-2508-4
VR895374,C107310,VA-EB-PL1,2025-11-22,Amazon,1,1999,PL1-2509-2
VR900121,C103819,VA-EB-PL2,2025-11-22,vireo.in,1,3499,PL2-2509-3
VR900412,C108386,VA-EB-PL2,2025-11-22,Flipkart,1,3499,PL2-2508-2
VR900511,C101165,VA-SP-MINI,2025-11-22,vireo.in,1,1999,MINI-2508-1
VR903535,C100498,VA-HP-ST3,2025-11-22,vireo.in,1,6649,ST3-2510-1
VR903925,C107020,VA-EB-PL2,2025-11-22,vireo.in,1,3499,PL2-2509-3
VR905182,C109023,VA-EB-PL2,2025-11-22,Amazon,1,3149,PL2-2510-1
VR905811,C102598,VA-EB-PL2,2025-11-22,vireo.in,1,3499,PL2-2509-2
VR907565,C102865,VA-EB-PL2,2025-11-22,Amazon,1,3499,PL2-2508-1
VR908318,C101361,VA-EB-PL1,2025-11-22,vireo.in,1,2124,PL1-2509-1
VR909849,C108229,VA-EB-PL2,2025-11-22,vireo.in,1,3149,PL2-2509-1
VR880658,C108796,VA-AC-CASE,2025-11-23,Amazon,1,1104,CASE-2508-1
VR881558,C103307,VA-EB-PL1,2025-11-23,Amazon,1,2499,PL1-2510-2
VR881680,C107652,VA-EB-PL2,2025-11-23,vireo.in,1,2974,PL2-2509-3
VR882860,C107038,VA-EB-PL2,2025-11-23,vireo.in,1,3499,PL2-2509-2
VR883840,C103419,VA-HP-ST3,2025-11-23,vireo.in,1,6999,ST3-2508-3
VR884338,C100562,VA-EB-PL2,2025-11-23,Amazon,1,3499,PL2-2508-4
VR885296,C100032,VA-EB-PL2,2025-11-23,Amazon,1,3324,PL2-2509-1
VR885768,C101181,VA-SP-ORB,2025-11-23,vireo.in,1,5999,ORB-2508-4
VR886131,C105222,VA-HP-ST2,2025-11-23,Amazon,1,4999,ST2-2510-1
VR886597,C109196,VA-EB-PL2,2025-11-23,Flipkart,1,3149,PL2-2510-4
VR886925,C105580,VA-AC-CASE,2025-11-23,Amazon,1,1169,CASE-2509-3
VR886969,C106358,VA-EB-PL2,2025-11-23,Amazon,1,2974,PL2-2508-1
VR887270,C107327,VA-SW-NX2,2025-11-23,Amazon,1,6174,NX2-2508-3
VR887506,C105333,VA-SW-FIT,2025-11-23,vireo.in,1,1999,FIT-2511-4
VR888416,C106473,VA-SW-NX2,2025-11-23,vireo.in,1,6499,NX2-2509-2
VR889096,C109080,VA-AC-CASE,2025-11-23,Amazon,1,1234,CASE-2509-3
VR890502,C107756,VA-EB-PL2,2025-11-23,vireo.in,1,3499,PL2-2508-1
VR890674,C104989,VA-AC-CASE,2025-11-23,Amazon,1,1169,CASE-2508-3
VR892610,C105705,VA-SP-MINI,2025-11-23,Amazon,1,2499,MINI-2510-2
VR893295,C104577,VA-HP-ST2,2025-11-23,Flipkart,1,4749,ST2-2508-4
VR893651,C103139,VA-EB-PL2,2025-11-23,vireo.in,1,3324,PL2-2510-1
VR894508,C102394,VA-EB-PL2,2025-11-23,Amazon,1,2974,PL2-2510-2
VR896606,C108556,VA-SW-FIT,2025-11-23,Flipkart,1,1699,FIT-2508-3
VR896692,C101637,VA-AC-CASE,2025-11-23,vireo.in,1,1299,CASE-2509-3
VR896928,C105405,VA-EB-AIR,2025-11-23,Amazon,1,1619,AIR-2508-4
VR897271,C103611,VA-EB-PL2,2025-11-23,vireo.in,1,3499,PL2-2510-3
VR898231,C102436,VA-EB-PL1,2025-11-23,Amazon,2,4248,PL1-2510-4
VR898511,C108139,VA-EB-PL2,2025-11-23,vireo.in,1,2974,PL2-2508-1
VR900916,C105910,VA-EB-PL1,2025-11-23,Amazon,1,2249,PL1-2509-3
VR901018,C104040,VA-EB-PL2,2025-11-23,Amazon,1,3149,PL2-2510-3
VR901571,C102617,VA-SP-ORB,2025-11-23,vireo.in,1,5399,ORB-2509-3
VR902485,C100854,VA-EB-PL1,2025-11-23,vireo.in,1,2499,PL1-2509-2
VR903204,C104718,VA-SP-ORB,2025-11-23,Flipkart,1,5699,ORB-2509-4
VR903562,C102964,VA-EB-PL2,2025-11-23,Amazon,1,2799,PL2-2508-2
VR906116,C103421,VA-EB-AIR,2025-11-23,vireo.in,1,1799,AIR-2509-2
VR906360,C102541,VA-EB-AIR,2025-11-23,vireo.in,1,1619,AIR-2509-2
VR906803,C100955,VA-EB-PL1,2025-11-23,Flipkart,1,2249,PL1-2509-3
VR906852,C101009,VA-EB-PL1,2025-11-23,vireo.in,1,2249,PL1-2508-3
VR909689,C105438,VA-EB-PL2,2025-11-23,Flipkart,1,3149,PL2-2509-4
VR880340,C106666,VA-SW-NX2,2025-11-24,vireo.in,1,6499,NX2-2509-4
VR882948,C103773,VA-EB-PL1,2025-11-24,Amazon,1,2124,PL1-2508-4
VR883411,C103324,VA-EB-PL2,2025-11-24,Flipkart,1,2799,PL2-2508-4
VR883664,C105866,VA-SW-FIT,2025-11-24,vireo.in,2,3198,FIT-2510-2
VR886942,C103079,VA-EB-PL2,2025-11-24,Flipkart,1,3499,PL2-2509-1
VR886979,C107449,VA-HP-ST2,2025-11-24,Flipkart,1,4249,ST2-2510-4
VR887812,C101841,VA-AC-CBL,2025-11-24,vireo.in,1,399,CBL-2508-1
VR888476,C107647,VA-EB-PL1,2025-11-24,vireo.in,1,2249,PL1-2510-4
VR889789,C106261,VA-AC-CASE,2025-11-24,vireo.in,1,1039,CASE-2509-2
VR889882,C101163,VA-HP-ST3,2025-11-24,Amazon,1,5949,ST3-2508-4
VR890892,C108231,VA-SP-ORB,2025-11-24,vireo.in,2,9598,ORB-2511-4
VR891084,C107496,VA-EB-PL2,2025-11-24,vireo.in,1,3499,PL2-2510-4
VR893133,C102974,VA-EB-PL2,2025-11-24,vireo.in,1,3149,PL2-2508-2
VR894025,C102987,VA-EB-PL2,2025-11-24,Amazon,1,2799,PL2-2509-3
VR894056,C104117,VA-EB-PL2,2025-11-24,vireo.in,1,3499,PL2-2508-1
VR894121,C100744,VA-EB-PL2,2025-11-24,vireo.in,2,5598,PL2-2508-3
VR895017,C106343,VA-EB-PL2,2025-11-24,vireo.in,1,2974,PL2-2508-3
VR896251,C109425,VA-EB-PL2,2025-11-24,vireo.in,1,2799,PL2-2511-4
VR897822,C106874,VA-SW-FIT,2025-11-24,Flipkart,1,1799,FIT-2508-3
VR899033,C108044,VA-SW-NX2,2025-11-24,vireo.in,2,12998,NX2-2508-4
VR899964,C107368,VA-SW-FIT,2025-11-24,vireo.in,1,1999,FIT-2509-1
VR900837,C106225,VA-EB-PL2,2025-11-24,vireo.in,1,3499,PL2-2510-3
VR901161,C102939,VA-EB-PL2,2025-11-24,Flipkart,1,3499,PL2-2510-4
VR901741,C101392,VA-SW-NX1,2025-11-24,vireo.in,1,4499,NX1-2508-1
VR901930,C100153,VA-SW-NX1,2025-11-24,Amazon,2,9998,NX1-2510-1
VR903522,C106958,VA-EB-PL1,2025-11-24,vireo.in,1,2499,PL1-2509-1
VR904308,C103704,VA-EB-PL2,2025-11-24,vireo.in,1,3324,PL2-2510-1
VR904875,C107035,VA-EB-PL2,2025-11-24,Amazon,1,3499,PL2-2510-4
VR905378,C100843,VA-EB-PL2,2025-11-24,vireo.in,1,3324,PL2-2510-3
VR905476,C100587,VA-EB-PL1,2025-11-24,vireo.in,1,2124,PL1-2510-3
VR905917,C104800,VA-EB-PL2,2025-11-24,vireo.in,1,2799,PL2-2510-1
VR907509,C105405,VA-EB-PL2,2025-11-24,vireo.in,1,3324,PL2-2509-2
VR910022,C100159,VA-HP-ST2,2025-11-24,Flipkart,1,4999,ST2-2508-4
VR880196,C104136,VA-EB-AIR,2025-11-25,vireo.in,1,1799,AIR-2508-1
VR880504,C100653,VA-AC-CASE,2025-11-25,vireo.in,1,1299,CASE-2509-3
VR881926,C108475,VA-SP-MINI,2025-11-25,Flipkart,1,2249,MINI-2511-1
VR882605,C101276,VA-SW-NX2,2025-11-25,Flipkart,2,11048,NX2-2511-1
VR883441,C107508,VA-EB-PL2,2025-11-25,Flipkart,2,6298,PL2-2510-1
VR883812,C109117,VA-HP-ST3,2025-11-25,vireo.in,1,5599,ST3-2510-1
VR884012,C109074,VA-EB-PL1,2025-11-25,vireo.in,1,2499,PL1-2509-1
VR884300,C103428,VA-EB-PL2,2025-11-25,Flipkart,1,2799,PL2-2508-2
VR885312,C107860,VA-EB-AIR,2025-11-25,vireo.in,1,1529,AIR-2509-1
VR888097,C106915,VA-SP-MINI,2025-11-25,vireo.in,1,2124,MINI-2510-3
VR888849,C102425,VA-SW-NX2,2025-11-25,Flipkart,1,6499,NX2-2510-1
VR891332,C107697,VA-SP-ORB,2025-11-25,vireo.in,1,4799,ORB-2509-4
VR892803,C105822,VA-NB-ARC,2025-11-25,Amazon,1,1299,ARC-2509-3
VR894176,C108521,VA-SW-NX2,2025-11-25,vireo.in,1,6174,NX2-2510-2
VR894675,C100049,VA-EB-PL2,2025-11-25,Amazon,1,3499,PL2-2509-2
VR894903,C101202,VA-EB-PL2,2025-11-25,Flipkart,1,3499,PL2-2510-1
VR895074,C109498,VA-SP-ORB,2025-11-25,vireo.in,1,5999,ORB-2509-1
VR897192,C108239,VA-EB-PL1,2025-11-25,vireo.in,1,1999,PL1-2508-3
VR897328,C109296,VA-AC-CASE,2025-11-25,Amazon,2,2598,CASE-2509-4
VR898060,C107792,VA-EB-PL2,2025-11-25,vireo.in,1,3499,PL2-2508-1
VR898942,C109445,VA-AC-CH65,2025-11-25,Amazon,1,1499,CH65-2509-2
VR899209,C108654,VA-HP-ST2,2025-11-25,Amazon,1,4749,ST2-2510-3
VR899410,C108411,VA-AC-CASE,2025-11-25,Flipkart,1,1299,CASE-2510-3
VR899671,C103870,VA-HP-ST3,2025-11-25,vireo.in,1,6999,ST3-2509-2
VR900720,C103798,VA-EB-PL1,2025-11-25,vireo.in,1,2374,PL1-2509-4
VR902281,C101279,VA-EB-PL2,2025-11-25,Flipkart,1,2974,PL2-2509-4
VR902654,C103547,VA-SP-ORB,2025-11-25,Amazon,1,5699,ORB-2510-1
VR903102,C102787,VA-SW-NX2,2025-11-25,vireo.in,1,5199,NX2-2510-3
VR903373,C101022,VA-EB-AIR,2025-11-25,vireo.in,1,1799,AIR-2510-3
VR905466,C100734,VA-EB-PL2,2025-11-25,vireo.in,1,3499,PL2-2508-1
VR905583,C106202,VA-SW-NX2,2025-11-25,vireo.in,1,5849,NX2-2509-1
VR906324,C107700,VA-SP-MINI,2025-11-25,Amazon,1,2124,MINI-2511-4
VR907386,C107054,VA-NB-ARC,2025-11-25,vireo.in,1,1299,ARC-2509-2
VR907417,C100102,VA-EB-PL2,2025-11-25,Amazon,1,2799,PL2-2510-2
VR908338,C105971,VA-SW-NX2,2025-11-25,Amazon,1,5524,NX2-2509-1
VR908494,C109204,VA-SW-FIT,2025-11-25,vireo.in,2,3798,FIT-2509-1
VR880347,C105974,VA-HP-ST3,2025-11-26,vireo.in,1,5599,ST3-2510-3
VR880505,C105128,VA-EB-AIR,2025-11-26,Amazon,1,1799,AIR-2510-1
VR882138,C109040,VA-HP-ST3,2025-11-26,vireo.in,1,5599,ST3-2509-4
VR882638,C105166,VA-EB-AIR,2025-11-26,vireo.in,1,1439,AIR-2509-2
VR882680,C103541,VA-NB-ARC,2025-11-26,Amazon,1,1299,ARC-2508-4
VR882733,C101441,VA-HP-ST3,2025-11-26,vireo.in,1,6649,ST3-2508-3
VR882980,C109385,VA-HP-ST3,2025-11-26,vireo.in,1,6999,ST3-2509-3
VR883153,C102428,VA-EB-PL2,2025-11-26,vireo.in,1,3149,PL2-2508-1
VR883917,C103767,VA-EB-PL2,2025-11-26,vireo.in,1,3149,PL2-2509-3
VR884043,C100132,VA-EB-PL1,2025-11-26,Amazon,1,1999,PL1-2510-4
VR885752,C107948,VA-SW-NX2,2025-11-26,Amazon,1,5849,NX2-2510-2
VR886216,C105861,VA-EB-PL2,2025-11-26,vireo.in,1,3149,PL2-2509-4
VR887684,C105214,VA-EB-PL2,2025-11-26,Amazon,1,3499,PL2-2509-1
VR888389,C100891,VA-EB-AIR,2025-11-26,Amazon,1,1619,AIR-2508-2
VR888390,C101928,VA-EB-PL2,2025-11-26,vireo.in,1,3499,PL2-2509-3
VR888517,C101917,VA-HP-ST3,2025-11-26,Amazon,1,6999,ST3-2510-3
VR889834,C101318,VA-EB-PL2,2025-11-26,Amazon,1,2974,PL2-2508-2
VR889852,C106019,VA-SW-NX2,2025-11-26,vireo.in,1,6499,NX2-2508-1
VR890456,C107876,VA-EB-PL2,2025-11-26,vireo.in,1,2799,PL2-2510-3
VR891065,C104692,VA-EB-PL2,2025-11-26,vireo.in,1,3499,PL2-2509-4
VR891805,C101507,VA-NB-ARC,2025-11-26,vireo.in,1,1169,ARC-2508-3
VR893517,C108410,VA-EB-PL2,2025-11-26,vireo.in,1,3499,PL2-2509-1
VR893741,C107479,VA-EB-PL2,2025-11-26,vireo.in,2,5598,PL2-2509-4
VR894498,C107309,VA-SW-FIT,2025-11-26,Amazon,1,1699,FIT-2510-1
VR894749,C107715,VA-SW-NX2,2025-11-26,vireo.in,1,5849,NX2-2510-2
VR894905,C107467,VA-EB-PL1,2025-11-26,Amazon,1,2499,PL1-2509-1
VR895149,C105924,VA-EB-PL1,2025-11-26,vireo.in,1,2499,PL1-2509-2
VR895258,C106350,VA-EB-PL1,2025-11-26,vireo.in,1,2499,PL1-2510-1
VR895818,C108272,VA-EB-AIR,2025-11-26,Amazon,1,1799,AIR-2510-3
VR896316,C102144,VA-SP-MINI,2025-11-26,Amazon,1,2499,MINI-2509-2
VR896446,C107410,VA-SP-MINI,2025-11-26,vireo.in,2,4748,MINI-2508-2
VR897320,C109246,VA-AC-CH65,2025-11-26,vireo.in,1,1499,CH65-2510-3
VR897349,C105316,VA-EB-PL2,2025-11-26,Amazon,1,3149,PL2-2509-1
VR898466,C104439,VA-EB-PL2,2025-11-26,Flipkart,1,2799,PL2-2510-1
VR898541,C107370,VA-EB-PL2,2025-11-26,vireo.in,1,2974,PL2-2510-1
VR899006,C106211,VA-EB-PL2,2025-11-26,Amazon,1,3499,PL2-2509-3
VR900218,C104587,VA-HP-ST3,2025-11-26,vireo.in,1,6649,ST3-2510-1
VR901521,C105762,VA-EB-PL2,2025-11-26,vireo.in,1,3499,PL2-2508-3
VR901538,C103556,VA-EB-PL2,2025-11-26,Flipkart,1,2974,PL2-2509-1
VR902114,C102122,VA-EB-PL1,2025-11-26,vireo.in,1,1999,PL1-2509-3
VR903190,C100203,VA-EB-PL2,2025-11-26,Flipkart,1,3499,PL2-2510-4
VR905113,C102130,VA-SW-NX1,2025-11-26,vireo.in,1,4999,NX1-2510-4
VR905116,C105315,VA-EB-PL1,2025-11-26,Amazon,1,2249,PL1-2508-4
VR905594,C103588,VA-HP-ST3,2025-11-26,Amazon,1,5599,ST3-2511-4
VR906204,C103656,VA-EB-PL2,2025-11-26,Flipkart,1,2974,PL2-2510-3
VR907231,C105647,VA-EB-PL2,2025-11-26,vireo.in,1,3499,PL2-2508-1
VR907591,C101666,VA-SP-MINI,2025-11-26,vireo.in,1,2374,MINI-2509-2
VR908295,C108302,VA-HP-ST3,2025-11-26,Amazon,2,11898,ST3-2509-4
VR908755,C106651,VA-SP-ORB,2025-11-26,Flipkart,1,5999,ORB-2509-1
VR909211,C107653,VA-EB-PL2,2025-11-26,Flipkart,1,3149,PL2-2508-3
VR880047,C101002,VA-EB-PL2,2025-11-27,Amazon,1,3324,PL2-2509-1
VR880657,C105927,VA-EB-PL2,2025-11-27,vireo.in,1,3499,PL2-2508-1
VR881511,C101796,VA-EB-PL2,2025-11-27,Amazon,1,3499,PL2-2511-4
VR882477,C105770,VA-EB-PL2,2025-11-27,Flipkart,1,3324,PL2-2508-4
VR882498,C103015,VA-AC-CBL,2025-11-27,vireo.in,1,359,CBL-2508-3
VR882541,C107821,VA-EB-PL2,2025-11-27,Amazon,1,2974,PL2-2509-4
VR883216,C103059,VA-SW-NX2,2025-11-27,vireo.in,1,6499,NX2-2509-3
VR886531,C109142,VA-EB-PL2,2025-11-27,vireo.in,2,6648,PL2-2509-1
VR886657,C108478,VA-EB-PL1,2025-11-27,vireo.in,1,2124,PL1-2510-3
VR886962,C101692,VA-EB-PL2,2025-11-27,vireo.in,1,3499,PL2-2510-4
VR887435,C107381,VA-EB-PL2,2025-11-27,Amazon,1,3149,PL2-2508-3
VR888193,C106853,VA-EB-PL2,2025-11-27,vireo.in,1,2974,PL2-2511-4
VR889036,C102422,VA-EB-PL2,2025-11-27,vireo.in,1,2974,PL2-2511-2
VR889155,C104919,VA-EB-PL2,2025-11-27,Flipkart,1,3149,PL2-2509-4
VR889201,C102472,VA-EB-AIR,2025-11-27,vireo.in,1,1799,AIR-2509-2
VR889510,C100939,VA-EB-PL2,2025-11-27,vireo.in,1,3499,PL2-2508-1
VR889735,C105168,VA-NB-ARC,2025-11-27,vireo.in,1,1169,ARC-2511-3
VR890251,C104078,VA-EB-PL1,2025-11-27,Flipkart,1,2499,PL1-2509-3
VR890543,C107314,VA-SW-NX2,2025-11-27,vireo.in,1,6174,NX2-2508-1
VR890745,C101230,VA-EB-PL2,2025-11-27,Flipkart,1,2974,PL2-2510-4
VR894619,C107618,VA-EB-PL2,2025-11-27,Flipkart,1,2799,PL2-2509-1
VR895732,C108037,VA-SW-NX2,2025-11-27,vireo.in,1,6499,NX2-2509-3
VR895880,C107838,VA-EB-AIR,2025-11-27,Flipkart,1,1709,AIR-2508-1
VR896450,C101118,VA-SW-NX2,2025-11-27,Amazon,1,6499,NX2-2509-3
VR896619,C106765,VA-EB-PL2,2025-11-27,vireo.in,1,3149,PL2-2510-4
VR898876,C104028,VA-SW-NX2,2025-11-27,vireo.in,1,6499,NX2-2510-3
VR899885,C104816,VA-AC-CBL,2025-11-27,Amazon,1,379,CBL-2508-2
VR900436,C102751,VA-EB-PL2,2025-11-27,vireo.in,1,3324,PL2-2509-1
VR900622,C104994,VA-SW-FIT,2025-11-27,Flipkart,1,1599,FIT-2508-2
VR901036,C104868,VA-EB-PL1,2025-11-27,Amazon,1,2499,PL1-2509-3
VR901169,C101185,VA-EB-PL2,2025-11-27,vireo.in,1,3499,PL2-2509-2
VR901662,C106289,VA-EB-PL1,2025-11-27,vireo.in,1,2374,PL1-2510-1
VR902130,C105020,VA-EB-PL2,2025-11-27,vireo.in,1,3499,PL2-2509-4
VR902207,C106205,VA-SW-FIT,2025-11-27,Amazon,1,1899,FIT-2509-3
VR902969,C104185,VA-SW-NX2,2025-11-27,Amazon,1,5199,NX2-2510-2
VR903235,C105335,VA-EB-AIR,2025-11-27,Amazon,1,1709,AIR-2509-1
VR903250,C101433,VA-EB-PL2,2025-11-27,vireo.in,1,3149,PL2-2508-2
VR906532,C107848,VA-SW-NX2,2025-11-27,Amazon,1,6174,NX2-2509-4
VR908128,C102868,VA-EB-AIR,2025-11-27,Flipkart,1,1619,AIR-2508-4
VR909334,C105288,VA-AC-CASE,2025-11-27,vireo.in,1,1104,CASE-2509-4
VR909440,C104998,VA-EB-PL2,2025-11-27,vireo.in,1,3149,PL2-2509-2
VR880168,C108716,VA-EB-PL2,2025-11-28,Flipkart,1,2799,PL2-2508-1
VR883669,C104076,VA-EB-PL1,2025-11-28,Amazon,1,1999,PL1-2510-2
VR883928,C105820,VA-EB-PL1,2025-11-28,vireo.in,1,2374,PL1-2511-4
VR885706,C108870,VA-SP-MINI,2025-11-28,vireo.in,1,2374,MINI-2510-2
VR887580,C100929,VA-AC-CH65,2025-11-28,vireo.in,1,1499,CH65-2510-4
VR887844,C105662,VA-EB-PL2,2025-11-28,vireo.in,1,3499,PL2-2511-3
VR887928,C104288,VA-EB-PL1,2025-11-28,vireo.in,1,1999,PL1-2509-2
VR888078,C104323,VA-SP-ORB,2025-11-28,vireo.in,1,5999,ORB-2509-2
VR888635,C108849,VA-EB-PL2,2025-11-28,vireo.in,1,3324,PL2-2508-1
VR888876,C105725,VA-NB-ARC,2025-11-28,vireo.in,1,1169,ARC-2508-2
VR889109,C100805,VA-EB-PL1,2025-11-28,Amazon,1,2499,PL1-2509-1
VR890215,C100433,VA-EB-PL2,2025-11-28,Amazon,1,3499,PL2-2509-4
VR892232,C109494,VA-SP-MINI,2025-11-28,Flipkart,1,2374,MINI-2511-4
VR892407,C109372,VA-EB-PL2,2025-11-28,Amazon,1,3324,PL2-2508-1
VR894538,C104180,VA-SW-FIT,2025-11-28,vireo.in,1,1999,FIT-2508-1
VR894825,C105525,VA-AC-CASE,2025-11-28,vireo.in,1,1299,CASE-2511-1
VR895352,C102008,VA-SP-ORB,2025-11-28,Flipkart,1,5999,ORB-2510-2
VR898221,C103682,VA-EB-PL2,2025-11-28,vireo.in,2,6998,PL2-2511-4
VR899402,C100934,VA-EB-PL2,2025-11-28,vireo.in,1,3324,PL2-2508-1
VR900755,C107663,VA-EB-PL2,2025-11-28,vireo.in,1,2799,PL2-2509-4
VR901714,C109047,VA-EB-PL2,2025-11-28,Amazon,1,3499,PL2-2511-1
VR902468,C103419,VA-SP-ORB,2025-11-28,vireo.in,1,5699,ORB-2510-4
VR902864,C108569,VA-EB-PL2,2025-11-28,vireo.in,1,3324,PL2-2508-4
VR903692,C102879,VA-EB-AIR,2025-11-28,vireo.in,1,1799,AIR-2508-2
VR904714,C105317,VA-EB-PL2,2025-11-28,vireo.in,1,2799,PL2-2508-4
VR904828,C105467,VA-EB-PL2,2025-11-28,vireo.in,1,3499,PL2-2511-4
VR905345,C102414,VA-EB-AIR,2025-11-28,Flipkart,2,3598,AIR-2508-1
VR905448,C102165,VA-EB-PL2,2025-11-28,vireo.in,1,2799,PL2-2508-4
VR905651,C104915,VA-EB-PL2,2025-11-28,vireo.in,1,3499,PL2-2511-3
VR906128,C106495,VA-AC-CH65,2025-11-28,vireo.in,1,1499,CH65-2508-3
VR906733,C106344,VA-AC-CH65,2025-11-28,vireo.in,2,2548,CH65-2509-1
VR906893,C101807,VA-SW-NX2,2025-11-28,vireo.in,1,6174,NX2-2508-1
VR907646,C100327,VA-EB-PL2,2025-11-28,Amazon,1,3499,PL2-2509-3
VR907778,C102793,VA-EB-PL2,2025-11-28,vireo.in,1,3149,PL2-2509-3
VR909476,C108065,VA-EB-PL2,2025-11-28,vireo.in,1,3149,PL2-2508-2
VR910105,C105047,VA-EB-PL2,2025-11-28,vireo.in,1,2799,PL2-2510-3
VR880286,C104819,VA-EB-PL2,2025-11-29,vireo.in,1,3499,PL2-2508-4
VR883729,C108235,VA-EB-PL1,2025-11-29,Flipkart,1,2249,PL1-2508-2
VR884160,C104134,VA-EB-AIR,2025-11-29,Amazon,1,1439,AIR-2510-4
VR885068,C107694,VA-EB-PL2,2025-11-29,vireo.in,2,6998,PL2-2508-3
VR885134,C101863,VA-SW-NX2,2025-11-29,vireo.in,1,5199,NX2-2509-2
VR885683,C109339,VA-EB-PL2,2025-11-29,vireo.in,1,2974,PL2-2511-1
VR885800,C106940,VA-EB-AIR,2025-11-29,vireo.in,1,1529,AIR-2509-1
VR886804,C103962,VA-EB-PL2,2025-11-29,Amazon,1,3499,PL2-2510-4
VR888191,C101352,VA-EB-PL1,2025-11-29,Flipkart,1,2124,PL1-2509-2
VR889401,C108387,VA-SW-NX2,2025-11-29,Amazon,1,6499,NX2-2509-2
VR889860,C108134,VA-SP-ORB,2025-11-29,vireo.in,1,5399,ORB-2509-3
VR890109,C100049,VA-SW-FIT,2025-11-29,vireo.in,1,1599,FIT-2510-1
VR890290,C108482,VA-EB-PL2,2025-11-29,Amazon,1,3149,PL2-2508-3
VR890859,C100305,VA-EB-PL2,2025-11-29,Flipkart,1,2974,PL2-2510-1
VR891518,C109087,VA-AC-CASE,2025-11-29,vireo.in,1,1299,CASE-2508-3
VR891639,C105649,VA-HP-ST2,2025-11-29,vireo.in,1,4999,ST2-2508-2
VR892465,C106610,VA-SW-NX2,2025-11-29,vireo.in,1,6174,NX2-2511-3
VR892529,C105535,VA-EB-PL2,2025-11-29,Flipkart,2,6648,PL2-2509-1
VR892686,C106180,VA-HP-ST3,2025-11-29,Amazon,1,6999,ST3-2509-3
VR892734,C106365,VA-EB-PL2,2025-11-29,Amazon,1,2799,PL2-2508-4
VR893815,C109053,VA-EB-PL2,2025-11-29,vireo.in,1,3324,PL2-2508-4
VR895200,C106054,VA-AC-CH65,2025-11-29,Flipkart,1,1499,CH65-2510-3
VR895435,C102905,VA-EB-PL2,2025-11-29,Amazon,1,3324,PL2-2511-2
VR896055,C101192,VA-SP-ORB,2025-11-29,Flipkart,1,5699,ORB-2508-2
VR896403,C108743,VA-EB-PL2,2025-11-29,vireo.in,1,3149,PL2-2510-4
VR897014,C101601,VA-EB-PL2,2025-11-29,Amazon,1,3499,PL2-2509-1
VR897970,C103823,VA-SW-FIT,2025-11-29,vireo.in,1,1699,FIT-2510-2
VR898702,C109267,VA-EB-PL1,2025-11-29,Amazon,1,2499,PL1-2509-1
VR899509,C105810,VA-SW-NX2,2025-11-29,Amazon,2,12348,NX2-2509-4
VR899756,C102997,VA-EB-PL1,2025-11-29,vireo.in,1,2249,PL1-2510-2
VR901775,C101934,VA-SW-NX1,2025-11-29,vireo.in,1,4499,NX1-2510-1
VR903647,C101874,VA-SW-NX2,2025-11-29,vireo.in,1,6174,NX2-2510-2
VR903810,C102089,VA-EB-PL2,2025-11-29,Amazon,1,3499,PL2-2509-2
VR904562,C107112,VA-EB-PL1,2025-11-29,Flipkart,1,2499,PL1-2511-3
VR904756,C104711,VA-EB-PL2,2025-11-29,vireo.in,1,2974,PL2-2511-2
VR904776,C101665,VA-SW-NX1,2025-11-29,vireo.in,1,3999,NX1-2509-3
VR904988,C103158,VA-EB-PL2,2025-11-29,vireo.in,1,2974,PL2-2509-4
VR905966,C106488,VA-EB-PL2,2025-11-29,vireo.in,1,3499,PL2-2509-4
VR906163,C107613,VA-EB-PL2,2025-11-29,vireo.in,1,3324,PL2-2510-2
VR906226,C106548,VA-EB-PL1,2025-11-29,vireo.in,1,1999,PL1-2509-2
VR906290,C102897,VA-EB-PL1,2025-11-29,vireo.in,1,1999,PL1-2510-3
VR906325,C102605,VA-EB-AIR,2025-11-29,Amazon,1,1799,AIR-2508-2
VR906468,C104079,VA-EB-PL2,2025-11-29,vireo.in,1,3499,PL2-2508-4
VR906655,C104491,VA-EB-PL1,2025-11-29,vireo.in,1,2499,PL1-2510-2
VR908730,C104697,VA-EB-PL2,2025-11-29,vireo.in,1,3149,PL2-2508-1
VR909553,C103657,VA-EB-PL2,2025-11-29,Amazon,1,2799,PL2-2510-2
VR880722,C109492,VA-AC-CH65,2025-11-30,vireo.in,1,1499,CH65-2509-2
VR880724,C103165,VA-EB-PL2,2025-11-30,vireo.in,1,3499,PL2-2509-4
VR880743,C105251,VA-EB-PL2,2025-11-30,Amazon,1,3499,PL2-2510-2
VR882379,C106736,VA-AC-CH65,2025-11-30,vireo.in,1,1349,CH65-2509-2
VR882461,C104255,VA-SW-FIT,2025-11-30,Flipkart,1,1899,FIT-2508-1
VR883269,C101139,VA-HP-ST3,2025-11-30,vireo.in,1,6999,ST3-2508-3
VR883743,C109339,VA-SP-MINI,2025-11-30,Amazon,1,2249,MINI-2510-2
VR884908,C106525,VA-EB-AIR,2025-11-30,Amazon,2,2878,AIR-2511-1
VR887768,C105742,VA-EB-PL2,2025-11-30,Amazon,1,3149,PL2-2508-3
VR888330,C106357,VA-SW-NX2,2025-11-30,vireo.in,1,6499,NX2-2509-1
VR888356,C103198,VA-SP-MINI,2025-11-30,Amazon,1,2249,MINI-2509-2
VR889240,C101614,VA-EB-AIR,2025-11-30,vireo.in,1,1439,AIR-2510-4
VR889566,C102475,VA-EB-PL2,2025-11-30,vireo.in,1,2799,PL2-2508-4
VR889958,C108022,VA-SW-NX2,2025-11-30,Amazon,1,6499,NX2-2510-4
VR890167,C105583,VA-EB-PL1,2025-11-30,vireo.in,2,4498,PL1-2508-2
VR890730,C103554,VA-HP-ST3,2025-11-30,Flipkart,1,6999,ST3-2510-4
VR892155,C101791,VA-EB-PL2,2025-11-30,vireo.in,1,3499,PL2-2508-1
VR892569,C109481,VA-EB-PL1,2025-11-30,vireo.in,1,2499,PL1-2508-1
VR892970,C107720,VA-EB-PL2,2025-11-30,vireo.in,2,6998,PL2-2509-4
VR893123,C101689,VA-EB-AIR,2025-11-30,vireo.in,1,1439,AIR-2508-3
VR893328,C103089,VA-EB-PL1,2025-11-30,vireo.in,1,1999,PL1-2510-3
VR894374,C100292,VA-EB-PL2,2025-11-30,Amazon,2,6998,PL2-2511-2
VR895872,C107666,VA-EB-PL2,2025-11-30,Amazon,1,2974,PL2-2508-4
VR896579,C108864,VA-SW-NX2,2025-11-30,vireo.in,1,5524,NX2-2508-1
VR897135,C105955,VA-SP-ORB,2025-11-30,Amazon,1,5099,ORB-2509-4
VR897699,C100287,VA-EB-AIR,2025-11-30,Amazon,1,1709,AIR-2510-4
VR898451,C102723,VA-EB-PL2,2025-11-30,vireo.in,2,5948,PL2-2510-2
VR900769,C100262,VA-SW-NX2,2025-11-30,vireo.in,1,6499,NX2-2509-3
VR900903,C106210,VA-EB-PL1,2025-11-30,Flipkart,1,2499,PL1-2508-2
VR901050,C103802,VA-SW-NX2,2025-11-30,Amazon,1,5199,NX2-2508-2
VR902671,C109445,VA-EB-PL2,2025-11-30,vireo.in,1,3149,PL2-2510-3
VR902841,C107220,VA-EB-PL2,2025-11-30,vireo.in,1,3499,PL2-2510-3
VR903489,C108644,VA-EB-PL2,2025-11-30,vireo.in,1,3499,PL2-2511-1
VR903894,C105794,VA-EB-PL2,2025-11-30,Flipkart,1,3149,PL2-2510-1
VR904761,C105815,VA-AC-CASE,2025-11-30,vireo.in,1,1104,CASE-2510-2
VR904847,C101370,VA-AC-CH65,2025-11-30,vireo.in,1,1349,CH65-2510-3
VR904963,C104012,VA-SW-NX2,2025-11-30,Amazon,1,6499,NX2-2508-4
VR905009,C104982,VA-EB-AIR,2025-11-30,vireo.in,1,1709,AIR-2509-2
VR905977,C108168,VA-SW-FIT,2025-11-30,vireo.in,1,1799,FIT-2511-1
VR906347,C107604,VA-HP-ST3,2025-11-30,vireo.in,2,12598,ST3-2509-3
VR906449,C109035,VA-EB-PL2,2025-11-30,Amazon,1,3149,PL2-2509-4
VR908880,C102514,VA-AC-CASE,2025-11-30,vireo.in,1,1299,CASE-2511-2
VR909116,C101584,VA-HP-ST3,2025-11-30,Flipkart,1,5599,ST3-2510-4
VR910109,C108480,VA-EB-AIR,2025-11-30,Flipkart,1,1529,AIR-2510-1
VR880942,C107608,VA-SW-FIT,2025-12-01,vireo.in,1,1899,FIT-2509-4
VR881089,C108681,VA-SW-FIT,2025-12-01,vireo.in,1,1799,FIT-2508-2
VR881152,C102117,VA-SW-NX2,2025-12-01,Amazon,1,6174,NX2-2510-2
VR881690,C103680,VA-SP-ORB,2025-12-01,Flipkart,2,11998,ORB-2510-4
VR882572,C100105,VA-EB-PL1,2025-12-01,vireo.in,1,2374,PL1-2511-3
VR884577,C105085,VA-EB-PL2,2025-12-01,vireo.in,1,3149,PL2-2510-2
VR885047,C103281,VA-EB-PL2,2025-12-01,vireo.in,1,2799,PL2-2510-4
VR885608,C102569,VA-EB-PL2,2025-12-01,vireo.in,1,3499,PL2-2510-1
VR888424,C105242,VA-SP-MINI,2025-12-01,vireo.in,1,2124,MINI-2508-3
VR889832,C100879,VA-EB-PL1,2025-12-01,Amazon,1,2124,PL1-2510-3
VR893396,C109454,VA-EB-PL2,2025-12-01,Amazon,1,3149,PL2-2511-2
VR894217,C100459,VA-HP-ST2,2025-12-01,Amazon,1,4999,ST2-2509-1
VR894411,C105607,VA-EB-PL2,2025-12-01,vireo.in,1,3324,PL2-2509-1
VR894681,C104441,VA-AC-CASE,2025-12-01,Flipkart,1,1234,CASE-2509-3
VR895542,C102520,VA-SW-NX2,2025-12-01,vireo.in,1,6499,NX2-2508-4
VR896803,C109099,VA-EB-PL2,2025-12-01,vireo.in,1,3499,PL2-2509-3
VR897130,C109222,VA-EB-PL2,2025-12-01,vireo.in,1,3324,PL2-2510-2
VR898572,C100516,VA-EB-PL2,2025-12-01,Amazon,1,3499,PL2-2508-2
VR899713,C108889,VA-EB-PL2,2025-12-01,Flipkart,1,3499,PL2-2510-1
VR900031,C108367,VA-SW-NX2,2025-12-01,vireo.in,1,5524,NX2-2509-4
VR903848,C109118,VA-HP-ST2,2025-12-01,Amazon,1,4749,ST2-2509-1
VR904736,C107875,VA-NB-ARC,2025-12-01,Amazon,1,1299,ARC-2509-1
VR905217,C106428,VA-SP-MINI,2025-12-01,vireo.in,1,2499,MINI-2510-1
VR905920,C100959,VA-EB-PL2,2025-12-01,Amazon,2,5948,PL2-2508-3
VR906417,C106870,VA-EB-AIR,2025-12-01,vireo.in,1,1439,AIR-2509-4
VR906896,C109029,VA-EB-PL2,2025-12-01,vireo.in,1,3149,PL2-2509-1
VR908367,C102981,VA-EB-PL2,2025-12-01,Flipkart,2,6298,PL2-2511-3
VR908624,C102453,VA-HP-ST3,2025-12-01,Amazon,1,6999,ST3-2510-2
VR908628,C109109,VA-EB-PL2,2025-12-01,vireo.in,1,3499,PL2-2510-4
VR908748,C108009,VA-AC-CASE,2025-12-01,Amazon,1,1299,CASE-2509-4
VR880927,C108472,VA-SW-FIT,2025-12-02,Flipkart,1,1999,FIT-2509-3
VR881484,C107522,VA-NB-ARC,2025-12-02,vireo.in,1,1169,ARC-2511-4
VR881795,C104385,VA-EB-AIR,2025-12-02,Amazon,1,1619,AIR-2509-1
VR882444,C108207,VA-NB-ARC,2025-12-02,Flipkart,1,1169,ARC-2511-3
VR884607,C102778,VA-EB-PL2,2025-12-02,Amazon,1,2974,PL2-2509-1
VR884790,C100462,VA-HP-ST3,2025-12-02,Amazon,1,5949,ST3-2511-4
VR884805,C105191,VA-EB-PL1,2025-12-02,Amazon,1,2499,PL1-2509-4
VR885390,C106707,VA-EB-AIR,2025-12-02,Amazon,1,1799,AIR-2510-2
VR885754,C106448,VA-EB-PL2,2025-12-02,Amazon,1,2799,PL2-2509-2
VR887140,C103570,VA-EB-PL2,2025-12-02,vireo.in,1,2974,PL2-2509-3
VR887869,C102440,VA-SP-MINI,2025-12-02,Amazon,1,2499,MINI-2510-2
VR889574,C107246,VA-EB-PL1,2025-12-02,vireo.in,1,2249,PL1-2509-3
VR890832,C106737,VA-EB-AIR,2025-12-02,vireo.in,1,1709,AIR-2511-2
VR890856,C107201,VA-SP-MINI,2025-12-02,Amazon,1,2249,MINI-2510-2
VR892042,C104937,VA-EB-PL2,2025-12-02,Amazon,1,3324,PL2-2508-2
VR892279,C106766,VA-SW-NX2,2025-12-02,Flipkart,1,6499,NX2-2510-4
VR896326,C104117,VA-SW-NX2,2025-12-02,vireo.in,1,6499,NX2-2508-1
VR898280,C107459,VA-EB-PL2,2025-12-02,Amazon,1,2799,PL2-2510-3
VR900195,C104474,VA-SP-MINI,2025-12-02,vireo.in,1,2124,MINI-2509-1
VR900647,C101463,VA-SP-MINI,2025-12-02,vireo.in,1,2374,MINI-2509-1
VR900972,C105425,VA-EB-PL2,2025-12-02,vireo.in,1,3499,PL2-2509-1
VR901588,C109423,VA-EB-AIR,2025-12-02,vireo.in,1,1709,AIR-2510-3
VR904146,C106290,VA-EB-AIR,2025-12-02,Amazon,1,1709,AIR-2511-4
VR904392,C109106,VA-EB-PL2,2025-12-02,vireo.in,1,3499,PL2-2510-1
VR905924,C102950,VA-SW-FIT,2025-12-02,vireo.in,1,1999,FIT-2509-1
VR906145,C100897,VA-EB-PL2,2025-12-02,vireo.in,1,3499,PL2-2510-2
VR909296,C102245,VA-EB-AIR,2025-12-02,vireo.in,1,1799,AIR-2510-4
VR880518,C109116,VA-EB-PL1,2025-12-03,vireo.in,1,2249,PL1-2510-4
VR883312,C104349,VA-EB-PL2,2025-12-03,Flipkart,1,3499,PL2-2509-2
VR884004,C103488,VA-NB-ARC,2025-12-03,vireo.in,1,1299,ARC-2510-1
VR885208,C105270,VA-AC-CASE,2025-12-03,vireo.in,1,1234,CASE-2508-3
VR885898,C104220,VA-SW-FIT,2025-12-03,vireo.in,1,1599,FIT-2508-1
VR885995,C101526,VA-SW-NX2,2025-12-03,vireo.in,1,5524,NX2-2509-4
VR886088,C101816,VA-SW-NX2,2025-12-03,vireo.in,1,6499,NX2-2510-4
VR886433,C102153,VA-AC-CH65,2025-12-03,Amazon,1,1199,CH65-2509-1
VR886472,C103164,VA-EB-PL1,2025-12-03,Amazon,2,4998,PL1-2509-1
VR887707,C102977,VA-EB-PL1,2025-12-03,vireo.in,1,1999,PL1-2510-4
VR887924,C104153,VA-SW-NX2,2025-12-03,vireo.in,1,5849,NX2-2509-1
VR887968,C100931,VA-NB-ARC,2025-12-03,Amazon,1,1104,ARC-2509-2
VR889303,C100302,VA-HP-ST3,2025-12-03,vireo.in,1,6299,ST3-2509-2
VR889329,C100291,VA-SP-MINI,2025-12-03,vireo.in,1,2374,MINI-2511-2
VR889590,C105943,VA-EB-PL1,2025-12-03,vireo.in,1,2499,PL1-2510-4
VR889628,C106044,VA-HP-ST2,2025-12-03,Amazon,1,4249,ST2-2509-1
VR890485,C106144,VA-EB-PL2,2025-12-03,Amazon,1,3324,PL2-2510-3
VR890951,C107425,VA-EB-PL2,2025-12-03,Amazon,1,3324,PL2-2509-2
VR891140,C100126,VA-EB-PL1,2025-12-03,Flipkart,1,2124,PL1-2510-4
VR891444,C100887,VA-EB-PL2,2025-12-03,Flipkart,1,2799,PL2-2510-2
VR892275,C107703,VA-EB-PL2,2025-12-03,vireo.in,1,2974,PL2-2510-3
VR892721,C100955,VA-EB-PL2,2025-12-03,vireo.in,1,3324,PL2-2509-2
VR892832,C101779,VA-SW-FIT,2025-12-03,vireo.in,2,3798,FIT-2511-4
VR893175,C108801,VA-NB-ARC,2025-12-03,Amazon,1,1104,ARC-2509-1
VR894637,C105040,VA-EB-PL2,2025-12-03,vireo.in,1,2974,PL2-2509-4
VR897374,C102067,VA-EB-PL2,2025-12-03,vireo.in,1,3149,PL2-2510-2
VR904693,C105506,VA-EB-PL2,2025-12-03,vireo.in,1,3149,PL2-2510-1
VR905880,C103767,VA-EB-PL2,2025-12-03,vireo.in,1,2974,PL2-2510-4
VR906072,C108300,VA-AC-CASE,2025-12-03,vireo.in,1,1299,CASE-2511-1
VR908030,C107529,VA-SW-NX2,2025-12-03,Amazon,2,12998,NX2-2511-3
VR909235,C106528,VA-EB-PL2,2025-12-03,vireo.in,1,3499,PL2-2510-3
VR909341,C108106,VA-AC-CASE,2025-12-03,vireo.in,1,1234,CASE-2510-1
VR881533,C101021,VA-EB-PL2,2025-12-04,Amazon,1,3499,PL2-2510-2
VR881967,C105994,VA-EB-PL2,2025-12-04,vireo.in,1,2974,PL2-2511-3
VR883355,C102233,VA-EB-PL2,2025-12-04,Amazon,1,3499,PL2-2508-2
VR884787,C100241,VA-EB-PL2,2025-12-04,vireo.in,1,3499,PL2-2509-4
VR885283,C102628,VA-SW-FIT,2025-12-04,Amazon,1,1799,FIT-2509-1
VR885721,C107465,VA-EB-PL2,2025-12-04,Amazon,1,2974,PL2-2509-2
VR886041,C108868,VA-HP-ST3,2025-12-04,vireo.in,2,11898,ST3-2509-3
VR886867,C109465,VA-SW-NX2,2025-12-04,vireo.in,1,6499,NX2-2510-4
VR888122,C102255,VA-EB-PL2,2025-12-04,vireo.in,1,3499,PL2-2508-3
VR888625,C102141,VA-EB-PL2,2025-12-04,Flipkart,1,2799,PL2-2511-3
VR889100,C104306,VA-EB-AIR,2025-12-04,vireo.in,1,1529,AIR-2510-2
VR889810,C104410,VA-EB-PL1,2025-12-04,Flipkart,1,2499,PL1-2508-1
VR891261,C106671,VA-EB-PL2,2025-12-04,vireo.in,1,2799,PL2-2508-1
VR891848,C106897,VA-AC-CASE,2025-12-04,Amazon,1,1104,CASE-2508-3
VR892245,C105172,VA-SW-NX2,2025-12-04,vireo.in,1,6499,NX2-2510-4
VR893501,C107522,VA-SP-MINI,2025-12-04,Amazon,2,4248,MINI-2508-2
VR894029,C101512,VA-EB-PL1,2025-12-04,vireo.in,1,2499,PL1-2509-4
VR897237,C107166,VA-EB-PL2,2025-12-04,vireo.in,1,3499,PL2-2511-3
VR897473,C101121,VA-SW-FIT,2025-12-04,Amazon,1,1899,FIT-2508-2
VR897905,C103168,VA-EB-PL2,2025-12-04,vireo.in,1,3499,PL2-2508-4
VR899852,C102598,VA-EB-PL2,2025-12-04,vireo.in,1,3324,PL2-2509-4
VR899951,C101301,VA-EB-AIR,2025-12-04,vireo.in,2,3238,AIR-2509-2
VR900991,C103979,VA-EB-AIR,2025-12-04,vireo.in,1,1709,AIR-2510-3
VR901640,C102174,VA-AC-CBL,2025-12-04,vireo.in,1,319,CBL-2509-4
VR901944,C106798,VA-EB-PL2,2025-12-04,Flipkart,1,3499,PL2-2509-2
VR903580,C101053,VA-HP-ST3,2025-12-04,vireo.in,1,6299,ST3-2509-4
VR904102,C100652,VA-EB-PL2,2025-12-04,vireo.in,1,3149,PL2-2508-4
VR904408,C108541,VA-EB-PL2,2025-12-04,Amazon,1,3499,PL2-2509-4
VR907785,C103426,VA-EB-PL1,2025-12-04,vireo.in,1,2374,PL1-2509-3
VR909606,C109491,VA-EB-PL2,2025-12-04,Amazon,1,2974,PL2-2509-2
VR881267,C105865,VA-EB-PL2,2025-12-05,vireo.in,1,2974,PL2-2508-2
VR882574,C106051,VA-EB-PL2,2025-12-05,Amazon,1,3499,PL2-2510-2
VR884871,C104397,VA-HP-ST3,2025-12-05,vireo.in,1,6999,ST3-2508-4
VR885871,C104927,VA-EB-PL1,2025-12-05,vireo.in,1,2499,PL1-2508-2
VR887017,C101737,VA-SP-ORB,2025-12-05,Amazon,1,5699,ORB-2511-1
VR888634,C105575,VA-EB-PL1,2025-12-05,Flipkart,1,2499,PL1-2511-4
VR892539,C107061,VA-EB-AIR,2025-12-05,vireo.in,1,1799,AIR-2508-2
VR893111,C103870,VA-EB-PL2,2025-12-05,vireo.in,1,3499,PL2-2510-1
VR896171,C108630,VA-EB-PL2,2025-12-05,vireo.in,1,3499,PL2-2510-4
VR896580,C105804,VA-AC-CASE,2025-12-05,Amazon,1,1299,CASE-2510-4
VR899059,C105117,VA-HP-ST3,2025-12-05,vireo.in,2,12598,ST3-2511-1
VR899288,C105774,VA-EB-AIR,2025-12-05,Flipkart,1,1439,AIR-2511-2
VR899374,C105037,VA-EB-PL2,2025-12-05,Amazon,1,3499,PL2-2509-2
VR899658,C101311,VA-NB-ARC,2025-12-05,vireo.in,1,1299,ARC-2511-1
VR900454,C103046,VA-EB-PL2,2025-12-05,Flipkart,1,3499,PL2-2511-3
VR901074,C102312,VA-SP-MINI,2025-12-05,vireo.in,1,2499,MINI-2511-3
VR904099,C103319,VA-SW-FIT,2025-12-05,vireo.in,1,1999,FIT-2509-3
VR906727,C102653,VA-SP-MINI,2025-12-05,vireo.in,1,2499,MINI-2508-2
VR910084,C105845,VA-HP-ST2,2025-12-05,vireo.in,1,4499,ST2-2509-4
VR880116,C107185,VA-SW-NX2,2025-12-06,Flipkart,1,5524,NX2-2509-4
VR880131,C100306,VA-EB-PL2,2025-12-06,Flipkart,1,2974,PL2-2510-2
VR880390,C101922,VA-SP-ORB,2025-12-06,vireo.in,1,5999,ORB-2508-3
VR881925,C107908,VA-EB-PL2,2025-12-06,vireo.in,1,3149,PL2-2509-2
VR882116,C103848,VA-EB-PL2,2025-12-06,Flipkart,1,2974,PL2-2510-3
VR884050,C108385,VA-SW-NX2,2025-12-06,Amazon,1,5849,NX2-2510-2
VR886524,C100543,VA-SW-FIT,2025-12-06,vireo.in,1,1999,FIT-2509-3
VR888126,C100736,VA-SW-NX1,2025-12-06,vireo.in,1,4499,NX1-2510-2
VR890947,C102013,VA-HP-ST2,2025-12-06,vireo.in,1,4499,ST2-2509-3
VR892648,C105975,VA-SW-FIT,2025-12-06,Amazon,1,1999,FIT-2511-4
VR892724,C104505,VA-HP-ST3,2025-12-06,Amazon,1,6999,ST3-2510-1
VR894249,C101486,VA-EB-PL2,2025-12-06,Flipkart,1,2799,PL2-2510-2
VR895833,C100003,VA-HP-ST3,2025-12-06,vireo.in,1,5949,ST3-2510-3
VR896029,C101500,VA-SW-FIT,2025-12-06,Amazon,1,1599,FIT-2510-3
VR896584,C103892,VA-EB-PL2,2025-12-06,vireo.in,1,3324,PL2-2510-2
VR896809,C101718,VA-EB-AIR,2025-12-06,vireo.in,1,1709,AIR-2509-2
VR897343,C107259,VA-EB-PL2,2025-12-06,vireo.in,1,3499,PL2-2510-4
VR901579,C104653,VA-EB-AIR,2025-12-06,vireo.in,1,1529,AIR-2509-3
VR901924,C100102,VA-EB-PL2,2025-12-06,Flipkart,1,3499,PL2-2509-2
VR904452,C104991,VA-AC-CASE,2025-12-06,Amazon,1,1039,CASE-2511-2
VR907253,C100391,VA-EB-PL2,2025-12-06,Flipkart,1,2799,PL2-2511-3
VR908083,C103222,VA-EB-PL2,2025-12-06,Flipkart,1,3499,PL2-2508-4
VR909411,C109323,VA-EB-PL1,2025-12-06,Amazon,1,2124,PL1-2511-2
VR880401,C107152,VA-EB-PL2,2025-12-07,vireo.in,1,3499,PL2-2510-2
VR881347,C108114,VA-NB-ARC,2025-12-07,vireo.in,2,2208,ARC-2509-2
VR883137,C103342,VA-EB-PL2,2025-12-07,vireo.in,1,2799,PL2-2511-1
VR884938,C107874,VA-EB-PL2,2025-12-07,Amazon,1,3324,PL2-2511-4
VR886172,C103273,VA-EB-PL1,2025-12-07,Amazon,1,2374,PL1-2511-3
VR886203,C107673,VA-EB-PL2,2025-12-07,Amazon,1,3324,PL2-2511-1
VR886877,C105817,VA-EB-PL1,2025-12-07,Flipkart,1,2499,PL1-2511-1
VR887562,C105854,VA-EB-AIR,2025-12-07,vireo.in,1,1619,AIR-2509-1
VR887690,C108692,VA-EB-PL2,2025-12-07,Amazon,1,2974,PL2-2510-1
VR887961,C109269,VA-EB-PL2,2025-12-07,vireo.in,1,3499,PL2-2510-2
VR889435,C105805,VA-SW-NX1,2025-12-07,vireo.in,1,4999,NX1-2510-1
VR890361,C108959,VA-EB-PL1,2025-12-07,Amazon,1,2124,PL1-2510-1
VR891303,C105425,VA-SW-NX2,2025-12-07,vireo.in,1,6174,NX2-2510-3
VR891989,C101435,VA-EB-AIR,2025-12-07,Flipkart,1,1709,AIR-2509-4
VR893211,C102281,VA-HP-ST2,2025-12-07,Amazon,1,4249,ST2-2509-4
VR893596,C104348,VA-EB-PL2,2025-12-07,Amazon,1,3324,PL2-2511-1
VR893692,C102221,VA-AC-CASE,2025-12-07,Amazon,1,1169,CASE-2510-1
VR894590,C105025,VA-EB-PL1,2025-12-07,Amazon,1,2499,PL1-2510-4
VR896832,C100667,VA-SP-ORB,2025-12-07,Amazon,1,5399,ORB-2508-1
VR897613,C106690,VA-SP-MINI,2025-12-07,Flipkart,1,2499,MINI-2509-1
VR897718,C103176,VA-SW-NX2,2025-12-07,Amazon,1,6499,NX2-2511-2
VR898760,C106032,VA-EB-PL2,2025-12-07,Amazon,1,2799,PL2-2509-2
VR899810,C102471,VA-HP-ST3,2025-12-07,Amazon,1,6999,ST3-2510-3
VR901416,C108007,VA-EB-PL2,2025-12-07,vireo.in,1,2799,PL2-2510-3
VR903627,C101003,VA-SP-MINI,2025-12-07,Amazon,1,2499,MINI-2510-4
VR907688,C104115,VA-HP-ST3,2025-12-07,vireo.in,1,6999,ST3-2510-4
VR907826,C109199,VA-EB-PL2,2025-12-07,Amazon,1,3499,PL2-2508-3
VR880342,C101676,VA-EB-PL2,2025-12-08,Amazon,1,3324,PL2-2509-1
VR883890,C106227,VA-EB-PL2,2025-12-08,vireo.in,1,3499,PL2-2509-1
VR883967,C106246,VA-SP-MINI,2025-12-08,vireo.in,1,1999,MINI-2510-1
VR885626,C105012,VA-EB-PL2,2025-12-08,vireo.in,1,2799,PL2-2509-4
VR887621,C108376,VA-SW-NX1,2025-12-08,Flipkart,1,4249,NX1-2509-4
VR891504,C102315,VA-HP-ST3,2025-12-08,Amazon,1,5949,ST3-2509-1
VR892136,C101708,VA-SW-NX2,2025-12-08,Amazon,1,6499,NX2-2509-1
VR895137,C102396,VA-EB-AIR,2025-12-08,vireo.in,1,1709,AIR-2510-4
VR896989,C102787,VA-SW-FIT,2025-12-08,vireo.in,1,1799,FIT-2510-4
VR899133,C100596,VA-NB-ARC,2025-12-08,vireo.in,1,1234,ARC-2510-2
VR900092,C104350,VA-EB-PL2,2025-12-08,Flipkart,1,3499,PL2-2508-4
VR900139,C104439,VA-AC-CBL,2025-12-08,vireo.in,1,379,CBL-2510-4
VR902407,C103029,VA-EB-PL2,2025-12-08,vireo.in,1,2974,PL2-2509-3
VR903281,C105781,VA-SP-MINI,2025-12-08,vireo.in,1,2374,MINI-2510-2
VR907130,C101478,VA-NB-ARC,2025-12-08,Flipkart,1,1234,ARC-2510-1
VR907175,C109290,VA-EB-AIR,2025-12-08,vireo.in,1,1799,AIR-2511-3
VR908688,C107131,VA-SP-MINI,2025-12-08,Amazon,1,2499,MINI-2509-4
VR909495,C105749,VA-SP-MINI,2025-12-08,Amazon,1,2499,MINI-2511-4
VR910123,C109231,VA-AC-CASE,2025-12-08,Amazon,1,1039,CASE-2511-1
VR882713,C101719,VA-NB-ARC,2025-12-09,vireo.in,1,1299,ARC-2510-1
VR883050,C105506,VA-EB-PL1,2025-12-09,Amazon,1,2499,PL1-2511-1
VR883525,C105210,VA-HP-ST3,2025-12-09,vireo.in,1,5599,ST3-2511-3
VR883590,C100108,VA-EB-PL2,2025-12-09,Flipkart,1,3499,PL2-2510-2
VR883760,C106627,VA-SW-NX2,2025-12-09,Flipkart,1,5199,NX2-2508-2
VR887412,C104730,VA-SW-NX2,2025-12-09,Flipkart,1,6499,NX2-2509-4
VR888829,C107541,VA-EB-AIR,2025-12-09,Flipkart,1,1799,AIR-2510-1
VR889364,C101044,VA-HP-ST3,2025-12-09,Amazon,1,6999,ST3-2509-2
VR889755,C107825,VA-SW-NX2,2025-12-09,Flipkart,1,6499,NX2-2509-1
VR889762,C108618,VA-AC-CASE,2025-12-09,vireo.in,2,2598,CASE-2511-4
VR890905,C103407,VA-NB-ARC,2025-12-09,Amazon,1,1299,ARC-2508-4
VR893414,C102031,VA-EB-PL2,2025-12-09,vireo.in,1,2974,PL2-2508-1
VR894964,C103156,VA-EB-PL2,2025-12-09,vireo.in,1,3499,PL2-2509-2
VR895161,C101462,VA-EB-PL2,2025-12-09,Flipkart,1,3499,PL2-2511-4
VR895850,C106286,VA-SW-NX2,2025-12-09,vireo.in,1,5524,NX2-2509-3
VR896674,C104451,VA-EB-PL1,2025-12-09,Flipkart,1,1999,PL1-2509-1
VR898392,C107059,VA-EB-PL1,2025-12-09,Amazon,1,2499,PL1-2509-2
VR898424,C108016,VA-AC-CBL,2025-12-09,vireo.in,1,319,CBL-2510-4
VR900999,C100395,VA-HP-ST3,2025-12-09,vireo.in,1,5599,ST3-2511-1
VR902174,C107775,VA-SW-NX2,2025-12-09,Amazon,1,6499,NX2-2509-4
VR903560,C109304,VA-SW-NX1,2025-12-09,vireo.in,1,4999,NX1-2509-1
VR903638,C106487,VA-HP-ST3,2025-12-09,vireo.in,1,6999,ST3-2509-1
VR904419,C104283,VA-SW-NX2,2025-12-09,vireo.in,1,5849,NX2-2510-2
VR905034,C102341,VA-EB-PL2,2025-12-09,Flipkart,1,3499,PL2-2511-3
VR908997,C103501,VA-SP-ORB,2025-12-09,Amazon,1,5399,ORB-2509-4
VR880877,C106580,VA-SW-NX2,2025-12-10,vireo.in,1,6499,NX2-2509-3
VR882670,C104056,VA-EB-PL2,2025-12-10,Flipkart,2,5598,PL2-2508-2
VR883145,C101942,VA-EB-AIR,2025-12-10,Amazon,1,1619,AIR-2510-1
VR883915,C107615,VA-EB-PL1,2025-12-10,Amazon,2,4248,PL1-2508-2
VR885347,C103713,VA-EB-PL1,2025-12-10,vireo.in,1,2249,PL1-2511-2
VR885354,C105555,VA-EB-PL1,2025-12-10,Amazon,1,2499,PL1-2510-3
VR889196,C103723,VA-EB-AIR,2025-12-10,vireo.in,1,1799,AIR-2508-2
VR890144,C103221,VA-SP-MINI,2025-12-10,Amazon,1,1999,MINI-2510-1
VR890651,C103450,VA-SW-FIT,2025-12-10,vireo.in,1,1799,FIT-2510-3
VR892896,C107761,VA-EB-PL1,2025-12-10,vireo.in,1,2499,PL1-2511-1
VR894834,C102235,VA-EB-PL2,2025-12-10,Amazon,1,2974,PL2-2509-3
VR895268,C108246,VA-EB-PL2,2025-12-10,Amazon,1,2974,PL2-2508-1
VR895643,C107282,VA-EB-PL1,2025-12-10,Flipkart,1,2124,PL1-2508-4
VR897323,C104897,VA-HP-ST3,2025-12-10,Flipkart,1,6649,ST3-2508-1
VR899670,C108869,VA-HP-ST2,2025-12-10,vireo.in,1,4249,ST2-2509-3
VR900963,C106708,VA-EB-PL2,2025-12-10,Flipkart,1,3499,PL2-2509-2
VR903360,C102454,VA-EB-AIR,2025-12-10,Amazon,1,1799,AIR-2511-2
VR903616,C103804,VA-EB-PL2,2025-12-10,vireo.in,1,3499,PL2-2509-2
VR904049,C108251,VA-EB-PL1,2025-12-10,Amazon,1,2374,PL1-2509-4
VR904278,C100423,VA-SW-NX2,2025-12-10,Flipkart,1,6499,NX2-2509-1
VR904281,C100975,VA-EB-PL2,2025-12-10,vireo.in,1,2974,PL2-2509-4
VR905284,C104830,VA-SW-NX2,2025-12-10,Amazon,1,6499,NX2-2510-3
VR905990,C107199,VA-EB-PL2,2025-12-10,Amazon,1,2799,PL2-2510-2
VR906689,C106228,VA-AC-CASE,2025-12-10,vireo.in,1,1169,CASE-2510-4
VR907608,C106428,VA-EB-PL2,2025-12-10,vireo.in,1,3499,PL2-2510-1
VR908501,C109281,VA-EB-PL2,2025-12-10,Amazon,1,3499,PL2-2509-1
VR883481,C107208,VA-EB-PL2,2025-12-11,Amazon,1,3499,PL2-2509-4
VR883787,C101387,VA-SW-NX2,2025-12-11,vireo.in,1,5199,NX2-2509-2
VR885203,C106709,VA-EB-AIR,2025-12-11,Flipkart,1,1619,AIR-2511-1
VR886122,C103948,VA-EB-PL2,2025-12-11,Amazon,1,3324,PL2-2509-2
VR888123,C102029,VA-EB-PL2,2025-12-11,vireo.in,1,3149,PL2-2510-3
VR889071,C108426,VA-EB-PL2,2025-12-11,Flipkart,1,2974,PL2-2511-2
VR891314,C105613,VA-EB-PL2,2025-12-11,vireo.in,1,3499,PL2-2510-3
VR891602,C101843,VA-EB-PL1,2025-12-11,Amazon,1,2499,PL1-2510-3
VR891746,C102583,VA-EB-PL2,2025-12-11,Amazon,1,2974,PL2-2509-1
VR891945,C104048,VA-AC-CH65,2025-12-11,Amazon,1,1274,CH65-2509-1
VR892412,C106487,VA-EB-PL2,2025-12-11,vireo.in,1,2974,PL2-2509-4
VR893966,C106370,VA-SW-NX2,2025-12-11,vireo.in,1,6174,NX2-2511-3
VR893987,C105102,VA-EB-PL1,2025-12-11,vireo.in,1,2374,PL1-2509-2
VR895175,C103404,VA-SW-NX2,2025-12-11,Amazon,1,5524,NX2-2510-3
VR895459,C104948,VA-EB-AIR,2025-12-11,vireo.in,1,1619,AIR-2510-2
VR895766,C102457,VA-EB-PL2,2025-12-11,Amazon,1,3149,PL2-2510-4
VR897504,C107703,VA-AC-CASE,2025-12-11,Amazon,1,1104,CASE-2508-1
VR899123,C106769,VA-HP-ST3,2025-12-11,vireo.in,1,6999,ST3-2511-3
VR899173,C102300,VA-SW-NX1,2025-12-11,Amazon,2,8498,NX1-2510-1
VR903464,C107433,VA-EB-PL2,2025-12-11,Amazon,2,5598,PL2-2509-4
VR903588,C104059,VA-EB-PL2,2025-12-11,vireo.in,1,3499,PL2-2511-3
VR904073,C107561,VA-EB-AIR,2025-12-11,vireo.in,1,1799,AIR-2509-2
VR904540,C101463,VA-SW-NX1,2025-12-11,Amazon,2,8498,NX1-2510-1
VR905652,C108160,VA-SW-FIT,2025-12-11,vireo.in,1,1999,FIT-2509-2
VR906034,C107179,VA-SP-MINI,2025-12-11,Flipkart,1,1999,MINI-2509-3
VR907914,C101488,VA-EB-PL2,2025-12-11,Amazon,1,3499,PL2-2510-3
VR908943,C106147,VA-EB-PL2,2025-12-11,vireo.in,1,3499,PL2-2509-1
VR882699,C103260,VA-EB-PL2,2025-12-12,vireo.in,1,2799,PL2-2511-2
VR883407,C101136,VA-SW-NX2,2025-12-12,Flipkart,1,6174,NX2-2509-2
VR884977,C102340,VA-EB-PL2,2025-12-12,vireo.in,1,3499,PL2-2511-2
VR885742,C107337,VA-SP-ORB,2025-12-12,Amazon,1,5999,ORB-2511-1
VR886181,C106862,VA-NB-ARC,2025-12-12,Amazon,1,1104,ARC-2510-1
VR886313,C105875,VA-EB-PL1,2025-12-12,Amazon,1,2499,PL1-2509-2
VR886578,C108060,VA-EB-AIR,2025-12-12,vireo.in,1,1799,AIR-2509-1
VR889652,C106651,VA-EB-PL2,2025-12-12,vireo.in,1,3499,PL2-2509-2
VR892691,C105479,VA-EB-AIR,2025-12-12,Amazon,1,1799,AIR-2509-4
VR892720,C106159,VA-SW-FIT,2025-12-12,Amazon,1,1999,FIT-2510-1
VR892909,C108104,VA-SP-ORB,2025-12-12,vireo.in,1,5099,ORB-2508-4
VR893026,C105129,VA-HP-ST3,2025-12-12,Amazon,1,6299,ST3-2511-4
VR894585,C103902,VA-EB-PL2,2025-12-12,vireo.in,1,2974,PL2-2509-4
VR896183,C101267,VA-EB-PL1,2025-12-12,Amazon,1,2499,PL1-2510-4
VR896249,C105473,VA-EB-PL2,2025-12-12,vireo.in,1,3324,PL2-2509-2
VR896574,C101023,VA-NB-ARC,2025-12-12,Amazon,1,1299,ARC-2511-2
VR899025,C100444,VA-HP-ST3,2025-12-12,vireo.in,1,5949,ST3-2510-2
VR900232,C100340,VA-SP-ORB,2025-12-12,vireo.in,1,5099,ORB-2510-3
VR901002,C107569,VA-EB-PL2,2025-12-12,Amazon,1,3499,PL2-2508-2
VR903585,C106750,VA-EB-PL2,2025-12-12,Amazon,1,3499,PL2-2510-4
VR903840,C101586,VA-EB-PL2,2025-12-12,vireo.in,1,2799,PL2-2511-3
VR904090,C103540,VA-SW-FIT,2025-12-12,vireo.in,1,1999,FIT-2509-4
VR904125,C105998,VA-SW-NX2,2025-12-12,Amazon,1,6174,NX2-2508-2
VR904682,C105679,VA-EB-PL1,2025-12-12,Amazon,1,2124,PL1-2511-1
VR907387,C105338,VA-EB-PL2,2025-12-12,vireo.in,1,3499,PL2-2509-2
VR880469,C104673,VA-EB-PL1,2025-12-13,vireo.in,2,4748,PL1-2511-4
VR882810,C104904,VA-SP-MINI,2025-12-13,Flipkart,1,2249,MINI-2511-3
VR884128,C107381,VA-SP-MINI,2025-12-13,vireo.in,1,2124,MINI-2510-4
VR887086,C105606,VA-EB-PL2,2025-12-13,Amazon,1,3499,PL2-2510-2
VR887258,C109116,VA-SW-FIT,2025-12-13,Amazon,1,1599,FIT-2511-1
VR889557,C107791,VA-EB-PL2,2025-12-13,Amazon,1,2974,PL2-2510-4
VR892967,C109388,VA-EB-PL2,2025-12-13,vireo.in,1,3149,PL2-2510-4
VR893265,C106679,VA-EB-PL1,2025-12-13,vireo.in,1,2374,PL1-2510-2
VR894235,C108006,VA-AC-CASE,2025-12-13,vireo.in,1,1039,CASE-2509-3
VR894710,C108746,VA-HP-ST3,2025-12-13,vireo.in,1,5599,ST3-2510-1
VR896191,C101397,VA-SW-FIT,2025-12-13,vireo.in,1,1999,FIT-2508-2
VR897326,C108292,VA-HP-ST2,2025-12-13,vireo.in,1,4999,ST2-2511-4
VR897573,C106118,VA-EB-PL1,2025-12-13,vireo.in,1,2499,PL1-2508-1
VR898337,C107643,VA-EB-PL2,2025-12-13,Amazon,1,3499,PL2-2510-3
VR900901,C101518,VA-EB-PL1,2025-12-13,vireo.in,1,2374,PL1-2509-1
VR902279,C104585,VA-AC-CBL,2025-12-13,Amazon,1,339,CBL-2511-1
VR902974,C102475,VA-SW-NX2,2025-12-13,vireo.in,1,5849,NX2-2510-4
VR903786,C102125,VA-EB-PL2,2025-12-13,Amazon,1,3499,PL2-2509-4
VR906575,C107064,VA-EB-PL2,2025-12-13,vireo.in,1,3149,PL2-2509-4
VR907873,C100352,VA-AC-CASE,2025-12-13,vireo.in,2,2468,CASE-2509-1
VR881319,C107590,VA-EB-PL2,2025-12-14,vireo.in,1,3499,PL2-2511-1
VR881604,C109229,VA-SW-NX1,2025-12-14,Flipkart,1,4249,NX1-2511-1
VR882645,C109323,VA-SP-MINI,2025-12-14,Amazon,1,2374,MINI-2511-3
VR884827,C106876,VA-EB-PL2,2025-12-14,Flipkart,1,3499,PL2-2509-3
VR885823,C105320,VA-EB-AIR,2025-12-14,Flipkart,1,1799,AIR-2510-3
VR886343,C105891,VA-SW-NX2,2025-12-14,Amazon,1,5849,NX2-2509-4
VR889465,C104314,VA-EB-PL2,2025-12-14,Flipkart,1,3149,PL2-2509-3
VR891131,C104286,VA-EB-PL2,2025-12-14,Amazon,1,3499,PL2-2509-3
VR891440,C103752,VA-EB-AIR,2025-12-14,vireo.in,1,1799,AIR-2508-4
VR894902,C103588,VA-EB-PL2,2025-12-14,Amazon,1,3499,PL2-2510-3
VR895139,C104690,VA-AC-CASE,2025-12-14,vireo.in,1,1104,CASE-2511-1
VR896432,C106788,VA-SP-MINI,2025-12-14,Amazon,1,2374,MINI-2510-4
VR897445,C108430,VA-EB-PL2,2025-12-14,vireo.in,1,2974,PL2-2510-1
VR897946,C105932,VA-EB-PL1,2025-12-14,vireo.in,1,2124,PL1-2510-2
VR898536,C108996,VA-SW-NX2,2025-12-14,vireo.in,1,5849,NX2-2511-3
VR898839,C105642,VA-EB-PL2,2025-12-14,vireo.in,1,3499,PL2-2511-2
VR900234,C100808,VA-EB-PL2,2025-12-14,vireo.in,1,3149,PL2-2509-4
VR901022,C108970,VA-EB-PL2,2025-12-14,Amazon,1,3324,PL2-2508-3
VR901724,C102507,VA-HP-ST3,2025-12-14,vireo.in,1,5599,ST3-2510-2
VR902007,C107729,VA-SP-MINI,2025-12-14,Amazon,1,1999,MINI-2508-2
VR902091,C100079,VA-EB-PL1,2025-12-14,vireo.in,1,2124,PL1-2509-3
VR902118,C106066,VA-EB-PL2,2025-12-14,Flipkart,1,3149,PL2-2511-2
VR904553,C103764,VA-EB-AIR,2025-12-14,vireo.in,1,1799,AIR-2510-4
VR904564,C107539,VA-EB-PL2,2025-12-14,Amazon,1,3499,PL2-2510-2
VR905694,C105273,VA-EB-PL2,2025-12-14,Amazon,1,3499,PL2-2510-1
VR906351,C108335,VA-EB-PL2,2025-12-14,vireo.in,1,3324,PL2-2509-1
VR906437,C102473,VA-EB-PL2,2025-12-14,Flipkart,1,3499,PL2-2510-3
VR907568,C102122,VA-EB-PL2,2025-12-14,vireo.in,1,3324,PL2-2511-3
VR908288,C100206,VA-EB-PL2,2025-12-14,vireo.in,1,3324,PL2-2510-2
VR908513,C100524,VA-AC-CASE,2025-12-14,vireo.in,1,1169,CASE-2509-1
VR908567,C107223,VA-EB-PL2,2025-12-14,vireo.in,1,3499,PL2-2510-3
VR909967,C102872,VA-EB-PL2,2025-12-14,vireo.in,1,2974,PL2-2511-2
VR881275,C105276,VA-EB-PL1,2025-12-15,vireo.in,1,2374,PL1-2509-1
VR882226,C106016,VA-EB-PL2,2025-12-15,vireo.in,1,2799,PL2-2509-1
VR883886,C103211,VA-SW-NX1,2025-12-15,vireo.in,1,4999,NX1-2511-2
VR894044,C100769,VA-EB-AIR,2025-12-15,vireo.in,1,1619,AIR-2509-1
VR896219,C102343,VA-EB-PL2,2025-12-15,vireo.in,1,3499,PL2-2510-4
VR898155,C102117,VA-EB-PL2,2025-12-15,Amazon,1,3499,PL2-2511-3
VR898570,C105226,VA-EB-PL2,2025-12-15,vireo.in,1,3149,PL2-2510-4
VR898834,C102287,VA-SW-NX2,2025-12-15,Amazon,1,5524,NX2-2511-1
VR899725,C103614,VA-EB-PL2,2025-12-15,Flipkart,2,6998,PL2-2510-1
VR902214,C106477,VA-NB-ARC,2025-12-15,Amazon,1,1299,ARC-2510-4
VR902979,C109365,VA-EB-PL2,2025-12-15,Amazon,1,3499,PL2-2511-2
VR903526,C108423,VA-EB-PL2,2025-12-15,vireo.in,1,3499,PL2-2510-2
VR905954,C106684,VA-EB-PL2,2025-12-15,vireo.in,1,2799,PL2-2509-4
VR906195,C109298,VA-EB-PL1,2025-12-15,Amazon,1,2374,PL1-2510-1
VR906381,C104892,VA-EB-PL2,2025-12-15,vireo.in,1,2799,PL2-2510-2
VR906405,C101265,VA-EB-PL2,2025-12-15,vireo.in,1,3149,PL2-2509-3
VR906811,C103745,VA-EB-PL1,2025-12-15,vireo.in,1,2124,PL1-2510-2
VR907267,C101609,VA-EB-PL2,2025-12-15,vireo.in,1,3149,PL2-2510-3
VR908328,C105663,VA-EB-PL2,2025-12-15,Amazon,1,2974,PL2-2508-3
VR908442,C102563,VA-SP-ORB,2025-12-15,Amazon,1,5999,ORB-2511-2
VR909073,C100611,VA-EB-PL2,2025-12-15,vireo.in,1,3499,PL2-2511-2
VR880613,C107463,VA-EB-PL2,2025-12-16,vireo.in,1,2799,PL2-2509-3
VR880981,C109281,VA-SP-ORB,2025-12-16,vireo.in,2,9598,ORB-2509-1
VR881534,C107852,VA-EB-PL2,2025-12-16,vireo.in,1,3499,PL2-2510-4
VR883062,C106648,VA-SP-MINI,2025-12-16,Amazon,1,2499,MINI-2509-4
VR884201,C102410,VA-EB-PL2,2025-12-16,Amazon,1,3499,PL2-2511-2
VR886206,C101751,VA-EB-PL1,2025-12-16,Amazon,1,2499,PL1-2509-4
VR888345,C101376,VA-EB-AIR,2025-12-16,vireo.in,1,1439,AIR-2510-4
VR889900,C104653,VA-EB-PL1,2025-12-16,vireo.in,1,2499,PL1-2509-1
VR891720,C108796,VA-EB-AIR,2025-12-16,Amazon,1,1619,AIR-2508-2
VR892402,C100407,VA-EB-PL2,2025-12-16,vireo.in,1,3324,PL2-2509-2
VR894171,C100606,VA-SP-ORB,2025-12-16,Amazon,1,4799,ORB-2510-4
VR894602,C105985,VA-EB-PL2,2025-12-16,Amazon,1,3324,PL2-2509-1
VR894944,C103985,VA-EB-PL2,2025-12-16,Amazon,1,3499,PL2-2509-3
VR895302,C100919,VA-SP-ORB,2025-12-16,vireo.in,1,5699,ORB-2509-4
VR896263,C106525,VA-EB-PL2,2025-12-16,Flipkart,1,3324,PL2-2509-1
VR898277,C103275,VA-EB-PL2,2025-12-16,Flipkart,1,3499,PL2-2510-3
VR898965,C106238,VA-AC-CH65,2025-12-16,Amazon,1,1199,CH65-2511-3
VR899349,C103518,VA-NB-ARC,2025-12-16,Amazon,1,1104,ARC-2509-4
VR900727,C108598,VA-EB-PL2,2025-12-16,Amazon,1,3499,PL2-2511-1
VR901470,C101137,VA-EB-PL2,2025-12-16,vireo.in,1,2799,PL2-2510-3
VR902912,C108369,VA-SW-NX2,2025-12-16,Amazon,1,5199,NX2-2511-4
VR902959,C108831,VA-SW-NX2,2025-12-16,vireo.in,2,10398,NX2-2510-4
VR903476,C100933,VA-EB-PL2,2025-12-16,Amazon,1,3499,PL2-2510-3
VR904475,C107725,VA-EB-PL2,2025-12-16,vireo.in,1,3499,PL2-2509-2
VR905697,C106792,VA-SW-FIT,2025-12-16,vireo.in,1,1999,FIT-2510-4
VR906750,C101951,VA-EB-PL1,2025-12-16,vireo.in,1,2124,PL1-2510-4
VR907723,C102778,VA-AC-CASE,2025-12-16,Flipkart,1,1104,CASE-2510-2
VR908586,C108211,VA-HP-ST3,2025-12-16,vireo.in,1,5599,ST3-2510-1
VR908914,C102767,VA-SP-ORB,2025-12-16,Flipkart,1,5699,ORB-2511-4
VR909179,C101838,VA-SW-FIT,2025-12-16,Amazon,1,1699,FIT-2510-2
VR909758,C101288,VA-EB-PL2,2025-12-16,vireo.in,1,2799,PL2-2509-4
VR910006,C103678,VA-AC-CBL,2025-12-16,vireo.in,1,359,CBL-2511-1
VR880378,C104164,VA-EB-PL2,2025-12-17,vireo.in,1,3499,PL2-2510-3
VR880629,C103399,VA-EB-PL2,2025-12-17,Flipkart,1,3499,PL2-2509-3
VR880980,C100497,VA-NB-ARC,2025-12-17,Amazon,1,1039,ARC-2510-4
VR881726,C107989,VA-AC-CASE,2025-12-17,vireo.in,1,1299,CASE-2509-4
VR883237,C100927,VA-EB-PL2,2025-12-17,Amazon,1,3499,PL2-2510-2
VR883968,C108620,VA-EB-PL2,2025-12-17,Amazon,1,3324,PL2-2511-4
VR886778,C100696,VA-NB-ARC,2025-12-17,vireo.in,1,1039,ARC-2511-2
VR887213,C103119,VA-SP-ORB,2025-12-17,vireo.in,1,5999,ORB-2509-3
VR889040,C100011,VA-HP-ST3,2025-12-17,vireo.in,1,6999,ST3-2510-2
VR889758,C102862,VA-NB-ARC,2025-12-17,vireo.in,1,1299,ARC-2510-2
VR890432,C100187,VA-SW-NX2,2025-12-17,Amazon,1,5199,NX2-2510-2
VR892108,C106656,VA-EB-PL2,2025-12-17,vireo.in,1,3499,PL2-2511-3
VR893541,C108034,VA-EB-PL2,2025-12-17,vireo.in,1,2974,PL2-2508-3
VR896105,C107283,VA-SP-ORB,2025-12-17,vireo.in,1,5999,ORB-2509-4
VR896581,C106893,VA-SW-NX2,2025-12-17,Flipkart,1,5199,NX2-2509-4
VR897434,C106996,VA-SW-NX1,2025-12-17,Flipkart,1,4499,NX1-2511-4
VR897441,C109294,VA-SW-NX2,2025-12-17,vireo.in,1,6499,NX2-2509-1
VR897791,C107645,VA-EB-PL1,2025-12-17,vireo.in,1,1999,PL1-2510-4
VR900142,C100860,VA-HP-ST3,2025-12-17,vireo.in,1,6999,ST3-2510-3
VR900517,C104358,VA-SW-NX2,2025-12-17,vireo.in,1,6499,NX2-2511-2
VR901118,C107981,VA-SW-FIT,2025-12-17,Amazon,2,3998,FIT-2509-1
VR901195,C102898,VA-EB-PL2,2025-12-17,vireo.in,1,3499,PL2-2510-4
VR901323,C105817,VA-EB-PL2,2025-12-17,Flipkart,2,5598,PL2-2511-3
VR902376,C101249,VA-SW-NX2,2025-12-17,Amazon,1,5849,NX2-2510-1
VR902713,C100211,VA-EB-AIR,2025-12-17,Amazon,2,3418,AIR-2511-3
VR902850,C109308,VA-EB-PL2,2025-12-17,Flipkart,1,3324,PL2-2511-1
VR903272,C104136,VA-EB-PL2,2025-12-17,vireo.in,1,3499,PL2-2509-3
VR904731,C108047,VA-SP-MINI,2025-12-17,vireo.in,1,2249,MINI-2509-3
VR906037,C102917,VA-SW-NX2,2025-12-17,Amazon,1,6499,NX2-2509-1
VR907034,C102147,VA-EB-PL2,2025-12-17,Amazon,1,2799,PL2-2510-2
VR907103,C101649,VA-EB-PL1,2025-12-17,vireo.in,1,2374,PL1-2511-1
VR907392,C106315,VA-EB-PL2,2025-12-17,vireo.in,1,3499,PL2-2511-4
VR908269,C103723,VA-EB-PL2,2025-12-17,Amazon,1,3499,PL2-2510-4
VR908433,C100255,VA-SP-ORB,2025-12-17,Amazon,1,5699,ORB-2508-1
VR910155,C105066,VA-EB-PL2,2025-12-17,Amazon,1,3499,PL2-2510-2
VR880817,C101740,VA-EB-AIR,2025-12-18,vireo.in,1,1799,AIR-2509-3
VR883192,C105993,VA-EB-PL2,2025-12-18,vireo.in,1,3149,PL2-2510-3
VR885240,C108354,VA-HP-ST3,2025-12-18,vireo.in,1,6649,ST3-2509-1
VR885244,C108639,VA-EB-PL1,2025-12-18,Amazon,1,1999,PL1-2509-4
VR886610,C102798,VA-EB-PL2,2025-12-18,Amazon,1,3149,PL2-2511-1
VR888347,C105439,VA-EB-AIR,2025-12-18,Amazon,1,1619,AIR-2510-4
VR889134,C102880,VA-SW-NX1,2025-12-18,Amazon,1,4499,NX1-2511-2
VR889330,C104734,VA-HP-ST3,2025-12-18,vireo.in,1,5599,ST3-2510-4
VR890076,C101274,VA-AC-CH65,2025-12-18,Flipkart,1,1499,CH65-2510-2
VR890845,C106433,VA-HP-ST3,2025-12-18,vireo.in,1,6299,ST3-2510-2
VR890977,C104846,VA-EB-PL2,2025-12-18,vireo.in,1,3499,PL2-2511-2
VR891643,C104348,VA-SP-MINI,2025-12-18,Amazon,1,2499,MINI-2509-4
VR892253,C105577,VA-EB-PL2,2025-12-18,Amazon,1,3499,PL2-2510-4
VR892947,C103122,VA-EB-PL2,2025-12-18,vireo.in,1,3149,PL2-2511-2
VR893089,C102416,VA-EB-PL2,2025-12-18,Amazon,2,6298,PL2-2510-4
VR894242,C101102,VA-SP-ORB,2025-12-18,Amazon,1,5099,ORB-2511-4
VR895274,C101843,VA-SP-MINI,2025-12-18,vireo.in,2,4748,MINI-2511-2
VR896489,C102741,VA-EB-PL2,2025-12-18,vireo.in,1,2799,PL2-2509-2
VR896902,C100934,VA-SW-NX2,2025-12-18,vireo.in,1,5524,NX2-2509-1
VR898330,C104816,VA-EB-PL2,2025-12-18,vireo.in,1,3499,PL2-2510-4
VR900390,C107617,VA-EB-PL2,2025-12-18,Amazon,1,3499,PL2-2511-1
VR900753,C100005,VA-EB-PL2,2025-12-18,vireo.in,1,3324,PL2-2509-2
VR900881,C100236,VA-EB-PL2,2025-12-18,Flipkart,2,6998,PL2-2511-1
VR902422,C104756,VA-HP-ST3,2025-12-18,Amazon,1,6649,ST3-2510-2
VR904899,C100206,VA-EB-PL2,2025-12-18,vireo.in,2,6298,PL2-2510-1
VR906076,C108370,VA-EB-AIR,2025-12-18,vireo.in,1,1619,AIR-2509-1
VR906160,C106073,VA-EB-PL1,2025-12-18,vireo.in,1,2124,PL1-2510-3
VR908136,C107893,VA-EB-PL2,2025-12-18,vireo.in,1,3324,PL2-2509-3
VR882722,C100601,VA-SW-NX2,2025-12-19,vireo.in,2,10398,NX2-2509-3
VR884685,C103353,VA-EB-AIR,2025-12-19,vireo.in,1,1799,AIR-2511-2
VR885091,C103367,VA-HP-ST3,2025-12-19,vireo.in,1,6999,ST3-2511-1
VR886913,C101802,VA-EB-PL2,2025-12-19,vireo.in,1,3149,PL2-2511-3
VR887043,C100723,VA-EB-PL1,2025-12-19,vireo.in,1,2499,PL1-2511-1
VR888018,C101868,VA-EB-PL2,2025-12-19,vireo.in,1,3149,PL2-2511-1
VR889621,C101064,VA-EB-PL1,2025-12-19,vireo.in,1,1999,PL1-2511-3
VR889639,C102099,VA-EB-PL1,2025-12-19,Flipkart,1,2499,PL1-2511-3
VR891546,C101385,VA-EB-PL2,2025-12-19,vireo.in,1,3324,PL2-2510-3
VR892431,C101154,VA-EB-PL1,2025-12-19,vireo.in,1,2499,PL1-2510-1
VR892865,C108794,VA-EB-PL2,2025-12-19,vireo.in,1,2974,PL2-2509-1
VR893263,C102065,VA-EB-PL2,2025-12-19,vireo.in,1,3499,PL2-2511-1
VR894108,C105847,VA-EB-PL2,2025-12-19,vireo.in,1,2974,PL2-2510-3
VR895958,C107160,VA-EB-PL2,2025-12-19,Amazon,1,3499,PL2-2509-1
VR896508,C102610,VA-EB-PL2,2025-12-19,vireo.in,1,3499,PL2-2511-3
VR896907,C107049,VA-SW-NX1,2025-12-19,vireo.in,1,4999,NX1-2511-2
VR896998,C104222,VA-HP-ST3,2025-12-19,Amazon,1,5599,ST3-2510-3
VR897273,C103467,VA-EB-PL2,2025-12-19,vireo.in,1,3324,PL2-2510-2
VR897512,C105482,VA-EB-PL2,2025-12-19,Amazon,1,3499,PL2-2509-2
VR897857,C108001,VA-EB-PL2,2025-12-19,Amazon,1,3324,PL2-2511-4
VR898195,C107723,VA-EB-AIR,2025-12-19,vireo.in,1,1709,AIR-2509-3
VR899459,C104008,VA-HP-ST3,2025-12-19,vireo.in,1,6299,ST3-2511-4
VR899625,C102392,VA-EB-PL2,2025-12-19,vireo.in,1,3324,PL2-2510-4
VR900610,C108582,VA-EB-PL2,2025-12-19,vireo.in,1,2799,PL2-2509-2
VR900874,C104624,VA-SW-FIT,2025-12-19,vireo.in,1,1899,FIT-2510-3
VR901388,C102099,VA-SW-NX2,2025-12-19,vireo.in,1,6499,NX2-2509-1
VR901787,C108993,VA-EB-AIR,2025-12-19,Amazon,1,1439,AIR-2510-2
VR902924,C104790,VA-AC-CASE,2025-12-19,vireo.in,2,2468,CASE-2511-1
VR902930,C105483,VA-SW-NX2,2025-12-19,vireo.in,1,6499,NX2-2509-2
VR904489,C103593,VA-EB-PL2,2025-12-19,Amazon,1,3499,PL2-2509-3
VR904755,C101644,VA-SP-MINI,2025-12-19,Flipkart,1,2499,MINI-2510-2
VR905498,C103929,VA-HP-ST3,2025-12-19,vireo.in,1,6649,ST3-2511-3
VR909249,C101223,VA-SP-MINI,2025-12-19,Flipkart,1,2124,MINI-2511-3
VR910114,C108984,VA-EB-AIR,2025-12-19,vireo.in,1,1619,AIR-2509-4
VR882652,C104306,VA-EB-PL2,2025-12-20,Flipkart,1,3149,PL2-2511-2
VR883602,C107817,VA-EB-AIR,2025-12-20,vireo.in,1,1529,AIR-2511-4
VR884936,C102883,VA-HP-ST2,2025-12-20,Amazon,1,4999,ST2-2511-3
VR885499,C106701,VA-EB-AIR,2025-12-20,Amazon,1,1619,AIR-2509-3
VR888370,C107390,VA-EB-PL2,2025-12-20,Amazon,1,3149,PL2-2510-2
VR889583,C107174,VA-AC-CASE,2025-12-20,Flipkart,1,1039,CASE-2510-4
VR889783,C105775,VA-EB-PL2,2025-12-20,vireo.in,1,2974,PL2-2510-1
VR890985,C101355,VA-SP-ORB,2025-12-20,Amazon,1,5999,ORB-2510-1
VR891284,C100982,VA-SP-ORB,2025-12-20,vireo.in,1,5999,ORB-2511-3
VR891617,C104319,VA-HP-ST3,2025-12-20,Amazon,1,5599,ST3-2511-3
VR893844,C107141,VA-EB-PL1,2025-12-20,vireo.in,1,2374,PL1-2510-1
VR895055,C105875,VA-HP-ST2,2025-12-20,vireo.in,1,4999,ST2-2511-3
VR895109,C105678,VA-HP-ST2,2025-12-20,vireo.in,1,4499,ST2-2510-3
VR895730,C108823,VA-HP-ST2,2025-12-20,vireo.in,1,4749,ST2-2511-4
VR897792,C103919,VA-HP-ST3,2025-12-20,vireo.in,1,6999,ST3-2511-1
VR899633,C109419,VA-SW-FIT,2025-12-20,Amazon,2,3998,FIT-2509-1
VR899743,C102028,VA-HP-ST3,2025-12-20,vireo.in,1,5949,ST3-2511-3
VR902593,C103681,VA-SW-NX2,2025-12-20,Flipkart,1,5524,NX2-2510-1
VR903749,C108370,VA-EB-PL2,2025-12-20,Amazon,1,3149,PL2-2510-4
VR905663,C104372,VA-AC-CH65,2025-12-20,vireo.in,1,1499,CH65-2509-4
VR906508,C101908,VA-EB-PL2,2025-12-20,vireo.in,1,3499,PL2-2511-4
VR909228,C106535,VA-SW-NX2,2025-12-20,Flipkart,1,6174,NX2-2511-1
VR880283,C106299,VA-EB-PL2,2025-12-21,vireo.in,1,3499,PL2-2509-1
VR880703,C108180,VA-SP-MINI,2025-12-21,Amazon,1,1999,MINI-2510-2
VR881440,C106722,VA-EB-PL1,2025-12-21,vireo.in,1,1999,PL1-2511-4
VR882570,C100384,VA-AC-CASE,2025-12-21,vireo.in,1,1169,CASE-2510-2
VR886548,C105432,VA-EB-PL2,2025-12-21,Flipkart,1,3499,PL2-2511-1
VR889376,C107299,VA-EB-PL2,2025-12-21,Amazon,1,3499,PL2-2510-2
VR890315,C105101,VA-NB-ARC,2025-12-21,vireo.in,1,1234,ARC-2510-2
VR890394,C107323,VA-EB-PL1,2025-12-21,vireo.in,1,2374,PL1-2509-1
VR890806,C107228,VA-EB-AIR,2025-12-21,vireo.in,1,1529,AIR-2511-3
VR891614,C101777,VA-SW-FIT,2025-12-21,Flipkart,1,1599,FIT-2509-2
VR891797,C106294,VA-SW-NX2,2025-12-21,Amazon,1,6499,NX2-2510-4
VR891835,C100359,VA-AC-CASE,2025-12-21,vireo.in,1,1299,CASE-2510-2
VR892350,C100146,VA-SW-FIT,2025-12-21,Flipkart,1,1999,FIT-2509-2
VR894348,C105558,VA-SW-NX2,2025-12-21,Flipkart,1,6499,NX2-2510-3
VR895024,C109123,VA-HP-ST3,2025-12-21,vireo.in,1,6999,ST3-2511-2
VR898448,C102003,VA-EB-PL2,2025-12-21,vireo.in,1,3149,PL2-2509-4
VR899996,C107450,VA-SW-NX1,2025-12-21,vireo.in,1,4249,NX1-2511-1
VR901252,C105957,VA-EB-PL2,2025-12-21,vireo.in,1,3499,PL2-2511-2
VR902225,C102960,VA-SP-MINI,2025-12-21,vireo.in,1,2249,MINI-2511-4
VR902569,C102519,VA-SW-NX2,2025-12-21,vireo.in,1,6174,NX2-2509-2
VR902626,C108001,VA-EB-PL2,2025-12-21,vireo.in,1,3499,PL2-2511-4
VR904532,C103704,VA-EB-PL1,2025-12-21,Flipkart,1,2499,PL1-2509-3
VR905936,C108563,VA-EB-PL2,2025-12-21,vireo.in,1,3499,PL2-2509-2
VR907053,C102493,VA-EB-PL1,2025-12-21,Amazon,1,2499,PL1-2509-1
VR908499,C102954,VA-SW-NX1,2025-12-21,vireo.in,1,4999,NX1-2510-4
VR880964,C107421,VA-HP-ST3,2025-12-22,Flipkart,1,6999,ST3-2510-4
VR882484,C106992,VA-EB-PL2,2025-12-22,Flipkart,2,5948,PL2-2511-1
VR884919,C102708,VA-EB-PL2,2025-12-22,Amazon,1,3499,PL2-2509-4
VR885009,C101648,VA-SP-ORB,2025-12-22,Amazon,2,10198,ORB-2510-4
VR885112,C106394,VA-EB-PL2,2025-12-22,vireo.in,1,2974,PL2-2510-1
VR885121,C101532,VA-SW-NX2,2025-12-22,vireo.in,1,5849,NX2-2509-1
VR885412,C108633,VA-EB-PL2,2025-12-22,Flipkart,1,2799,PL2-2511-4
VR886423,C106170,VA-EB-PL1,2025-12-22,Amazon,1,1999,PL1-2511-1
VR887291,C106235,VA-EB-PL1,2025-12-22,vireo.in,1,2374,PL1-2510-1
VR887354,C103908,VA-EB-PL1,2025-12-22,vireo.in,1,2499,PL1-2510-4
VR887895,C103296,VA-SP-MINI,2025-12-22,vireo.in,1,2249,MINI-2510-3
VR889261,C108477,VA-EB-PL1,2025-12-22,vireo.in,1,2124,PL1-2511-3
VR889493,C103898,VA-EB-AIR,2025-12-22,Amazon,1,1709,AIR-2509-2
VR891381,C101696,VA-SW-FIT,2025-12-22,vireo.in,1,1799,FIT-2511-4
VR893602,C102917,VA-EB-AIR,2025-12-22,vireo.in,1,1799,AIR-2510-2
VR894670,C102026,VA-HP-ST3,2025-12-22,Amazon,2,13998,ST3-2511-3
VR897464,C101159,VA-EB-PL2,2025-12-22,Flipkart,1,2974,PL2-2510-4
VR898501,C106439,VA-EB-PL1,2025-12-22,Flipkart,1,2249,PL1-2510-4
VR899009,C104768,VA-EB-PL2,2025-12-22,vireo.in,1,3499,PL2-2511-3
VR899914,C102577,VA-EB-AIR,2025-12-22,vireo.in,1,1709,AIR-2511-3
VR900803,C101453,VA-HP-ST2,2025-12-22,Flipkart,1,4999,ST2-2509-4
VR901660,C101051,VA-SP-ORB,2025-12-22,Amazon,1,5999,ORB-2509-4
VR903146,C100518,VA-SP-ORB,2025-12-22,vireo.in,1,5999,ORB-2511-1
VR903839,C103987,VA-AC-CASE,2025-12-22,vireo.in,1,1299,CASE-2511-1
VR905585,C104534,VA-EB-PL2,2025-12-22,vireo.in,1,3499,PL2-2509-3
VR906291,C105928,VA-SW-NX1,2025-12-22,vireo.in,1,4999,NX1-2509-3
VR880895,C103279,VA-SP-ORB,2025-12-23,Amazon,2,9598,ORB-2509-1
VR880939,C108788,VA-AC-CASE,2025-12-23,vireo.in,1,1234,CASE-2510-3
VR881036,C101431,VA-EB-PL2,2025-12-23,Amazon,1,3499,PL2-2510-1
VR882447,C105862,VA-SW-NX2,2025-12-23,vireo.in,1,5199,NX2-2509-1
VR883988,C106865,VA-SP-ORB,2025-12-23,Amazon,1,5999,ORB-2510-3
VR885558,C100543,VA-EB-PL2,2025-12-23,vireo.in,1,2799,PL2-2509-4
VR885976,C105461,VA-SW-NX2,2025-12-23,Flipkart,2,12348,NX2-2511-3
VR887680,C104152,VA-EB-PL1,2025-12-23,Amazon,1,2374,PL1-2510-2
VR890273,C100586,VA-HP-ST3,2025-12-23,vireo.in,2,13998,ST3-2511-1
VR890488,C107802,VA-EB-PL2,2025-12-23,Amazon,1,3149,PL2-2511-4
VR891771,C104458,VA-EB-PL2,2025-12-23,vireo.in,1,3499,PL2-2510-3
VR898801,C101212,VA-EB-PL1,2025-12-23,Flipkart,2,3998,PL1-2510-3
VR899815,C109101,VA-EB-PL2,2025-12-23,Amazon,1,2799,PL2-2511-3
VR899938,C103702,VA-EB-PL2,2025-12-23,vireo.in,1,3324,PL2-2509-2
VR900014,C106100,VA-EB-PL2,2025-12-23,vireo.in,1,3499,PL2-2509-1
VR900192,C104823,VA-SW-FIT,2025-12-23,vireo.in,1,1899,FIT-2510-1
VR901878,C106014,VA-HP-ST3,2025-12-23,vireo.in,1,6999,ST3-2510-1
VR902105,C100659,VA-EB-PL2,2025-12-23,vireo.in,1,3499,PL2-2510-3
VR902180,C106331,VA-EB-AIR,2025-12-23,vireo.in,1,1799,AIR-2510-1
VR902830,C103738,VA-EB-PL2,2025-12-23,Flipkart,1,3149,PL2-2511-2
VR902889,C102384,VA-EB-PL2,2025-12-23,Flipkart,1,2974,PL2-2510-4
VR906489,C103703,VA-EB-PL2,2025-12-23,vireo.in,1,3499,PL2-2509-3
VR908519,C101588,VA-SW-NX2,2025-12-23,vireo.in,1,5849,NX2-2510-1
VR908783,C100182,VA-EB-PL1,2025-12-23,vireo.in,1,2249,PL1-2509-2
VR908938,C100567,VA-SW-NX2,2025-12-23,vireo.in,1,6499,NX2-2511-3
VR880809,C107933,VA-EB-PL2,2025-12-24,Amazon,1,3499,PL2-2510-2
VR882636,C107971,VA-EB-AIR,2025-12-24,Amazon,1,1799,AIR-2511-3
VR884061,C105702,VA-AC-CH65,2025-12-24,vireo.in,1,1349,CH65-2510-1
VR884931,C107759,VA-EB-PL1,2025-12-24,vireo.in,1,2249,PL1-2510-1
VR886417,C109048,VA-EB-PL2,2025-12-24,Amazon,1,3324,PL2-2509-1
VR886706,C103966,VA-EB-PL2,2025-12-24,Amazon,1,3499,PL2-2511-1
VR889424,C100389,VA-EB-PL1,2025-12-24,vireo.in,1,2499,PL1-2510-2
VR892653,C102257,VA-AC-CH65,2025-12-24,Amazon,1,1499,CH65-2511-3
VR893931,C103535,VA-HP-ST3,2025-12-24,Amazon,1,5949,ST3-2509-3
VR894561,C101579,VA-EB-PL2,2025-12-24,Amazon,1,3499,PL2-2511-3
VR895414,C107618,VA-EB-PL2,2025-12-24,vireo.in,1,2799,PL2-2509-3
VR896562,C106713,VA-EB-PL2,2025-12-24,Amazon,1,3499,PL2-2510-2
VR898157,C107875,VA-EB-PL2,2025-12-24,vireo.in,1,2974,PL2-2512-4
VR898534,C107822,VA-SW-NX2,2025-12-24,vireo.in,1,5524,NX2-2509-1
VR899629,C105878,VA-HP-ST3,2025-12-24,vireo.in,1,6649,ST3-2510-3
VR899781,C103708,VA-HP-ST3,2025-12-24,vireo.in,1,6999,ST3-2512-1
VR900010,C103208,VA-NB-ARC,2025-12-24,vireo.in,1,1299,ARC-2510-3
VR901976,C102183,VA-EB-PL2,2025-12-24,vireo.in,1,2974,PL2-2509-4
VR902846,C107625,VA-EB-PL2,2025-12-24,Flipkart,2,6998,PL2-2511-1
VR905909,C105461,VA-SP-MINI,2025-12-24,Flipkart,1,2499,MINI-2510-4
VR907960,C104183,VA-SW-NX1,2025-12-24,Flipkart,1,4999,NX1-2511-3
VR882728,C106267,VA-EB-PL2,2025-12-25,vireo.in,1,3324,PL2-2510-4
VR883891,C104378,VA-EB-PL2,2025-12-25,vireo.in,1,3149,PL2-2510-2
VR886241,C100789,VA-EB-PL2,2025-12-25,vireo.in,1,3499,PL2-2509-3
VR889603,C108102,VA-HP-ST3,2025-12-25,vireo.in,1,5599,ST3-2509-4
VR890349,C100664,VA-EB-PL2,2025-12-25,vireo.in,1,3499,PL2-2511-4
VR891055,C100207,VA-EB-PL2,2025-12-25,Amazon,1,2799,PL2-2510-3
VR891661,C104754,VA-EB-AIR,2025-12-25,vireo.in,1,1799,AIR-2511-3
VR891740,C100830,VA-EB-PL2,2025-12-25,Amazon,1,2799,PL2-2510-1
VR892215,C108390,VA-SW-NX2,2025-12-25,Flipkart,1,6499,NX2-2509-2
VR893292,C107990,VA-EB-AIR,2025-12-25,vireo.in,1,1619,AIR-2511-3
VR893625,C104628,VA-SW-FIT,2025-12-25,vireo.in,1,1799,FIT-2511-1
VR893787,C101629,VA-SP-ORB,2025-12-25,vireo.in,1,5999,ORB-2509-2
VR894564,C105975,VA-HP-ST3,2025-12-25,Flipkart,1,6999,ST3-2509-1
VR895613,C102095,VA-EB-PL2,2025-12-25,Amazon,1,2799,PL2-2510-2
VR896110,C100873,VA-EB-AIR,2025-12-25,Flipkart,1,1799,AIR-2511-3
VR898676,C101377,VA-AC-CBL,2025-12-25,Amazon,1,359,CBL-2509-3
VR899078,C105181,VA-EB-PL2,2025-12-25,vireo.in,1,3149,PL2-2509-1
VR901153,C107711,VA-SW-NX2,2025-12-25,vireo.in,1,5524,NX2-2511-2
VR901449,C103535,VA-EB-PL1,2025-12-25,Amazon,2,4998,PL1-2510-2
VR901450,C103665,VA-EB-PL1,2025-12-25,vireo.in,1,2249,PL1-2509-1
VR902191,C101987,VA-EB-PL2,2025-12-25,Amazon,1,2799,PL2-2511-3
VR902357,C109389,VA-EB-PL2,2025-12-25,vireo.in,1,2799,PL2-2509-2
VR903092,C103686,VA-EB-PL1,2025-12-25,vireo.in,1,2499,PL1-2509-4
VR904791,C101197,VA-SW-NX2,2025-12-25,Flipkart,1,5524,NX2-2509-4
VR905188,C105302,VA-EB-PL2,2025-12-25,vireo.in,2,6998,PL2-2509-1
VR906586,C102432,VA-SP-MINI,2025-12-25,vireo.in,1,2124,MINI-2510-1
VR907771,C104692,VA-AC-CH65,2025-12-25,Amazon,2,2998,CH65-2510-2
VR908348,C101929,VA-EB-AIR,2025-12-25,Flipkart,1,1619,AIR-2510-1
VR908351,C107251,VA-SW-NX2,2025-12-25,vireo.in,1,6499,NX2-2511-1
VR909538,C104254,VA-SW-NX2,2025-12-25,Flipkart,1,6174,NX2-2510-1
VR880356,C102288,VA-EB-PL2,2025-12-26,Amazon,1,3149,PL2-2510-2
VR880366,C106369,VA-HP-ST3,2025-12-26,Amazon,2,12598,ST3-2509-4
VR881538,C102893,VA-HP-ST2,2025-12-26,Amazon,1,3999,ST2-2510-2
VR882072,C104256,VA-EB-PL2,2025-12-26,vireo.in,1,2974,PL2-2511-4
VR884115,C106196,VA-SP-MINI,2025-12-26,Flipkart,1,2499,MINI-2509-2
VR884124,C109436,VA-AC-CASE,2025-12-26,vireo.in,1,1234,CASE-2510-4
VR886057,C106085,VA-EB-PL2,2025-12-26,vireo.in,1,2799,PL2-2510-4
VR888000,C102007,VA-EB-PL2,2025-12-26,vireo.in,1,3499,PL2-2511-4
VR889784,C100083,VA-EB-PL2,2025-12-26,vireo.in,1,3499,PL2-2509-4
VR890642,C103428,VA-EB-PL1,2025-12-26,Flipkart,2,4998,PL1-2510-3
VR890777,C102667,VA-SW-NX2,2025-12-26,vireo.in,1,6174,NX2-2511-2
VR893162,C107998,VA-EB-PL2,2025-12-26,vireo.in,1,2974,PL2-2510-1
VR894369,C105481,VA-EB-PL2,2025-12-26,vireo.in,1,3499,PL2-2510-1
VR894622,C102062,VA-EB-PL1,2025-12-26,vireo.in,1,2499,PL1-2509-3
VR895305,C101337,VA-HP-ST3,2025-12-26,Amazon,1,6999,ST3-2511-1
VR895815,C101763,VA-EB-PL1,2025-12-26,Amazon,1,1999,PL1-2512-2
VR897428,C100765,VA-EB-AIR,2025-12-26,Amazon,1,1619,AIR-2509-4
VR899155,C100987,VA-EB-PL2,2025-12-26,vireo.in,1,2974,PL2-2510-2
VR899679,C102689,VA-HP-ST3,2025-12-26,Amazon,1,6999,ST3-2511-4
VR900863,C102320,VA-EB-PL2,2025-12-26,vireo.in,1,2974,PL2-2509-4
VR902440,C105882,VA-EB-PL2,2025-12-26,vireo.in,1,3499,PL2-2510-1
VR904382,C102995,VA-EB-AIR,2025-12-26,vireo.in,1,1619,AIR-2511-4
VR906657,C103958,VA-EB-AIR,2025-12-26,vireo.in,1,1619,AIR-2511-1
VR908527,C103305,VA-EB-PL2,2025-12-26,vireo.in,1,3499,PL2-2511-1
VR880125,C106803,VA-AC-CH65,2025-12-27,vireo.in,1,1349,CH65-2512-1
VR884184,C102328,VA-EB-PL2,2025-12-27,Flipkart,1,2974,PL2-2511-3
VR885215,C102071,VA-EB-PL1,2025-12-27,vireo.in,1,2374,PL1-2509-3
VR888776,C105726,VA-EB-PL2,2025-12-27,vireo.in,1,3499,PL2-2509-4
VR889066,C101089,VA-SP-MINI,2025-12-27,Amazon,1,2249,MINI-2509-1
VR889349,C105533,VA-SP-ORB,2025-12-27,vireo.in,1,5999,ORB-2509-1
VR890012,C100581,VA-SP-MINI,2025-12-27,Flipkart,1,2374,MINI-2509-1
VR891434,C100474,VA-SP-ORB,2025-12-27,vireo.in,1,5999,ORB-2511-3
VR894211,C102696,VA-HP-ST3,2025-12-27,vireo.in,1,6999,ST3-2509-1
VR894599,C102144,VA-EB-PL2,2025-12-27,Flipkart,1,3499,PL2-2509-3
VR897404,C103580,VA-EB-PL2,2025-12-27,Amazon,1,3499,PL2-2512-4
VR898078,C100932,VA-SW-NX1,2025-12-27,Amazon,1,4999,NX1-2511-4
VR899495,C109227,VA-EB-PL2,2025-12-27,Amazon,1,2974,PL2-2511-2
VR899552,C106310,VA-NB-ARC,2025-12-27,Flipkart,1,1234,ARC-2512-3
VR900742,C102064,VA-SP-MINI,2025-12-27,Flipkart,1,2124,MINI-2511-2
VR902230,C108499,VA-SW-NX2,2025-12-27,Amazon,1,5524,NX2-2511-4
VR902900,C102100,VA-EB-PL2,2025-12-27,vireo.in,1,3149,PL2-2510-1
VR903043,C109399,VA-SW-NX2,2025-12-27,vireo.in,1,5199,NX2-2511-4
VR903505,C109316,VA-SW-FIT,2025-12-27,vireo.in,1,1999,FIT-2511-1
VR905402,C107394,VA-EB-PL2,2025-12-27,Flipkart,1,3499,PL2-2511-1
VR905511,C107996,VA-HP-ST3,2025-12-27,Amazon,1,6999,ST3-2509-3
VR907068,C106680,VA-SP-MINI,2025-12-27,Amazon,1,2249,MINI-2510-4
VR908621,C104054,VA-EB-PL1,2025-12-27,vireo.in,1,2124,PL1-2511-2
VR909309,C109423,VA-SW-FIT,2025-12-27,vireo.in,1,1999,FIT-2510-3
VR881668,C101835,VA-SP-ORB,2025-12-28,vireo.in,1,5399,ORB-2510-1
VR881930,C103708,VA-EB-PL2,2025-12-28,vireo.in,1,2974,PL2-2511-4
VR882216,C103581,VA-EB-AIR,2025-12-28,vireo.in,1,1439,AIR-2510-3
VR882220,C100311,VA-EB-AIR,2025-12-28,Amazon,1,1709,AIR-2509-3
VR882791,C108666,VA-SP-MINI,2025-12-28,vireo.in,1,2249,MINI-2511-4
VR883083,C105059,VA-EB-PL2,2025-12-28,Amazon,1,3149,PL2-2511-2
VR883903,C106666,VA-EB-PL2,2025-12-28,vireo.in,1,3149,PL2-2509-2
VR884550,C102937,VA-EB-PL2,2025-12-28,Flipkart,1,3499,PL2-2509-3
VR885429,C108783,VA-SP-MINI,2025-12-28,vireo.in,1,2374,MINI-2510-2
VR887538,C108053,VA-EB-AIR,2025-12-28,vireo.in,1,1799,AIR-2512-1
VR887770,C105362,VA-SW-FIT,2025-12-28,Flipkart,1,1999,FIT-2510-4
VR888562,C109323,VA-EB-PL2,2025-12-28,Flipkart,1,2974,PL2-2509-2
VR888820,C106883,VA-HP-ST3,2025-12-28,Flipkart,1,6299,ST3-2511-3
VR889152,C104142,VA-SP-MINI,2025-12-28,Amazon,1,1999,MINI-2511-2
VR889278,C107664,VA-HP-ST3,2025-12-28,vireo.in,1,6299,ST3-2512-3
VR889879,C108106,VA-EB-PL2,2025-12-28,vireo.in,1,2974,PL2-2511-4
VR890017,C106823,VA-EB-PL2,2025-12-28,Flipkart,2,6998,PL2-2511-2
VR890029,C101362,VA-AC-CASE,2025-12-28,Flipkart,1,1169,CASE-2511-2
VR890799,C101666,VA-EB-PL2,2025-12-28,vireo.in,2,6648,PL2-2511-2
VR892305,C107813,VA-EB-PL2,2025-12-28,vireo.in,1,3499,PL2-2511-4
VR892442,C105664,VA-NB-ARC,2025-12-28,Flipkart,1,1234,ARC-2509-1
VR894527,C104201,VA-SP-MINI,2025-12-28,Amazon,1,1999,MINI-2510-2
VR895790,C102667,VA-SP-MINI,2025-12-28,vireo.in,1,2249,MINI-2511-3
VR896115,C100776,VA-EB-PL1,2025-12-28,vireo.in,1,2374,PL1-2511-1
VR896944,C108803,VA-EB-PL1,2025-12-28,vireo.in,1,2374,PL1-2510-2
VR900128,C105291,VA-EB-PL2,2025-12-28,Amazon,1,2799,PL2-2510-4
VR900355,C104697,VA-SP-ORB,2025-12-28,vireo.in,1,5999,ORB-2510-3
VR905995,C102467,VA-HP-ST2,2025-12-28,Amazon,1,4499,ST2-2511-4
VR908899,C105185,VA-EB-PL2,2025-12-28,Amazon,1,3499,PL2-2511-4
VR908991,C101899,VA-EB-AIR,2025-12-28,vireo.in,1,1799,AIR-2510-2
VR881366,C104732,VA-SP-ORB,2025-12-29,vireo.in,1,5699,ORB-2509-1
VR882271,C102632,VA-SW-NX2,2025-12-29,Flipkart,1,5849,NX2-2512-3
VR883550,C105812,VA-EB-PL2,2025-12-29,vireo.in,1,3499,PL2-2509-2
VR883858,C101805,VA-EB-PL1,2025-12-29,Amazon,1,2124,PL1-2510-2
VR884416,C103978,VA-SW-NX1,2025-12-29,Flipkart,1,4999,NX1-2509-2
VR885324,C103022,VA-SP-ORB,2025-12-29,vireo.in,2,11998,ORB-2511-4
VR885650,C100739,VA-HP-ST3,2025-12-29,vireo.in,1,6999,ST3-2509-2
VR887748,C104614,VA-EB-PL2,2025-12-29,vireo.in,1,3499,PL2-2511-3
VR888679,C106489,VA-EB-PL2,2025-12-29,vireo.in,1,3149,PL2-2511-1
VR889897,C108787,VA-SW-NX1,2025-12-29,vireo.in,1,4499,NX1-2510-2
VR890864,C102643,VA-SP-ORB,2025-12-29,Amazon,2,11998,ORB-2511-4
VR892090,C100257,VA-EB-PL2,2025-12-29,Amazon,1,2799,PL2-2511-1
VR892339,C104019,VA-SP-MINI,2025-12-29,Flipkart,1,1999,MINI-2511-2
VR892912,C108836,VA-AC-CH65,2025-12-29,vireo.in,1,1424,CH65-2511-2
VR894223,C108332,VA-EB-PL2,2025-12-29,vireo.in,1,3499,PL2-2511-4
VR895489,C100782,VA-EB-PL2,2025-12-29,vireo.in,1,3149,PL2-2512-2
VR895908,C100727,VA-SP-MINI,2025-12-29,vireo.in,2,4998,MINI-2512-3
VR896524,C104157,VA-AC-CASE,2025-12-29,vireo.in,1,1299,CASE-2509-3
VR898233,C105175,VA-SW-NX1,2025-12-29,vireo.in,2,7998,NX1-2510-1
VR898842,C102874,VA-EB-PL2,2025-12-29,vireo.in,1,3149,PL2-2511-4
VR900759,C103707,VA-SW-NX2,2025-12-29,vireo.in,1,6499,NX2-2511-2
VR901176,C100619,VA-EB-PL2,2025-12-29,Amazon,1,3499,PL2-2510-1
VR902635,C103030,VA-EB-AIR,2025-12-29,vireo.in,1,1709,AIR-2510-4
VR902908,C108456,VA-SP-MINI,2025-12-29,Flipkart,2,4748,MINI-2512-1
VR906661,C103195,VA-SW-NX2,2025-12-29,vireo.in,1,6174,NX2-2509-1
VR906739,C104701,VA-EB-PL1,2025-12-29,vireo.in,1,2499,PL1-2510-2
VR907217,C108771,VA-EB-PL1,2025-12-29,Amazon,1,2124,PL1-2509-4
VR880421,C109082,VA-SW-NX2,2025-12-30,vireo.in,1,5524,NX2-2510-3
VR880596,C106530,VA-EB-PL2,2025-12-30,vireo.in,1,3499,PL2-2512-1
VR885917,C106304,VA-HP-ST2,2025-12-30,Amazon,1,4999,ST2-2511-3
VR886820,C102623,VA-EB-PL2,2025-12-30,Amazon,1,3499,PL2-2511-2
VR887248,C109140,VA-SW-NX2,2025-12-30,vireo.in,1,5849,NX2-2510-3
VR887537,C104039,VA-EB-PL1,2025-12-30,vireo.in,1,2249,PL1-2509-3
VR888033,C104203,VA-EB-PL2,2025-12-30,vireo.in,1,2974,PL2-2509-1
VR888622,C108445,VA-EB-PL2,2025-12-30,vireo.in,2,6998,PL2-2511-4
VR890679,C105914,VA-EB-PL2,2025-12-30,Amazon,1,2799,PL2-2509-3
VR891431,C101867,VA-EB-PL2,2025-12-30,vireo.in,1,3149,PL2-2509-1
VR894372,C106213,VA-NB-ARC,2025-12-30,vireo.in,2,2598,ARC-2511-4
VR895008,C103531,VA-NB-ARC,2025-12-30,vireo.in,1,1234,ARC-2511-1
VR896459,C102020,VA-EB-PL2,2025-12-30,Amazon,1,2974,PL2-2510-3
VR898474,C107223,VA-EB-PL2,2025-12-30,Flipkart,1,3324,PL2-2509-2
VR899080,C103323,VA-EB-PL2,2025-12-30,Amazon,1,3149,PL2-2510-3
VR899751,C107603,VA-EB-AIR,2025-12-30,vireo.in,1,1439,AIR-2511-4
VR899979,C108262,VA-SW-NX2,2025-12-30,Flipkart,1,6174,NX2-2510-3
VR901478,C107327,VA-EB-PL2,2025-12-30,Amazon,1,3499,PL2-2512-2
VR904212,C105618,VA-EB-PL2,2025-12-30,Flipkart,1,2799,PL2-2511-2
VR905437,C108600,VA-EB-PL2,2025-12-30,Amazon,1,2799,PL2-2511-3
VR905985,C100291,VA-EB-PL2,2025-12-30,vireo.in,1,3149,PL2-2509-1
VR906875,C103002,VA-SW-FIT,2025-12-30,Amazon,1,1999,FIT-2510-4
VR907087,C109195,VA-EB-PL2,2025-12-30,Amazon,1,3324,PL2-2510-3
VR907587,C100706,VA-SW-NX2,2025-12-30,Amazon,1,6499,NX2-2510-3
VR908842,C107453,VA-HP-ST2,2025-12-30,vireo.in,1,4249,ST2-2511-2
VR881773,C107472,VA-EB-PL2,2025-12-31,Amazon,1,3499,PL2-2510-2
VR882130,C100496,VA-EB-PL2,2025-12-31,Amazon,1,3499,PL2-2510-3
VR882243,C100522,VA-SP-ORB,2025-12-31,vireo.in,1,5699,ORB-2509-2
VR882359,C108383,VA-EB-PL2,2025-12-31,Amazon,1,3324,PL2-2511-1
VR883304,C109405,VA-SW-NX1,2025-12-31,Flipkart,1,3999,NX1-2510-4
VR884482,C105530,VA-EB-PL2,2025-12-31,vireo.in,1,3499,PL2-2512-4
VR885143,C104563,VA-EB-PL2,2025-12-31,vireo.in,2,5598,PL2-2511-2
VR886728,C103913,VA-HP-ST3,2025-12-31,vireo.in,1,5599,ST3-2512-3
VR887006,C107892,VA-HP-ST3,2025-12-31,vireo.in,1,5949,ST3-2510-3
VR890255,C102915,VA-EB-AIR,2025-12-31,Amazon,1,1799,AIR-2509-3
VR891296,C104768,VA-EB-AIR,2025-12-31,vireo.in,2,2878,AIR-2509-3
VR891471,C101166,VA-EB-PL2,2025-12-31,vireo.in,1,3324,PL2-2509-3
VR891826,C100096,VA-EB-PL1,2025-12-31,Flipkart,1,2499,PL1-2511-3
VR892470,C100222,VA-EB-PL2,2025-12-31,vireo.in,1,3324,PL2-2511-2
VR893135,C100283,VA-SW-NX2,2025-12-31,Flipkart,1,5199,NX2-2510-4
VR893166,C102303,VA-HP-ST3,2025-12-31,vireo.in,2,13298,ST3-2511-1
VR893245,C105061,VA-SP-MINI,2025-12-31,vireo.in,1,1999,MINI-2509-2
VR893656,C104803,VA-EB-PL1,2025-12-31,vireo.in,1,2124,PL1-2511-2
VR896337,C106439,VA-EB-PL2,2025-12-31,vireo.in,1,3149,PL2-2511-4
VR896759,C100106,VA-EB-PL2,2025-12-31,Flipkart,1,3324,PL2-2512-1
VR899162,C104863,VA-EB-PL2,2025-12-31,Amazon,1,2799,PL2-2510-3
VR901245,C100635,VA-EB-PL2,2025-12-31,Amazon,1,3149,PL2-2510-4
VR903524,C108062,VA-EB-PL1,2025-12-31,Amazon,1,2499,PL1-2511-1
VR903626,C105062,VA-EB-AIR,2025-12-31,Flipkart,1,1799,AIR-2511-2
VR906473,C103616,VA-EB-PL2,2025-12-31,vireo.in,1,3499,PL2-2510-2
VR908601,C101258,VA-EB-PL1,2025-12-31,vireo.in,1,2499,PL1-2510-1
VR881473,C106393,VA-EB-PL2,2026-01-01,vireo.in,1,3499,PL2-2512-3
VR881717,C102215,VA-SW-FIT,2026-01-01,Flipkart,1,1599,FIT-2510-4
VR882681,C103602,VA-EB-PL2,2026-01-01,vireo.in,1,3499,PL2-2510-1
VR882943,C102972,VA-SW-NX2,2026-01-01,Amazon,1,6499,NX2-2509-3
VR883758,C103110,VA-SW-NX2,2026-01-01,Amazon,1,6499,NX2-2509-2
VR883823,C103262,VA-EB-PL2,2026-01-01,vireo.in,1,2974,PL2-2510-2
VR884231,C103188,VA-EB-PL2,2026-01-01,Amazon,1,3324,PL2-2509-3
VR884303,C103282,VA-EB-PL2,2026-01-01,vireo.in,1,3149,PL2-2511-4
VR885102,C105656,VA-EB-PL1,2026-01-01,vireo.in,1,2374,PL1-2509-4
VR885151,C105596,VA-SP-MINI,2026-01-01,Amazon,1,2499,MINI-2510-3
VR885352,C100242,VA-EB-PL2,2026-01-01,Flipkart,1,2799,PL2-2510-3
VR885482,C102364,VA-EB-PL2,2026-01-01,Amazon,1,2974,PL2-2511-1
VR885670,C103941,VA-SW-NX1,2026-01-01,Amazon,1,4999,NX1-2511-1
VR886326,C105214,VA-EB-PL1,2026-01-01,Amazon,1,1999,PL1-2510-4
VR886377,C105920,VA-EB-PL2,2026-01-01,vireo.in,1,2799,PL2-2509-2
VR886559,C106911,VA-EB-PL2,2026-01-01,vireo.in,1,3149,PL2-2512-3
VR886860,C100278,VA-EB-PL2,2026-01-01,vireo.in,1,2799,PL2-2511-2
VR886986,C101709,VA-EB-PL2,2026-01-01,Flipkart,1,3499,PL2-2510-4
VR887511,C106316,VA-EB-PL2,2026-01-01,vireo.in,1,3499,PL2-2511-2
VR888165,C109120,VA-SP-MINI,2026-01-01,Flipkart,1,2249,MINI-2511-1
VR890317,C109304,VA-EB-PL1,2026-01-01,Amazon,1,2499,PL1-2512-2
VR891571,C101555,VA-EB-PL2,2026-01-01,vireo.in,1,3324,PL2-2509-4
VR892889,C108964,VA-AC-CASE,2026-01-01,Flipkart,1,1104,CASE-2512-4
VR895083,C102928,VA-EB-PL2,2026-01-01,Amazon,1,3499,PL2-2511-1
VR898369,C104535,VA-SW-FIT,2026-01-01,Amazon,1,1599,FIT-2511-4
VR898987,C103229,VA-HP-ST3,2026-01-01,vireo.in,1,6299,ST3-2509-4
VR899104,C105701,VA-EB-PL2,2026-01-01,Flipkart,1,3324,PL2-2509-2
VR903371,C109179,VA-EB-PL2,2026-01-01,vireo.in,1,3149,PL2-2510-3
VR904015,C100652,VA-EB-PL1,2026-01-01,vireo.in,1,2499,PL1-2510-1
VR904544,C104678,VA-SP-ORB,2026-01-01,Flipkart,1,5999,ORB-2510-2
VR904681,C104305,VA-SW-NX2,2026-01-01,vireo.in,1,5199,NX2-2510-2
VR905686,C102841,VA-SP-ORB,2026-01-01,vireo.in,1,5999,ORB-2509-3
VR906199,C106827,VA-AC-CASE,2026-01-01,Amazon,1,1169,CASE-2509-2
VR908309,C101627,VA-SW-NX2,2026-01-01,vireo.in,1,6499,NX2-2511-1
VR908362,C109039,VA-EB-PL2,2026-01-01,vireo.in,1,3324,PL2-2510-2
VR909702,C109489,VA-HP-ST2,2026-01-01,Flipkart,1,4249,ST2-2511-4
VR880564,C101393,VA-EB-PL2,2026-01-02,vireo.in,1,3499,PL2-2511-1
VR880860,C107078,VA-EB-PL2,2026-01-02,Amazon,1,3499,PL2-2511-1
VR883450,C105525,VA-EB-PL2,2026-01-02,vireo.in,1,3324,PL2-2510-1
VR884274,C107872,VA-EB-PL2,2026-01-02,vireo.in,1,3499,PL2-2509-3
VR884855,C102931,VA-EB-PL1,2026-01-02,vireo.in,1,2499,PL1-2510-1
VR885857,C109319,VA-EB-PL2,2026-01-02,vireo.in,1,2799,PL2-2509-1
VR886237,C105020,VA-AC-CBL,2026-01-02,vireo.in,1,399,CBL-2510-4
VR886285,C100416,VA-EB-PL2,2026-01-02,vireo.in,1,3499,PL2-2510-1
VR886749,C108319,VA-SW-FIT,2026-01-02,vireo.in,1,1599,FIT-2509-3
VR886797,C101885,VA-EB-PL2,2026-01-02,Flipkart,1,3499,PL2-2510-1
VR886944,C104397,VA-SP-MINI,2026-01-02,vireo.in,1,2374,MINI-2512-3
VR892067,C101440,VA-SW-FIT,2026-01-02,vireo.in,1,1599,FIT-2511-4
VR895594,C106855,VA-EB-PL2,2026-01-02,vireo.in,1,3324,PL2-2509-3
VR898165,C101371,VA-EB-PL2,2026-01-02,Flipkart,1,3499,PL2-2511-1
VR900274,C104136,VA-EB-PL2,2026-01-02,Amazon,1,3149,PL2-2510-1
VR903192,C102300,VA-EB-PL2,2026-01-02,Amazon,1,2974,PL2-2511-1
VR903926,C107988,VA-HP-ST2,2026-01-02,vireo.in,1,4999,ST2-2511-4
VR906031,C107914,VA-SW-NX2,2026-01-02,vireo.in,1,5524,NX2-2510-2
VR908839,C107660,VA-HP-ST3,2026-01-02,Amazon,1,6999,ST3-2511-3
VR908922,C107129,VA-AC-CH65,2026-01-02,vireo.in,1,1499,CH65-2510-3
VR909662,C101647,VA-AC-CASE,2026-01-02,Amazon,1,1039,CASE-2510-2
VR909815,C105248,VA-SW-NX2,2026-01-02,vireo.in,1,6499,NX2-2511-3
VR880291,C108250,VA-AC-CH65,2026-01-03,vireo.in,1,1424,CH65-2509-1
VR883517,C109345,VA-EB-PL1,2026-01-03,vireo.in,1,2374,PL1-2509-2
VR883676,C104621,VA-SP-MINI,2026-01-03,vireo.in,1,1999,MINI-2510-3
VR884532,C100590,VA-EB-PL2,2026-01-03,vireo.in,1,3499,PL2-2512-4
VR885439,C103868,VA-HP-ST3,2026-01-03,Amazon,1,5949,ST3-2510-2
VR885516,C105076,VA-EB-PL2,2026-01-03,Flipkart,1,3324,PL2-2510-2
VR885604,C103065,VA-NB-ARC,2026-01-03,vireo.in,1,1299,ARC-2511-2
VR886894,C104874,VA-SW-FIT,2026-01-03,vireo.in,1,1699,FIT-2511-2
VR887945,C104965,VA-EB-PL2,2026-01-03,Flipkart,2,6298,PL2-2509-3
VR889657,C108324,VA-SP-ORB,2026-01-03,vireo.in,1,5999,ORB-2510-3
VR891294,C108954,VA-SP-MINI,2026-01-03,vireo.in,1,2499,MINI-2511-1
VR892167,C103615,VA-EB-PL1,2026-01-03,vireo.in,1,2124,PL1-2509-1
VR894989,C102154,VA-EB-PL2,2026-01-03,vireo.in,1,3499,PL2-2511-4
VR895206,C108304,VA-EB-PL2,2026-01-03,Amazon,2,6998,PL2-2509-2
VR895223,C100421,VA-EB-PL2,2026-01-03,Amazon,1,3324,PL2-2511-1
VR896022,C102568,VA-SW-NX2,2026-01-03,Amazon,1,6174,NX2-2509-4
VR897062,C100239,VA-SW-NX2,2026-01-03,vireo.in,1,5524,NX2-2509-2
VR899882,C102506,VA-SW-NX2,2026-01-03,Flipkart,1,6499,NX2-2511-2
VR900425,C103048,VA-EB-PL2,2026-01-03,vireo.in,1,2799,PL2-2511-3
VR900522,C101726,VA-SP-ORB,2026-01-03,vireo.in,1,4799,ORB-2510-3
VR902342,C108360,VA-EB-PL2,2026-01-03,vireo.in,1,3149,PL2-2510-2
VR902727,C100303,VA-NB-ARC,2026-01-03,vireo.in,1,1299,ARC-2511-3
VR902895,C104292,VA-HP-ST2,2026-01-03,vireo.in,1,3999,ST2-2511-2
VR903576,C102604,VA-EB-PL1,2026-01-03,Flipkart,1,2499,PL1-2512-2
VR903813,C102008,VA-HP-ST3,2026-01-03,Flipkart,1,5949,ST3-2512-1
VR903932,C106122,VA-EB-PL2,2026-01-03,vireo.in,1,3499,PL2-2510-3
VR905472,C108911,VA-EB-PL2,2026-01-03,vireo.in,1,3324,PL2-2511-1
VR905969,C106022,VA-EB-PL1,2026-01-03,Amazon,1,2374,PL1-2511-2
VR906583,C107259,VA-SP-MINI,2026-01-03,vireo.in,1,2499,MINI-2511-3
VR907691,C106221,VA-SW-NX1,2026-01-03,vireo.in,1,4999,NX1-2512-4
VR907710,C107261,VA-EB-PL2,2026-01-03,vireo.in,1,2799,PL2-2510-1
VR880206,C109198,VA-EB-PL1,2026-01-04,vireo.in,1,1999,PL1-2510-1
VR885210,C105287,VA-SP-ORB,2026-01-04,vireo.in,1,5099,ORB-2511-2
VR885542,C101761,VA-EB-PL2,2026-01-04,Amazon,1,2974,PL2-2510-3
VR885813,C107226,VA-SP-MINI,2026-01-04,vireo.in,1,2499,MINI-2512-3
VR887176,C101415,VA-AC-CH65,2026-01-04,vireo.in,2,2848,CH65-2509-2
VR889688,C106922,VA-EB-PL2,2026-01-04,vireo.in,1,3324,PL2-2510-3
VR891175,C101170,VA-EB-PL2,2026-01-04,vireo.in,1,2974,PL2-2511-3
VR891863,C105608,VA-EB-PL2,2026-01-04,Amazon,1,3324,PL2-2511-1
VR892439,C102203,VA-EB-AIR,2026-01-04,vireo.in,1,1709,AIR-2510-3
VR895356,C105254,VA-SP-ORB,2026-01-04,vireo.in,1,5699,ORB-2509-2
VR895755,C109256,VA-SP-ORB,2026-01-04,vireo.in,1,5699,ORB-2512-2
VR896066,C103825,VA-NB-ARC,2026-01-04,vireo.in,1,1039,ARC-2511-2
VR898462,C105373,VA-EB-PL2,2026-01-04,Amazon,1,2799,PL2-2511-4
VR898888,C100014,VA-HP-ST3,2026-01-04,Flipkart,1,6999,ST3-2511-3
VR901762,C108777,VA-EB-PL1,2026-01-04,vireo.in,1,2499,PL1-2511-3
VR902999,C101023,VA-EB-PL1,2026-01-04,Amazon,1,2499,PL1-2512-3
VR906914,C107946,VA-HP-ST2,2026-01-04,vireo.in,1,4499,ST2-2510-4
VR908026,C103194,VA-EB-PL2,2026-01-04,vireo.in,1,3499,PL2-2510-3
VR908970,C107262,VA-SW-NX2,2026-01-04,vireo.in,1,5849,NX2-2511-1
VR910066,C100511,VA-EB-PL2,2026-01-04,vireo.in,1,3499,PL2-2511-4
VR880144,C105769,VA-EB-PL2,2026-01-05,Amazon,2,6298,PL2-2511-1
VR881118,C100701,VA-HP-ST2,2026-01-05,vireo.in,1,4999,ST2-2511-4
VR882235,C105801,VA-EB-PL2,2026-01-05,Amazon,1,2799,PL2-2510-4
VR883047,C101951,VA-EB-PL2,2026-01-05,vireo.in,1,3499,PL2-2509-4
VR883265,C106595,VA-EB-PL2,2026-01-05,Amazon,1,3324,PL2-2511-1
VR885702,C103651,VA-EB-PL1,2026-01-05,vireo.in,2,4998,PL1-2511-2
VR886221,C100964,VA-EB-PL2,2026-01-05,vireo.in,1,3499,PL2-2511-3
VR886692,C101323,VA-SW-NX1,2026-01-05,vireo.in,1,4499,NX1-2511-3
VR887619,C109048,VA-AC-CASE,2026-01-05,vireo.in,1,1169,CASE-2509-2
VR890174,C105165,VA-EB-PL2,2026-01-05,vireo.in,1,3499,PL2-2511-2
VR890682,C104799,VA-SW-NX2,2026-01-05,Flipkart,1,5524,NX2-2512-3
VR897535,C105468,VA-EB-PL1,2026-01-05,Amazon,1,2374,PL1-2511-2
VR897580,C109034,VA-HP-ST3,2026-01-05,vireo.in,1,6999,ST3-2510-4
VR897978,C104853,VA-NB-ARC,2026-01-05,Amazon,1,1169,ARC-2512-3
VR901233,C100957,VA-EB-PL1,2026-01-05,vireo.in,1,2499,PL1-2512-4
VR903155,C100498,VA-HP-ST3,2026-01-05,vireo.in,1,6999,ST3-2511-4
VR903181,C100056,VA-HP-ST3,2026-01-05,vireo.in,1,6649,ST3-2510-4
VR904028,C101751,VA-AC-CH65,2026-01-05,Amazon,1,1349,CH65-2510-2
VR904472,C103340,VA-SW-NX2,2026-01-05,vireo.in,1,5849,NX2-2511-1
VR904614,C109059,VA-SP-ORB,2026-01-05,vireo.in,1,5999,ORB-2511-3
VR906516,C107643,VA-EB-AIR,2026-01-05,Amazon,2,3238,AIR-2509-1
VR907430,C102289,VA-SP-ORB,2026-01-05,vireo.in,1,5699,ORB-2511-3
VR907610,C100987,VA-EB-PL1,2026-01-05,Flipkart,1,2499,PL1-2512-3
VR908679,C104318,VA-AC-CASE,2026-01-05,vireo.in,1,1039,CASE-2510-3
VR881741,C106892,VA-EB-AIR,2026-01-06,vireo.in,1,1799,AIR-2512-3
VR882125,C106048,VA-EB-PL2,2026-01-06,Amazon,1,2974,PL2-2510-2
VR885096,C102460,VA-EB-PL2,2026-01-06,Flipkart,1,3499,PL2-2512-1
VR885948,C107084,VA-EB-PL2,2026-01-06,vireo.in,1,2974,PL2-2512-4
VR885984,C106453,VA-HP-ST3,2026-01-06,vireo.in,1,5599,ST3-2512-4
VR886977,C106956,VA-SW-FIT,2026-01-06,Amazon,1,1999,FIT-2512-1
VR887938,C107569,VA-EB-PL2,2026-01-06,Amazon,1,3499,PL2-2511-1
VR890464,C108835,VA-EB-AIR,2026-01-06,vireo.in,1,1799,AIR-2512-2
VR892314,C104623,VA-EB-PL1,2026-01-06,vireo.in,1,2499,PL1-2512-2
VR897284,C108102,VA-EB-PL1,2026-01-06,vireo.in,1,1999,PL1-2510-3
VR899117,C102620,VA-EB-PL1,2026-01-06,vireo.in,1,2499,PL1-2510-1
VR904123,C100187,VA-EB-PL1,2026-01-06,vireo.in,2,4998,PL1-2512-3
VR904436,C104926,VA-SW-FIT,2026-01-06,Flipkart,2,3598,FIT-2512-1
VR907464,C103755,VA-EB-PL2,2026-01-06,vireo.in,1,2974,PL2-2512-1
VR908081,C109385,VA-EB-AIR,2026-01-06,Flipkart,1,1799,AIR-2512-2
VR909509,C107000,VA-EB-PL2,2026-01-06,vireo.in,1,2974,PL2-2509-1
VR880858,C102259,VA-EB-PL2,2026-01-07,Amazon,1,3499,PL2-2511-2
VR880972,C109364,VA-HP-ST3,2026-01-07,vireo.in,1,5599,ST3-2510-4
VR882653,C105514,VA-EB-PL1,2026-01-07,vireo.in,1,2124,PL1-2509-3
VR882955,C107334,VA-EB-PL2,2026-01-07,vireo.in,1,3324,PL2-2510-3
VR883490,C100082,VA-SP-ORB,2026-01-07,vireo.in,1,5699,ORB-2512-2
VR886662,C104427,VA-SW-FIT,2026-01-07,Amazon,1,1999,FIT-2511-3
VR886781,C107135,VA-SP-MINI,2026-01-07,vireo.in,1,2249,MINI-2512-3
VR888539,C102464,VA-SW-NX2,2026-01-07,vireo.in,1,6499,NX2-2510-3
VR890431,C102045,VA-EB-PL2,2026-01-07,vireo.in,1,3499,PL2-2512-2
VR892771,C105653,VA-EB-PL2,2026-01-07,vireo.in,1,3324,PL2-2511-2
VR894131,C108070,VA-EB-PL2,2026-01-07,vireo.in,1,3324,PL2-2512-4
VR894572,C100789,VA-EB-PL1,2026-01-07,vireo.in,1,2499,PL1-2511-3
VR897578,C100777,VA-EB-PL1,2026-01-07,Flipkart,1,2249,PL1-2511-3
VR899336,C104330,VA-EB-PL2,2026-01-07,Flipkart,1,3324,PL2-2509-4
VR899892,C101565,VA-EB-AIR,2026-01-07,Amazon,1,1439,AIR-2510-1
VR901600,C100477,VA-AC-CASE,2026-01-07,Amazon,1,1299,CASE-2510-4
VR901811,C102799,VA-EB-PL1,2026-01-07,Amazon,1,2249,PL1-2511-4
VR905197,C102557,VA-EB-PL2,2026-01-07,Amazon,1,3499,PL2-2512-4
VR905400,C101158,VA-EB-PL2,2026-01-07,vireo.in,1,3499,PL2-2510-2
VR905439,C105848,VA-SP-ORB,2026-01-07,vireo.in,1,4799,ORB-2511-3
VR905776,C106108,VA-EB-PL2,2026-01-07,vireo.in,1,3324,PL2-2512-3
VR907814,C100025,VA-EB-PL1,2026-01-07,vireo.in,1,2249,PL1-2509-1
VR908048,C102833,VA-EB-PL2,2026-01-07,vireo.in,1,3499,PL2-2509-1
VR908188,C104775,VA-EB-PL2,2026-01-07,vireo.in,1,3499,PL2-2512-3
VR885476,C109022,VA-EB-AIR,2026-01-08,vireo.in,1,1799,AIR-2511-4
VR885862,C109057,VA-SW-NX1,2026-01-08,vireo.in,1,3999,NX1-2512-4
VR886365,C107360,VA-HP-ST3,2026-01-08,Amazon,1,5599,ST3-2510-1
VR887129,C108956,VA-EB-AIR,2026-01-08,Flipkart,1,1799,AIR-2509-1
VR888605,C107438,VA-EB-PL2,2026-01-08,vireo.in,1,2799,PL2-2511-2
VR889532,C107484,VA-SW-NX2,2026-01-08,vireo.in,1,6499,NX2-2510-2
VR890236,C106026,VA-EB-PL2,2026-01-08,vireo.in,1,3499,PL2-2509-4
VR890959,C101110,VA-EB-AIR,2026-01-08,vireo.in,1,1799,AIR-2509-4
VR892946,C106481,VA-EB-PL2,2026-01-08,vireo.in,1,3149,PL2-2511-2
VR893797,C102368,VA-EB-PL2,2026-01-08,vireo.in,1,3499,PL2-2509-2
VR893964,C104488,VA-EB-PL2,2026-01-08,Flipkart,1,3324,PL2-2511-1
VR894603,C107682,VA-SW-FIT,2026-01-08,vireo.in,1,1999,FIT-2510-1
VR894761,C102012,VA-EB-AIR,2026-01-08,vireo.in,1,1529,AIR-2511-1
VR895124,C104381,VA-SW-FIT,2026-01-08,Flipkart,1,1999,FIT-2512-3
VR895221,C102705,VA-EB-AIR,2026-01-08,vireo.in,1,1799,AIR-2512-1
VR895281,C100824,VA-EB-AIR,2026-01-08,Amazon,1,1709,AIR-2510-4
VR895415,C100159,VA-SP-ORB,2026-01-08,vireo.in,1,5999,ORB-2511-4
VR895621,C106068,VA-SW-FIT,2026-01-08,vireo.in,1,1999,FIT-2511-4
VR896531,C107581,VA-EB-PL2,2026-01-08,Amazon,1,3149,PL2-2512-2
VR897331,C107500,VA-EB-PL2,2026-01-08,Flipkart,2,6298,PL2-2511-1
VR898190,C101108,VA-SP-MINI,2026-01-08,vireo.in,1,2499,MINI-2512-1
VR898320,C105442,VA-EB-PL2,2026-01-08,vireo.in,1,3499,PL2-2509-4
VR899258,C105202,VA-SW-FIT,2026-01-08,Flipkart,1,1799,FIT-2510-4
VR900907,C108667,VA-HP-ST2,2026-01-08,vireo.in,1,4999,ST2-2511-2
VR901430,C105808,VA-EB-AIR,2026-01-08,vireo.in,1,1439,AIR-2511-1
VR901938,C104812,VA-AC-CASE,2026-01-08,Flipkart,1,1299,CASE-2511-3
VR903503,C109288,VA-EB-AIR,2026-01-08,vireo.in,1,1439,AIR-2512-1
VR905337,C106399,VA-EB-PL2,2026-01-08,Amazon,1,3499,PL2-2511-3
VR906635,C109235,VA-EB-AIR,2026-01-08,Amazon,1,1799,AIR-2511-4
VR906719,C101358,VA-EB-PL2,2026-01-08,vireo.in,1,2974,PL2-2510-4
VR907249,C101225,VA-EB-PL2,2026-01-08,vireo.in,1,3149,PL2-2509-1
VR907693,C109463,VA-EB-PL1,2026-01-08,vireo.in,1,2124,PL1-2510-4
VR909417,C104692,VA-HP-ST3,2026-01-08,Amazon,1,6999,ST3-2510-4
VR880630,C105516,VA-SP-ORB,2026-01-09,Amazon,2,9598,ORB-2511-4
VR883605,C106824,VA-EB-PL2,2026-01-09,vireo.in,1,3499,PL2-2511-4
VR883623,C106553,VA-SP-MINI,2026-01-09,Amazon,1,2499,MINI-2512-4
VR883797,C105857,VA-EB-PL1,2026-01-09,Flipkart,1,2499,PL1-2509-3
VR885575,C107417,VA-EB-PL2,2026-01-09,Amazon,1,3499,PL2-2512-1
VR887556,C107394,VA-EB-PL2,2026-01-09,vireo.in,1,3499,PL2-2510-1
VR889485,C101800,VA-AC-CASE,2026-01-09,Flipkart,1,1169,CASE-2510-2
VR889698,C106610,VA-EB-PL1,2026-01-09,vireo.in,1,2249,PL1-2512-4
VR889859,C108392,VA-EB-PL2,2026-01-09,vireo.in,1,3324,PL2-2509-3
VR890886,C103305,VA-EB-PL1,2026-01-09,Amazon,1,2249,PL1-2512-2
VR891166,C104856,VA-EB-PL2,2026-01-09,Amazon,1,2974,PL2-2511-1
VR892074,C106099,VA-EB-PL2,2026-01-09,vireo.in,1,3499,PL2-2510-2
VR892868,C104020,VA-NB-ARC,2026-01-09,Amazon,1,1039,ARC-2510-1
VR893371,C102456,VA-SW-NX1,2026-01-09,vireo.in,1,4499,NX1-2511-2
VR895505,C103667,VA-AC-CASE,2026-01-09,vireo.in,1,1169,CASE-2512-3
VR896950,C108816,VA-HP-ST3,2026-01-09,Flipkart,1,6649,ST3-2511-2
VR897764,C105189,VA-EB-PL2,2026-01-09,vireo.in,1,2974,PL2-2510-2
VR898361,C106043,VA-SW-FIT,2026-01-09,vireo.in,1,1899,FIT-2510-3
VR899522,C108431,VA-EB-PL2,2026-01-09,Flipkart,1,3499,PL2-2510-4
VR904270,C101793,VA-SW-FIT,2026-01-09,Flipkart,1,1799,FIT-2510-1
VR905767,C102480,VA-EB-PL2,2026-01-09,Flipkart,1,2799,PL2-2511-2
VR906062,C105293,VA-EB-PL2,2026-01-09,vireo.in,1,3499,PL2-2511-3
VR907361,C106198,VA-EB-AIR,2026-01-09,vireo.in,1,1799,AIR-2512-2
VR907983,C102599,VA-SW-NX1,2026-01-09,Amazon,1,4249,NX1-2509-3
VR880179,C106412,VA-HP-ST3,2026-01-10,Amazon,1,6999,ST3-2511-2
VR881054,C104685,VA-EB-PL2,2026-01-10,vireo.in,1,3149,PL2-2510-2
VR881620,C109333,VA-EB-PL2,2026-01-10,vireo.in,1,3499,PL2-2511-1
VR884045,C109031,VA-EB-AIR,2026-01-10,vireo.in,1,1799,AIR-2512-2
VR885931,C107547,VA-SP-ORB,2026-01-10,vireo.in,1,5699,ORB-2510-4
VR886112,C105540,VA-SP-MINI,2026-01-10,vireo.in,1,1999,MINI-2512-4
VR886807,C101076,VA-SW-NX2,2026-01-10,vireo.in,1,6499,NX2-2511-3
VR890583,C104063,VA-HP-ST3,2026-01-10,vireo.in,1,6649,ST3-2511-1
VR891698,C106564,VA-SP-MINI,2026-01-10,vireo.in,2,4998,MINI-2510-1
VR893763,C109362,VA-EB-PL2,2026-01-10,Flipkart,1,3149,PL2-2512-4
VR893871,C107976,VA-EB-AIR,2026-01-10,Amazon,1,1619,AIR-2510-4
VR894118,C100206,VA-EB-AIR,2026-01-10,vireo.in,1,1799,AIR-2511-4
VR896181,C101447,VA-SW-FIT,2026-01-10,Flipkart,1,1999,FIT-2511-4
VR897339,C102117,VA-HP-ST3,2026-01-10,vireo.in,1,6999,ST3-2512-4
VR897401,C106849,VA-AC-CASE,2026-01-10,Amazon,1,1299,CASE-2510-2
VR900389,C108864,VA-HP-ST2,2026-01-10,vireo.in,1,4749,ST2-2511-4
VR901603,C108286,VA-HP-ST2,2026-01-10,vireo.in,1,4999,ST2-2510-2
VR902278,C105211,VA-EB-PL2,2026-01-10,vireo.in,1,2974,PL2-2509-1
VR902398,C107640,VA-EB-PL2,2026-01-10,vireo.in,1,2974,PL2-2510-4
VR903472,C108699,VA-EB-AIR,2026-01-10,vireo.in,1,1439,AIR-2511-2
VR905130,C101618,VA-EB-PL2,2026-01-10,vireo.in,2,6998,PL2-2511-4
VR905509,C100329,VA-EB-PL2,2026-01-10,vireo.in,1,3499,PL2-2511-1
VR907578,C102382,VA-EB-PL1,2026-01-10,Flipkart,2,4748,PL1-2511-1
VR907923,C106277,VA-EB-PL1,2026-01-10,Amazon,1,2499,PL1-2509-1
VR908194,C102792,VA-HP-ST3,2026-01-10,Flipkart,1,6999,ST3-2510-1
VR908468,C106535,VA-AC-CH65,2026-01-10,Amazon,1,1499,CH65-2511-1
VR909594,C102839,VA-EB-PL2,2026-01-10,vireo.in,1,3324,PL2-2510-1
VR882873,C104900,VA-EB-PL1,2026-01-11,vireo.in,1,2249,PL1-2510-2
VR883147,C107500,VA-SW-NX2,2026-01-11,Flipkart,2,11698,NX2-2510-2
VR886199,C106342,VA-EB-PL2,2026-01-11,vireo.in,1,3499,PL2-2510-2
VR886245,C102116,VA-EB-PL2,2026-01-11,Amazon,1,3149,PL2-2510-4
VR887088,C106982,VA-SW-NX2,2026-01-11,vireo.in,1,6499,NX2-2512-2
VR887958,C105070,VA-EB-PL2,2026-01-11,vireo.in,1,3499,PL2-2509-3
VR888091,C106473,VA-EB-PL2,2026-01-11,Amazon,1,3499,PL2-2512-2
VR888817,C103127,VA-EB-PL2,2026-01-11,vireo.in,1,3324,PL2-2510-1
VR891078,C107885,VA-AC-CASE,2026-01-11,vireo.in,1,1299,CASE-2512-1
VR891298,C100934,VA-SP-MINI,2026-01-11,vireo.in,2,4748,MINI-2510-3
VR891500,C101930,VA-EB-PL1,2026-01-11,Amazon,1,2499,PL1-2512-1
VR891962,C100986,VA-EB-PL2,2026-01-11,vireo.in,1,3149,PL2-2510-2
VR892051,C107304,VA-EB-PL2,2026-01-11,Flipkart,1,2974,PL2-2511-4
VR892688,C103983,VA-EB-PL2,2026-01-11,vireo.in,1,2974,PL2-2510-3
VR894531,C103743,VA-EB-AIR,2026-01-11,vireo.in,1,1529,AIR-2509-4
VR895260,C103351,VA-EB-AIR,2026-01-11,Flipkart,1,1799,AIR-2511-2
VR898591,C104373,VA-EB-PL2,2026-01-11,vireo.in,1,2799,PL2-2510-2
VR903392,C109391,VA-EB-AIR,2026-01-11,vireo.in,1,1799,AIR-2512-3
VR903664,C106447,VA-EB-PL2,2026-01-11,Amazon,1,3499,PL2-2511-2
VR904786,C104249,VA-EB-PL1,2026-01-11,vireo.in,1,2249,PL1-2509-3
VR905000,C101190,VA-EB-PL2,2026-01-11,Flipkart,1,3324,PL2-2510-4
VR905859,C108924,VA-EB-PL2,2026-01-11,Flipkart,1,3499,PL2-2512-2
VR906569,C100395,VA-HP-ST2,2026-01-11,vireo.in,1,4749,ST2-2510-3
VR906744,C107081,VA-EB-PL2,2026-01-11,vireo.in,1,3324,PL2-2512-2
VR908126,C107271,VA-EB-PL2,2026-01-11,vireo.in,1,3499,PL2-2511-4
VR908793,C102881,VA-SW-NX2,2026-01-11,vireo.in,1,6174,NX2-2510-3
VR908808,C104710,VA-AC-CASE,2026-01-11,Amazon,1,1169,CASE-2511-2
VR909672,C103091,VA-EB-PL2,2026-01-11,Amazon,1,2974,PL2-2511-1
VR882210,C104895,VA-EB-PL2,2026-01-12,Amazon,1,3499,PL2-2512-3
VR882407,C101233,VA-EB-PL2,2026-01-12,vireo.in,1,2974,PL2-2511-4
VR882438,C103314,VA-EB-AIR,2026-01-12,Amazon,1,1709,AIR-2512-4
VR882628,C104810,VA-EB-PL2,2026-01-12,Flipkart,1,3499,PL2-2510-1
VR884253,C106199,VA-EB-PL2,2026-01-12,Flipkart,1,3499,PL2-2510-1
VR885808,C108525,VA-EB-PL1,2026-01-12,vireo.in,1,2124,PL1-2510-1
VR887518,C107943,VA-HP-ST2,2026-01-12,vireo.in,1,4999,ST2-2511-4
VR888773,C102507,VA-HP-ST3,2026-01-12,vireo.in,1,6649,ST3-2510-4
VR889558,C106971,VA-SW-NX2,2026-01-12,vireo.in,1,6499,NX2-2511-3
VR889713,C104675,VA-EB-PL2,2026-01-12,Flipkart,1,3324,PL2-2511-2
VR889738,C103625,VA-EB-PL2,2026-01-12,Amazon,1,3324,PL2-2510-3
VR891782,C108277,VA-EB-PL2,2026-01-12,vireo.in,1,3499,PL2-2510-1
VR892645,C105079,VA-EB-PL1,2026-01-12,Flipkart,1,2249,PL1-2510-2
VR896060,C109409,VA-HP-ST3,2026-01-12,vireo.in,1,5599,ST3-2510-1
VR896814,C103816,VA-NB-ARC,2026-01-12,vireo.in,1,1104,ARC-2511-1
VR896850,C107103,VA-EB-PL2,2026-01-12,vireo.in,1,3324,PL2-2510-2
VR897161,C105393,VA-AC-CH65,2026-01-12,vireo.in,1,1499,CH65-2512-2
VR897988,C103561,VA-EB-PL2,2026-01-12,vireo.in,1,3499,PL2-2510-2
VR901826,C100358,VA-SP-ORB,2026-01-12,vireo.in,1,4799,ORB-2509-3
VR901916,C105575,VA-HP-ST2,2026-01-12,vireo.in,1,4499,ST2-2512-1
VR902545,C105016,VA-SP-ORB,2026-01-12,Amazon,1,5999,ORB-2512-1
VR902951,C107926,VA-SW-NX2,2026-01-12,Amazon,1,5199,NX2-2509-2
VR904167,C100500,VA-SW-FIT,2026-01-12,Amazon,2,3198,FIT-2510-4
VR908713,C104521,VA-EB-PL2,2026-01-12,vireo.in,1,3499,PL2-2510-2
VR908913,C106971,VA-EB-AIR,2026-01-12,vireo.in,1,1709,AIR-2512-1
VR909385,C104578,VA-EB-PL2,2026-01-12,vireo.in,1,3324,PL2-2511-1
VR881324,C103077,VA-EB-PL2,2026-01-13,vireo.in,1,3499,PL2-2510-1
VR882898,C103096,VA-EB-PL2,2026-01-13,vireo.in,1,3149,PL2-2510-4
VR883213,C109034,VA-SP-MINI,2026-01-13,vireo.in,1,2124,MINI-2512-1
VR883229,C100513,VA-HP-ST2,2026-01-13,Amazon,1,4499,ST2-2512-4
VR883807,C102433,VA-EB-PL2,2026-01-13,vireo.in,1,3324,PL2-2512-2
VR887059,C106004,VA-HP-ST3,2026-01-13,Amazon,1,5949,ST3-2510-4
VR888309,C103107,VA-EB-PL2,2026-01-13,vireo.in,1,2799,PL2-2511-4
VR889356,C100492,VA-AC-CASE,2026-01-13,Flipkart,1,1299,CASE-2512-2
VR890145,C107035,VA-SW-NX1,2026-01-13,vireo.in,1,4999,NX1-2511-4
VR890699,C106665,VA-EB-AIR,2026-01-13,vireo.in,1,1709,AIR-2512-3
VR893012,C102214,VA-SP-MINI,2026-01-13,Amazon,1,2499,MINI-2512-4
VR896456,C100401,VA-SP-ORB,2026-01-13,Amazon,1,5099,ORB-2510-1
VR897762,C105585,VA-EB-PL2,2026-01-13,Amazon,1,2974,PL2-2510-3
VR898186,C101544,VA-EB-PL2,2026-01-13,vireo.in,1,3324,PL2-2510-4
VR898866,C103240,VA-NB-ARC,2026-01-13,Amazon,1,1299,ARC-2511-2
VR900038,C108181,VA-SP-ORB,2026-01-13,vireo.in,1,5999,ORB-2510-2
VR902337,C104697,VA-EB-PL1,2026-01-13,vireo.in,1,1999,PL1-2511-4
VR902402,C103322,VA-HP-ST2,2026-01-13,vireo.in,1,4249,ST2-2509-2
VR903602,C106133,VA-SW-NX2,2026-01-13,Flipkart,1,5524,NX2-2512-1
VR904974,C101098,VA-EB-PL2,2026-01-13,vireo.in,1,3149,PL2-2511-2
VR905236,C101054,VA-EB-PL2,2026-01-13,vireo.in,1,3499,PL2-2511-1
VR906421,C101717,VA-NB-ARC,2026-01-13,Flipkart,1,1299,ARC-2511-4
VR910056,C106849,VA-SW-NX1,2026-01-13,Flipkart,1,4999,NX1-2511-1
VR880846,C104441,VA-EB-PL2,2026-01-14,vireo.in,1,2974,PL2-2511-2
VR880874,C100443,VA-HP-ST3,2026-01-14,Flipkart,1,5949,ST3-2512-1
VR884401,C105178,VA-EB-PL2,2026-01-14,Amazon,1,2974,PL2-2512-3
VR884689,C105944,VA-SW-NX2,2026-01-14,vireo.in,2,11048,NX2-2511-3
VR884722,C106127,VA-EB-AIR,2026-01-14,Amazon,1,1799,AIR-2512-3
VR885043,C101291,VA-SW-NX2,2026-01-14,Amazon,1,5199,NX2-2511-1
VR886604,C104784,VA-EB-AIR,2026-01-14,Flipkart,1,1799,AIR-2510-3
VR887187,C100534,VA-EB-PL2,2026-01-14,vireo.in,1,3499,PL2-2512-2
VR887298,C108337,VA-EB-PL2,2026-01-14,vireo.in,2,5598,PL2-2512-3
VR887585,C108388,VA-SW-NX2,2026-01-14,vireo.in,2,12348,NX2-2510-1
VR887661,C108290,VA-EB-AIR,2026-01-14,vireo.in,1,1799,AIR-2510-2
VR888601,C108640,VA-NB-ARC,2026-01-14,vireo.in,1,1039,ARC-2512-1
VR889346,C107375,VA-EB-PL2,2026-01-14,vireo.in,1,2799,PL2-2511-4
VR890299,C102902,VA-EB-AIR,2026-01-14,vireo.in,1,1709,AIR-2511-1
VR892201,C101866,VA-EB-PL1,2026-01-14,vireo.in,2,4998,PL1-2510-1
VR893262,C107079,VA-SP-MINI,2026-01-14,Amazon,1,2249,MINI-2511-2
VR894891,C104177,VA-EB-PL2,2026-01-14,Amazon,1,3499,PL2-2512-3
VR898628,C107281,VA-SW-NX1,2026-01-14,vireo.in,1,4999,NX1-2511-2
VR899497,C108639,VA-SP-MINI,2026-01-14,vireo.in,1,2499,MINI-2511-1
VR900245,C103877,VA-EB-PL1,2026-01-14,Flipkart,1,2249,PL1-2511-3
VR901112,C102478,VA-EB-PL2,2026-01-14,Amazon,1,2799,PL2-2511-1
VR904164,C108696,VA-EB-AIR,2026-01-14,Flipkart,2,3598,AIR-2512-2
VR908778,C105882,VA-EB-PL1,2026-01-14,vireo.in,1,2249,PL1-2511-2
VR909492,C108293,VA-SW-NX1,2026-01-14,vireo.in,1,4499,NX1-2511-4
VR909858,C101135,VA-EB-PL2,2026-01-14,vireo.in,2,6998,PL2-2512-1
VR881573,C106289,VA-EB-PL1,2026-01-15,vireo.in,1,2499,PL1-2511-1
VR882265,C100251,VA-EB-PL2,2026-01-15,vireo.in,1,3499,PL2-2510-1
VR882622,C100163,VA-SW-FIT,2026-01-15,Amazon,1,1799,FIT-2511-4
VR882874,C106087,VA-EB-PL1,2026-01-15,Amazon,1,2249,PL1-2511-3
VR885186,C107667,VA-SW-FIT,2026-01-15,vireo.in,1,1999,FIT-2511-2
VR887987,C107950,VA-EB-PL2,2026-01-15,Amazon,1,3149,PL2-2510-2
VR889061,C107733,VA-SP-MINI,2026-01-15,Amazon,1,2499,MINI-2510-2
VR889909,C107381,VA-EB-PL2,2026-01-15,vireo.in,1,3499,PL2-2511-1
VR891334,C103979,VA-EB-PL2,2026-01-15,vireo.in,1,2974,PL2-2511-4
VR892593,C102935,VA-EB-PL2,2026-01-15,Amazon,1,3499,PL2-2512-3
VR894462,C109291,VA-EB-PL2,2026-01-15,Flipkart,1,3149,PL2-2512-3
VR895251,C108391,VA-AC-CASE,2026-01-15,Flipkart,1,1104,CASE-2510-2
VR895290,C105709,VA-EB-PL2,2026-01-15,vireo.in,1,3499,PL2-2511-1
VR895786,C103931,VA-EB-PL2,2026-01-15,Amazon,1,3499,PL2-2511-2
VR897270,C105343,VA-EB-PL2,2026-01-15,Flipkart,1,3499,PL2-2510-4
VR897866,C106239,VA-HP-ST3,2026-01-15,vireo.in,1,6999,ST3-2511-3
VR898447,C101488,VA-EB-PL2,2026-01-15,vireo.in,1,3499,PL2-2511-4
VR899358,C105008,VA-SP-ORB,2026-01-15,Amazon,1,5399,ORB-2511-4
VR900543,C107909,VA-EB-AIR,2026-01-15,vireo.in,1,1619,AIR-2511-4
VR901365,C106620,VA-SW-NX2,2026-01-15,vireo.in,1,6499,NX2-2511-3
VR903199,C103369,VA-SW-NX1,2026-01-15,vireo.in,1,4499,NX1-2509-4
VR903397,C101627,VA-SW-NX2,2026-01-15,vireo.in,1,5199,NX2-2512-1
VR904796,C101814,VA-SP-MINI,2026-01-15,Flipkart,1,2499,MINI-2512-3
VR905374,C107656,VA-EB-AIR,2026-01-15,vireo.in,1,1799,AIR-2510-4
VR906612,C104719,VA-EB-PL2,2026-01-15,Amazon,1,3499,PL2-2510-4
VR906978,C104318,VA-SW-FIT,2026-01-15,vireo.in,1,1599,FIT-2511-4
VR907273,C104774,VA-EB-PL2,2026-01-15,Flipkart,1,3499,PL2-2511-2
VR908102,C105112,VA-EB-AIR,2026-01-15,vireo.in,1,1439,AIR-2511-1
VR909394,C104333,VA-EB-AIR,2026-01-15,vireo.in,1,1619,AIR-2510-3
VR909496,C101021,VA-EB-PL1,2026-01-15,vireo.in,1,2124,PL1-2512-4
VR909917,C100779,VA-SW-NX2,2026-01-15,vireo.in,1,5849,NX2-2511-3
VR880930,C103274,VA-EB-PL1,2026-01-16,vireo.in,1,2499,PL1-2511-2
VR882071,C101282,VA-EB-PL2,2026-01-16,Flipkart,1,3499,PL2-2511-1
VR882642,C107801,VA-EB-PL2,2026-01-16,vireo.in,1,3324,PL2-2511-2
VR883086,C108417,VA-HP-ST2,2026-01-16,vireo.in,1,4249,ST2-2510-3
VR884801,C102586,VA-SW-NX1,2026-01-16,vireo.in,1,3999,NX1-2510-4
VR886077,C107831,VA-EB-PL1,2026-01-16,Flipkart,1,1999,PL1-2512-4
VR887589,C107550,VA-SW-NX2,2026-01-16,Amazon,1,6499,NX2-2511-4
VR889012,C105439,VA-HP-ST3,2026-01-16,vireo.in,1,6999,ST3-2511-2
VR890175,C109153,VA-EB-PL1,2026-01-16,vireo.in,1,2499,PL1-2511-4
VR891870,C105614,VA-EB-PL2,2026-01-16,Flipkart,1,3499,PL2-2510-4
VR892358,C105454,VA-EB-PL2,2026-01-16,vireo.in,1,2799,PL2-2511-3
VR892491,C107953,VA-HP-ST2,2026-01-16,vireo.in,1,4499,ST2-2511-4
VR893310,C103249,VA-HP-ST2,2026-01-16,Amazon,1,4749,ST2-2510-2
VR894099,C107245,VA-SP-MINI,2026-01-16,Amazon,1,2124,MINI-2511-1
VR896817,C103610,VA-HP-ST3,2026-01-16,vireo.in,1,6999,ST3-2510-1
VR897223,C103833,VA-NB-ARC,2026-01-16,vireo.in,1,1104,ARC-2510-2
VR897462,C106365,VA-SP-ORB,2026-01-16,Flipkart,1,5099,ORB-2510-4
VR898831,C103613,VA-SW-NX2,2026-01-16,vireo.in,1,6499,NX2-2512-2
VR899296,C106685,VA-EB-PL2,2026-01-16,Amazon,1,3149,PL2-2512-1
VR901346,C106519,VA-SW-NX1,2026-01-16,vireo.in,1,4249,NX1-2512-1
VR903597,C102576,VA-EB-PL2,2026-01-16,Amazon,1,3324,PL2-2512-3
VR904459,C106372,VA-EB-PL2,2026-01-16,Flipkart,1,3499,PL2-2511-1
VR904893,C102458,VA-EB-PL2,2026-01-16,vireo.in,1,3324,PL2-2511-4
VR905797,C106384,VA-EB-AIR,2026-01-16,vireo.in,2,3598,AIR-2511-4
VR906930,C100745,VA-EB-PL1,2026-01-16,Amazon,1,1999,PL1-2510-2
VR881709,C102716,VA-SW-NX2,2026-01-17,vireo.in,1,5199,NX2-2510-3
VR882459,C108350,VA-EB-PL2,2026-01-17,vireo.in,1,2799,PL2-2510-3
VR882933,C100918,VA-EB-PL2,2026-01-17,Amazon,1,3149,PL2-2512-1
VR884378,C106103,VA-EB-PL2,2026-01-17,vireo.in,1,3149,PL2-2511-1
VR885934,C104209,VA-EB-PL2,2026-01-17,Flipkart,1,3324,PL2-2511-2
VR890234,C102222,VA-EB-PL2,2026-01-17,vireo.in,1,3499,PL2-2512-2
VR891749,C105610,VA-SW-NX2,2026-01-17,vireo.in,1,5524,NX2-2510-2
VR892621,C100820,VA-EB-PL2,2026-01-17,Flipkart,1,3499,PL2-2512-3
VR892849,C108319,VA-EB-PL2,2026-01-17,vireo.in,1,3499,PL2-2511-2
VR892942,C101837,VA-EB-PL2,2026-01-17,Amazon,1,3324,PL2-2512-2
VR895066,C105873,VA-EB-AIR,2026-01-17,vireo.in,1,1799,AIR-2510-2
VR895625,C104180,VA-EB-PL2,2026-01-17,vireo.in,1,3149,PL2-2510-1
VR895912,C108974,VA-EB-PL2,2026-01-17,vireo.in,1,3324,PL2-2512-2
VR896344,C103465,VA-EB-PL2,2026-01-17,Amazon,1,2974,PL2-2512-4
VR897586,C106962,VA-EB-PL1,2026-01-17,vireo.in,1,2124,PL1-2511-1
VR897856,C106217,VA-SW-NX1,2026-01-17,Amazon,1,4999,NX1-2512-3
VR898243,C101128,VA-EB-PL2,2026-01-17,Flipkart,1,3324,PL2-2510-3
VR899814,C108155,VA-HP-ST3,2026-01-17,Amazon,1,5949,ST3-2512-3
VR900711,C106118,VA-EB-PL2,2026-01-17,Amazon,1,3149,PL2-2512-1
VR902067,C105325,VA-HP-ST2,2026-01-17,Flipkart,1,4499,ST2-2511-3
VR903600,C104219,VA-EB-PL1,2026-01-17,Amazon,2,4998,PL1-2510-3
VR904999,C109476,VA-EB-PL2,2026-01-17,vireo.in,1,2799,PL2-2511-4
VR906189,C106930,VA-EB-AIR,2026-01-17,vireo.in,1,1799,AIR-2510-2
VR906328,C103578,VA-SW-NX2,2026-01-17,Amazon,1,6499,NX2-2510-2
VR906487,C102527,VA-SW-NX2,2026-01-17,vireo.in,1,5524,NX2-2512-2
VR906931,C106820,VA-EB-PL2,2026-01-17,vireo.in,1,3149,PL2-2510-2
VR907222,C106202,VA-HP-ST2,2026-01-17,vireo.in,1,4499,ST2-2511-1
VR907748,C101699,VA-EB-PL1,2026-01-17,vireo.in,1,2124,PL1-2511-1
VR908124,C109210,VA-SP-ORB,2026-01-17,vireo.in,1,5399,ORB-2510-2
VR908749,C104493,VA-EB-PL2,2026-01-17,vireo.in,1,3149,PL2-2511-2
VR909653,C101559,VA-EB-PL2,2026-01-17,Amazon,1,3499,PL2-2510-4
VR909884,C103270,VA-EB-PL2,2026-01-17,vireo.in,1,2974,PL2-2512-1
VR910077,C108484,VA-NB-ARC,2026-01-17,Amazon,1,1299,ARC-2512-4
VR883087,C104716,VA-SW-FIT,2026-01-18,vireo.in,1,1799,FIT-2510-1
VR884229,C108643,VA-SW-NX2,2026-01-18,vireo.in,1,5199,NX2-2510-4
VR884467,C104269,VA-SW-NX1,2026-01-18,vireo.in,1,4749,NX1-2510-2
VR884747,C103092,VA-EB-PL1,2026-01-18,vireo.in,1,1999,PL1-2512-4
VR885432,C108494,VA-EB-PL2,2026-01-18,Flipkart,1,3499,PL2-2510-1
VR886846,C106563,VA-SW-NX2,2026-01-18,Flipkart,1,6499,NX2-2510-1
VR887883,C103996,VA-EB-PL2,2026-01-18,vireo.in,1,2799,PL2-2511-2
VR888028,C100024,VA-EB-PL2,2026-01-18,vireo.in,1,3499,PL2-2510-3
VR888231,C103458,VA-EB-PL2,2026-01-18,vireo.in,1,3499,PL2-2510-1
VR888586,C101121,VA-EB-PL2,2026-01-18,Flipkart,1,3499,PL2-2512-3
VR888668,C105608,VA-EB-PL2,2026-01-18,Amazon,1,2974,PL2-2510-4
VR889448,C100022,VA-EB-PL2,2026-01-18,vireo.in,1,3499,PL2-2510-4
VR890920,C109424,VA-EB-PL2,2026-01-18,vireo.in,1,3499,PL2-2511-3
VR891529,C100433,VA-HP-ST3,2026-01-18,Amazon,1,6999,ST3-2511-4
VR893272,C105681,VA-SW-NX2,2026-01-18,Amazon,1,6499,NX2-2510-1
VR893958,C100121,VA-NB-ARC,2026-01-18,Amazon,2,2338,ARC-2511-2
VR897055,C104502,VA-SW-NX1,2026-01-18,vireo.in,1,4999,NX1-2512-2
VR897501,C103292,VA-SP-ORB,2026-01-18,vireo.in,1,4799,ORB-2511-4
VR898652,C103203,VA-EB-PL2,2026-01-18,Flipkart,1,3499,PL2-2510-2
VR900026,C105257,VA-EB-PL2,2026-01-18,vireo.in,1,3324,PL2-2510-2
VR900700,C107059,VA-EB-PL1,2026-01-18,vireo.in,1,2499,PL1-2512-4
VR900957,C101225,VA-EB-PL2,2026-01-18,Flipkart,1,3499,PL2-2510-2
VR901803,C101963,VA-EB-PL2,2026-01-18,Flipkart,1,3324,PL2-2510-2
VR902806,C103936,VA-EB-PL2,2026-01-18,vireo.in,1,3324,PL2-2511-3
VR904801,C108513,VA-EB-PL2,2026-01-18,Amazon,1,2799,PL2-2511-4
VR905017,C102014,VA-EB-PL2,2026-01-18,Amazon,1,3499,PL2-2510-3
VR905387,C105526,VA-EB-PL2,2026-01-18,vireo.in,1,3149,PL2-2510-1
VR905750,C100464,VA-NB-ARC,2026-01-18,vireo.in,1,1299,ARC-2510-1
VR905933,C105590,VA-EB-PL2,2026-01-18,vireo.in,1,3499,PL2-2512-1
VR906320,C105064,VA-SW-NX2,2026-01-18,Amazon,1,5849,NX2-2510-3
VR906590,C102653,VA-HP-ST2,2026-01-18,vireo.in,2,8498,ST2-2510-2
VR907024,C108884,VA-SW-NX1,2026-01-18,vireo.in,1,4749,NX1-2511-1
VR908357,C102432,VA-EB-PL2,2026-01-18,vireo.in,1,3149,PL2-2512-1
VR909471,C104853,VA-SW-NX2,2026-01-18,vireo.in,2,10398,NX2-2511-3
VR880096,C104379,VA-EB-PL1,2026-01-19,vireo.in,1,2249,PL1-2511-1
VR882511,C102616,VA-EB-PL1,2026-01-19,vireo.in,1,2499,PL1-2512-1
VR883748,C108398,VA-AC-CBL,2026-01-19,vireo.in,1,399,CBL-2512-4
VR883949,C102770,VA-EB-PL2,2026-01-19,vireo.in,1,3499,PL2-2510-1
VR884663,C104529,VA-SP-ORB,2026-01-19,Amazon,1,5999,ORB-2511-2
VR885681,C108984,VA-EB-PL2,2026-01-19,Flipkart,1,3499,PL2-2510-1
VR887259,C102180,VA-EB-PL1,2026-01-19,Flipkart,1,2249,PL1-2511-1
VR887808,C102157,VA-EB-PL2,2026-01-19,Amazon,1,3499,PL2-2510-1
VR887838,C104875,VA-SP-MINI,2026-01-19,vireo.in,1,2499,MINI-2511-1
VR889177,C104709,VA-EB-PL1,2026-01-19,Amazon,1,1999,PL1-2510-1
VR889550,C101375,VA-HP-ST3,2026-01-19,vireo.in,1,6299,ST3-2510-4
VR890877,C101421,VA-SW-FIT,2026-01-19,Flipkart,1,1899,FIT-2511-4
VR891023,C101955,VA-EB-PL2,2026-01-19,Flipkart,1,3499,PL2-2511-3
VR896662,C103332,VA-EB-PL2,2026-01-19,vireo.in,1,2974,PL2-2512-2
VR897745,C107338,VA-SW-NX1,2026-01-19,vireo.in,1,4249,NX1-2510-2
VR898074,C101513,VA-EB-PL2,2026-01-19,vireo.in,1,3499,PL2-2510-4
VR899604,C108504,VA-EB-PL2,2026-01-19,vireo.in,1,3499,PL2-2511-2
VR901351,C104941,VA-EB-PL2,2026-01-19,vireo.in,1,3149,PL2-2512-3
VR902361,C106219,VA-EB-PL2,2026-01-19,Amazon,1,3499,PL2-2511-1
VR902767,C104679,VA-EB-PL2,2026-01-19,vireo.in,1,2974,PL2-2510-3
VR902962,C106675,VA-SW-NX1,2026-01-19,vireo.in,1,4749,NX1-2510-2
VR904351,C100739,VA-HP-ST3,2026-01-19,vireo.in,1,6649,ST3-2510-1
VR905315,C103009,VA-EB-PL1,2026-01-19,Amazon,1,2499,PL1-2510-3
VR905526,C106546,VA-SP-ORB,2026-01-19,Flipkart,1,5999,ORB-2512-4
VR908408,C108639,VA-EB-PL2,2026-01-19,Flipkart,1,2974,PL2-2510-2
VR908714,C107758,VA-EB-PL1,2026-01-19,vireo.in,1,2499,PL1-2512-1
VR880279,C106765,VA-EB-PL1,2026-01-20,vireo.in,1,2124,PL1-2512-4
VR881295,C108231,VA-EB-PL1,2026-01-20,vireo.in,1,2499,PL1-2512-4
VR881836,C101413,VA-EB-PL2,2026-01-20,vireo.in,1,3499,PL2-2511-1
VR881891,C100348,VA-EB-AIR,2026-01-20,Flipkart,1,1799,AIR-2511-2
VR884476,C105830,VA-EB-PL2,2026-01-20,vireo.in,1,3499,PL2-2511-2
VR885704,C108976,VA-SW-FIT,2026-01-20,vireo.in,1,1999,FIT-2510-1
VR886451,C102075,VA-SW-NX1,2026-01-20,vireo.in,1,4999,NX1-2511-2
VR888075,C104578,VA-EB-PL2,2026-01-20,vireo.in,1,3499,PL2-2512-4
VR888204,C101967,VA-HP-ST2,2026-01-20,Flipkart,1,4499,ST2-2511-2
VR888435,C101105,VA-EB-PL2,2026-01-20,Flipkart,1,3499,PL2-2511-1
VR888630,C100338,VA-EB-PL1,2026-01-20,Amazon,1,2249,PL1-2511-2
VR889415,C102501,VA-EB-PL2,2026-01-20,Amazon,1,3324,PL2-2512-3
VR889453,C108856,VA-EB-PL2,2026-01-20,Amazon,1,3324,PL2-2512-1
VR890411,C106550,VA-EB-PL2,2026-01-20,vireo.in,1,3499,PL2-2510-3
VR890990,C100098,VA-SW-FIT,2026-01-20,Flipkart,1,1699,FIT-2512-4
VR892525,C102322,VA-SP-MINI,2026-01-20,Flipkart,1,2124,MINI-2511-3
VR893119,C102143,VA-EB-PL1,2026-01-20,Amazon,1,1999,PL1-2510-2
VR893380,C105619,VA-AC-CH65,2026-01-20,Amazon,1,1274,CH65-2512-4
VR894227,C101337,VA-SW-NX2,2026-01-20,vireo.in,1,6499,NX2-2510-3
VR894896,C108177,VA-EB-PL2,2026-01-20,vireo.in,1,3149,PL2-2510-4
VR896471,C100743,VA-SP-MINI,2026-01-20,Flipkart,1,1999,MINI-2511-2
VR896602,C101557,VA-NB-ARC,2026-01-20,Amazon,1,1104,ARC-2510-4
VR896870,C104343,VA-SW-FIT,2026-01-20,vireo.in,1,1999,FIT-2511-3
VR897687,C108467,VA-SP-MINI,2026-01-20,Amazon,1,2499,MINI-2511-4
VR898595,C102428,VA-NB-ARC,2026-01-20,vireo.in,1,1299,ARC-2511-2
VR899303,C102880,VA-EB-PL2,2026-01-20,vireo.in,2,5948,PL2-2510-4
VR900190,C102990,VA-HP-ST3,2026-01-20,Amazon,1,6299,ST3-2510-2
VR901286,C105755,VA-SP-MINI,2026-01-20,Flipkart,1,2499,MINI-2511-4
VR902798,C103870,VA-EB-PL1,2026-01-20,Flipkart,1,1999,PL1-2512-3
VR903467,C100936,VA-SP-MINI,2026-01-20,Amazon,1,2499,MINI-2510-4
VR905012,C100225,VA-AC-CH65,2026-01-20,vireo.in,1,1499,CH65-2512-3
VR905891,C103404,VA-SP-ORB,2026-01-20,vireo.in,1,5999,ORB-2510-3
VR906142,C101013,VA-NB-ARC,2026-01-20,Amazon,1,1104,ARC-2510-3
VR907607,C108772,VA-EB-PL1,2026-01-20,Amazon,1,2499,PL1-2512-3
VR908841,C103926,VA-EB-PL2,2026-01-20,Flipkart,1,3499,PL2-2510-2
VR909267,C100045,VA-EB-PL2,2026-01-20,vireo.in,1,2974,PL2-2510-2
VR881431,C101614,VA-SW-NX2,2026-01-21,vireo.in,1,6499,NX2-2511-4
VR882255,C103182,VA-SP-ORB,2026-01-21,Amazon,1,5699,ORB-2511-4
VR883898,C105515,VA-EB-PL2,2026-01-21,vireo.in,1,3499,PL2-2511-3
VR884998,C100098,VA-EB-PL1,2026-01-21,vireo.in,1,2499,PL1-2511-2
VR888032,C100804,VA-SW-FIT,2026-01-21,Amazon,1,1999,FIT-2510-3
VR890218,C103983,VA-HP-ST2,2026-01-21,vireo.in,1,4999,ST2-2512-1
VR892169,C102083,VA-EB-PL1,2026-01-21,Flipkart,1,1999,PL1-2601-4
VR895324,C101435,VA-SP-ORB,2026-01-21,Amazon,1,5099,ORB-2512-3
VR897493,C101513,VA-SW-NX2,2026-01-21,vireo.in,1,6499,NX2-2512-2
VR898964,C103970,VA-SW-FIT,2026-01-21,vireo.in,1,1799,FIT-2512-1
VR899062,C104721,VA-EB-PL2,2026-01-21,Amazon,1,3499,PL2-2511-4
VR901860,C109056,VA-SW-FIT,2026-01-21,vireo.in,1,1999,FIT-2512-3
VR901950,C102265,VA-EB-PL1,2026-01-21,vireo.in,2,4748,PL1-2512-2
VR902942,C100619,VA-SW-NX2,2026-01-21,Flipkart,1,6174,NX2-2511-3
VR906832,C108496,VA-EB-PL2,2026-01-21,Amazon,1,3149,PL2-2512-1
VR907400,C107057,VA-EB-PL2,2026-01-21,Amazon,1,3149,PL2-2511-1
VR908819,C104207,VA-SW-NX2,2026-01-21,vireo.in,1,6499,NX2-2512-4
VR909664,C108746,VA-AC-CASE,2026-01-21,Amazon,1,1234,CASE-2510-1
VR880262,C102089,VA-AC-CASE,2026-01-22,Amazon,1,1299,CASE-2511-1
VR880716,C103852,VA-EB-PL2,2026-01-22,Amazon,1,3499,PL2-2601-2
VR881188,C104681,VA-SP-MINI,2026-01-22,vireo.in,1,2249,MINI-2511-3
VR881467,C102998,VA-SP-MINI,2026-01-22,vireo.in,2,4998,MINI-2510-2
VR883233,C102656,VA-EB-PL2,2026-01-22,Amazon,1,3499,PL2-2511-3
VR883523,C108030,VA-EB-AIR,2026-01-22,Amazon,1,1709,AIR-2512-4
VR883777,C105153,VA-EB-PL2,2026-01-22,Amazon,1,3149,PL2-2512-3
VR884988,C107602,VA-EB-PL2,2026-01-22,Amazon,1,3149,PL2-2510-4
VR885018,C100663,VA-EB-PL2,2026-01-22,Amazon,1,2799,PL2-2511-1
VR889994,C102068,VA-SW-FIT,2026-01-22,vireo.in,1,1999,FIT-2511-2
VR890420,C101357,VA-EB-PL1,2026-01-22,Amazon,2,4748,PL1-2510-4
VR891442,C100298,VA-SP-MINI,2026-01-22,vireo.in,1,2249,MINI-2510-3
VR892857,C104883,VA-SW-FIT,2026-01-22,Amazon,1,1599,FIT-2510-3
VR893434,C103033,VA-SW-NX2,2026-01-22,Amazon,1,5849,NX2-2510-1
VR893518,C104225,VA-EB-PL2,2026-01-22,vireo.in,2,5948,PL2-2512-2
VR895638,C103217,VA-SW-NX1,2026-01-22,Flipkart,2,7998,NX1-2511-4
VR898142,C101142,VA-EB-PL2,2026-01-22,vireo.in,1,3324,PL2-2510-4
VR900353,C106472,VA-AC-CASE,2026-01-22,vireo.in,1,1234,CASE-2511-1
VR900377,C107871,VA-SW-NX2,2026-01-22,vireo.in,1,6499,NX2-2511-1
VR901965,C105956,VA-EB-PL1,2026-01-22,vireo.in,2,4998,PL1-2511-3
VR902411,C102270,VA-EB-PL2,2026-01-22,vireo.in,1,3499,PL2-2512-2
VR903542,C106158,VA-SP-MINI,2026-01-22,vireo.in,2,4998,MINI-2512-3
VR904107,C102906,VA-SW-NX2,2026-01-22,vireo.in,1,6499,NX2-2510-4
VR904609,C107337,VA-SW-NX2,2026-01-22,Amazon,1,6499,NX2-2512-3
VR908588,C100455,VA-SP-ORB,2026-01-22,Amazon,1,5099,ORB-2512-1
VR909519,C103639,VA-EB-PL2,2026-01-22,Flipkart,2,6998,PL2-2512-2
VR881046,C101899,VA-HP-ST3,2026-01-23,vireo.in,1,5949,ST3-2601-4
VR881515,C104758,VA-SW-NX2,2026-01-23,Amazon,1,6499,NX2-2512-3
VR881687,C105686,VA-EB-PL2,2026-01-23,vireo.in,1,2974,PL2-2512-3
VR882848,C101042,VA-EB-PL2,2026-01-23,vireo.in,1,2974,PL2-2512-3
VR883162,C102563,VA-SP-MINI,2026-01-23,vireo.in,1,2124,MINI-2510-1
VR883551,C104772,VA-EB-AIR,2026-01-23,Amazon,1,1799,AIR-2512-3
VR885005,C102887,VA-EB-PL2,2026-01-23,vireo.in,1,3324,PL2-2510-3
VR885811,C100620,VA-EB-PL2,2026-01-23,vireo.in,1,2799,PL2-2511-2
VR885861,C102960,VA-EB-AIR,2026-01-23,Flipkart,1,1529,AIR-2511-2
VR886502,C109219,VA-AC-CBL,2026-01-23,vireo.in,1,319,CBL-2601-1
VR887148,C105760,VA-HP-ST2,2026-01-23,vireo.in,1,3999,ST2-2512-3
VR888732,C104123,VA-EB-PL1,2026-01-23,vireo.in,1,2499,PL1-2512-2
VR890849,C101732,VA-SW-FIT,2026-01-23,vireo.in,1,1899,FIT-2512-2
VR891221,C105017,VA-SW-NX2,2026-01-23,vireo.in,1,6499,NX2-2511-3
VR891292,C102511,VA-EB-PL1,2026-01-23,vireo.in,1,2249,PL1-2511-3
VR891924,C102791,VA-HP-ST3,2026-01-23,vireo.in,1,6299,ST3-2511-4
VR892856,C102105,VA-SP-MINI,2026-01-23,vireo.in,1,1999,MINI-2511-3
VR892939,C107763,VA-EB-PL2,2026-01-23,Amazon,1,3499,PL2-2512-4
VR893688,C100444,VA-SP-MINI,2026-01-23,Amazon,1,2374,MINI-2512-3
VR895996,C102192,VA-SW-NX2,2026-01-23,vireo.in,1,6499,NX2-2512-3
VR898125,C108706,VA-EB-PL1,2026-01-23,Amazon,1,2374,PL1-2512-1
VR899690,C102711,VA-EB-PL1,2026-01-23,Amazon,1,2374,PL1-2510-4
VR900289,C106408,VA-EB-PL1,2026-01-23,vireo.in,1,2249,PL1-2510-2
VR900395,C105159,VA-SW-FIT,2026-01-23,vireo.in,1,1599,FIT-2512-2
VR901259,C107416,VA-EB-PL1,2026-01-23,Amazon,1,2374,PL1-2510-3
VR903753,C102257,VA-EB-PL2,2026-01-23,Flipkart,1,3324,PL2-2511-3
VR907841,C101119,VA-HP-ST2,2026-01-23,Amazon,2,9998,ST2-2511-4
VR907974,C104177,VA-EB-PL2,2026-01-23,Flipkart,1,3499,PL2-2512-3
VR908858,C104225,VA-EB-PL1,2026-01-23,vireo.in,1,2499,PL1-2510-4
VR909678,C108524,VA-SP-ORB,2026-01-23,Amazon,1,5399,ORB-2510-2
VR910081,C108437,VA-EB-PL2,2026-01-23,vireo.in,1,3324,PL2-2510-2
VR880012,C106410,VA-SP-MINI,2026-01-24,Amazon,1,2499,MINI-2511-1
VR882038,C106167,VA-EB-PL2,2026-01-24,vireo.in,1,3324,PL2-2511-3
VR882048,C101386,VA-EB-PL1,2026-01-24,vireo.in,1,1999,PL1-2511-4
VR884055,C104814,VA-SW-NX2,2026-01-24,vireo.in,1,5524,NX2-2512-1
VR886090,C101214,VA-HP-ST3,2026-01-24,vireo.in,1,5599,ST3-2512-4
VR886511,C106705,VA-EB-PL2,2026-01-24,vireo.in,1,3324,PL2-2510-4
VR887246,C106912,VA-EB-PL2,2026-01-24,vireo.in,1,2799,PL2-2512-1
VR887727,C101812,VA-EB-PL2,2026-01-24,Amazon,1,3149,PL2-2510-2
VR889668,C100124,VA-EB-PL2,2026-01-24,vireo.in,1,3499,PL2-2511-2
VR891634,C101854,VA-SP-ORB,2026-01-24,vireo.in,1,5999,ORB-2511-1
VR891682,C100478,VA-EB-PL1,2026-01-24,Amazon,1,2499,PL1-2510-3
VR891706,C108260,VA-AC-CASE,2026-01-24,vireo.in,1,1299,CASE-2511-4
VR891808,C108997,VA-EB-PL2,2026-01-24,vireo.in,1,3149,PL2-2510-3
VR892164,C102863,VA-EB-PL2,2026-01-24,Flipkart,1,3499,PL2-2512-2
VR892835,C106497,VA-EB-PL2,2026-01-24,vireo.in,1,3324,PL2-2512-2
VR893522,C101004,VA-EB-PL2,2026-01-24,Amazon,1,3149,PL2-2512-1
VR893733,C103299,VA-EB-PL2,2026-01-24,vireo.in,1,2974,PL2-2510-1
VR894487,C100622,VA-HP-ST2,2026-01-24,vireo.in,1,3999,ST2-2512-3
VR895578,C103694,VA-SP-MINI,2026-01-24,vireo.in,1,1999,MINI-2510-2
VR895615,C102677,VA-SW-NX2,2026-01-24,vireo.in,1,6174,NX2-2511-1
VR898972,C106120,VA-EB-PL2,2026-01-24,Flipkart,1,2974,PL2-2511-2
VR899317,C103342,VA-SW-FIT,2026-01-24,Flipkart,1,1799,FIT-2511-1
VR900465,C105042,VA-EB-PL2,2026-01-24,Flipkart,1,3499,PL2-2511-1
VR901295,C107433,VA-NB-ARC,2026-01-24,vireo.in,1,1169,ARC-2511-3
VR901910,C101685,VA-SW-NX1,2026-01-24,Amazon,1,4999,NX1-2511-2
VR904821,C106599,VA-SP-ORB,2026-01-24,Amazon,1,5099,ORB-2511-3
VR905569,C107278,VA-EB-AIR,2026-01-24,vireo.in,1,1709,AIR-2511-1
VR905786,C104215,VA-EB-PL2,2026-01-24,vireo.in,1,3499,PL2-2510-1
VR906924,C100014,VA-EB-PL1,2026-01-24,vireo.in,2,4998,PL1-2601-2
VR907379,C107804,VA-AC-CASE,2026-01-24,Amazon,1,1169,CASE-2601-2
VR907471,C104888,VA-SP-ORB,2026-01-24,vireo.in,1,5999,ORB-2511-3
VR908461,C109411,VA-SW-NX2,2026-01-24,vireo.in,1,6174,NX2-2510-4
VR909177,C105049,VA-EB-AIR,2026-01-24,Flipkart,1,1799,AIR-2510-2
VR880001,C108400,VA-SW-FIT,2026-01-25,Amazon,1,1999,FIT-2511-1
VR882166,C104135,VA-SP-MINI,2026-01-25,vireo.in,1,2499,MINI-2511-4
VR883593,C101966,VA-AC-CASE,2026-01-25,Flipkart,1,1104,CASE-2511-1
VR887169,C106842,VA-HP-ST3,2026-01-25,Flipkart,1,6649,ST3-2510-3
VR890010,C102530,VA-SW-NX1,2026-01-25,vireo.in,1,4249,NX1-2512-3
VR891199,C104747,VA-EB-PL1,2026-01-25,Amazon,1,2499,PL1-2511-2
VR891776,C101951,VA-EB-PL2,2026-01-25,vireo.in,1,2974,PL2-2512-4
VR892014,C101609,VA-AC-CH65,2026-01-25,vireo.in,1,1424,CH65-2511-3
VR893768,C109453,VA-EB-PL1,2026-01-25,vireo.in,1,2499,PL1-2510-4
VR894626,C106180,VA-NB-ARC,2026-01-25,Amazon,1,1299,ARC-2510-1
VR895005,C108073,VA-SP-MINI,2026-01-25,vireo.in,1,1999,MINI-2511-1
VR895021,C105534,VA-EB-PL2,2026-01-25,Amazon,1,2799,PL2-2510-4
VR896550,C108656,VA-HP-ST2,2026-01-25,vireo.in,1,4999,ST2-2510-1
VR896689,C108658,VA-SW-NX2,2026-01-25,Amazon,1,6174,NX2-2512-4
VR898575,C100493,VA-HP-ST3,2026-01-25,Flipkart,1,5949,ST3-2512-2
VR899084,C103188,VA-SP-MINI,2026-01-25,vireo.in,1,2124,MINI-2510-2
VR899341,C102548,VA-EB-PL2,2026-01-25,vireo.in,1,3499,PL2-2511-4
VR901060,C107604,VA-EB-PL2,2026-01-25,vireo.in,1,3324,PL2-2511-3
VR901557,C108212,VA-HP-ST3,2026-01-25,vireo.in,1,6999,ST3-2512-4
VR903030,C108441,VA-SP-ORB,2026-01-25,Flipkart,1,5999,ORB-2511-2
VR904574,C103930,VA-EB-PL2,2026-01-25,vireo.in,1,2974,PL2-2512-3
VR906563,C108806,VA-EB-PL2,2026-01-25,vireo.in,1,3149,PL2-2511-1
VR907313,C102741,VA-NB-ARC,2026-01-25,Amazon,1,1299,ARC-2510-3
VR909515,C103913,VA-HP-ST2,2026-01-25,vireo.in,1,4999,ST2-2512-3
VR880018,C103569,VA-EB-PL2,2026-01-26,Flipkart,1,3499,PL2-2511-2
VR882389,C109123,VA-EB-PL2,2026-01-26,Flipkart,1,2799,PL2-2510-4
VR882650,C106446,VA-EB-PL1,2026-01-26,vireo.in,1,2249,PL1-2512-1
VR885563,C104402,VA-HP-ST2,2026-01-26,vireo.in,1,4999,ST2-2511-1
VR885938,C108893,VA-SW-NX2,2026-01-26,vireo.in,1,6499,NX2-2510-1
VR886255,C105258,VA-EB-PL2,2026-01-26,vireo.in,1,3499,PL2-2512-4
VR887862,C103810,VA-EB-PL2,2026-01-26,vireo.in,1,3499,PL2-2512-4
VR889936,C101468,VA-EB-PL2,2026-01-26,Amazon,2,6298,PL2-2512-2
VR891959,C100013,VA-EB-PL1,2026-01-26,vireo.in,1,2124,PL1-2512-2
VR893440,C100309,VA-SP-MINI,2026-01-26,Amazon,1,2499,MINI-2512-4
VR893678,C104604,VA-SP-ORB,2026-01-26,vireo.in,1,5999,ORB-2512-2
VR893738,C108731,VA-SP-ORB,2026-01-26,Flipkart,1,5399,ORB-2511-2
VR897797,C107980,VA-EB-PL2,2026-01-26,Amazon,1,2974,PL2-2511-2
VR900625,C103585,VA-HP-ST3,2026-01-26,vireo.in,1,6999,ST3-2512-1
VR900902,C100987,VA-EB-PL2,2026-01-26,vireo.in,1,3499,PL2-2510-2
VR901190,C104179,VA-SP-ORB,2026-01-26,Amazon,1,5999,ORB-2511-3
VR902389,C105159,VA-EB-PL2,2026-01-26,Amazon,1,3499,PL2-2510-3
VR903167,C102137,VA-EB-AIR,2026-01-26,Amazon,1,1799,AIR-2510-4
VR906824,C101408,VA-EB-PL1,2026-01-26,Amazon,1,2499,PL1-2601-2
VR906838,C102739,VA-EB-AIR,2026-01-26,vireo.in,1,1799,AIR-2511-1
VR908281,C108553,VA-EB-PL2,2026-01-26,Flipkart,1,3499,PL2-2511-4
VR880536,C101425,VA-EB-PL2,2026-01-27,vireo.in,1,3324,PL2-2511-4
VR881560,C105760,VA-EB-PL2,2026-01-27,vireo.in,1,2799,PL2-2511-2
VR882290,C107142,VA-SP-ORB,2026-01-27,Amazon,2,9598,ORB-2511-3
VR883941,C101895,VA-SW-FIT,2026-01-27,vireo.in,1,1699,FIT-2601-2
VR887068,C103604,VA-EB-PL1,2026-01-27,vireo.in,1,2499,PL1-2511-2
VR888558,C104958,VA-HP-ST3,2026-01-27,vireo.in,1,5949,ST3-2512-1
VR889052,C100065,VA-EB-PL2,2026-01-27,Flipkart,1,3149,PL2-2512-4
VR891018,C108003,VA-EB-PL2,2026-01-27,vireo.in,1,3149,PL2-2512-1
VR891866,C102916,VA-EB-AIR,2026-01-27,Amazon,1,1799,AIR-2510-3
VR895210,C103963,VA-SW-FIT,2026-01-27,Flipkart,1,1899,FIT-2510-1
VR896421,C102394,VA-EB-PL1,2026-01-27,Amazon,1,2499,PL1-2511-4
VR896525,C107955,VA-SW-NX2,2026-01-27,vireo.in,1,5199,NX2-2601-2
VR897627,C103892,VA-HP-ST3,2026-01-27,vireo.in,1,5949,ST3-2510-2
VR897664,C103646,VA-SP-MINI,2026-01-27,vireo.in,1,2124,MINI-2510-1
VR897702,C101747,VA-EB-PL2,2026-01-27,vireo.in,1,2974,PL2-2512-1
VR897807,C106854,VA-EB-PL2,2026-01-27,vireo.in,1,2799,PL2-2511-3
VR897843,C102609,VA-EB-AIR,2026-01-27,Flipkart,1,1619,AIR-2510-1
VR898292,C106410,VA-AC-CBL,2026-01-27,vireo.in,1,359,CBL-2511-2
VR900325,C105087,VA-SP-ORB,2026-01-27,Amazon,1,5999,ORB-2601-2
VR904558,C106479,VA-AC-CASE,2026-01-27,vireo.in,1,1169,CASE-2512-2
VR906218,C106741,VA-HP-ST3,2026-01-27,vireo.in,1,6299,ST3-2512-4
VR906470,C101856,VA-EB-PL2,2026-01-27,vireo.in,1,3499,PL2-2512-2
VR906969,C103683,VA-EB-PL1,2026-01-27,Amazon,1,2124,PL1-2512-1
VR909152,C104099,VA-EB-PL1,2026-01-27,Amazon,1,2374,PL1-2511-1
VR909965,C109139,VA-EB-PL2,2026-01-27,Amazon,1,3149,PL2-2511-2
VR880737,C106914,VA-AC-CH65,2026-01-28,vireo.in,1,1499,CH65-2511-1
VR882274,C100727,VA-SW-FIT,2026-01-28,vireo.in,1,1999,FIT-2510-1
VR882659,C103538,VA-HP-ST3,2026-01-28,Amazon,1,6999,ST3-2510-4
VR882750,C103898,VA-SW-NX2,2026-01-28,Flipkart,1,6499,NX2-2510-3
VR882947,C107875,VA-NB-ARC,2026-01-28,Amazon,1,1299,ARC-2512-3
VR884311,C101268,VA-SW-FIT,2026-01-28,Amazon,1,1999,FIT-2510-1
VR886443,C102548,VA-SP-ORB,2026-01-28,vireo.in,2,11998,ORB-2511-2
VR887349,C103841,VA-NB-ARC,2026-01-28,Amazon,1,1234,ARC-2511-2
VR887746,C100852,VA-EB-PL1,2026-01-28,Flipkart,1,2124,PL1-2510-2
VR889076,C107904,VA-EB-PL2,2026-01-28,vireo.in,2,5948,PL2-2511-4
VR889258,C107722,VA-EB-PL2,2026-01-28,vireo.in,1,2799,PL2-2511-2
VR889520,C103925,VA-EB-PL2,2026-01-28,Amazon,1,3499,PL2-2511-1
VR890904,C103659,VA-SP-MINI,2026-01-28,Amazon,1,2124,MINI-2601-2
VR893297,C100636,VA-EB-PL2,2026-01-28,Amazon,1,2799,PL2-2511-4
VR896179,C101216,VA-EB-PL1,2026-01-28,Amazon,1,2124,PL1-2511-2
VR896847,C105377,VA-EB-AIR,2026-01-28,vireo.in,1,1799,AIR-2511-4
VR897834,C108387,VA-EB-PL2,2026-01-28,vireo.in,1,2974,PL2-2512-4
VR897872,C106673,VA-SW-NX2,2026-01-28,vireo.in,1,6174,NX2-2512-2
VR897925,C106495,VA-EB-PL2,2026-01-28,Amazon,1,3324,PL2-2511-4
VR898384,C101702,VA-HP-ST3,2026-01-28,Amazon,1,5949,ST3-2511-4
VR901401,C102210,VA-EB-PL2,2026-01-28,vireo.in,1,3499,PL2-2512-1
VR902136,C105526,VA-EB-PL1,2026-01-28,vireo.in,1,1999,PL1-2512-3
VR908098,C102921,VA-EB-AIR,2026-01-28,vireo.in,1,1799,AIR-2512-2
VR909293,C106625,VA-SW-NX2,2026-01-28,Amazon,1,6499,NX2-2511-2
VR909626,C108389,VA-SW-NX2,2026-01-28,vireo.in,1,5849,NX2-2511-2
VR887119,C103586,VA-EB-PL2,2026-01-29,vireo.in,1,3499,PL2-2512-2
VR887608,C103060,VA-EB-PL2,2026-01-29,Flipkart,1,3499,PL2-2511-3
VR891171,C106623,VA-EB-PL1,2026-01-29,vireo.in,1,2499,PL1-2510-3
VR892681,C108668,VA-EB-PL2,2026-01-29,Amazon,1,3499,PL2-2512-3
VR894477,C102077,VA-AC-CH65,2026-01-29,Flipkart,1,1499,CH65-2511-1
VR895080,C102613,VA-EB-PL2,2026-01-29,vireo.in,1,3324,PL2-2511-4
VR895918,C106027,VA-EB-PL2,2026-01-29,Amazon,1,3499,PL2-2510-4
VR897672,C105795,VA-EB-PL2,2026-01-29,vireo.in,1,3149,PL2-2510-2
VR897823,C104968,VA-EB-PL2,2026-01-29,Flipkart,1,3149,PL2-2512-1
VR898212,C108945,VA-EB-PL2,2026-01-29,vireo.in,1,3324,PL2-2512-1
VR898298,C108369,VA-HP-ST3,2026-01-29,vireo.in,1,6999,ST3-2510-2
VR898746,C100687,VA-SW-NX2,2026-01-29,vireo.in,1,6499,NX2-2511-3
VR899931,C100156,VA-SW-NX2,2026-01-29,vireo.in,1,6174,NX2-2511-2
VR900323,C106212,VA-SP-MINI,2026-01-29,Amazon,1,2249,MINI-2511-1
VR901301,C104206,VA-SP-ORB,2026-01-29,Flipkart,1,5099,ORB-2512-1
VR901564,C100413,VA-SP-MINI,2026-01-29,vireo.in,1,1999,MINI-2510-2
VR901681,C100782,VA-HP-ST3,2026-01-29,Amazon,1,6999,ST3-2512-2
VR902111,C109471,VA-EB-AIR,2026-01-29,vireo.in,1,1709,AIR-2512-4
VR903179,C108190,VA-SW-FIT,2026-01-29,Amazon,1,1599,FIT-2512-4
VR903314,C103993,VA-EB-PL2,2026-01-29,Amazon,2,6298,PL2-2601-3
VR903637,C104891,VA-EB-PL2,2026-01-29,vireo.in,1,3499,PL2-2511-1
VR905637,C100057,VA-EB-PL2,2026-01-29,Flipkart,1,3499,PL2-2511-2
VR907728,C103228,VA-SW-NX1,2026-01-29,vireo.in,1,4999,NX1-2510-3
VR908625,C109174,VA-HP-ST2,2026-01-29,vireo.in,1,4749,ST2-2510-1
VR908791,C105126,VA-SW-FIT,2026-01-29,Amazon,1,1999,FIT-2511-2
VR880009,C100200,VA-HP-ST3,2026-01-30,vireo.in,1,6999,ST3-2512-4
VR880589,C108900,VA-SW-NX2,2026-01-30,Amazon,1,6499,NX2-2510-2
VR881313,C103809,VA-EB-PL2,2026-01-30,Amazon,1,3499,PL2-2510-3
VR881426,C106812,VA-EB-PL1,2026-01-30,vireo.in,1,1999,PL1-2510-3
VR881973,C105935,VA-EB-PL2,2026-01-30,Amazon,1,3499,PL2-2511-4
VR882179,C108858,VA-SP-ORB,2026-01-30,Amazon,1,5999,ORB-2511-2
VR883742,C108895,VA-EB-AIR,2026-01-30,vireo.in,1,1439,AIR-2511-1
VR885593,C105682,VA-SW-NX2,2026-01-30,Amazon,1,6499,NX2-2512-3
VR886828,C102942,VA-SP-MINI,2026-01-30,vireo.in,1,2499,MINI-2511-1
VR888240,C107146,VA-SW-NX2,2026-01-30,vireo.in,1,5849,NX2-2510-4
VR889277,C107727,VA-EB-PL2,2026-01-30,vireo.in,1,2974,PL2-2512-1
VR890152,C107940,VA-SW-FIT,2026-01-30,vireo.in,1,1999,FIT-2512-4
VR890645,C105161,VA-HP-ST3,2026-01-30,vireo.in,1,5599,ST3-2510-2
VR892240,C109025,VA-EB-PL2,2026-01-30,Amazon,1,3499,PL2-2511-1
VR894624,C102831,VA-EB-PL2,2026-01-30,Flipkart,1,3149,PL2-2510-3
VR894936,C103673,VA-EB-PL2,2026-01-30,Flipkart,1,3324,PL2-2512-2
VR896705,C107428,VA-SP-MINI,2026-01-30,Amazon,1,1999,MINI-2512-4
VR898919,C103786,VA-SW-NX2,2026-01-30,Amazon,1,6499,NX2-2601-2
VR899804,C105420,VA-EB-PL2,2026-01-30,vireo.in,1,3499,PL2-2510-2
VR900186,C103710,VA-EB-PL1,2026-01-30,Amazon,1,2249,PL1-2601-3
VR901359,C108712,VA-SW-NX1,2026-01-30,Amazon,1,4999,NX1-2511-4
VR903710,C104430,VA-SP-MINI,2026-01-30,Flipkart,1,1999,MINI-2511-3
VR904813,C108371,VA-EB-PL2,2026-01-30,vireo.in,1,3499,PL2-2510-2
VR906353,C101902,VA-EB-PL2,2026-01-30,vireo.in,1,3499,PL2-2512-3
VR907803,C108861,VA-EB-PL2,2026-01-30,vireo.in,1,3499,PL2-2511-4
VR908020,C103846,VA-SW-FIT,2026-01-30,Amazon,1,1999,FIT-2601-4
VR908034,C105229,VA-EB-PL2,2026-01-30,Amazon,1,2974,PL2-2510-3
VR908248,C100943,VA-EB-PL2,2026-01-30,vireo.in,1,2799,PL2-2512-1
VR880318,C103573,VA-HP-ST3,2026-01-31,Flipkart,1,6999,ST3-2510-1
VR881592,C108266,VA-EB-PL2,2026-01-31,vireo.in,1,2799,PL2-2512-2
VR882990,C102892,VA-EB-PL2,2026-01-31,Amazon,1,3499,PL2-2510-1
VR883064,C101820,VA-SP-ORB,2026-01-31,Amazon,2,11998,ORB-2510-4
VR883404,C102366,VA-EB-PL2,2026-01-31,Flipkart,1,3324,PL2-2512-4
VR884407,C100563,VA-SP-MINI,2026-01-31,Flipkart,1,2124,MINI-2512-2
VR885307,C106806,VA-SW-FIT,2026-01-31,vireo.in,1,1999,FIT-2510-1
VR886119,C101035,VA-EB-PL2,2026-01-31,vireo.in,1,2974,PL2-2511-3
VR887520,C108496,VA-EB-PL2,2026-01-31,vireo.in,1,2974,PL2-2510-4
VR887850,C106013,VA-AC-CH65,2026-01-31,Flipkart,1,1499,CH65-2510-1
VR888868,C106919,VA-EB-AIR,2026-01-31,vireo.in,1,1619,AIR-2511-3
VR889272,C100295,VA-EB-AIR,2026-01-31,Amazon,2,3418,AIR-2512-1
VR889497,C107148,VA-EB-PL2,2026-01-31,vireo.in,1,3149,PL2-2512-3
VR890184,C103574,VA-SP-MINI,2026-01-31,vireo.in,1,2499,MINI-2511-2
VR890297,C105735,VA-SW-FIT,2026-01-31,vireo.in,1,1799,FIT-2601-4
VR890510,C103812,VA-AC-CASE,2026-01-31,vireo.in,1,1299,CASE-2511-3
VR891401,C101733,VA-NB-ARC,2026-01-31,Amazon,1,1169,ARC-2601-1
VR891858,C103790,VA-HP-ST3,2026-01-31,vireo.in,1,6999,ST3-2510-3
VR894726,C108528,VA-EB-PL2,2026-01-31,vireo.in,1,3499,PL2-2510-1
VR895003,C104707,VA-SP-MINI,2026-01-31,vireo.in,1,1999,MINI-2510-2
VR895295,C101551,VA-EB-PL1,2026-01-31,vireo.in,1,2499,PL1-2601-2
VR895361,C104287,VA-EB-PL2,2026-01-31,Amazon,1,3149,PL2-2512-3
VR895679,C108086,VA-NB-ARC,2026-01-31,vireo.in,1,1299,ARC-2512-4
VR896534,C105846,VA-EB-PL2,2026-01-31,Amazon,1,3499,PL2-2511-2
VR896734,C105078,VA-AC-CBL,2026-01-31,vireo.in,1,399,CBL-2512-2
VR898886,C102176,VA-SW-NX1,2026-01-31,vireo.in,1,4249,NX1-2512-3
VR899183,C101953,VA-EB-PL2,2026-01-31,vireo.in,1,3499,PL2-2510-1
VR901730,C102915,VA-EB-PL2,2026-01-31,Flipkart,1,3149,PL2-2512-2
VR907395,C102815,VA-HP-ST3,2026-01-31,Amazon,1,6299,ST3-2601-2
VR907938,C107201,VA-EB-PL2,2026-01-31,Amazon,1,3499,PL2-2512-4
VR908407,C108997,VA-SP-MINI,2026-01-31,Amazon,1,2499,MINI-2601-3
VR909048,C106767,VA-EB-PL2,2026-01-31,vireo.in,1,3499,PL2-2601-1
VR909455,C103778,VA-SP-MINI,2026-01-31,vireo.in,1,2124,MINI-2601-2
VR909488,C106127,VA-EB-PL2,2026-01-31,vireo.in,1,2974,PL2-2510-1
VR880121,C107118,VA-EB-AIR,2026-02-01,vireo.in,1,1709,AIR-2512-1
VR881141,C105111,VA-SP-MINI,2026-02-01,vireo.in,1,2499,MINI-2511-4
VR881771,C102723,VA-AC-CASE,2026-02-01,Flipkart,1,1299,CASE-2601-1
VR882177,C103995,VA-EB-AIR,2026-02-01,vireo.in,1,1529,AIR-2512-1
VR882532,C107926,VA-EB-AIR,2026-02-01,vireo.in,2,3238,AIR-2511-1
VR884020,C108187,VA-EB-PL2,2026-02-01,vireo.in,1,2974,PL2-2601-3
VR884557,C102772,VA-NB-ARC,2026-02-01,vireo.in,1,1299,ARC-2511-2
VR887263,C102752,VA-SP-ORB,2026-02-01,vireo.in,1,5999,ORB-2601-1
VR887760,C108797,VA-EB-PL2,2026-02-01,Amazon,1,3499,PL2-2511-4
VR888139,C109216,VA-EB-PL2,2026-02-01,vireo.in,1,3149,PL2-2510-4
VR888822,C105700,VA-EB-AIR,2026-02-01,vireo.in,1,1709,AIR-2511-1
VR888824,C105717,VA-EB-PL2,2026-02-01,Amazon,1,3149,PL2-2512-3
VR888992,C102232,VA-EB-PL2,2026-02-01,Flipkart,1,3499,PL2-2601-2
VR889020,C103296,VA-EB-PL1,2026-02-01,Flipkart,1,2124,PL1-2511-2
VR889638,C101808,VA-EB-PL2,2026-02-01,Amazon,1,3499,PL2-2512-4
VR889704,C103333,VA-SP-ORB,2026-02-01,vireo.in,1,5399,ORB-2511-2
VR890573,C109035,VA-EB-PL2,2026-02-01,Amazon,1,3324,PL2-2511-1
VR891006,C102748,VA-EB-PL2,2026-02-01,Amazon,1,2974,PL2-2511-1
VR891678,C105291,VA-EB-PL2,2026-02-01,vireo.in,1,3499,PL2-2510-4
VR892480,C100646,VA-AC-CH65,2026-02-01,vireo.in,1,1424,CH65-2601-1
VR893127,C107555,VA-SW-NX2,2026-02-01,vireo.in,1,6499,NX2-2512-2
VR894696,C107685,VA-AC-CASE,2026-02-01,vireo.in,1,1299,CASE-2601-3
VR894924,C105815,VA-NB-ARC,2026-02-01,vireo.in,1,1039,ARC-2510-2
VR895131,C101583,VA-SW-FIT,2026-02-01,Flipkart,1,1999,FIT-2511-3
VR897406,C104889,VA-EB-PL2,2026-02-01,vireo.in,1,3149,PL2-2512-3
VR897596,C107389,VA-EB-PL2,2026-02-01,vireo.in,1,3499,PL2-2512-4
VR898274,C102902,VA-EB-PL2,2026-02-01,vireo.in,1,2974,PL2-2512-3
VR899429,C102310,VA-SW-NX1,2026-02-01,vireo.in,2,9998,NX1-2511-3
VR902042,C102720,VA-NB-ARC,2026-02-01,vireo.in,1,1299,ARC-2512-1
VR902459,C100908,VA-HP-ST2,2026-02-01,Amazon,1,3999,ST2-2512-2
VR906443,C108118,VA-AC-CH65,2026-02-01,vireo.in,1,1274,CH65-2511-1
VR907547,C107106,VA-EB-PL2,2026-02-01,Amazon,1,3499,PL2-2511-3
VR908200,C100403,VA-EB-PL1,2026-02-01,vireo.in,2,4998,PL1-2601-3
VR909459,C103036,VA-EB-PL2,2026-02-01,Amazon,1,3324,PL2-2512-1
VR909588,C107424,VA-HP-ST2,2026-02-01,Flipkart,1,4999,ST2-2511-3
VR881082,C101846,VA-EB-PL2,2026-02-02,Amazon,1,2974,PL2-2511-4
VR882698,C106939,VA-EB-PL2,2026-02-02,Flipkart,2,6998,PL2-2511-3
VR883556,C100695,VA-EB-PL2,2026-02-02,vireo.in,1,3499,PL2-2511-1
VR883655,C102007,VA-SW-NX2,2026-02-02,Amazon,1,5524,NX2-2511-2
VR884650,C105202,VA-EB-PL2,2026-02-02,vireo.in,1,3499,PL2-2511-3
VR885093,C107499,VA-EB-PL2,2026-02-02,vireo.in,1,2974,PL2-2511-1
VR885195,C109395,VA-SP-MINI,2026-02-02,Amazon,1,2124,MINI-2510-4
VR886304,C108012,VA-EB-PL1,2026-02-02,vireo.in,1,2499,PL1-2511-2
VR887257,C108503,VA-SW-NX1,2026-02-02,vireo.in,1,4249,NX1-2601-2
VR887907,C107946,VA-EB-PL2,2026-02-02,Amazon,2,6298,PL2-2511-2
VR888762,C109309,VA-EB-PL2,2026-02-02,vireo.in,1,3499,PL2-2511-4
VR889021,C105426,VA-EB-PL2,2026-02-02,vireo.in,1,2974,PL2-2511-1
VR889612,C101324,VA-SP-ORB,2026-02-02,vireo.in,1,5999,ORB-2510-2
VR890104,C106923,VA-EB-PL2,2026-02-02,Flipkart,1,3149,PL2-2512-2
VR891114,C107750,VA-EB-PL2,2026-02-02,Amazon,1,3499,PL2-2510-1
VR891245,C107232,VA-EB-PL2,2026-02-02,vireo.in,1,2974,PL2-2512-2
VR891994,C101630,VA-EB-PL2,2026-02-02,vireo.in,1,3149,PL2-2511-3
VR892956,C107044,VA-AC-CASE,2026-02-02,vireo.in,1,1104,CASE-2510-4
VR892986,C107737,VA-EB-PL2,2026-02-02,Flipkart,1,2799,PL2-2512-4
VR894673,C104482,VA-HP-ST3,2026-02-02,vireo.in,1,6999,ST3-2511-1
VR896707,C106060,VA-EB-PL2,2026-02-02,vireo.in,1,2974,PL2-2510-3
VR897684,C100553,VA-EB-PL2,2026-02-02,Flipkart,1,2799,PL2-2511-1
VR898249,C105557,VA-AC-CASE,2026-02-02,vireo.in,1,1299,CASE-2512-3
VR899801,C100177,VA-EB-PL2,2026-02-02,vireo.in,1,3149,PL2-2511-1
VR901990,C109481,VA-EB-PL2,2026-02-02,Flipkart,1,2974,PL2-2512-2
VR904617,C100897,VA-EB-PL2,2026-02-02,vireo.in,2,6998,PL2-2510-2
VR905580,C107314,VA-SP-ORB,2026-02-02,Amazon,1,4799,ORB-2510-1
VR909263,C105311,VA-SW-FIT,2026-02-02,Amazon,1,1999,FIT-2512-3
VR909576,C103218,VA-EB-PL2,2026-02-02,Amazon,1,3499,PL2-2510-2
VR910029,C101009,VA-HP-ST2,2026-02-02,vireo.in,1,3999,ST2-2512-1
VR880059,C108586,VA-EB-PL2,2026-02-03,vireo.in,1,3149,PL2-2511-2
VR880787,C106974,VA-EB-PL2,2026-02-03,Amazon,1,3149,PL2-2512-1
VR881304,C108291,VA-SW-NX1,2026-02-03,vireo.in,1,4749,NX1-2511-4
VR882470,C102357,VA-EB-PL2,2026-02-03,Amazon,1,3499,PL2-2511-4
VR882936,C104529,VA-EB-PL2,2026-02-03,vireo.in,1,3149,PL2-2511-2
VR883112,C105339,VA-EB-PL2,2026-02-03,Amazon,1,3499,PL2-2512-1
VR883117,C106338,VA-SW-FIT,2026-02-03,Amazon,1,1999,FIT-2510-4
VR883547,C104100,VA-EB-PL2,2026-02-03,vireo.in,1,3324,PL2-2510-3
VR886793,C108548,VA-EB-PL2,2026-02-03,vireo.in,1,3324,PL2-2510-1
VR887035,C107218,VA-SW-NX2,2026-02-03,Amazon,2,11048,NX2-2601-2
VR887311,C105602,VA-NB-ARC,2026-02-03,Amazon,2,2598,ARC-2511-2
VR889033,C106988,VA-EB-PL1,2026-02-03,vireo.in,1,2499,PL1-2512-2
VR890103,C100354,VA-SP-MINI,2026-02-03,vireo.in,1,1999,MINI-2512-3
VR890830,C101906,VA-EB-AIR,2026-02-03,Amazon,1,1799,AIR-2512-3
VR891955,C105786,VA-NB-ARC,2026-02-03,Amazon,1,1299,ARC-2512-4
VR892992,C104263,VA-EB-PL2,2026-02-03,Amazon,1,3499,PL2-2601-4
VR894007,C106754,VA-EB-PL2,2026-02-03,Amazon,2,6298,PL2-2511-4
VR899102,C108716,VA-NB-ARC,2026-02-03,Flipkart,1,1169,ARC-2512-3
VR899499,C105043,VA-HP-ST3,2026-02-03,vireo.in,1,6999,ST3-2512-1
VR900143,C102540,VA-EB-AIR,2026-02-03,vireo.in,1,1439,AIR-2601-1
VR900237,C106167,VA-AC-CASE,2026-02-03,Amazon,1,1169,CASE-2511-4
VR900961,C102737,VA-EB-PL1,2026-02-03,vireo.in,1,2499,PL1-2511-1
VR901439,C104409,VA-AC-CASE,2026-02-03,Flipkart,1,1169,CASE-2512-1
VR902073,C102461,VA-EB-PL1,2026-02-03,Amazon,2,4998,PL1-2601-2
VR902283,C100978,VA-SP-ORB,2026-02-03,vireo.in,1,5099,ORB-2511-3
VR903084,C104598,VA-EB-PL2,2026-02-03,vireo.in,2,6998,PL2-2510-4
VR903298,C103754,VA-SW-NX1,2026-02-03,Flipkart,1,4499,NX1-2512-2
VR905598,C105445,VA-HP-ST2,2026-02-03,vireo.in,1,3999,ST2-2601-1
VR907015,C100351,VA-EB-PL2,2026-02-03,vireo.in,1,3324,PL2-2511-3
VR908798,C103590,VA-SW-NX2,2026-02-03,Amazon,1,5199,NX2-2511-3
VR910036,C101204,VA-EB-PL2,2026-02-03,vireo.in,1,3499,PL2-2510-3
VR880551,C106300,VA-SW-NX2,2026-02-04,Flipkart,1,6499,NX2-2511-2
VR880806,C108602,VA-SW-NX2,2026-02-04,vireo.in,1,5524,NX2-2512-3
VR882005,C107273,VA-EB-PL2,2026-02-04,Amazon,1,2974,PL2-2512-1
VR884560,C102556,VA-EB-PL2,2026-02-04,vireo.in,1,2799,PL2-2511-3
VR884713,C101534,VA-HP-ST3,2026-02-04,Flipkart,1,6999,ST3-2512-4
VR885833,C107841,VA-EB-AIR,2026-02-04,vireo.in,1,1709,AIR-2510-2
VR886045,C107636,VA-EB-PL2,2026-02-04,Flipkart,1,3149,PL2-2510-4
VR886146,C106926,VA-EB-PL1,2026-02-04,Amazon,1,2499,PL1-2601-3
VR886243,C102199,VA-EB-AIR,2026-02-04,Amazon,1,1529,AIR-2511-3
VR886460,C106614,VA-SW-NX1,2026-02-04,Flipkart,1,4999,NX1-2511-3
VR886863,C104750,VA-EB-PL1,2026-02-04,Amazon,1,2124,PL1-2511-3
VR887165,C103625,VA-HP-ST2,2026-02-04,Flipkart,1,3999,ST2-2510-3
VR888450,C105304,VA-EB-PL2,2026-02-04,Amazon,1,2799,PL2-2510-3
VR889862,C102586,VA-SW-NX2,2026-02-04,Flipkart,1,6499,NX2-2510-4
VR890568,C108286,VA-EB-PL2,2026-02-04,vireo.in,1,2974,PL2-2511-2
VR890614,C107261,VA-EB-PL2,2026-02-04,Amazon,1,2974,PL2-2601-3
VR890762,C100510,VA-EB-PL2,2026-02-04,Amazon,1,3499,PL2-2512-3
VR891186,C105407,VA-EB-PL1,2026-02-04,Amazon,1,2124,PL1-2511-3
VR893062,C100334,VA-HP-ST3,2026-02-04,Amazon,1,6649,ST3-2512-4
VR895009,C108547,VA-EB-PL1,2026-02-04,vireo.in,1,2499,PL1-2601-1
VR895340,C103308,VA-AC-CH65,2026-02-04,vireo.in,1,1274,CH65-2601-2
VR895418,C109155,VA-EB-PL2,2026-02-04,vireo.in,2,5948,PL2-2510-1
VR898135,C108675,VA-EB-PL2,2026-02-04,Amazon,1,2799,PL2-2510-3
VR900254,C107850,VA-EB-AIR,2026-02-04,Amazon,1,1439,AIR-2601-2
VR900302,C106089,VA-EB-PL2,2026-02-04,Amazon,1,3499,PL2-2511-1
VR901088,C108144,VA-EB-PL2,2026-02-04,vireo.in,1,3324,PL2-2511-4
VR902296,C103783,VA-EB-PL2,2026-02-04,Amazon,1,3499,PL2-2512-1
VR904730,C101393,VA-EB-PL2,2026-02-04,Amazon,1,3499,PL2-2512-4
VR905091,C108424,VA-EB-PL2,2026-02-04,Flipkart,1,3499,PL2-2512-3
VR907246,C106149,VA-SW-NX1,2026-02-04,Flipkart,1,4999,NX1-2511-4
VR908382,C100771,VA-EB-PL2,2026-02-04,Amazon,1,3324,PL2-2510-2
VR909100,C102271,VA-NB-ARC,2026-02-04,vireo.in,1,1104,ARC-2601-3
VR880489,C108308,VA-SW-NX1,2026-02-05,vireo.in,1,4999,NX1-2512-4
VR880764,C106766,VA-NB-ARC,2026-02-05,vireo.in,1,1234,ARC-2510-1
VR881413,C108468,VA-EB-PL2,2026-02-05,Amazon,1,3499,PL2-2511-4
VR883531,C100267,VA-EB-PL2,2026-02-05,Amazon,1,3499,PL2-2601-3
VR884368,C106068,VA-EB-PL2,2026-02-05,vireo.in,1,3499,PL2-2511-3
VR884450,C108352,VA-EB-PL1,2026-02-05,Amazon,1,2499,PL1-2601-3
VR886350,C100412,VA-SW-NX2,2026-02-05,Amazon,1,6499,NX2-2512-2
VR886985,C104596,VA-EB-PL2,2026-02-05,vireo.in,1,3499,PL2-2511-3
VR887943,C103267,VA-EB-PL2,2026-02-05,Amazon,1,3499,PL2-2511-2
VR888951,C100811,VA-EB-PL2,2026-02-05,vireo.in,1,2799,PL2-2511-1
VR889006,C106326,VA-SP-MINI,2026-02-05,Flipkart,1,2499,MINI-2512-1
VR889884,C104482,VA-SW-FIT,2026-02-05,vireo.in,1,1799,FIT-2512-3
VR891685,C107374,VA-NB-ARC,2026-02-05,vireo.in,1,1104,ARC-2601-4
VR893427,C100020,VA-EB-PL2,2026-02-05,vireo.in,1,2799,PL2-2511-4
VR895692,C101247,VA-EB-PL2,2026-02-05,Flipkart,1,3149,PL2-2512-1
VR895961,C107016,VA-SP-MINI,2026-02-05,Amazon,1,2249,MINI-2601-2
VR897470,C100589,VA-SW-NX1,2026-02-05,Amazon,1,4999,NX1-2510-1
VR899306,C102824,VA-EB-PL2,2026-02-05,Flipkart,1,3324,PL2-2511-4
VR901541,C103009,VA-NB-ARC,2026-02-05,Amazon,1,1104,ARC-2511-2
VR902263,C100535,VA-EB-PL1,2026-02-05,Amazon,1,2499,PL1-2511-3
VR902538,C104314,VA-EB-PL2,2026-02-05,Amazon,1,3499,PL2-2601-3
VR903482,C102169,VA-SW-NX2,2026-02-05,vireo.in,1,6174,NX2-2510-3
VR903857,C109180,VA-EB-PL2,2026-02-05,vireo.in,1,2974,PL2-2512-3
VR909231,C106865,VA-HP-ST3,2026-02-05,vireo.in,1,5949,ST3-2510-1
VR909489,C106743,VA-AC-CASE,2026-02-05,Amazon,1,1039,CASE-2511-1
VR881496,C108623,VA-AC-CH65,2026-02-06,vireo.in,1,1499,CH65-2510-4
VR882057,C107883,VA-EB-PL2,2026-02-06,Flipkart,1,3149,PL2-2511-2
VR882673,C100204,VA-AC-CASE,2026-02-06,vireo.in,1,1104,CASE-2512-4
VR883238,C103409,VA-SW-FIT,2026-02-06,Amazon,1,1999,FIT-2512-1
VR885366,C105426,VA-SW-NX2,2026-02-06,Amazon,1,5849,NX2-2511-1
VR886028,C102610,VA-EB-PL2,2026-02-06,Flipkart,1,2799,PL2-2601-1
VR887646,C107366,VA-EB-PL2,2026-02-06,Amazon,1,3324,PL2-2510-3
VR889443,C105501,VA-SP-ORB,2026-02-06,vireo.in,1,4799,ORB-2511-4
VR889729,C107423,VA-SW-FIT,2026-02-06,vireo.in,1,1799,FIT-2511-2
VR892901,C102424,VA-EB-PL2,2026-02-06,vireo.in,1,2799,PL2-2511-1
VR896002,C103763,VA-SP-ORB,2026-02-06,Amazon,1,5699,ORB-2601-1
VR896527,C101434,VA-SW-NX1,2026-02-06,Amazon,1,4249,NX1-2601-3
VR899318,C106804,VA-HP-ST3,2026-02-06,Amazon,1,6999,ST3-2512-1
VR901070,C102774,VA-HP-ST3,2026-02-06,vireo.in,1,5949,ST3-2511-1
VR901185,C106212,VA-EB-PL2,2026-02-06,vireo.in,1,2974,PL2-2511-1
VR903301,C103452,VA-EB-PL2,2026-02-06,Amazon,2,5598,PL2-2512-2
VR906384,C103603,VA-HP-ST2,2026-02-06,vireo.in,1,3999,ST2-2601-2
VR906492,C105655,VA-EB-PL2,2026-02-06,Flipkart,1,3499,PL2-2512-1
VR907617,C107646,VA-EB-PL2,2026-02-06,vireo.in,1,2799,PL2-2601-1
VR907834,C106100,VA-EB-PL2,2026-02-06,vireo.in,1,3324,PL2-2512-3
VR880873,C107524,VA-SP-MINI,2026-02-07,vireo.in,1,2499,MINI-2511-4
VR885161,C108872,VA-EB-PL2,2026-02-07,vireo.in,1,2974,PL2-2601-2
VR886844,C104459,VA-EB-PL2,2026-02-07,Amazon,1,3499,PL2-2512-2
VR888597,C105791,VA-SP-MINI,2026-02-07,Amazon,1,2499,MINI-2512-2
VR889417,C103238,VA-EB-PL2,2026-02-07,vireo.in,1,2799,PL2-2511-4
VR891059,C100573,VA-EB-PL2,2026-02-07,vireo.in,1,2799,PL2-2512-1
VR891769,C100709,VA-SW-NX2,2026-02-07,Amazon,1,6499,NX2-2512-2
VR892814,C105074,VA-SW-NX2,2026-02-07,Amazon,1,5199,NX2-2601-4
VR893416,C106017,VA-SP-ORB,2026-02-07,vireo.in,2,10198,ORB-2512-1
VR893803,C106734,VA-NB-ARC,2026-02-07,vireo.in,1,1299,ARC-2601-3
VR894847,C100242,VA-AC-CBL,2026-02-07,Amazon,1,319,CBL-2510-1
VR895335,C104921,VA-EB-PL2,2026-02-07,vireo.in,2,6998,PL2-2512-3
VR895947,C109105,VA-EB-PL2,2026-02-07,Amazon,2,6998,PL2-2511-2
VR897846,C101492,VA-EB-PL2,2026-02-07,vireo.in,1,3149,PL2-2511-2
VR900500,C109456,VA-EB-PL2,2026-02-07,vireo.in,1,3499,PL2-2511-1
VR900505,C107449,VA-EB-PL2,2026-02-07,Amazon,1,2974,PL2-2510-3
VR902374,C105022,VA-HP-ST2,2026-02-07,vireo.in,1,4999,ST2-2510-2
VR902555,C104301,VA-EB-PL2,2026-02-07,vireo.in,1,2974,PL2-2511-3
VR903386,C106127,VA-EB-PL1,2026-02-07,vireo.in,1,2374,PL1-2510-4
VR904045,C108256,VA-HP-ST2,2026-02-07,vireo.in,1,4999,ST2-2510-4
VR904362,C102973,VA-EB-PL2,2026-02-07,Amazon,1,3499,PL2-2510-4
VR904815,C100348,VA-EB-PL1,2026-02-07,Flipkart,1,2499,PL1-2511-2
VR907702,C104088,VA-EB-PL2,2026-02-07,vireo.in,1,2974,PL2-2510-4
VR907739,C105044,VA-EB-PL2,2026-02-07,Amazon,1,2799,PL2-2510-4
VR907939,C103678,VA-SW-FIT,2026-02-07,Amazon,1,1799,FIT-2511-1
VR909150,C101581,VA-HP-ST2,2026-02-07,Amazon,1,4999,ST2-2601-3
VR880977,C108657,VA-EB-PL2,2026-02-08,Amazon,1,3499,PL2-2512-1
VR881317,C107366,VA-EB-PL2,2026-02-08,Amazon,1,2799,PL2-2511-2
VR882284,C105041,VA-EB-PL2,2026-02-08,vireo.in,1,3499,PL2-2511-3
VR884141,C108363,VA-HP-ST3,2026-02-08,Amazon,1,5949,ST3-2601-2
VR884252,C103250,VA-EB-PL2,2026-02-08,vireo.in,1,3499,PL2-2512-4
VR886152,C102735,VA-EB-PL2,2026-02-08,Amazon,1,3149,PL2-2512-2
VR887329,C103986,VA-EB-PL2,2026-02-08,Amazon,1,3499,PL2-2512-1
VR888519,C106919,VA-EB-PL2,2026-02-08,vireo.in,1,3149,PL2-2511-1
VR889686,C107462,VA-SW-FIT,2026-02-08,Amazon,2,3398,FIT-2512-3
VR891476,C102164,VA-EB-PL2,2026-02-08,Flipkart,1,2974,PL2-2510-2
VR893108,C100676,VA-HP-ST2,2026-02-08,vireo.in,1,4249,ST2-2510-4
VR893563,C104613,VA-AC-CASE,2026-02-08,vireo.in,1,1169,CASE-2511-2
VR893683,C105382,VA-EB-PL2,2026-02-08,Amazon,1,3499,PL2-2510-2
VR895677,C105982,VA-SP-ORB,2026-02-08,vireo.in,1,4799,ORB-2601-3
VR896672,C108347,VA-EB-PL2,2026-02-08,Flipkart,2,5598,PL2-2601-3
VR899095,C106947,VA-SW-NX2,2026-02-08,vireo.in,1,6499,NX2-2510-4
VR900449,C101097,VA-EB-PL2,2026-02-08,Amazon,1,3499,PL2-2511-2
VR901278,C109178,VA-EB-PL2,2026-02-08,Amazon,1,2799,PL2-2510-3
VR901432,C104695,VA-EB-PL2,2026-02-08,vireo.in,1,3499,PL2-2511-1
VR901514,C104359,VA-EB-PL2,2026-02-08,Amazon,1,2799,PL2-2511-3
VR905843,C106878,VA-SW-NX2,2026-02-08,Amazon,1,6499,NX2-2512-3
VR908504,C100007,VA-SW-FIT,2026-02-08,Flipkart,1,1999,FIT-2512-2
VR908629,C102245,VA-EB-PL2,2026-02-08,vireo.in,1,3499,PL2-2511-3
VR908966,C105401,VA-EB-PL1,2026-02-08,vireo.in,1,2124,PL1-2511-1
VR909306,C102770,VA-EB-PL2,2026-02-08,Flipkart,1,3499,PL2-2511-2
VR880245,C101928,VA-EB-PL2,2026-02-09,vireo.in,1,3499,PL2-2511-3
VR880582,C102981,VA-EB-PL2,2026-02-09,vireo.in,1,3499,PL2-2512-2
VR880695,C102360,VA-AC-CASE,2026-02-09,vireo.in,1,1169,CASE-2512-4
VR881291,C104805,VA-SP-MINI,2026-02-09,Amazon,1,2124,MINI-2512-1
VR882037,C108252,VA-EB-PL2,2026-02-09,vireo.in,1,3324,PL2-2511-4
VR882590,C109360,VA-SP-MINI,2026-02-09,Amazon,1,1999,MINI-2511-3
VR884380,C104887,VA-SW-NX2,2026-02-09,Amazon,1,6499,NX2-2511-3
VR884661,C106073,VA-NB-ARC,2026-02-09,vireo.in,1,1299,ARC-2512-4
VR884693,C106261,VA-HP-ST3,2026-02-09,vireo.in,1,5599,ST3-2601-2
VR884812,C106634,VA-EB-PL2,2026-02-09,vireo.in,1,3324,PL2-2512-2
VR887656,C106051,VA-SP-MINI,2026-02-09,Amazon,1,2374,MINI-2601-3
VR887949,C102937,VA-EB-AIR,2026-02-09,Amazon,1,1529,AIR-2512-4
VR888021,C108481,VA-EB-PL2,2026-02-09,Amazon,1,3499,PL2-2511-2
VR889792,C101092,VA-AC-CBL,2026-02-09,vireo.in,1,379,CBL-2512-2
VR890937,C108401,VA-EB-PL2,2026-02-09,vireo.in,1,3499,PL2-2512-1
VR891492,C109370,VA-SP-ORB,2026-02-09,vireo.in,1,5999,ORB-2511-1
VR891901,C108059,VA-EB-AIR,2026-02-09,vireo.in,1,1439,AIR-2511-3
VR892777,C102491,VA-EB-PL1,2026-02-09,vireo.in,2,4998,PL1-2601-4
VR893461,C101922,VA-HP-ST2,2026-02-09,vireo.in,1,4999,ST2-2512-1
VR894415,C107947,VA-EB-PL2,2026-02-09,Amazon,1,3499,PL2-2512-1
VR894544,C102008,VA-EB-PL2,2026-02-09,vireo.in,1,3149,PL2-2512-4
VR894899,C102769,VA-HP-ST2,2026-02-09,Flipkart,1,4999,ST2-2512-3
VR895894,C102666,VA-SP-MINI,2026-02-09,vireo.in,1,2499,MINI-2511-2
VR898071,C107128,VA-EB-PL2,2026-02-09,Flipkart,1,3499,PL2-2511-3
VR898253,C106092,VA-EB-PL1,2026-02-09,vireo.in,1,2249,PL1-2511-2
VR899488,C105462,VA-EB-PL2,2026-02-09,vireo.in,1,3499,PL2-2512-3
VR903539,C103218,VA-SW-NX2,2026-02-09,Amazon,1,6499,NX2-2511-2
VR904194,C108246,VA-SP-ORB,2026-02-09,vireo.in,1,4799,ORB-2511-1
VR904469,C100905,VA-NB-ARC,2026-02-09,Amazon,1,1104,ARC-2601-1
VR905334,C108330,VA-AC-CBL,2026-02-09,vireo.in,1,319,CBL-2511-2
VR906941,C102839,VA-HP-ST3,2026-02-09,vireo.in,1,6999,ST3-2511-2
VR907279,C109400,VA-EB-PL1,2026-02-09,vireo.in,1,2249,PL1-2512-2
VR907718,C103940,VA-EB-PL1,2026-02-09,vireo.in,1,2499,PL1-2512-3
VR908546,C108719,VA-HP-ST2,2026-02-09,vireo.in,1,4999,ST2-2601-1
VR908805,C106060,VA-EB-PL1,2026-02-09,vireo.in,1,2374,PL1-2511-2
VR909059,C104340,VA-EB-PL2,2026-02-09,Amazon,1,2799,PL2-2511-3
VR909792,C106912,VA-SP-ORB,2026-02-09,Flipkart,1,5099,ORB-2601-3
VR880027,C104482,VA-SW-FIT,2026-02-10,vireo.in,1,1699,FIT-2510-2
VR881935,C101464,VA-SW-NX2,2026-02-10,Amazon,1,6499,NX2-2510-1
VR888337,C105119,VA-EB-PL1,2026-02-10,Flipkart,1,2499,PL1-2510-1
VR890469,C105668,VA-EB-PL1,2026-02-10,vireo.in,1,2499,PL1-2512-3
VR891883,C106220,VA-EB-PL2,2026-02-10,vireo.in,1,3499,PL2-2510-3
VR893020,C104584,VA-EB-PL2,2026-02-10,vireo.in,1,3499,PL2-2511-1
VR893201,C103436,VA-EB-PL1,2026-02-10,vireo.in,1,2249,PL1-2511-1
VR894084,C101924,VA-SW-NX2,2026-02-10,vireo.in,1,6499,NX2-2511-4
VR895049,C105029,VA-EB-PL2,2026-02-10,Flipkart,1,3149,PL2-2511-4
VR895103,C100578,VA-SW-NX2,2026-02-10,Flipkart,1,5199,NX2-2511-4
VR895490,C102644,VA-EB-PL2,2026-02-10,vireo.in,1,3499,PL2-2511-4
VR896837,C109024,VA-EB-AIR,2026-02-10,Amazon,1,1619,AIR-2511-3
VR900444,C103540,VA-EB-PL2,2026-02-10,vireo.in,1,2974,PL2-2512-4
VR901431,C101615,VA-EB-AIR,2026-02-10,vireo.in,1,1799,AIR-2512-2
VR903118,C106373,VA-EB-PL1,2026-02-10,vireo.in,1,2374,PL1-2510-3
VR903195,C109452,VA-SW-NX1,2026-02-10,vireo.in,1,4499,NX1-2512-1
VR904724,C105119,VA-SW-FIT,2026-02-10,vireo.in,1,1999,FIT-2512-2
VR904742,C106255,VA-EB-PL1,2026-02-10,Flipkart,1,2124,PL1-2601-1
VR905335,C103261,VA-EB-PL1,2026-02-10,Amazon,1,1999,PL1-2512-3
VR906673,C109051,VA-SW-NX2,2026-02-10,Flipkart,1,6499,NX2-2511-3
VR907852,C102592,VA-EB-PL2,2026-02-10,Amazon,2,6298,PL2-2512-2
VR908045,C101065,VA-EB-AIR,2026-02-10,Amazon,1,1619,AIR-2512-4
VR908189,C100497,VA-SW-NX2,2026-02-10,vireo.in,1,6499,NX2-2512-4
VR908291,C106807,VA-EB-PL2,2026-02-10,vireo.in,1,3499,PL2-2510-2
VR908891,C106786,VA-EB-PL2,2026-02-10,Amazon,1,3499,PL2-2512-2
VR909482,C106055,VA-HP-ST3,2026-02-10,vireo.in,1,6999,ST3-2601-2
VR910008,C108023,VA-HP-ST3,2026-02-10,vireo.in,1,6299,ST3-2512-4
VR882906,C102570,VA-SW-NX2,2026-02-11,vireo.in,1,5524,NX2-2601-1
VR883683,C105435,VA-EB-PL2,2026-02-11,Flipkart,2,5598,PL2-2511-3
VR884143,C103399,VA-EB-PL2,2026-02-11,vireo.in,1,3499,PL2-2601-2
VR885678,C104154,VA-SP-MINI,2026-02-11,vireo.in,1,2499,MINI-2511-2
VR885829,C106088,VA-EB-PL2,2026-02-11,vireo.in,1,3324,PL2-2511-3
VR886348,C107523,VA-SW-FIT,2026-02-11,Flipkart,1,1899,FIT-2511-1
VR887745,C107496,VA-EB-AIR,2026-02-11,vireo.in,1,1799,AIR-2511-2
VR888014,C100005,VA-AC-CASE,2026-02-11,Amazon,1,1104,CASE-2512-4
VR888170,C107783,VA-EB-PL2,2026-02-11,Flipkart,1,2974,PL2-2601-3
VR889031,C106612,VA-EB-PL1,2026-02-11,vireo.in,1,2124,PL1-2601-3
VR889167,C107385,VA-EB-PL2,2026-02-11,vireo.in,1,3149,PL2-2512-3
VR889385,C109361,VA-EB-AIR,2026-02-11,Flipkart,1,1799,AIR-2511-1
VR892095,C104355,VA-SP-ORB,2026-02-11,vireo.in,1,4799,ORB-2512-4
VR893837,C102060,VA-EB-PL2,2026-02-11,vireo.in,1,3149,PL2-2601-4
VR894287,C105172,VA-SW-NX2,2026-02-11,Amazon,1,6499,NX2-2512-4
VR895400,C103505,VA-HP-ST3,2026-02-11,Flipkart,1,5599,ST3-2601-3
VR897590,C104920,VA-EB-PL2,2026-02-11,vireo.in,1,3149,PL2-2512-1
VR897763,C108468,VA-EB-AIR,2026-02-11,Amazon,1,1529,AIR-2512-4
VR898150,C107885,VA-EB-PL2,2026-02-11,Amazon,1,2974,PL2-2511-1
VR898761,C100839,VA-EB-PL1,2026-02-11,Amazon,1,2499,PL1-2512-3
VR899114,C106748,VA-EB-PL2,2026-02-11,vireo.in,1,3499,PL2-2601-3
VR899858,C107914,VA-EB-PL2,2026-02-11,vireo.in,1,3149,PL2-2601-1
VR900373,C105239,VA-SW-NX1,2026-02-11,vireo.in,1,4999,NX1-2511-2
VR901182,C104136,VA-EB-PL2,2026-02-11,Amazon,1,3324,PL2-2510-4
VR901496,C100947,VA-SP-MINI,2026-02-11,Amazon,1,1999,MINI-2512-2
VR902573,C105776,VA-NB-ARC,2026-02-11,vireo.in,1,1169,ARC-2601-1
VR902714,C109302,VA-EB-PL2,2026-02-11,Amazon,1,3499,PL2-2601-1
VR903733,C106255,VA-HP-ST3,2026-02-11,vireo.in,1,6999,ST3-2511-1
VR905804,C107824,VA-EB-PL2,2026-02-11,vireo.in,1,3149,PL2-2512-2
VR880330,C107730,VA-SP-ORB,2026-02-12,Amazon,1,5999,ORB-2512-3
VR880456,C100788,VA-EB-PL2,2026-02-12,vireo.in,1,3499,PL2-2601-1
VR880678,C108417,VA-SW-NX2,2026-02-12,vireo.in,2,10398,NX2-2510-2
VR881349,C103088,VA-EB-PL1,2026-02-12,Amazon,1,2499,PL1-2512-1
VR882337,C102578,VA-EB-AIR,2026-02-12,Amazon,1,1619,AIR-2601-1
VR882662,C101326,VA-SP-MINI,2026-02-12,Amazon,1,1999,MINI-2512-4
VR883574,C104570,VA-EB-PL1,2026-02-12,vireo.in,1,2124,PL1-2512-4
VR884382,C108796,VA-EB-PL2,2026-02-12,Amazon,1,2974,PL2-2601-2
VR884836,C101892,VA-SP-ORB,2026-02-12,vireo.in,1,5999,ORB-2510-2
VR885189,C108288,VA-EB-PL2,2026-02-12,vireo.in,1,3499,PL2-2511-4
VR886514,C102231,VA-EB-PL2,2026-02-12,vireo.in,1,3499,PL2-2601-1
VR887146,C101631,VA-EB-AIR,2026-02-12,vireo.in,1,1799,AIR-2511-3
VR888094,C101912,VA-EB-AIR,2026-02-12,vireo.in,1,1619,AIR-2512-3
VR888381,C104981,VA-EB-PL2,2026-02-12,Amazon,1,2974,PL2-2511-2
VR891022,C100087,VA-EB-PL2,2026-02-12,Amazon,1,2799,PL2-2511-4
VR891258,C106318,VA-EB-PL2,2026-02-12,vireo.in,1,3499,PL2-2512-3
VR892581,C105275,VA-SW-NX2,2026-02-12,Amazon,1,6174,NX2-2601-4
VR892871,C107934,VA-SW-NX2,2026-02-12,vireo.in,1,6499,NX2-2512-1
VR893510,C108028,VA-EB-PL2,2026-02-12,Flipkart,1,3149,PL2-2601-4
VR893794,C101642,VA-EB-PL2,2026-02-12,Amazon,1,2974,PL2-2512-2
VR894046,C100723,VA-AC-CASE,2026-02-12,vireo.in,1,1299,CASE-2511-1
VR894167,C100550,VA-AC-CASE,2026-02-12,vireo.in,1,1104,CASE-2511-2
VR896426,C104445,VA-EB-PL2,2026-02-12,Flipkart,1,2799,PL2-2512-4
VR897269,C101827,VA-EB-PL1,2026-02-12,Amazon,1,2124,PL1-2601-3
VR901063,C108505,VA-EB-PL2,2026-02-12,vireo.in,1,3324,PL2-2511-1
VR901211,C101377,VA-EB-PL2,2026-02-12,vireo.in,1,2974,PL2-2601-3
VR903684,C108532,VA-SW-NX2,2026-02-12,vireo.in,1,6499,NX2-2510-4
VR904048,C108113,VA-EB-PL1,2026-02-12,vireo.in,1,2499,PL1-2512-3
VR906281,C101589,VA-EB-AIR,2026-02-12,Amazon,1,1799,AIR-2511-1
VR907882,C102010,VA-SP-ORB,2026-02-12,Amazon,1,4799,ORB-2512-2
VR907885,C105394,VA-AC-CH65,2026-02-12,Flipkart,1,1499,CH65-2511-1
VR908203,C100624,VA-SW-NX1,2026-02-12,vireo.in,1,4249,NX1-2512-2
VR908427,C108315,VA-SP-ORB,2026-02-12,vireo.in,1,5999,ORB-2511-4
VR908579,C108162,VA-SW-NX2,2026-02-12,Amazon,1,6499,NX2-2512-4
VR908581,C107260,VA-EB-PL2,2026-02-12,Amazon,1,3499,PL2-2510-1
VR908695,C104865,VA-EB-PL2,2026-02-12,Amazon,1,3499,PL2-2601-2
VR909092,C107739,VA-EB-PL2,2026-02-12,Flipkart,1,3324,PL2-2511-4
VR882989,C108594,VA-AC-CH65,2026-02-13,vireo.in,1,1499,CH65-2601-4
VR885664,C104058,VA-SP-ORB,2026-02-13,vireo.in,1,5699,ORB-2511-1
VR885771,C103699,VA-EB-AIR,2026-02-13,vireo.in,1,1799,AIR-2512-4
VR885966,C105332,VA-EB-PL2,2026-02-13,vireo.in,1,3324,PL2-2511-2
VR886881,C105295,VA-EB-PL2,2026-02-13,vireo.in,1,3499,PL2-2601-4
VR887118,C109416,VA-SW-FIT,2026-02-13,Flipkart,1,1599,FIT-2601-4
VR887449,C102835,VA-EB-AIR,2026-02-13,Amazon,1,1709,AIR-2601-2
VR893008,C104792,VA-HP-ST3,2026-02-13,vireo.in,1,6299,ST3-2511-2
VR893507,C106311,VA-HP-ST3,2026-02-13,vireo.in,1,6999,ST3-2510-4
VR895402,C108140,VA-EB-PL2,2026-02-13,vireo.in,1,3149,PL2-2512-1
VR896343,C107026,VA-SW-NX1,2026-02-13,vireo.in,1,4999,NX1-2512-4
VR897949,C104509,VA-SW-NX2,2026-02-13,vireo.in,1,6499,NX2-2601-3
VR899235,C104006,VA-SW-NX1,2026-02-13,vireo.in,1,4999,NX1-2512-1
VR900022,C100041,VA-EB-PL1,2026-02-13,vireo.in,1,2374,PL1-2511-1
VR900946,C105404,VA-HP-ST2,2026-02-13,vireo.in,1,4999,ST2-2511-1
VR902002,C106870,VA-EB-PL2,2026-02-13,Amazon,1,3324,PL2-2601-3
VR902672,C101568,VA-HP-ST3,2026-02-13,vireo.in,1,6999,ST3-2510-3
VR902795,C103609,VA-SW-NX1,2026-02-13,vireo.in,1,3999,NX1-2601-2
VR903214,C101575,VA-EB-PL2,2026-02-13,vireo.in,1,3499,PL2-2601-4
VR904291,C103183,VA-EB-PL2,2026-02-13,Amazon,1,3499,PL2-2601-4
VR905815,C104815,VA-AC-CBL,2026-02-13,Flipkart,2,798,CBL-2511-4
VR908744,C104177,VA-SW-NX2,2026-02-13,vireo.in,1,5849,NX2-2512-1
VR880643,C104384,VA-EB-PL2,2026-02-14,Amazon,1,3499,PL2-2511-4
VR881476,C106917,VA-SP-ORB,2026-02-14,Amazon,2,11998,ORB-2512-1
VR882065,C107679,VA-EB-PL2,2026-02-14,Flipkart,1,2974,PL2-2601-2
VR882558,C104294,VA-HP-ST3,2026-02-14,Amazon,1,6999,ST3-2601-2
VR882987,C101986,VA-EB-PL2,2026-02-14,vireo.in,2,5948,PL2-2510-4
VR883595,C105656,VA-SW-NX2,2026-02-14,Amazon,1,6499,NX2-2601-2
VR883792,C105645,VA-EB-PL2,2026-02-14,Amazon,1,3324,PL2-2512-1
VR883881,C102291,VA-SP-MINI,2026-02-14,Amazon,1,2374,MINI-2511-4
VR884108,C101448,VA-EB-PL2,2026-02-14,Flipkart,2,5948,PL2-2601-1
VR884924,C102520,VA-EB-AIR,2026-02-14,Amazon,1,1439,AIR-2512-4
VR885541,C105732,VA-EB-PL2,2026-02-14,vireo.in,1,3499,PL2-2601-2
VR885667,C108209,VA-EB-PL2,2026-02-14,vireo.in,1,3499,PL2-2512-3
VR886215,C101435,VA-NB-ARC,2026-02-14,Flipkart,1,1169,ARC-2601-1
VR886439,C109393,VA-EB-PL2,2026-02-14,vireo.in,1,3499,PL2-2511-4
VR887595,C108021,VA-SP-ORB,2026-02-14,Amazon,1,5999,ORB-2601-4
VR887752,C102431,VA-EB-PL2,2026-02-14,vireo.in,1,2799,PL2-2601-1
VR888839,C104620,VA-SW-FIT,2026-02-14,Amazon,1,1999,FIT-2601-2
VR890068,C107448,VA-SW-NX2,2026-02-14,vireo.in,1,6174,NX2-2601-4
VR892035,C103021,VA-SW-NX1,2026-02-14,Amazon,1,4749,NX1-2511-2
VR892308,C100805,VA-EB-PL2,2026-02-14,vireo.in,1,3324,PL2-2511-3
VR892542,C106753,VA-EB-PL2,2026-02-14,Amazon,1,3149,PL2-2511-2
VR896798,C107143,VA-SP-ORB,2026-02-14,Amazon,1,5999,ORB-2512-4
VR897180,C106850,VA-EB-PL2,2026-02-14,vireo.in,1,2974,PL2-2512-3
VR897974,C102801,VA-EB-PL2,2026-02-14,vireo.in,1,2974,PL2-2511-3
VR899406,C108548,VA-EB-PL1,2026-02-14,Flipkart,1,2124,PL1-2511-2
VR900582,C106744,VA-AC-CASE,2026-02-14,Amazon,1,1299,CASE-2512-2
VR902784,C103646,VA-EB-PL1,2026-02-14,vireo.in,1,1999,PL1-2601-4
VR904797,C106061,VA-EB-PL2,2026-02-14,Amazon,1,3149,PL2-2511-3
VR906050,C101418,VA-AC-CBL,2026-02-14,vireo.in,1,379,CBL-2512-3
VR909373,C105569,VA-SW-NX1,2026-02-14,vireo.in,1,4749,NX1-2511-1
VR909561,C104301,VA-EB-PL2,2026-02-14,vireo.in,1,3324,PL2-2601-2
VR909825,C101168,VA-EB-PL1,2026-02-14,Amazon,1,2249,PL1-2601-1
VR880443,C102012,VA-EB-PL2,2026-02-15,vireo.in,1,3149,PL2-2512-2
VR881242,C104127,VA-EB-AIR,2026-02-15,vireo.in,1,1439,AIR-2512-4
VR882631,C109104,VA-EB-PL1,2026-02-15,Amazon,1,2124,PL1-2512-4
VR884130,C106512,VA-SW-NX2,2026-02-15,vireo.in,1,6499,NX2-2510-2
VR884448,C100052,VA-EB-AIR,2026-02-15,Amazon,1,1439,AIR-2511-1
VR885922,C104704,VA-EB-PL2,2026-02-15,Amazon,1,3149,PL2-2511-1
VR886102,C103284,VA-SP-ORB,2026-02-15,vireo.in,1,5699,ORB-2512-1
VR888718,C102959,VA-SP-MINI,2026-02-15,Amazon,1,2499,MINI-2511-4
VR890120,C103231,VA-EB-PL2,2026-02-15,vireo.in,1,2974,PL2-2512-3
VR894222,C101758,VA-HP-ST3,2026-02-15,Amazon,1,5949,ST3-2511-4
VR894524,C105540,VA-EB-PL2,2026-02-15,vireo.in,1,3149,PL2-2511-4
VR895111,C102251,VA-EB-PL1,2026-02-15,vireo.in,1,2124,PL1-2601-2
VR895202,C103126,VA-SP-MINI,2026-02-15,vireo.in,1,1999,MINI-2512-2
VR895534,C101967,VA-EB-PL1,2026-02-15,Flipkart,1,2374,PL1-2601-1
VR897186,C101910,VA-AC-CASE,2026-02-15,Amazon,1,1299,CASE-2512-3
VR898504,C108106,VA-HP-ST3,2026-02-15,vireo.in,1,6999,ST3-2512-1
VR898718,C104117,VA-EB-PL1,2026-02-15,vireo.in,1,2124,PL1-2511-4
VR899664,C108939,VA-AC-CASE,2026-02-15,vireo.in,2,2338,CASE-2510-2
VR900049,C102140,VA-SP-MINI,2026-02-15,Flipkart,1,2499,MINI-2511-2
VR900157,C106087,VA-EB-PL2,2026-02-15,vireo.in,1,2974,PL2-2510-4
VR901663,C102283,VA-SW-NX2,2026-02-15,vireo.in,1,6499,NX2-2512-3
VR903221,C108194,VA-SW-NX2,2026-02-15,vireo.in,1,6499,NX2-2601-3
VR907298,C102444,VA-NB-ARC,2026-02-15,Amazon,2,2598,ARC-2510-4
VR907434,C103824,VA-HP-ST2,2026-02-15,vireo.in,1,4999,ST2-2510-1
VR907782,C101065,VA-AC-CASE,2026-02-15,Flipkart,1,1039,CASE-2512-4
VR908252,C105776,VA-SW-FIT,2026-02-15,Amazon,1,1699,FIT-2512-3
VR908564,C105442,VA-EB-PL2,2026-02-15,vireo.in,1,2974,PL2-2601-2
VR909183,C106794,VA-EB-PL2,2026-02-15,Amazon,1,2799,PL2-2512-1
VR909234,C109180,VA-EB-PL2,2026-02-15,vireo.in,1,2974,PL2-2512-4
VR909500,C106151,VA-AC-CBL,2026-02-15,vireo.in,2,678,CBL-2601-3
VR909652,C102111,VA-EB-PL1,2026-02-15,vireo.in,1,2374,PL1-2512-1
VR880034,C106812,VA-EB-PL2,2026-02-16,vireo.in,1,3499,PL2-2511-1
VR880481,C101581,VA-SW-NX2,2026-02-16,Amazon,1,5524,NX2-2512-2
VR881101,C102036,VA-HP-ST2,2026-02-16,vireo.in,1,4499,ST2-2601-4
VR881520,C104031,VA-EB-PL1,2026-02-16,Amazon,2,4998,PL1-2511-3
VR883578,C108645,VA-EB-PL2,2026-02-16,vireo.in,1,2799,PL2-2601-1
VR884207,C106386,VA-EB-PL2,2026-02-16,vireo.in,1,2799,PL2-2512-4
VR884809,C104892,VA-AC-CASE,2026-02-16,vireo.in,1,1299,CASE-2512-4
VR885004,C102583,VA-EB-PL2,2026-02-16,vireo.in,1,3499,PL2-2512-1
VR885601,C107855,VA-HP-ST3,2026-02-16,Amazon,1,6649,ST3-2511-4
VR886271,C107212,VA-EB-PL2,2026-02-16,vireo.in,1,3499,PL2-2512-1
VR890168,C101391,VA-EB-PL2,2026-02-16,Amazon,2,6998,PL2-2601-3
VR890527,C108966,VA-SW-NX2,2026-02-16,vireo.in,1,5524,NX2-2512-4
VR891721,C109079,VA-EB-PL2,2026-02-16,vireo.in,1,3499,PL2-2511-3
VR893812,C108100,VA-SW-NX2,2026-02-16,Amazon,1,6499,NX2-2601-4
VR896378,C103928,VA-EB-PL2,2026-02-16,vireo.in,1,3149,PL2-2512-3
VR896757,C108914,VA-AC-CH65,2026-02-16,vireo.in,2,2398,CH65-2511-4
VR897386,C108685,VA-SW-NX2,2026-02-16,Amazon,1,5849,NX2-2511-2
VR899002,C108208,VA-EB-AIR,2026-02-16,Flipkart,1,1709,AIR-2601-3
VR899286,C105997,VA-SW-NX2,2026-02-16,vireo.in,2,12998,NX2-2511-1
VR900446,C105501,VA-EB-PL1,2026-02-16,Flipkart,1,2499,PL1-2512-3
VR900661,C109140,VA-SW-FIT,2026-02-16,vireo.in,1,1799,FIT-2601-3
VR900996,C109389,VA-EB-PL2,2026-02-16,vireo.in,1,3499,PL2-2511-3
VR901452,C103530,VA-EB-PL2,2026-02-16,Flipkart,1,3499,PL2-2601-2
VR902038,C109107,VA-SW-NX2,2026-02-16,Flipkart,1,6499,NX2-2601-1
VR903025,C106394,VA-EB-PL2,2026-02-16,vireo.in,1,3149,PL2-2601-3
VR906113,C107444,VA-EB-PL2,2026-02-16,Flipkart,1,3324,PL2-2511-3
VR907075,C108402,VA-EB-AIR,2026-02-16,Amazon,1,1529,AIR-2601-2
VR908823,C107288,VA-EB-AIR,2026-02-16,Flipkart,1,1799,AIR-2601-2
VR880162,C101592,VA-EB-PL1,2026-02-17,Flipkart,1,2124,PL1-2601-3
VR880180,C103216,VA-NB-ARC,2026-02-17,vireo.in,1,1299,ARC-2601-4
VR881443,C107602,VA-EB-PL2,2026-02-17,Flipkart,1,3324,PL2-2510-3
VR883638,C101658,VA-SW-NX1,2026-02-17,Amazon,1,3999,NX1-2601-3
VR884501,C105146,VA-HP-ST2,2026-02-17,vireo.in,1,4499,ST2-2601-4
VR884658,C107952,VA-SP-MINI,2026-02-17,vireo.in,1,2499,MINI-2601-3
VR884965,C101358,VA-AC-CH65,2026-02-17,Amazon,1,1199,CH65-2601-3
VR885525,C109045,VA-SP-ORB,2026-02-17,vireo.in,1,5399,ORB-2512-1
VR886368,C108663,VA-EB-PL2,2026-02-17,vireo.in,1,3324,PL2-2512-3
VR887269,C108140,VA-EB-PL2,2026-02-17,vireo.in,1,3499,PL2-2601-4
VR887324,C102462,VA-EB-AIR,2026-02-17,Amazon,1,1799,AIR-2601-4
VR889388,C104806,VA-EB-PL2,2026-02-17,vireo.in,1,3149,PL2-2512-4
VR889442,C102308,VA-SW-FIT,2026-02-17,vireo.in,1,1799,FIT-2601-2
VR890448,C104357,VA-SW-NX2,2026-02-17,vireo.in,1,6499,NX2-2511-1
VR891141,C106845,VA-EB-PL1,2026-02-17,vireo.in,1,2499,PL1-2512-3
VR892171,C106861,VA-EB-PL2,2026-02-17,vireo.in,1,3499,PL2-2601-4
VR893285,C108398,VA-EB-PL1,2026-02-17,Amazon,1,2499,PL1-2601-1
VR893918,C102921,VA-EB-PL2,2026-02-17,Amazon,1,2799,PL2-2512-4
VR895781,C100749,VA-SW-NX1,2026-02-17,vireo.in,1,4999,NX1-2510-4
VR896877,C106387,VA-EB-PL2,2026-02-17,vireo.in,1,3499,PL2-2512-4
VR897059,C107324,VA-EB-PL2,2026-02-17,Amazon,1,3499,PL2-2601-2
VR898621,C109028,VA-SP-MINI,2026-02-17,Amazon,1,2499,MINI-2512-4
VR901988,C104946,VA-NB-ARC,2026-02-17,Amazon,1,1169,ARC-2512-2
VR903176,C104934,VA-AC-CASE,2026-02-17,vireo.in,1,1299,CASE-2512-3
VR906379,C106312,VA-EB-PL2,2026-02-17,vireo.in,1,3499,PL2-2512-2
VR906688,C107201,VA-EB-AIR,2026-02-17,vireo.in,1,1709,AIR-2511-3
VR907250,C107792,VA-EB-PL2,2026-02-17,vireo.in,2,5948,PL2-2511-4
VR908369,C103777,VA-SP-MINI,2026-02-17,Flipkart,1,2374,MINI-2512-3
VR908425,C108175,VA-EB-AIR,2026-02-17,vireo.in,1,1799,AIR-2601-2
VR882783,C101782,VA-SP-MINI,2026-02-18,Amazon,1,2499,MINI-2512-1
VR884781,C100217,VA-SW-FIT,2026-02-18,Flipkart,1,1899,FIT-2601-2
VR886679,C103546,VA-HP-ST3,2026-02-18,Flipkart,1,6999,ST3-2512-1
VR888473,C109401,VA-EB-PL2,2026-02-18,vireo.in,1,3149,PL2-2601-1
VR888641,C101082,VA-AC-CASE,2026-02-18,Amazon,1,1299,CASE-2512-4
VR889412,C106672,VA-EB-PL2,2026-02-18,Amazon,1,2974,PL2-2601-4
VR889976,C109081,VA-EB-PL2,2026-02-18,vireo.in,1,3499,PL2-2511-2
VR891169,C102345,VA-EB-PL2,2026-02-18,Amazon,1,3324,PL2-2511-1
VR891772,C109406,VA-SW-NX2,2026-02-18,vireo.in,2,12998,NX2-2512-3
VR894844,C104048,VA-EB-PL2,2026-02-18,Amazon,1,3499,PL2-2601-3
VR894849,C108633,VA-EB-PL1,2026-02-18,Flipkart,1,2499,PL1-2601-3
VR895371,C100993,VA-EB-PL2,2026-02-18,vireo.in,1,3499,PL2-2512-1
VR895548,C100524,VA-AC-CASE,2026-02-18,Amazon,1,1104,CASE-2601-4
VR896667,C103740,VA-SW-NX1,2026-02-18,Amazon,1,3999,NX1-2512-3
VR897251,C101648,VA-HP-ST3,2026-02-18,Amazon,1,6999,ST3-2511-1
VR898284,C106871,VA-EB-PL2,2026-02-18,vireo.in,1,3499,PL2-2511-3
VR898539,C102609,VA-EB-PL2,2026-02-18,vireo.in,1,2974,PL2-2511-1
VR901864,C106887,VA-EB-PL2,2026-02-18,Flipkart,1,3499,PL2-2601-3
VR901984,C104118,VA-SP-ORB,2026-02-18,vireo.in,1,4799,ORB-2511-2
VR909462,C108960,VA-SW-NX2,2026-02-18,vireo.in,1,5849,NX2-2512-4
VR882997,C109437,VA-EB-AIR,2026-02-19,Amazon,1,1799,AIR-2512-3
VR883646,C108373,VA-SW-NX2,2026-02-19,Amazon,2,12998,NX2-2511-1
VR884064,C105177,VA-EB-PL1,2026-02-19,Flipkart,1,2499,PL1-2511-3
VR885006,C100323,VA-SP-MINI,2026-02-19,vireo.in,1,2124,MINI-2511-1
VR885072,C107746,VA-EB-AIR,2026-02-19,Flipkart,1,1709,AIR-2512-1
VR885599,C101649,VA-SW-NX2,2026-02-19,vireo.in,1,6499,NX2-2601-4
VR886482,C102682,VA-EB-PL2,2026-02-19,Amazon,1,2974,PL2-2511-2
VR887219,C107770,VA-EB-PL2,2026-02-19,vireo.in,1,3499,PL2-2512-4
VR888728,C103205,VA-SW-NX1,2026-02-19,vireo.in,1,3999,NX1-2601-3
VR890345,C107429,VA-EB-PL2,2026-02-19,Flipkart,1,3499,PL2-2512-3
VR891056,C100355,VA-EB-PL2,2026-02-19,vireo.in,1,2974,PL2-2511-3
VR892038,C101943,VA-SW-NX2,2026-02-19,Amazon,1,5199,NX2-2512-3
VR892256,C106462,VA-EB-PL2,2026-02-19,Amazon,1,3324,PL2-2511-1
VR896741,C106888,VA-EB-PL2,2026-02-19,Amazon,1,3499,PL2-2601-1
VR897444,C108635,VA-EB-PL2,2026-02-19,vireo.in,1,3324,PL2-2511-1
VR898992,C100597,VA-EB-PL2,2026-02-19,Amazon,1,2799,PL2-2512-2
VR899767,C108271,VA-EB-PL2,2026-02-19,Flipkart,1,2799,PL2-2601-1
VR900350,C101523,VA-EB-PL1,2026-02-19,Flipkart,1,1999,PL1-2601-1
VR901087,C106837,VA-EB-AIR,2026-02-19,Flipkart,1,1619,AIR-2601-3
VR902177,C106493,VA-EB-PL2,2026-02-19,vireo.in,1,2974,PL2-2511-3
VR903718,C100850,VA-EB-PL2,2026-02-19,vireo.in,1,3149,PL2-2601-3
VR904223,C103076,VA-EB-PL2,2026-02-19,Amazon,1,2974,PL2-2511-2
VR904700,C106231,VA-EB-PL2,2026-02-19,vireo.in,2,5598,PL2-2511-3
VR908648,C102623,VA-EB-PL1,2026-02-19,Amazon,1,2249,PL1-2601-1
VR908830,C102180,VA-EB-PL2,2026-02-19,Flipkart,1,2799,PL2-2601-4
VR908875,C100923,VA-EB-PL2,2026-02-19,vireo.in,1,3499,PL2-2601-1
VR880214,C108753,VA-EB-PL2,2026-02-20,Amazon,1,3149,PL2-2512-4
VR881593,C105469,VA-SW-FIT,2026-02-20,Amazon,1,1899,FIT-2512-2
VR883160,C108988,VA-EB-PL2,2026-02-20,Amazon,1,2974,PL2-2512-2
VR884660,C101900,VA-EB-PL1,2026-02-20,Amazon,1,2249,PL1-2511-1
VR885024,C106084,VA-EB-PL2,2026-02-20,vireo.in,2,5598,PL2-2601-4
VR888133,C108603,VA-SP-MINI,2026-02-20,vireo.in,1,2124,MINI-2511-2
VR889535,C106990,VA-SW-FIT,2026-02-20,vireo.in,1,1899,FIT-2511-4
VR890868,C106246,VA-SW-FIT,2026-02-20,vireo.in,1,1599,FIT-2511-3
VR894878,C107241,VA-EB-PL2,2026-02-20,vireo.in,1,3499,PL2-2601-3
VR896472,C100942,VA-EB-PL2,2026-02-20,vireo.in,1,3149,PL2-2511-3
VR896676,C106067,VA-SW-NX2,2026-02-20,Flipkart,2,12998,NX2-2512-1
VR896763,C102249,VA-SW-NX2,2026-02-20,vireo.in,1,5849,NX2-2601-1
VR896945,C100719,VA-EB-PL2,2026-02-20,vireo.in,1,3499,PL2-2511-4
VR897169,C100587,VA-EB-PL1,2026-02-20,vireo.in,1,2124,PL1-2601-4
VR897384,C106047,VA-EB-PL1,2026-02-20,vireo.in,1,2499,PL1-2512-4
VR902152,C107673,VA-NB-ARC,2026-02-20,vireo.in,1,1104,ARC-2601-1
VR902518,C107758,VA-HP-ST3,2026-02-20,Flipkart,1,6999,ST3-2601-1
VR903289,C103420,VA-SW-NX2,2026-02-20,Amazon,1,5849,NX2-2512-2
VR905390,C103555,VA-EB-AIR,2026-02-20,Amazon,1,1439,AIR-2601-1
VR907020,C105508,VA-EB-PL2,2026-02-20,Amazon,1,3499,PL2-2511-1
VR907444,C108580,VA-EB-PL2,2026-02-20,Amazon,1,3499,PL2-2511-3
VR907753,C104110,VA-EB-PL1,2026-02-20,vireo.in,1,2499,PL1-2511-1
VR908036,C100587,VA-AC-CASE,2026-02-20,vireo.in,1,1299,CASE-2512-3
VR908197,C106324,VA-EB-PL2,2026-02-20,Amazon,1,3499,PL2-2512-2
VR909076,C101769,VA-EB-PL1,2026-02-20,vireo.in,1,2499,PL1-2601-1
VR909526,C101146,VA-NB-ARC,2026-02-20,vireo.in,2,2598,ARC-2601-2
VR882268,C105113,VA-SW-NX2,2026-02-21,vireo.in,1,6499,NX2-2511-2
VR882488,C107050,VA-SP-MINI,2026-02-21,vireo.in,1,2499,MINI-2601-4
VR882666,C102375,VA-SP-MINI,2026-02-21,vireo.in,2,3998,MINI-2512-3
VR883315,C104402,VA-EB-PL2,2026-02-21,vireo.in,1,3499,PL2-2511-4
VR884103,C107166,VA-EB-PL2,2026-02-21,Flipkart,1,3499,PL2-2601-1
VR885196,C106213,VA-SP-MINI,2026-02-21,Amazon,1,1999,MINI-2512-4
VR887003,C107287,VA-SP-MINI,2026-02-21,vireo.in,1,2499,MINI-2512-2
VR887997,C106210,VA-EB-PL2,2026-02-21,vireo.in,1,3499,PL2-2511-2
VR888254,C102589,VA-SW-FIT,2026-02-21,vireo.in,2,3598,FIT-2511-2
VR889252,C106378,VA-EB-PL2,2026-02-21,vireo.in,1,3149,PL2-2511-3
VR891526,C106346,VA-SW-NX2,2026-02-21,vireo.in,1,5524,NX2-2601-4
VR891608,C101189,VA-EB-PL2,2026-02-21,Amazon,1,3149,PL2-2512-4
VR893041,C104526,VA-AC-CH65,2026-02-21,Flipkart,1,1199,CH65-2511-3
VR893524,C100426,VA-SW-NX2,2026-02-21,Amazon,1,5199,NX2-2601-4
VR895301,C106707,VA-AC-CASE,2026-02-21,Amazon,1,1299,CASE-2601-4
VR897722,C105074,VA-SW-NX2,2026-02-21,vireo.in,1,5849,NX2-2601-2
VR898660,C100492,VA-EB-PL2,2026-02-21,vireo.in,1,3499,PL2-2511-3
VR898815,C107928,VA-EB-PL1,2026-02-21,vireo.in,1,2124,PL1-2512-4
VR899581,C103406,VA-EB-PL2,2026-02-21,Amazon,1,3499,PL2-2512-1
VR900034,C100960,VA-SW-NX2,2026-02-21,vireo.in,1,5849,NX2-2511-2
VR900800,C109336,VA-EB-PL2,2026-02-21,Flipkart,1,3324,PL2-2601-1
VR903965,C103407,VA-HP-ST3,2026-02-21,vireo.in,1,5599,ST3-2601-4
VR904086,C105942,VA-SW-NX2,2026-02-21,vireo.in,1,5849,NX2-2601-2
VR905067,C108647,VA-SP-MINI,2026-02-21,vireo.in,1,2374,MINI-2512-4
VR906122,C106567,VA-EB-PL2,2026-02-21,vireo.in,1,3149,PL2-2512-3
VR907661,C105786,VA-EB-AIR,2026-02-21,Amazon,1,1799,AIR-2601-1
VR908371,C100100,VA-SW-NX2,2026-02-21,Amazon,2,12998,NX2-2512-4
VR880566,C102933,VA-EB-PL2,2026-02-22,Amazon,1,3149,PL2-2512-2
VR881983,C106398,VA-EB-PL1,2026-02-22,Amazon,1,2374,PL1-2511-4
VR882988,C106636,VA-AC-CASE,2026-02-22,vireo.in,1,1299,CASE-2511-1
VR883562,C102639,VA-EB-PL2,2026-02-22,vireo.in,1,3499,PL2-2511-3
VR887115,C108545,VA-EB-PL2,2026-02-22,Flipkart,1,3499,PL2-2601-2
VR887919,C100930,VA-SW-NX2,2026-02-22,Amazon,1,6174,NX2-2512-4
VR888995,C103742,VA-EB-PL2,2026-02-22,vireo.in,1,3499,PL2-2601-3
VR889649,C100328,VA-HP-ST3,2026-02-22,vireo.in,1,6299,ST3-2601-3
VR891670,C104309,VA-AC-CASE,2026-02-22,Amazon,1,1234,CASE-2512-3
VR892057,C102241,VA-HP-ST3,2026-02-22,Amazon,1,6999,ST3-2512-1
VR893060,C104153,VA-HP-ST3,2026-02-22,vireo.in,1,6999,ST3-2512-1
VR893190,C101600,VA-EB-PL2,2026-02-22,Amazon,1,3499,PL2-2512-2
VR896047,C105350,VA-SW-NX1,2026-02-22,Flipkart,1,4999,NX1-2512-1
VR896777,C102653,VA-EB-PL2,2026-02-22,vireo.in,1,3324,PL2-2602-1
VR897179,C103740,VA-EB-PL2,2026-02-22,vireo.in,1,3499,PL2-2511-1
VR898682,C105181,VA-AC-CASE,2026-02-22,Flipkart,1,1234,CASE-2512-3
VR903219,C103148,VA-EB-PL1,2026-02-22,vireo.in,1,2499,PL1-2601-3
VR905677,C108713,VA-HP-ST3,2026-02-22,Amazon,1,6999,ST3-2601-4
VR906730,C107088,VA-SW-NX1,2026-02-22,Amazon,1,3999,NX1-2512-2
VR908311,C109000,VA-EB-PL2,2026-02-22,Flipkart,1,3499,PL2-2511-3
VR908801,C101209,VA-EB-PL1,2026-02-22,vireo.in,1,2249,PL1-2511-3
VR908872,C103362,VA-SW-NX2,2026-02-22,vireo.in,1,6499,NX2-2601-3
VR883011,C104298,VA-SW-NX2,2026-02-23,Flipkart,1,5524,NX2-2601-3
VR884776,C103404,VA-HP-ST3,2026-02-23,vireo.in,1,6649,ST3-2512-4
VR885553,C104032,VA-EB-PL2,2026-02-23,vireo.in,1,2974,PL2-2601-2
VR888324,C101791,VA-EB-PL2,2026-02-23,Flipkart,2,6648,PL2-2512-3
VR888431,C106093,VA-SW-NX2,2026-02-23,Amazon,1,6499,NX2-2511-4
VR889579,C103275,VA-EB-PL2,2026-02-23,Amazon,1,2974,PL2-2511-2
VR889899,C106477,VA-EB-PL2,2026-02-23,vireo.in,1,3499,PL2-2512-4
VR891253,C109048,VA-SW-FIT,2026-02-23,vireo.in,1,1799,FIT-2601-4
VR892561,C102131,VA-EB-PL2,2026-02-23,vireo.in,1,3324,PL2-2601-2
VR893038,C103450,VA-EB-PL2,2026-02-23,Amazon,1,3324,PL2-2511-1
VR893772,C101775,VA-EB-PL2,2026-02-23,vireo.in,2,5598,PL2-2512-3
VR893819,C107732,VA-SW-NX1,2026-02-23,vireo.in,1,4999,NX1-2601-3
VR893946,C106552,VA-AC-CBL,2026-02-23,vireo.in,1,399,CBL-2601-2
VR895364,C104351,VA-EB-PL2,2026-02-23,Flipkart,1,3324,PL2-2511-1
VR896312,C101150,VA-NB-ARC,2026-02-23,vireo.in,1,1234,ARC-2601-4
VR898306,C103665,VA-EB-PL1,2026-02-23,Amazon,1,2499,PL1-2512-1
VR898387,C106283,VA-SP-MINI,2026-02-23,Amazon,1,2499,MINI-2601-2
VR900177,C103704,VA-EB-AIR,2026-02-23,vireo.in,1,1529,AIR-2511-4
VR900431,C107516,VA-SP-MINI,2026-02-23,vireo.in,1,2374,MINI-2511-4
VR900524,C102434,VA-EB-PL2,2026-02-23,Flipkart,1,3324,PL2-2512-1
VR900831,C103364,VA-EB-PL1,2026-02-23,Amazon,1,2499,PL1-2601-3
VR902044,C105823,VA-EB-PL2,2026-02-23,Flipkart,1,3499,PL2-2601-4
VR902583,C101871,VA-EB-PL2,2026-02-23,vireo.in,1,3499,PL2-2512-2
VR904156,C100233,VA-HP-ST3,2026-02-23,vireo.in,1,6999,ST3-2512-2
VR904747,C102635,VA-EB-AIR,2026-02-23,Flipkart,1,1709,AIR-2512-2
VR906791,C106408,VA-EB-AIR,2026-02-23,vireo.in,1,1439,AIR-2512-1
VR906908,C102586,VA-SP-ORB,2026-02-23,Amazon,1,5399,ORB-2512-4
VR907424,C108649,VA-EB-PL2,2026-02-23,Amazon,1,3499,PL2-2601-3
VR883745,C105415,VA-SW-FIT,2026-02-24,vireo.in,1,1599,FIT-2601-1
VR889691,C109058,VA-EB-PL1,2026-02-24,vireo.in,2,4248,PL1-2601-3
VR890354,C105482,VA-EB-PL2,2026-02-24,Flipkart,1,2974,PL2-2601-1
VR892330,C101267,VA-SW-NX2,2026-02-24,vireo.in,1,6499,NX2-2601-2
VR892365,C108867,VA-EB-PL1,2026-02-24,vireo.in,1,2124,PL1-2512-4
VR892763,C100647,VA-SW-NX2,2026-02-24,Amazon,1,6499,NX2-2512-4
VR893471,C109089,VA-EB-PL1,2026-02-24,Amazon,1,2499,PL1-2601-3
VR894063,C108794,VA-EB-PL1,2026-02-24,Amazon,1,2499,PL1-2512-3
VR894150,C106975,VA-EB-PL2,2026-02-24,vireo.in,1,3499,PL2-2601-1
VR895603,C105605,VA-SP-MINI,2026-02-24,vireo.in,1,2499,MINI-2511-2
VR897292,C109333,VA-EB-PL2,2026-02-24,vireo.in,1,2799,PL2-2511-2
VR900974,C107496,VA-EB-PL2,2026-02-24,vireo.in,1,3324,PL2-2601-1
VR903271,C100040,VA-HP-ST3,2026-02-24,vireo.in,1,6999,ST3-2511-2
VR903625,C102540,VA-HP-ST3,2026-02-24,vireo.in,1,5949,ST3-2511-1
VR904733,C105046,VA-EB-PL2,2026-02-24,vireo.in,1,3499,PL2-2601-1
VR907810,C105539,VA-EB-PL2,2026-02-24,vireo.in,2,6998,PL2-2512-3
VR908368,C102832,VA-SP-MINI,2026-02-24,Amazon,1,2374,MINI-2601-3
VR909175,C104304,VA-EB-PL2,2026-02-24,vireo.in,1,3499,PL2-2601-3
VR880822,C103891,VA-EB-PL2,2026-02-25,Amazon,1,3324,PL2-2601-3
VR880870,C101043,VA-EB-PL2,2026-02-25,vireo.in,1,2974,PL2-2601-2
VR881024,C100957,VA-SW-NX2,2026-02-25,Amazon,1,6174,NX2-2511-2
VR882219,C104482,VA-EB-PL1,2026-02-25,vireo.in,1,2499,PL1-2601-2
VR886220,C104550,VA-SW-NX2,2026-02-25,vireo.in,1,6174,NX2-2601-3
VR889512,C100590,VA-HP-ST3,2026-02-25,vireo.in,1,6649,ST3-2511-1
VR891290,C103105,VA-SW-FIT,2026-02-25,vireo.in,1,1999,FIT-2601-3
VR891611,C108668,VA-EB-PL2,2026-02-25,Amazon,1,3324,PL2-2601-4
VR892911,C101206,VA-SP-ORB,2026-02-25,vireo.in,1,5099,ORB-2512-1
VR893337,C107846,VA-SW-NX2,2026-02-25,vireo.in,1,6499,NX2-2511-3
VR893538,C100918,VA-EB-PL2,2026-02-25,vireo.in,1,3149,PL2-2512-3
VR895285,C105794,VA-EB-AIR,2026-02-25,Amazon,1,1799,AIR-2601-1
VR896040,C103603,VA-EB-AIR,2026-02-25,Flipkart,1,1529,AIR-2511-1
VR896334,C108621,VA-EB-PL2,2026-02-25,Amazon,1,3499,PL2-2512-1
VR898325,C101599,VA-EB-PL2,2026-02-25,vireo.in,1,3499,PL2-2512-1
VR898742,C102377,VA-SP-ORB,2026-02-25,Amazon,1,5999,ORB-2602-1
VR900308,C100386,VA-HP-ST3,2026-02-25,Flipkart,1,6999,ST3-2601-1
VR902952,C106093,VA-SP-MINI,2026-02-25,vireo.in,1,2249,MINI-2601-3
VR904921,C107820,VA-HP-ST3,2026-02-25,Amazon,1,5949,ST3-2601-3
VR905189,C109359,VA-EB-PL2,2026-02-25,vireo.in,1,3499,PL2-2512-1
VR906993,C102975,VA-EB-AIR,2026-02-25,vireo.in,1,1799,AIR-2601-4
VR907036,C104475,VA-HP-ST3,2026-02-25,Amazon,1,6999,ST3-2512-1
VR908465,C108835,VA-EB-PL2,2026-02-25,vireo.in,1,3499,PL2-2601-3
VR909830,C106897,VA-SP-MINI,2026-02-25,vireo.in,1,2499,MINI-2602-4
VR880123,C108406,VA-SP-MINI,2026-02-26,Amazon,1,1999,MINI-2512-4
VR885277,C101289,VA-EB-PL2,2026-02-26,vireo.in,2,6998,PL2-2511-2
VR885374,C107133,VA-HP-ST3,2026-02-26,vireo.in,1,6299,ST3-2511-4
VR886026,C100290,VA-EB-PL1,2026-02-26,vireo.in,1,2499,PL1-2511-3
VR886754,C107867,VA-SW-NX2,2026-02-26,Flipkart,1,5199,NX2-2511-2
VR887532,C108347,VA-EB-PL2,2026-02-26,vireo.in,1,3499,PL2-2512-1
VR892098,C107378,VA-SP-MINI,2026-02-26,Amazon,1,1999,MINI-2511-2
VR895514,C103468,VA-EB-PL2,2026-02-26,Amazon,1,2799,PL2-2511-4
VR897510,C106133,VA-HP-ST3,2026-02-26,vireo.in,1,6299,ST3-2601-1
VR899241,C104126,VA-AC-CASE,2026-02-26,vireo.in,1,1169,CASE-2601-2
VR905368,C101713,VA-HP-ST2,2026-02-26,vireo.in,1,4249,ST2-2512-1
VR905452,C107292,VA-AC-CH65,2026-02-26,Amazon,2,2698,CH65-2512-1
VR905907,C109437,VA-EB-AIR,2026-02-26,vireo.in,1,1529,AIR-2512-3
VR908159,C106451,VA-SW-NX2,2026-02-26,Amazon,1,6174,NX2-2512-4
VR908179,C107856,VA-EB-PL2,2026-02-26,vireo.in,1,3499,PL2-2511-2
VR908969,C109478,VA-EB-AIR,2026-02-26,Flipkart,1,1709,AIR-2512-3
VR909105,C101850,VA-EB-PL2,2026-02-26,Amazon,1,3499,PL2-2512-3
VR909260,C109065,VA-EB-PL1,2026-02-26,vireo.in,1,2374,PL1-2601-2
VR909681,C103074,VA-EB-PL1,2026-02-26,vireo.in,1,2374,PL1-2512-2
VR880486,C107468,VA-EB-AIR,2026-02-27,vireo.in,1,1799,AIR-2512-2
VR882633,C105977,VA-SP-MINI,2026-02-27,vireo.in,2,4998,MINI-2512-1
VR883946,C105080,VA-AC-CH65,2026-02-27,Amazon,1,1424,CH65-2512-1
VR886686,C101739,VA-EB-PL1,2026-02-27,Amazon,1,2124,PL1-2601-4
VR887597,C104804,VA-EB-PL2,2026-02-27,vireo.in,1,2799,PL2-2601-1
VR890327,C104176,VA-EB-PL1,2026-02-27,vireo.in,1,2499,PL1-2512-2
VR890983,C107096,VA-AC-CBL,2026-02-27,vireo.in,1,319,CBL-2601-3
VR893713,C104035,VA-EB-PL2,2026-02-27,vireo.in,1,3499,PL2-2602-1
VR893817,C103238,VA-SW-FIT,2026-02-27,Amazon,1,1599,FIT-2511-4
VR894394,C102445,VA-SP-MINI,2026-02-27,vireo.in,1,2499,MINI-2601-3
VR894429,C103829,VA-HP-ST2,2026-02-27,Amazon,1,4749,ST2-2512-2
VR894475,C101806,VA-AC-CBL,2026-02-27,Flipkart,1,399,CBL-2601-1
VR896964,C105446,VA-EB-PL1,2026-02-27,vireo.in,1,2499,PL1-2512-2
VR898088,C105193,VA-EB-PL2,2026-02-27,vireo.in,1,3499,PL2-2511-1
VR898756,C106630,VA-EB-AIR,2026-02-27,vireo.in,2,3238,AIR-2601-2
VR899300,C104940,VA-EB-PL2,2026-02-27,vireo.in,1,3499,PL2-2601-3
VR899503,C101701,VA-SW-FIT,2026-02-27,Flipkart,1,1699,FIT-2512-4
VR900775,C103283,VA-EB-PL1,2026-02-27,vireo.in,1,2124,PL1-2602-4
VR901337,C105518,VA-HP-ST2,2026-02-27,Flipkart,1,4999,ST2-2601-4
VR902442,C107836,VA-EB-PL1,2026-02-27,Amazon,2,4998,PL1-2511-3
VR904255,C101005,VA-EB-PL2,2026-02-27,vireo.in,1,3499,PL2-2601-3
VR904545,C106576,VA-EB-PL1,2026-02-27,vireo.in,1,2249,PL1-2511-1
VR904738,C105429,VA-EB-PL1,2026-02-27,vireo.in,1,2249,PL1-2601-4
VR906374,C104174,VA-HP-ST3,2026-02-27,Flipkart,1,6649,ST3-2601-3
VR906639,C108129,VA-EB-PL2,2026-02-27,Amazon,1,2974,PL2-2601-3
VR907965,C104066,VA-EB-PL2,2026-02-27,vireo.in,1,2974,PL2-2512-2
VR907976,C104116,VA-EB-PL2,2026-02-27,Amazon,1,3324,PL2-2601-1
VR910085,C107310,VA-EB-PL1,2026-02-27,vireo.in,1,1999,PL1-2601-2
VR880585,C108478,VA-EB-PL2,2026-02-28,vireo.in,1,3324,PL2-2602-4
VR881657,C106496,VA-EB-PL2,2026-02-28,vireo.in,1,3499,PL2-2511-4
VR882153,C103472,VA-EB-AIR,2026-02-28,vireo.in,1,1439,AIR-2601-4
VR882811,C105177,VA-EB-PL2,2026-02-28,Flipkart,1,3149,PL2-2512-1
VR884315,C109045,VA-HP-ST3,2026-02-28,vireo.in,1,6999,ST3-2601-3
VR886154,C106791,VA-SW-NX2,2026-02-28,vireo.in,1,6499,NX2-2512-4
VR886640,C106629,VA-EB-PL1,2026-02-28,vireo.in,1,2374,PL1-2512-4
VR887192,C100545,VA-EB-PL1,2026-02-28,Amazon,1,1999,PL1-2601-1
VR887207,C100087,VA-SP-ORB,2026-02-28,vireo.in,1,5999,ORB-2601-3
VR887338,C101488,VA-SW-NX2,2026-02-28,vireo.in,2,11698,NX2-2601-3
VR889038,C101033,VA-HP-ST2,2026-02-28,vireo.in,1,3999,ST2-2512-3
VR889126,C100076,VA-SW-NX2,2026-02-28,vireo.in,1,6499,NX2-2601-4
VR890291,C105804,VA-EB-PL2,2026-02-28,Flipkart,1,2974,PL2-2512-4
VR890470,C105984,VA-EB-PL2,2026-02-28,vireo.in,1,3149,PL2-2601-2
VR891956,C102951,VA-HP-ST3,2026-02-28,Amazon,1,6999,ST3-2512-4
VR892123,C108671,VA-EB-PL1,2026-02-28,Amazon,1,2124,PL1-2511-3
VR892294,C106320,VA-EB-PL2,2026-02-28,vireo.in,1,2974,PL2-2601-4
VR893347,C100720,VA-AC-CH65,2026-02-28,vireo.in,1,1499,CH65-2512-2
VR894286,C101436,VA-NB-ARC,2026-02-28,vireo.in,1,1104,ARC-2512-4
VR894400,C105387,VA-SW-NX1,2026-02-28,Flipkart,1,4999,NX1-2512-3
VR894640,C101832,VA-SP-ORB,2026-02-28,vireo.in,1,5999,ORB-2511-2
VR896656,C103437,VA-HP-ST2,2026-02-28,Amazon,1,4999,ST2-2511-3
VR897020,C107902,VA-EB-PL1,2026-02-28,vireo.in,1,2499,PL1-2601-2
VR897173,C107772,VA-EB-PL1,2026-02-28,vireo.in,1,2249,PL1-2512-3
VR900066,C107540,VA-AC-CH65,2026-02-28,Amazon,1,1349,CH65-2512-3
VR900430,C105889,VA-EB-PL2,2026-02-28,Amazon,1,3499,PL2-2511-4
VR900757,C108669,VA-SW-NX1,2026-02-28,vireo.in,1,4499,NX1-2511-2
VR901246,C107954,VA-EB-PL1,2026-02-28,Amazon,1,1999,PL1-2601-3
VR902182,C102358,VA-SP-ORB,2026-02-28,vireo.in,1,5699,ORB-2601-1
VR903632,C101316,VA-NB-ARC,2026-02-28,vireo.in,1,1299,ARC-2511-1
VR907499,C101966,VA-HP-ST3,2026-02-28,Flipkart,1,6999,ST3-2602-3
VR908507,C100479,VA-EB-PL2,2026-02-28,Amazon,2,6998,PL2-2602-2
VR908712,C108723,VA-EB-PL2,2026-02-28,vireo.in,1,3324,PL2-2512-2
VR909034,C106924,VA-EB-PL2,2026-02-28,vireo.in,1,2799,PL2-2511-2
VR880902,C106012,VA-EB-AIR,2026-03-01,vireo.in,1,1799,AIR-2512-1
VR882253,C101980,VA-EB-PL2,2026-03-01,vireo.in,1,3499,PL2-2512-3
VR883256,C100692,VA-SW-NX2,2026-03-01,Amazon,1,6174,NX2-2601-2
VR883425,C105033,VA-SW-FIT,2026-03-01,Flipkart,1,1599,FIT-2511-1
VR884048,C102509,VA-EB-PL2,2026-03-01,vireo.in,1,2974,PL2-2601-4
VR884979,C104560,VA-EB-PL2,2026-03-01,Flipkart,1,3324,PL2-2601-4
VR885077,C100724,VA-SW-NX2,2026-03-01,vireo.in,1,6499,NX2-2601-3
VR886741,C100716,VA-SW-FIT,2026-03-01,vireo.in,1,1699,FIT-2601-3
VR888943,C106299,VA-HP-ST3,2026-03-01,vireo.in,1,6999,ST3-2511-1
VR891753,C102001,VA-EB-AIR,2026-03-01,Flipkart,1,1709,AIR-2601-1
VR893342,C101818,VA-EB-PL2,2026-03-01,Flipkart,1,3499,PL2-2512-4
VR894465,C105526,VA-EB-PL2,2026-03-01,Flipkart,1,3324,PL2-2511-3
VR894739,C100576,VA-SW-NX2,2026-03-01,Amazon,1,5199,NX2-2601-3
VR894819,C103488,VA-EB-PL2,2026-03-01,vireo.in,1,2974,PL2-2601-1
VR895675,C106485,VA-SW-NX2,2026-03-01,vireo.in,1,5849,NX2-2512-3
VR895689,C100253,VA-EB-PL2,2026-03-01,vireo.in,1,3499,PL2-2512-3
VR896042,C100665,VA-SW-NX2,2026-03-01,Amazon,2,12998,NX2-2511-4
VR897732,C108259,VA-EB-PL2,2026-03-01,vireo.in,1,3499,PL2-2511-4
VR899380,C108768,VA-EB-PL2,2026-03-01,Amazon,1,3499,PL2-2511-2
VR899422,C107014,VA-SP-MINI,2026-03-01,Amazon,2,4998,MINI-2601-1
VR901712,C106886,VA-SP-MINI,2026-03-01,Amazon,1,2499,MINI-2601-3
VR903267,C100416,VA-SP-MINI,2026-03-01,Flipkart,1,2249,MINI-2601-4
VR905562,C109414,VA-EB-AIR,2026-03-01,Flipkart,1,1799,AIR-2511-1
VR905578,C106991,VA-EB-PL2,2026-03-01,vireo.in,1,2799,PL2-2601-3
VR905925,C101726,VA-EB-PL2,2026-03-01,vireo.in,1,3149,PL2-2512-1
VR906747,C103446,VA-EB-PL2,2026-03-01,vireo.in,1,3499,PL2-2511-4
VR908435,C100828,VA-EB-PL2,2026-03-01,vireo.in,1,3324,PL2-2512-2
VR909369,C104765,VA-EB-PL2,2026-03-01,Amazon,1,3149,PL2-2601-4
VR880158,C109129,VA-EB-PL2,2026-03-02,Amazon,1,3324,PL2-2601-4
VR880709,C109300,VA-EB-PL2,2026-03-02,Amazon,1,3324,PL2-2512-4
VR880954,C101073,VA-EB-PL1,2026-03-02,vireo.in,2,4248,PL1-2512-2
VR882306,C105562,VA-EB-PL1,2026-03-02,vireo.in,1,2499,PL1-2602-1
VR882911,C106341,VA-EB-PL2,2026-03-02,Flipkart,1,3149,PL2-2601-2
VR884619,C108191,VA-SW-FIT,2026-03-02,vireo.in,1,1799,FIT-2512-4
VR885168,C107976,VA-EB-PL2,2026-03-02,vireo.in,1,3149,PL2-2601-4
VR886456,C105059,VA-EB-PL2,2026-03-02,Amazon,1,3499,PL2-2601-3
VR886520,C107285,VA-EB-PL2,2026-03-02,Amazon,1,3149,PL2-2512-3
VR890607,C100564,VA-EB-PL1,2026-03-02,Amazon,1,2499,PL1-2512-2
VR890627,C100878,VA-SW-NX2,2026-03-02,Amazon,1,6499,NX2-2602-3
VR892376,C103338,VA-EB-PL2,2026-03-02,Amazon,1,3149,PL2-2602-2
VR892628,C104080,VA-EB-PL2,2026-03-02,vireo.in,2,6998,PL2-2511-1
VR896411,C100101,VA-SP-ORB,2026-03-02,Amazon,2,10198,ORB-2602-1
VR896951,C102697,VA-EB-PL2,2026-03-02,vireo.in,1,3499,PL2-2601-1
VR900127,C100777,VA-EB-PL1,2026-03-02,Amazon,2,4998,PL1-2602-3
VR900326,C103263,VA-NB-ARC,2026-03-02,vireo.in,1,1039,ARC-2601-2
VR901364,C101079,VA-SW-NX2,2026-03-02,Flipkart,1,5199,NX2-2601-2
VR901391,C103209,VA-EB-AIR,2026-03-02,Amazon,2,3418,AIR-2602-3
VR902127,C104166,VA-SP-MINI,2026-03-02,Amazon,1,1999,MINI-2601-4
VR903261,C101656,VA-EB-AIR,2026-03-02,Flipkart,1,1619,AIR-2602-3
VR903928,C103956,VA-SW-NX1,2026-03-02,vireo.in,1,4499,NX1-2601-4
VR905108,C109184,VA-EB-PL2,2026-03-02,vireo.in,2,6648,PL2-2601-4
VR905245,C103166,VA-SP-MINI,2026-03-02,Flipkart,1,2124,MINI-2512-3
VR905341,C108825,VA-SW-NX1,2026-03-02,vireo.in,1,4749,NX1-2601-1
VR905595,C103201,VA-SW-NX2,2026-03-02,Amazon,2,12998,NX2-2511-4
VR908894,C101357,VA-SW-NX2,2026-03-02,Flipkart,1,6499,NX2-2511-1
VR880354,C105693,VA-AC-CASE,2026-03-03,Amazon,1,1299,CASE-2601-1
VR880628,C107300,VA-SW-NX1,2026-03-03,Flipkart,1,4999,NX1-2512-2
VR882122,C104781,VA-AC-CASE,2026-03-03,Flipkart,1,1104,CASE-2602-1
VR885863,C103925,VA-SW-FIT,2026-03-03,vireo.in,2,3998,FIT-2511-2
VR885896,C106817,VA-SW-FIT,2026-03-03,vireo.in,1,1899,FIT-2512-3
VR886371,C101587,VA-SP-MINI,2026-03-03,vireo.in,1,2499,MINI-2602-1
VR886771,C107531,VA-HP-ST2,2026-03-03,vireo.in,1,4999,ST2-2602-1
VR887702,C101230,VA-HP-ST2,2026-03-03,Amazon,1,4249,ST2-2512-4
VR887875,C100467,VA-EB-PL2,2026-03-03,Flipkart,1,3324,PL2-2512-3
VR888399,C106836,VA-EB-PL2,2026-03-03,vireo.in,1,3149,PL2-2601-1
VR888608,C102584,VA-SP-ORB,2026-03-03,vireo.in,1,5999,ORB-2601-3
VR889139,C105146,VA-AC-CASE,2026-03-03,vireo.in,1,1169,CASE-2601-2
VR891272,C107666,VA-SP-MINI,2026-03-03,Flipkart,1,2249,MINI-2601-3
VR893309,C102454,VA-EB-PL2,2026-03-03,Amazon,1,3499,PL2-2511-4
VR895354,C105447,VA-EB-PL1,2026-03-03,vireo.in,1,2249,PL1-2511-1
VR900318,C105988,VA-SW-FIT,2026-03-03,vireo.in,1,1899,FIT-2511-3
VR903534,C103350,VA-EB-AIR,2026-03-03,Flipkart,1,1799,AIR-2601-3
VR904674,C102906,VA-EB-PL2,2026-03-03,Amazon,1,3499,PL2-2601-4
VR904763,C105910,VA-EB-PL2,2026-03-03,vireo.in,1,2799,PL2-2512-4
VR905748,C102958,VA-EB-AIR,2026-03-03,vireo.in,2,3598,AIR-2601-2
VR905878,C108132,VA-EB-PL2,2026-03-03,vireo.in,1,2974,PL2-2601-2
VR906486,C100214,VA-HP-ST3,2026-03-03,vireo.in,1,6999,ST3-2601-1
VR907487,C100851,VA-EB-PL2,2026-03-03,vireo.in,1,3499,PL2-2602-1
VR909160,C101171,VA-EB-PL2,2026-03-03,vireo.in,1,2974,PL2-2511-4
VR909257,C105862,VA-EB-PL2,2026-03-03,vireo.in,1,3499,PL2-2512-1
VR880333,C104923,VA-AC-CASE,2026-03-04,vireo.in,1,1299,CASE-2512-1
VR881278,C106175,VA-EB-PL2,2026-03-04,vireo.in,1,3324,PL2-2511-3
VR882499,C105255,VA-EB-PL2,2026-03-04,vireo.in,1,3499,PL2-2512-2
VR885825,C107042,VA-EB-PL2,2026-03-04,vireo.in,1,2799,PL2-2511-3
VR888108,C106951,VA-EB-PL2,2026-03-04,vireo.in,2,6998,PL2-2512-1
VR888677,C107215,VA-SP-MINI,2026-03-04,Amazon,1,2249,MINI-2602-1
VR888884,C102350,VA-EB-PL2,2026-03-04,vireo.in,1,2799,PL2-2601-2
VR889522,C103729,VA-EB-PL1,2026-03-04,Amazon,1,2499,PL1-2512-1
VR891703,C106204,VA-SW-NX1,2026-03-04,vireo.in,1,4249,NX1-2602-3
VR894719,C101910,VA-HP-ST2,2026-03-04,Amazon,1,4999,ST2-2511-2
VR896853,C107876,VA-EB-PL1,2026-03-04,Amazon,1,1999,PL1-2512-4
VR900285,C107780,VA-EB-PL1,2026-03-04,vireo.in,1,2499,PL1-2512-1
VR900300,C109428,VA-EB-PL2,2026-03-04,vireo.in,1,3499,PL2-2512-2
VR901673,C101319,VA-AC-CASE,2026-03-04,vireo.in,1,1299,CASE-2512-4
VR901716,C107352,VA-EB-PL2,2026-03-04,vireo.in,1,3499,PL2-2601-1
VR902299,C109207,VA-EB-PL1,2026-03-04,vireo.in,1,2249,PL1-2601-4
VR902810,C105747,VA-EB-PL2,2026-03-04,Amazon,1,3499,PL2-2602-3
VR903458,C104439,VA-EB-PL2,2026-03-04,Amazon,1,3324,PL2-2601-1
VR904191,C107561,VA-EB-PL2,2026-03-04,Amazon,1,2974,PL2-2512-2
VR904655,C106472,VA-SW-NX1,2026-03-04,vireo.in,1,4749,NX1-2601-2
VR906238,C105654,VA-EB-PL2,2026-03-04,Amazon,1,3499,PL2-2512-2
VR907918,C102098,VA-SP-MINI,2026-03-04,vireo.in,1,1999,MINI-2601-4
VR908639,C103669,VA-EB-PL2,2026-03-04,vireo.in,1,3499,PL2-2602-2
VR909030,C109172,VA-EB-AIR,2026-03-04,vireo.in,1,1799,AIR-2511-3
VR909357,C107718,VA-EB-PL2,2026-03-04,Flipkart,1,3149,PL2-2512-2
VR880726,C109314,VA-EB-PL2,2026-03-05,vireo.in,1,3499,PL2-2601-1
VR881602,C100965,VA-EB-PL2,2026-03-05,Amazon,1,3499,PL2-2512-1
VR883119,C108148,VA-HP-ST2,2026-03-05,vireo.in,1,4749,ST2-2601-3
VR883259,C106516,VA-EB-PL2,2026-03-05,Flipkart,1,2974,PL2-2511-2
VR883782,C108809,VA-HP-ST2,2026-03-05,vireo.in,1,4749,ST2-2511-2
VR884006,C100334,VA-SP-MINI,2026-03-05,vireo.in,1,2124,MINI-2601-4
VR884586,C104987,VA-AC-CASE,2026-03-05,vireo.in,1,1104,CASE-2601-2
VR885329,C108331,VA-HP-ST3,2026-03-05,vireo.in,1,6999,ST3-2512-4
VR886680,C106630,VA-EB-PL1,2026-03-05,vireo.in,1,2499,PL1-2512-3
VR888060,C105555,VA-HP-ST3,2026-03-05,Amazon,1,6999,ST3-2601-4
VR890685,C108567,VA-EB-PL2,2026-03-05,Flipkart,1,2799,PL2-2512-3
VR890752,C105470,VA-SW-NX2,2026-03-05,Amazon,1,5199,NX2-2601-3
VR892830,C103593,VA-EB-PL2,2026-03-05,Flipkart,1,2799,PL2-2511-3
VR893711,C104321,VA-EB-PL2,2026-03-05,vireo.in,1,3149,PL2-2511-2
VR894492,C104076,VA-EB-PL2,2026-03-05,vireo.in,1,2974,PL2-2511-4
VR894992,C102876,VA-EB-AIR,2026-03-05,Flipkart,1,1799,AIR-2601-2
VR895170,C103723,VA-HP-ST2,2026-03-05,vireo.in,1,4499,ST2-2601-2
VR896834,C106196,VA-SW-NX2,2026-03-05,Flipkart,1,5199,NX2-2512-3
VR897310,C100109,VA-SW-NX2,2026-03-05,Amazon,1,5199,NX2-2602-4
VR900927,C107341,VA-EB-PL2,2026-03-05,Flipkart,1,3499,PL2-2602-1
VR901340,C103317,VA-SW-FIT,2026-03-05,vireo.in,2,3998,FIT-2602-1
VR901394,C107626,VA-NB-ARC,2026-03-05,vireo.in,2,2468,ARC-2601-4
VR901511,C101104,VA-SP-MINI,2026-03-05,vireo.in,1,2499,MINI-2601-2
VR902486,C101418,VA-SP-ORB,2026-03-05,vireo.in,1,5999,ORB-2512-2
VR902559,C102173,VA-SP-MINI,2026-03-05,vireo.in,1,2374,MINI-2602-4
VR903001,C106052,VA-SW-NX2,2026-03-05,Amazon,1,5524,NX2-2512-3
VR903910,C103764,VA-AC-CASE,2026-03-05,Amazon,1,1299,CASE-2602-3
VR907294,C106943,VA-EB-PL2,2026-03-05,Amazon,1,3149,PL2-2601-3
VR908340,C103290,VA-SW-NX2,2026-03-05,Flipkart,1,5849,NX2-2512-4
VR880296,C104233,VA-EB-PL2,2026-03-06,Amazon,1,2974,PL2-2602-2
VR882425,C107419,VA-HP-ST3,2026-03-06,vireo.in,1,6299,ST3-2602-2
VR885903,C107397,VA-SP-ORB,2026-03-06,Amazon,2,11998,ORB-2512-2
VR887203,C109070,VA-SP-MINI,2026-03-06,Amazon,1,2499,MINI-2601-4
VR888825,C107759,VA-HP-ST2,2026-03-06,vireo.in,1,4499,ST2-2602-3
VR890163,C105632,VA-HP-ST2,2026-03-06,Flipkart,1,4999,ST2-2601-4
VR891320,C109323,VA-SW-FIT,2026-03-06,vireo.in,1,1899,FIT-2512-4
VR891408,C101781,VA-EB-PL2,2026-03-06,Amazon,1,3324,PL2-2511-3
VR891696,C108053,VA-NB-ARC,2026-03-06,Amazon,1,1299,ARC-2601-3
VR891711,C104066,VA-EB-PL2,2026-03-06,vireo.in,1,3149,PL2-2512-3
VR891874,C106698,VA-EB-PL2,2026-03-06,Flipkart,1,3324,PL2-2601-2
VR892685,C106460,VA-SW-FIT,2026-03-06,Amazon,1,1699,FIT-2602-1
VR892884,C102822,VA-HP-ST3,2026-03-06,vireo.in,1,6649,ST3-2512-4
VR893722,C103011,VA-HP-ST2,2026-03-06,Flipkart,1,3999,ST2-2512-2
VR894627,C109178,VA-SP-ORB,2026-03-06,Flipkart,1,5999,ORB-2512-4
VR895416,C108740,VA-EB-PL1,2026-03-06,Amazon,2,3998,PL1-2602-1
VR896027,C102689,VA-EB-PL2,2026-03-06,vireo.in,1,3149,PL2-2511-3
VR896236,C104762,VA-EB-AIR,2026-03-06,vireo.in,1,1799,AIR-2601-1
VR896254,C100102,VA-EB-PL2,2026-03-06,Amazon,1,3499,PL2-2602-4
VR898307,C102747,VA-EB-PL2,2026-03-06,Flipkart,1,3499,PL2-2511-2
VR898720,C105796,VA-EB-PL2,2026-03-06,Flipkart,1,3149,PL2-2601-3
VR899027,C101496,VA-SP-ORB,2026-03-06,Flipkart,1,5999,ORB-2602-4
VR900401,C100628,VA-EB-PL1,2026-03-06,Flipkart,1,2499,PL1-2512-4
VR902493,C107167,VA-AC-CASE,2026-03-06,vireo.in,1,1039,CASE-2601-4
VR903077,C100985,VA-SW-NX2,2026-03-06,vireo.in,1,6174,NX2-2601-2
VR904565,C104763,VA-AC-CASE,2026-03-06,vireo.in,1,1169,CASE-2601-4
VR904933,C101468,VA-EB-PL2,2026-03-06,Flipkart,2,5948,PL2-2511-4
VR905430,C106586,VA-AC-CASE,2026-03-06,Amazon,1,1039,CASE-2511-4
VR905701,C104995,VA-EB-PL2,2026-03-06,Amazon,1,3149,PL2-2601-1
VR908242,C105545,VA-EB-PL2,2026-03-06,Flipkart,1,3499,PL2-2512-2
VR908556,C108031,VA-SW-FIT,2026-03-06,Amazon,1,1999,FIT-2601-1
VR909545,C108144,VA-AC-CASE,2026-03-06,vireo.in,1,1299,CASE-2602-3
VR881004,C108479,VA-NB-ARC,2026-03-07,vireo.in,1,1299,ARC-2602-2
VR882353,C104654,VA-EB-PL2,2026-03-07,Flipkart,1,3149,PL2-2601-2
VR885301,C107206,VA-HP-ST3,2026-03-07,Amazon,1,6299,ST3-2602-3
VR885411,C108627,VA-SW-FIT,2026-03-07,vireo.in,1,1999,FIT-2602-4
VR885888,C103558,VA-EB-PL2,2026-03-07,vireo.in,1,2974,PL2-2601-1
VR887385,C106896,VA-HP-ST3,2026-03-07,vireo.in,1,6999,ST3-2512-2
VR888292,C101194,VA-HP-ST2,2026-03-07,Flipkart,1,4999,ST2-2512-2
VR888853,C107231,VA-EB-PL2,2026-03-07,vireo.in,1,2799,PL2-2602-3
VR888977,C106727,VA-SP-ORB,2026-03-07,vireo.in,1,5999,ORB-2512-3
VR891070,C104561,VA-EB-PL1,2026-03-07,Flipkart,1,2499,PL1-2511-4
VR892582,C104523,VA-EB-PL1,2026-03-07,vireo.in,1,1999,PL1-2601-1
VR892988,C105705,VA-SW-NX1,2026-03-07,vireo.in,1,4999,NX1-2602-3
VR894476,C104558,VA-NB-ARC,2026-03-07,vireo.in,1,1299,ARC-2512-2
VR894479,C103706,VA-EB-PL2,2026-03-07,vireo.in,1,2974,PL2-2601-4
VR894552,C101563,VA-EB-PL2,2026-03-07,vireo.in,2,6998,PL2-2511-2
VR896010,C109055,VA-HP-ST3,2026-03-07,Amazon,1,6299,ST3-2601-1
VR896487,C106055,VA-EB-PL2,2026-03-07,Amazon,1,3499,PL2-2601-2
VR896995,C101836,VA-EB-PL2,2026-03-07,Amazon,1,2974,PL2-2511-4
VR900072,C109403,VA-EB-PL2,2026-03-07,Amazon,1,3499,PL2-2511-2
VR901566,C105036,VA-EB-PL2,2026-03-07,Amazon,2,6998,PL2-2511-4
VR902652,C101522,VA-EB-PL2,2026-03-07,vireo.in,2,5598,PL2-2602-1
VR903748,C105097,VA-EB-PL2,2026-03-07,Amazon,2,6648,PL2-2512-2
VR905031,C103940,VA-EB-PL2,2026-03-07,Flipkart,1,3499,PL2-2512-2
VR906806,C108126,VA-EB-PL1,2026-03-07,Flipkart,1,2374,PL1-2602-3
VR908307,C103272,VA-EB-AIR,2026-03-07,Amazon,1,1799,AIR-2512-4
VR908833,C107704,VA-SP-MINI,2026-03-07,Flipkart,1,2499,MINI-2511-1
VR881824,C100059,VA-HP-ST3,2026-03-08,Amazon,1,6649,ST3-2512-2
VR881979,C102012,VA-SW-NX2,2026-03-08,vireo.in,1,6499,NX2-2512-2
VR882127,C103603,VA-EB-PL1,2026-03-08,Amazon,1,2499,PL1-2512-3
VR882900,C100856,VA-EB-PL2,2026-03-08,Amazon,1,2799,PL2-2601-4
VR884552,C108492,VA-EB-PL2,2026-03-08,vireo.in,1,3149,PL2-2511-1
VR884572,C107008,VA-EB-PL2,2026-03-08,Amazon,1,2799,PL2-2512-4
VR886981,C107419,VA-EB-AIR,2026-03-08,Amazon,1,1619,AIR-2602-2
VR887391,C103195,VA-SP-MINI,2026-03-08,vireo.in,1,2499,MINI-2601-1
VR888277,C100020,VA-EB-PL2,2026-03-08,Flipkart,1,3149,PL2-2511-1
VR888285,C106990,VA-EB-PL2,2026-03-08,vireo.in,1,3499,PL2-2602-4
VR888804,C101622,VA-EB-PL2,2026-03-08,Amazon,1,3149,PL2-2512-1
VR889315,C101154,VA-EB-PL2,2026-03-08,vireo.in,1,3149,PL2-2512-1
VR890055,C105526,VA-EB-PL2,2026-03-08,Flipkart,1,2799,PL2-2511-3
VR890223,C105452,VA-EB-PL2,2026-03-08,vireo.in,1,2974,PL2-2512-4
VR890781,C105891,VA-EB-PL2,2026-03-08,Amazon,1,3324,PL2-2602-1
VR892460,C101834,VA-SW-NX1,2026-03-08,vireo.in,2,9498,NX1-2602-3
VR892936,C104817,VA-EB-PL2,2026-03-08,vireo.in,1,2799,PL2-2512-1
VR895531,C105945,VA-EB-PL2,2026-03-08,vireo.in,1,3499,PL2-2511-4
VR895654,C102673,VA-EB-PL2,2026-03-08,Amazon,1,3499,PL2-2601-3
VR896589,C100070,VA-EB-PL1,2026-03-08,vireo.in,1,2499,PL1-2601-3
VR897262,C106799,VA-SP-ORB,2026-03-08,Amazon,1,5999,ORB-2602-2
VR897735,C107831,VA-EB-PL2,2026-03-08,vireo.in,1,3499,PL2-2602-1
VR898090,C101541,VA-HP-ST2,2026-03-08,vireo.in,1,4999,ST2-2512-4
VR899928,C100514,VA-AC-CASE,2026-03-08,Flipkart,1,1299,CASE-2601-4
VR900567,C107655,VA-AC-CASE,2026-03-08,vireo.in,1,1299,CASE-2512-3
VR900839,C100582,VA-SW-NX2,2026-03-08,vireo.in,1,6499,NX2-2511-3
VR901492,C100230,VA-EB-PL2,2026-03-08,vireo.in,1,3499,PL2-2601-2
VR901809,C108795,VA-SW-NX2,2026-03-08,vireo.in,2,11048,NX2-2602-3
VR901887,C108810,VA-HP-ST3,2026-03-08,Flipkart,1,6999,ST3-2601-3
VR902892,C102570,VA-SP-MINI,2026-03-08,vireo.in,1,2124,MINI-2601-3
VR905365,C104098,VA-EB-PL2,2026-03-08,Amazon,1,3499,PL2-2511-3
VR909535,C102154,VA-NB-ARC,2026-03-08,Flipkart,1,1169,ARC-2601-2
VR881093,C103498,VA-EB-AIR,2026-03-09,vireo.in,1,1619,AIR-2602-4
VR881457,C106762,VA-EB-PL2,2026-03-09,vireo.in,1,2974,PL2-2601-1
VR881976,C102551,VA-EB-PL1,2026-03-09,vireo.in,1,2374,PL1-2512-2
VR882091,C107103,VA-AC-CASE,2026-03-09,vireo.in,1,1299,CASE-2601-2
VR885089,C104818,VA-EB-PL2,2026-03-09,vireo.in,1,3499,PL2-2511-1
VR887669,C104534,VA-EB-PL2,2026-03-09,vireo.in,1,2799,PL2-2602-3
VR887954,C101699,VA-EB-AIR,2026-03-09,Flipkart,1,1439,AIR-2602-3
VR888251,C106186,VA-EB-PL2,2026-03-09,vireo.in,1,3324,PL2-2601-1
VR889926,C109420,VA-HP-ST3,2026-03-09,vireo.in,1,5949,ST3-2602-4
VR889960,C107003,VA-EB-PL2,2026-03-09,Flipkart,1,2799,PL2-2602-4
VR891758,C103594,VA-EB-PL2,2026-03-09,vireo.in,1,3499,PL2-2512-2
VR892118,C103471,VA-EB-AIR,2026-03-09,Amazon,1,1709,AIR-2512-1
VR892520,C106730,VA-SP-MINI,2026-03-09,Amazon,1,2124,MINI-2512-2
VR893350,C105957,VA-EB-PL2,2026-03-09,vireo.in,1,3499,PL2-2601-1
VR897419,C103706,VA-EB-PL2,2026-03-09,Amazon,1,2799,PL2-2511-1
VR900805,C108144,VA-EB-PL2,2026-03-09,vireo.in,1,3499,PL2-2602-3
VR902618,C102253,VA-EB-PL2,2026-03-09,vireo.in,1,3499,PL2-2512-4
VR903257,C104434,VA-SW-NX2,2026-03-09,vireo.in,1,6499,NX2-2511-3
VR904867,C104664,VA-SW-NX2,2026-03-09,Flipkart,2,11698,NX2-2512-4
VR908040,C103531,VA-SP-MINI,2026-03-09,Flipkart,1,2499,MINI-2512-2
VR909013,C104641,VA-EB-PL2,2026-03-09,vireo.in,1,3499,PL2-2602-4
VR880849,C109161,VA-NB-ARC,2026-03-10,vireo.in,1,1169,ARC-2601-2
VR881293,C101397,VA-EB-PL1,2026-03-10,vireo.in,1,2499,PL1-2512-2
VR884198,C103248,VA-EB-PL2,2026-03-10,vireo.in,1,3149,PL2-2601-3
VR887445,C108680,VA-EB-PL1,2026-03-10,vireo.in,1,2124,PL1-2512-3
VR887870,C100143,VA-EB-PL1,2026-03-10,Amazon,2,4998,PL1-2602-3
VR888534,C107942,VA-EB-AIR,2026-03-10,Amazon,1,1709,AIR-2512-2
VR890032,C100678,VA-EB-AIR,2026-03-10,vireo.in,1,1799,AIR-2512-3
VR891435,C109209,VA-EB-PL2,2026-03-10,vireo.in,1,3499,PL2-2601-4
VR894338,C107981,VA-SW-NX1,2026-03-10,Amazon,1,3999,NX1-2512-1
VR898199,C103994,VA-EB-PL2,2026-03-10,Amazon,1,2799,PL2-2601-3
VR899269,C107008,VA-EB-PL2,2026-03-10,vireo.in,1,2974,PL2-2601-3
VR900112,C104964,VA-EB-PL1,2026-03-10,Amazon,1,2499,PL1-2512-2
VR901030,C108361,VA-EB-AIR,2026-03-10,vireo.in,1,1799,AIR-2601-4
VR903707,C107858,VA-SP-ORB,2026-03-10,Amazon,1,5699,ORB-2601-3
VR905630,C108536,VA-EB-PL2,2026-03-10,vireo.in,1,2799,PL2-2512-3
VR906862,C100945,VA-EB-AIR,2026-03-10,Amazon,1,1799,AIR-2512-1
VR909566,C108027,VA-HP-ST3,2026-03-10,Amazon,1,6649,ST3-2601-1
VR880413,C109290,VA-HP-ST3,2026-03-11,vireo.in,1,6999,ST3-2601-1
VR882354,C108099,VA-SP-ORB,2026-03-11,Amazon,1,5999,ORB-2512-4
VR883225,C100143,VA-EB-PL2,2026-03-11,vireo.in,1,3149,PL2-2512-3
VR884281,C100676,VA-SW-FIT,2026-03-11,Flipkart,1,1999,FIT-2512-2
VR885960,C101617,VA-SP-ORB,2026-03-11,vireo.in,1,4799,ORB-2512-4
VR886536,C105681,VA-SW-FIT,2026-03-11,Flipkart,1,1999,FIT-2602-2
VR887260,C107609,VA-EB-PL2,2026-03-11,vireo.in,1,3499,PL2-2511-3
VR889956,C106141,VA-EB-PL2,2026-03-11,Flipkart,1,3149,PL2-2512-1
VR891621,C104370,VA-SW-FIT,2026-03-11,Amazon,1,1599,FIT-2512-2
VR891846,C106079,VA-EB-PL2,2026-03-11,vireo.in,1,2974,PL2-2512-2
VR891879,C101252,VA-SW-NX2,2026-03-11,Amazon,1,5524,NX2-2601-3
VR892852,C103079,VA-AC-CASE,2026-03-11,Flipkart,1,1299,CASE-2512-1
VR893326,C100471,VA-HP-ST3,2026-03-11,vireo.in,1,6299,ST3-2601-4
VR893818,C105829,VA-EB-PL1,2026-03-11,Flipkart,1,2374,PL1-2512-3
VR895228,C103033,VA-EB-PL2,2026-03-11,vireo.in,1,3149,PL2-2512-1
VR895855,C105706,VA-EB-PL2,2026-03-11,vireo.in,1,3324,PL2-2512-2
VR899570,C107871,VA-SW-NX1,2026-03-11,vireo.in,1,4999,NX1-2512-2
VR901221,C106447,VA-EB-PL2,2026-03-11,vireo.in,1,3149,PL2-2512-3
VR901604,C106960,VA-AC-CH65,2026-03-11,Amazon,1,1499,CH65-2601-4
VR903269,C105806,VA-EB-PL2,2026-03-11,vireo.in,1,2799,PL2-2602-1
VR904546,C107304,VA-EB-PL1,2026-03-11,Amazon,1,2374,PL1-2602-2
VR907742,C102801,VA-HP-ST2,2026-03-11,Amazon,1,4749,ST2-2511-3
VR909732,C101347,VA-EB-PL2,2026-03-11,vireo.in,1,3149,PL2-2602-1
VR909773,C104720,VA-EB-AIR,2026-03-11,vireo.in,1,1799,AIR-2602-3
VR880746,C108818,VA-AC-CBL,2026-03-12,Amazon,2,758,CBL-2602-4
VR882836,C101383,VA-SW-NX2,2026-03-12,vireo.in,1,6174,NX2-2512-1
VR885226,C104675,VA-HP-ST2,2026-03-12,vireo.in,1,4249,ST2-2601-3
VR886087,C105518,VA-EB-PL2,2026-03-12,Amazon,1,3324,PL2-2512-4
VR886991,C105052,VA-SW-NX1,2026-03-12,vireo.in,1,4249,NX1-2602-3
VR887153,C100998,VA-EB-PL2,2026-03-12,Amazon,1,3149,PL2-2512-4
VR888584,C109040,VA-SW-NX2,2026-03-12,Amazon,1,6499,NX2-2601-3
VR888843,C101321,VA-EB-PL2,2026-03-12,vireo.in,1,3499,PL2-2512-2
VR889763,C103416,VA-SP-MINI,2026-03-12,vireo.in,1,2374,MINI-2601-3
VR890395,C105502,VA-EB-PL2,2026-03-12,vireo.in,1,3499,PL2-2512-4
VR893224,C105554,VA-EB-AIR,2026-03-12,vireo.in,1,1529,AIR-2602-4
VR893899,C100332,VA-EB-PL2,2026-03-12,Flipkart,2,6998,PL2-2601-3
VR895125,C104381,VA-SP-ORB,2026-03-12,Flipkart,1,5099,ORB-2602-3
VR896024,C100066,VA-EB-AIR,2026-03-12,Amazon,1,1799,AIR-2601-3
VR896618,C100802,VA-EB-AIR,2026-03-12,Amazon,1,1799,AIR-2512-4
VR896824,C102021,VA-EB-AIR,2026-03-12,vireo.in,1,1799,AIR-2512-4
VR896827,C105626,VA-EB-PL2,2026-03-12,Amazon,1,3499,PL2-2511-3
VR897576,C101587,VA-SW-FIT,2026-03-12,vireo.in,1,1799,FIT-2511-1
VR897820,C106456,VA-EB-PL1,2026-03-12,Amazon,1,2499,PL1-2512-3
VR897827,C103627,VA-HP-ST3,2026-03-12,vireo.in,1,6999,ST3-2511-1
VR898114,C102421,VA-EB-PL2,2026-03-12,Amazon,1,3499,PL2-2601-2
VR898159,C102344,VA-EB-PL1,2026-03-12,vireo.in,1,2499,PL1-2511-3
VR899685,C105266,VA-EB-PL1,2026-03-12,vireo.in,1,2374,PL1-2512-1
VR899862,C103443,VA-EB-PL2,2026-03-12,Flipkart,1,3499,PL2-2511-1
VR900333,C101981,VA-EB-PL1,2026-03-12,Amazon,1,2124,PL1-2512-1
VR903059,C103030,VA-EB-PL2,2026-03-12,vireo.in,1,3149,PL2-2601-1
VR903448,C103837,VA-SW-NX2,2026-03-12,vireo.in,1,6499,NX2-2602-2
VR904949,C100516,VA-SP-MINI,2026-03-12,vireo.in,1,1999,MINI-2511-2
VR906216,C106997,VA-SW-NX2,2026-03-12,Amazon,1,5524,NX2-2602-2
VR907817,C102838,VA-SP-MINI,2026-03-12,vireo.in,1,2499,MINI-2601-1
VR908521,C105669,VA-EB-PL2,2026-03-12,Amazon,1,3499,PL2-2601-4
VR880192,C102734,VA-EB-PL2,2026-03-13,Amazon,1,2799,PL2-2601-2
VR882074,C107026,VA-SP-MINI,2026-03-13,Flipkart,1,2499,MINI-2511-2
VR883132,C108585,VA-SP-MINI,2026-03-13,vireo.in,1,2499,MINI-2601-4
VR883452,C106209,VA-SW-NX2,2026-03-13,Amazon,1,5199,NX2-2602-3
VR884148,C109150,VA-EB-PL2,2026-03-13,vireo.in,1,2974,PL2-2512-3
VR884489,C108580,VA-SP-ORB,2026-03-13,vireo.in,1,5999,ORB-2601-1
VR884604,C108129,VA-EB-PL2,2026-03-13,Flipkart,1,3149,PL2-2602-2
VR884880,C107288,VA-NB-ARC,2026-03-13,vireo.in,1,1039,ARC-2512-1
VR887056,C100487,VA-SW-NX2,2026-03-13,Flipkart,1,6174,NX2-2601-4
VR887181,C100594,VA-EB-PL2,2026-03-13,vireo.in,1,2974,PL2-2602-1
VR887455,C103952,VA-SW-NX2,2026-03-13,vireo.in,2,12998,NX2-2512-3
VR887911,C102629,VA-EB-PL2,2026-03-13,vireo.in,1,3499,PL2-2602-2
VR888480,C102794,VA-EB-AIR,2026-03-13,vireo.in,1,1799,AIR-2512-4
VR890306,C104470,VA-EB-AIR,2026-03-13,Amazon,1,1799,AIR-2512-1
VR891759,C106202,VA-EB-PL1,2026-03-13,Amazon,2,4998,PL1-2512-3
VR896276,C100304,VA-NB-ARC,2026-03-13,vireo.in,1,1039,ARC-2601-3
VR897366,C104787,VA-EB-PL2,2026-03-13,vireo.in,1,3149,PL2-2512-2
VR897650,C101395,VA-EB-PL2,2026-03-13,vireo.in,1,3499,PL2-2602-3
VR899311,C100182,VA-SW-NX2,2026-03-13,vireo.in,1,6499,NX2-2601-2
VR899492,C102378,VA-EB-PL1,2026-03-13,Amazon,1,2249,PL1-2601-3
VR907083,C101428,VA-EB-PL2,2026-03-13,Amazon,1,3499,PL2-2512-4
VR907385,C102277,VA-SW-FIT,2026-03-13,Amazon,1,1699,FIT-2511-3
VR907697,C101807,VA-EB-PL1,2026-03-13,Flipkart,1,1999,PL1-2601-4
VR880708,C102160,VA-SW-NX2,2026-03-14,Amazon,1,5199,NX2-2512-1
VR881103,C101496,VA-EB-PL2,2026-03-14,vireo.in,1,3499,PL2-2512-2
VR881308,C107902,VA-SW-NX2,2026-03-14,Amazon,1,6499,NX2-2601-1
VR883435,C102620,VA-EB-PL1,2026-03-14,Amazon,1,2249,PL1-2512-4
VR883804,C108646,VA-EB-PL2,2026-03-14,Amazon,1,3499,PL2-2602-2
VR884691,C104043,VA-SP-ORB,2026-03-14,Amazon,1,4799,ORB-2601-4
VR885886,C109412,VA-AC-CASE,2026-03-14,Flipkart,1,1299,CASE-2601-3
VR890198,C108766,VA-EB-PL2,2026-03-14,Amazon,1,3499,PL2-2512-1
VR890245,C107707,VA-EB-PL2,2026-03-14,vireo.in,1,3499,PL2-2602-4
VR890289,C103270,VA-SP-MINI,2026-03-14,vireo.in,1,2124,MINI-2601-1
VR891737,C106721,VA-EB-PL2,2026-03-14,vireo.in,1,3499,PL2-2601-1
VR894147,C107685,VA-EB-PL2,2026-03-14,vireo.in,1,3499,PL2-2512-2
VR901266,C101191,VA-SW-NX2,2026-03-14,vireo.in,1,5199,NX2-2601-2
VR902037,C105446,VA-AC-CASE,2026-03-14,Amazon,1,1299,CASE-2601-1
VR903772,C102346,VA-EB-PL2,2026-03-14,vireo.in,1,2974,PL2-2602-2
VR903956,C105660,VA-EB-PL2,2026-03-14,Amazon,1,3324,PL2-2601-4
VR907205,C101695,VA-EB-AIR,2026-03-14,Amazon,1,1799,AIR-2602-3
VR907592,C109432,VA-EB-PL2,2026-03-14,Flipkart,1,2799,PL2-2602-2
VR908522,C108907,VA-NB-ARC,2026-03-14,vireo.in,2,2598,ARC-2601-1
VR909121,C102338,VA-EB-PL2,2026-03-14,vireo.in,1,2974,PL2-2601-4
VR881530,C108717,VA-EB-PL2,2026-03-15,Flipkart,1,3499,PL2-2601-2
VR881671,C106675,VA-EB-PL2,2026-03-15,vireo.in,1,3149,PL2-2511-1
VR883248,C105955,VA-EB-PL2,2026-03-15,Amazon,1,2799,PL2-2602-4
VR883543,C107396,VA-EB-PL1,2026-03-15,vireo.in,1,2499,PL1-2512-4
VR883999,C103728,VA-HP-ST3,2026-03-15,vireo.in,1,6999,ST3-2602-2
VR884618,C107166,VA-SW-NX2,2026-03-15,Amazon,1,6174,NX2-2512-2
VR884869,C106550,VA-SW-NX2,2026-03-15,Amazon,1,5199,NX2-2602-3
VR886060,C106698,VA-EB-PL1,2026-03-15,vireo.in,1,2499,PL1-2601-4
VR886753,C104357,VA-EB-AIR,2026-03-15,Flipkart,1,1799,AIR-2512-3
VR889262,C100519,VA-EB-PL2,2026-03-15,vireo.in,1,2974,PL2-2512-1
VR889917,C105534,VA-SW-FIT,2026-03-15,Amazon,1,1999,FIT-2512-3
VR891240,C101509,VA-EB-PL2,2026-03-15,Amazon,1,3499,PL2-2601-3
VR892124,C102812,VA-EB-PL1,2026-03-15,vireo.in,1,2499,PL1-2512-1
VR894954,C107956,VA-EB-PL2,2026-03-15,Amazon,1,3324,PL2-2601-2
VR895297,C102929,VA-EB-PL1,2026-03-15,vireo.in,1,2249,PL1-2512-3
VR895590,C101948,VA-HP-ST2,2026-03-15,vireo.in,1,4999,ST2-2602-3
VR896258,C108704,VA-SP-MINI,2026-03-15,vireo.in,1,2374,MINI-2601-2
VR896984,C102255,VA-EB-PL2,2026-03-15,Amazon,1,2974,PL2-2512-1
VR897804,C107373,VA-SW-NX2,2026-03-15,Amazon,2,12998,NX2-2602-3
VR900078,C102540,VA-EB-PL1,2026-03-15,vireo.in,1,2374,PL1-2512-2
VR900589,C107834,VA-AC-CH65,2026-03-15,Amazon,1,1424,CH65-2602-1
VR902472,C104642,VA-SP-ORB,2026-03-15,vireo.in,1,4799,ORB-2512-1
VR902970,C103723,VA-EB-PL2,2026-03-15,vireo.in,1,3499,PL2-2512-3
VR905281,C104467,VA-HP-ST3,2026-03-15,Amazon,1,5599,ST3-2601-1
VR905577,C102151,VA-EB-PL2,2026-03-15,vireo.in,1,2799,PL2-2512-4
VR906694,C103467,VA-SP-ORB,2026-03-15,vireo.in,1,4799,ORB-2602-2
VR907514,C108115,VA-SP-MINI,2026-03-15,vireo.in,2,4248,MINI-2512-4
VR907805,C101611,VA-EB-PL1,2026-03-15,vireo.in,1,2124,PL1-2602-4
VR908883,C101567,VA-AC-CH65,2026-03-15,Amazon,1,1349,CH65-2601-1
VR909539,C107373,VA-HP-ST3,2026-03-15,vireo.in,1,6299,ST3-2512-4
VR909598,C103489,VA-SP-MINI,2026-03-15,Amazon,1,2249,MINI-2512-4
VR909744,C104200,VA-SW-FIT,2026-03-15,vireo.in,1,1699,FIT-2512-2
VR880191,C109365,VA-EB-PL1,2026-03-16,Flipkart,1,2124,PL1-2511-3
VR880730,C109103,VA-HP-ST3,2026-03-16,vireo.in,1,5949,ST3-2512-4
VR881204,C103553,VA-SP-MINI,2026-03-16,Amazon,1,2124,MINI-2601-3
VR881419,C109290,VA-EB-AIR,2026-03-16,vireo.in,1,1529,AIR-2601-2
VR881862,C105885,VA-EB-PL2,2026-03-16,Flipkart,1,3499,PL2-2602-1
VR883345,C107792,VA-HP-ST3,2026-03-16,Flipkart,1,5949,ST3-2511-3
VR886202,C100311,VA-SW-NX1,2026-03-16,vireo.in,1,4749,NX1-2602-4
VR887452,C102306,VA-EB-PL1,2026-03-16,Flipkart,1,2499,PL1-2601-4
VR887793,C108542,VA-EB-PL2,2026-03-16,Amazon,1,3499,PL2-2601-1
VR889058,C105123,VA-EB-PL2,2026-03-16,Amazon,1,3499,PL2-2512-3
VR889116,C101536,VA-EB-PL1,2026-03-16,vireo.in,1,2124,PL1-2602-3
VR890303,C106296,VA-SW-NX2,2026-03-16,vireo.in,1,5199,NX2-2511-2
VR894161,C101750,VA-SW-NX2,2026-03-16,Amazon,1,6174,NX2-2602-4
VR896019,C105741,VA-SP-MINI,2026-03-16,vireo.in,1,2374,MINI-2512-4
VR896069,C106809,VA-NB-ARC,2026-03-16,Amazon,2,2598,ARC-2602-4
VR897487,C109243,VA-EB-PL2,2026-03-16,vireo.in,1,3499,PL2-2602-1
VR897636,C102714,VA-EB-PL1,2026-03-16,Amazon,1,2499,PL1-2512-3
VR897801,C104498,VA-EB-PL2,2026-03-16,Amazon,1,2799,PL2-2512-2
VR898783,C107605,VA-EB-PL2,2026-03-16,vireo.in,1,2799,PL2-2601-1
VR899748,C103331,VA-EB-PL2,2026-03-16,Amazon,1,2799,PL2-2602-3
VR900728,C102031,VA-EB-PL2,2026-03-16,vireo.in,1,3499,PL2-2512-3
VR901414,C100931,VA-SW-NX2,2026-03-16,vireo.in,1,5199,NX2-2512-2
VR902465,C101281,VA-EB-PL2,2026-03-16,vireo.in,1,3499,PL2-2601-4
VR902529,C105195,VA-HP-ST3,2026-03-16,Flipkart,1,6999,ST3-2601-1
VR902934,C107250,VA-SP-MINI,2026-03-16,vireo.in,1,2499,MINI-2511-4
VR904750,C102121,VA-EB-PL2,2026-03-16,Amazon,1,3499,PL2-2512-3
VR905123,C103398,VA-SW-NX2,2026-03-16,vireo.in,1,5524,NX2-2512-1
VR905965,C106097,VA-SP-ORB,2026-03-16,vireo.in,1,5999,ORB-2512-2
VR880957,C109336,VA-HP-ST3,2026-03-17,vireo.in,1,5599,ST3-2512-4
VR881706,C107499,VA-AC-CH65,2026-03-17,Flipkart,1,1274,CH65-2602-2
VR881964,C100210,VA-EB-PL2,2026-03-17,Flipkart,1,2974,PL2-2512-4
VR884437,C103310,VA-SW-FIT,2026-03-17,vireo.in,1,1799,FIT-2512-3
VR884631,C107270,VA-EB-PL2,2026-03-17,vireo.in,1,3499,PL2-2602-4
VR885534,C100165,VA-HP-ST3,2026-03-17,vireo.in,1,6999,ST3-2512-1
VR888420,C102656,VA-SW-NX2,2026-03-17,vireo.in,2,11698,NX2-2602-1
VR889062,C104392,VA-EB-PL2,2026-03-17,Amazon,1,3499,PL2-2512-3
VR889074,C104037,VA-EB-PL2,2026-03-17,Amazon,1,3149,PL2-2602-3
VR889095,C109243,VA-AC-CH65,2026-03-17,Flipkart,1,1349,CH65-2512-3
VR889129,C104989,VA-SP-MINI,2026-03-17,Flipkart,1,2249,MINI-2601-1
VR889215,C106462,VA-EB-PL2,2026-03-17,Amazon,1,2799,PL2-2602-1
VR892103,C108171,VA-SW-NX2,2026-03-17,Amazon,1,6499,NX2-2601-1
VR894192,C107872,VA-EB-PL2,2026-03-17,vireo.in,1,3499,PL2-2512-3
VR895143,C102184,VA-SW-NX2,2026-03-17,Amazon,1,6499,NX2-2601-2
VR895854,C109270,VA-EB-PL2,2026-03-17,Flipkart,1,2974,PL2-2601-2
VR897749,C108663,VA-SP-MINI,2026-03-17,vireo.in,1,2124,MINI-2512-3
VR898318,C107171,VA-HP-ST3,2026-03-17,vireo.in,1,6999,ST3-2512-2
VR898797,C107103,VA-SW-NX2,2026-03-17,vireo.in,1,5524,NX2-2602-3
VR903056,C104425,VA-EB-PL2,2026-03-17,vireo.in,1,2974,PL2-2602-3
VR906186,C101230,VA-SW-NX2,2026-03-17,Flipkart,1,6499,NX2-2512-3
VR906259,C105926,VA-EB-PL2,2026-03-17,Flipkart,1,3499,PL2-2602-1
VR906967,C109111,VA-SW-FIT,2026-03-17,Amazon,1,1599,FIT-2601-4
VR907533,C103029,VA-SW-NX1,2026-03-17,vireo.in,1,4999,NX1-2512-2
VR907623,C102994,VA-EB-PL2,2026-03-17,vireo.in,1,3499,PL2-2602-1
VR909027,C105180,VA-HP-ST3,2026-03-17,vireo.in,1,5949,ST3-2601-2
VR881701,C107745,VA-EB-PL1,2026-03-18,vireo.in,1,2499,PL1-2511-2
VR883945,C103684,VA-AC-CH65,2026-03-18,Amazon,1,1499,CH65-2512-4
VR883974,C102895,VA-EB-PL2,2026-03-18,vireo.in,1,3499,PL2-2512-2
VR885660,C100435,VA-HP-ST3,2026-03-18,vireo.in,1,5949,ST3-2512-1
VR886109,C102585,VA-EB-PL2,2026-03-18,Flipkart,1,2799,PL2-2602-3
VR887089,C108477,VA-HP-ST2,2026-03-18,vireo.in,1,4749,ST2-2602-1
VR888082,C102974,VA-SP-ORB,2026-03-18,Amazon,1,5399,ORB-2602-3
VR888475,C106756,VA-EB-PL2,2026-03-18,Amazon,1,2974,PL2-2512-2
VR888873,C102800,VA-HP-ST3,2026-03-18,vireo.in,1,6299,ST3-2601-2
VR890240,C103301,VA-HP-ST3,2026-03-18,vireo.in,1,6999,ST3-2601-4
VR892373,C101769,VA-AC-CASE,2026-03-18,vireo.in,1,1234,CASE-2602-4
VR894940,C106377,VA-EB-PL1,2026-03-18,vireo.in,1,2499,PL1-2602-4
VR896566,C102166,VA-SP-ORB,2026-03-18,Amazon,1,5999,ORB-2512-4
VR901773,C105383,VA-EB-PL2,2026-03-18,Amazon,1,3499,PL2-2601-4
VR904127,C109419,VA-EB-PL2,2026-03-18,vireo.in,1,3499,PL2-2512-3
VR906520,C109168,VA-EB-AIR,2026-03-18,vireo.in,1,1439,AIR-2512-2
VR907889,C108277,VA-EB-PL1,2026-03-18,vireo.in,1,2499,PL1-2601-4
VR907973,C100526,VA-EB-PL2,2026-03-18,vireo.in,1,3499,PL2-2512-2
VR909129,C100037,VA-EB-AIR,2026-03-18,vireo.in,1,1799,AIR-2601-3
VR909969,C100386,VA-EB-PL2,2026-03-18,vireo.in,2,6648,PL2-2601-3
VR880512,C105810,VA-AC-CH65,2026-03-19,Amazon,1,1274,CH65-2601-2
VR882613,C103289,VA-EB-PL2,2026-03-19,Amazon,1,3324,PL2-2512-3
VR883568,C102564,VA-EB-AIR,2026-03-19,vireo.in,1,1619,AIR-2601-1
VR884997,C101992,VA-EB-AIR,2026-03-19,Flipkart,1,1529,AIR-2601-1
VR885623,C107692,VA-EB-AIR,2026-03-19,Flipkart,1,1439,AIR-2512-1
VR886689,C104653,VA-EB-PL2,2026-03-19,Amazon,1,3324,PL2-2601-3
VR886949,C108025,VA-SP-MINI,2026-03-19,Amazon,1,2374,MINI-2602-1
VR887731,C106914,VA-SW-FIT,2026-03-19,Amazon,1,1599,FIT-2512-3
VR889030,C103550,VA-EB-PL1,2026-03-19,vireo.in,1,1999,PL1-2601-3
VR889428,C103695,VA-EB-PL2,2026-03-19,vireo.in,1,3324,PL2-2602-1
VR890750,C100627,VA-EB-AIR,2026-03-19,vireo.in,1,1439,AIR-2602-2
VR890800,C105480,VA-SW-NX2,2026-03-19,vireo.in,1,5524,NX2-2601-2
VR891035,C103929,VA-EB-PL2,2026-03-19,vireo.in,1,3324,PL2-2602-4
VR892364,C101184,VA-SW-FIT,2026-03-19,vireo.in,1,1599,FIT-2602-3
VR892811,C106491,VA-SW-FIT,2026-03-19,Amazon,1,1699,FIT-2601-2
VR896166,C109120,VA-EB-PL2,2026-03-19,vireo.in,1,3499,PL2-2602-3
VR897865,C102565,VA-SW-FIT,2026-03-19,Amazon,1,1899,FIT-2512-3
VR898098,C106712,VA-SW-FIT,2026-03-19,vireo.in,1,1999,FIT-2602-4
VR899825,C101886,VA-SP-MINI,2026-03-19,vireo.in,1,2499,MINI-2601-3
VR905021,C104327,VA-EB-PL2,2026-03-19,Amazon,1,3324,PL2-2602-4
VR906267,C103777,VA-SW-FIT,2026-03-19,vireo.in,1,1899,FIT-2601-1
VR906704,C101888,VA-SP-ORB,2026-03-19,vireo.in,1,5999,ORB-2512-2
VR908304,C108387,VA-EB-PL2,2026-03-19,vireo.in,1,3499,PL2-2512-1
VR908637,C102306,VA-NB-ARC,2026-03-19,Amazon,1,1299,ARC-2512-4
VR908873,C101980,VA-EB-AIR,2026-03-19,vireo.in,1,1709,AIR-2601-2
VR908998,C102791,VA-HP-ST3,2026-03-19,Flipkart,1,5949,ST3-2512-3
VR910074,C101725,VA-SP-MINI,2026-03-19,Amazon,1,2499,MINI-2602-3
VR882030,C105261,VA-EB-PL2,2026-03-20,Amazon,1,3149,PL2-2601-4
VR882303,C109218,VA-SW-FIT,2026-03-20,Amazon,1,1599,FIT-2602-4
VR882525,C108023,VA-EB-PL2,2026-03-20,Amazon,1,3499,PL2-2601-4
VR882889,C101290,VA-EB-AIR,2026-03-20,vireo.in,1,1799,AIR-2512-1
VR883583,C100153,VA-EB-PL1,2026-03-20,Flipkart,2,4998,PL1-2512-3
VR884976,C102536,VA-SW-NX1,2026-03-20,vireo.in,1,4999,NX1-2602-4
VR887127,C108237,VA-EB-PL2,2026-03-20,Amazon,1,3499,PL2-2512-3
VR888500,C105333,VA-EB-PL2,2026-03-20,Flipkart,1,3324,PL2-2601-2
VR888866,C103323,VA-SP-ORB,2026-03-20,Flipkart,1,5099,ORB-2512-4
VR889883,C100229,VA-EB-PL2,2026-03-20,vireo.in,1,3499,PL2-2601-4
VR890879,C101026,VA-EB-PL2,2026-03-20,Flipkart,1,3499,PL2-2601-2
VR891094,C108695,VA-EB-AIR,2026-03-20,vireo.in,1,1799,AIR-2602-1
VR892029,C107901,VA-EB-PL2,2026-03-20,vireo.in,1,3499,PL2-2512-4
VR892296,C109308,VA-EB-PL1,2026-03-20,Amazon,1,2499,PL1-2602-2
VR892510,C106788,VA-EB-PL2,2026-03-20,Flipkart,1,3324,PL2-2602-3
VR892633,C103773,VA-EB-PL2,2026-03-20,Amazon,1,2974,PL2-2512-4
VR893766,C100981,VA-SW-NX2,2026-03-20,Amazon,1,5849,NX2-2601-1
VR893970,C104568,VA-AC-CASE,2026-03-20,Flipkart,1,1299,CASE-2601-3
VR895284,C107721,VA-EB-PL2,2026-03-20,Flipkart,1,3149,PL2-2512-1
VR895791,C106312,VA-EB-PL2,2026-03-20,Flipkart,1,2974,PL2-2512-4
VR896100,C104197,VA-EB-PL1,2026-03-20,vireo.in,1,2499,PL1-2602-2
VR898075,C104030,VA-EB-PL1,2026-03-20,Amazon,1,2124,PL1-2602-2
VR901461,C104987,VA-EB-PL2,2026-03-20,Amazon,1,2799,PL2-2602-4
VR902277,C101314,VA-EB-PL1,2026-03-20,vireo.in,1,2124,PL1-2511-4
VR902566,C105871,VA-EB-PL2,2026-03-20,vireo.in,1,3324,PL2-2602-3
VR902582,C103510,VA-SP-MINI,2026-03-20,Amazon,1,2499,MINI-2602-3
VR902941,C102996,VA-EB-PL2,2026-03-20,Amazon,1,3499,PL2-2602-4
VR903143,C101221,VA-EB-PL2,2026-03-20,Flipkart,1,2799,PL2-2512-1
VR904144,C105241,VA-EB-PL2,2026-03-20,Amazon,1,2799,PL2-2512-3
VR904663,C101716,VA-HP-ST3,2026-03-20,Amazon,1,5599,ST3-2601-3
VR905609,C101509,VA-EB-PL1,2026-03-20,Amazon,1,1999,PL1-2601-4
VR907406,C109370,VA-EB-PL2,2026-03-20,Amazon,1,3499,PL2-2512-3
VR908176,C103639,VA-EB-PL2,2026-03-20,Amazon,2,6998,PL2-2601-3
VR880514,C103477,VA-SP-ORB,2026-03-21,vireo.in,1,5999,ORB-2601-3
VR880544,C100102,VA-EB-PL1,2026-03-21,Amazon,2,4498,PL1-2512-3
VR880854,C107157,VA-AC-CASE,2026-03-21,vireo.in,1,1299,CASE-2601-4
VR881514,C108319,VA-EB-PL2,2026-03-21,Amazon,1,2974,PL2-2601-1
VR882701,C102691,VA-EB-PL1,2026-03-21,vireo.in,1,2249,PL1-2602-4
VR882966,C100329,VA-AC-CH65,2026-03-21,vireo.in,1,1199,CH65-2512-4
VR883073,C106559,VA-EB-PL2,2026-03-21,vireo.in,1,2799,PL2-2512-3
VR883168,C106075,VA-NB-ARC,2026-03-21,Amazon,1,1299,ARC-2512-4
VR885200,C105294,VA-SW-NX2,2026-03-21,vireo.in,1,6499,NX2-2602-3
VR885313,C105338,VA-EB-PL1,2026-03-21,Amazon,1,1999,PL1-2602-3
VR885468,C109127,VA-AC-CH65,2026-03-21,Amazon,1,1499,CH65-2601-1
VR887278,C102594,VA-AC-CASE,2026-03-21,vireo.in,2,2598,CASE-2602-3
VR888150,C105675,VA-SW-NX2,2026-03-21,vireo.in,1,6499,NX2-2601-2
VR892769,C100675,VA-NB-ARC,2026-03-21,Amazon,1,1234,ARC-2601-3
VR893739,C105092,VA-HP-ST2,2026-03-21,Amazon,1,4999,ST2-2601-2
VR894037,C106255,VA-NB-ARC,2026-03-21,Amazon,1,1169,ARC-2601-2
VR894453,C107165,VA-SW-NX1,2026-03-21,vireo.in,1,4999,NX1-2512-4
VR894881,C104209,VA-SW-NX2,2026-03-21,vireo.in,1,5199,NX2-2601-1
VR895106,C108506,VA-EB-PL2,2026-03-21,vireo.in,1,3499,PL2-2512-1
VR895600,C104035,VA-SW-NX2,2026-03-21,Flipkart,2,12998,NX2-2601-3
VR896087,C107474,VA-EB-PL2,2026-03-21,vireo.in,1,3499,PL2-2602-3
VR897077,C107460,VA-SP-MINI,2026-03-21,vireo.in,1,1999,MINI-2512-3
VR898692,C103797,VA-SW-NX2,2026-03-21,vireo.in,1,6499,NX2-2602-2
VR899506,C105476,VA-EB-PL2,2026-03-21,vireo.in,1,2799,PL2-2512-3
VR900225,C103060,VA-SP-MINI,2026-03-21,Flipkart,1,2499,MINI-2601-3
VR900504,C109107,VA-EB-AIR,2026-03-21,vireo.in,1,1619,AIR-2512-1
VR901163,C109378,VA-EB-PL2,2026-03-21,vireo.in,1,3499,PL2-2512-4
VR902188,C101452,VA-EB-PL2,2026-03-21,Flipkart,1,3499,PL2-2512-3
VR902609,C109129,VA-EB-PL2,2026-03-21,vireo.in,1,3499,PL2-2601-1
VR903304,C109300,VA-EB-PL2,2026-03-21,vireo.in,1,3499,PL2-2602-2
VR903775,C107105,VA-EB-PL1,2026-03-21,Amazon,1,2249,PL1-2512-2
VR904186,C102877,VA-SP-MINI,2026-03-21,vireo.in,1,2374,MINI-2602-4
VR906644,C100370,VA-EB-PL2,2026-03-21,Amazon,2,6298,PL2-2601-2
VR907715,C100210,VA-EB-PL2,2026-03-21,Amazon,1,3324,PL2-2602-1
VR909774,C109279,VA-EB-PL2,2026-03-21,Amazon,1,3499,PL2-2602-1
VR909802,C103022,VA-SP-ORB,2026-03-21,vireo.in,1,4799,ORB-2601-1
VR880672,C103522,VA-EB-PL2,2026-03-22,vireo.in,1,3324,PL2-2601-3
VR880897,C109104,VA-EB-AIR,2026-03-22,vireo.in,1,1709,AIR-2512-1
VR881780,C104632,VA-EB-PL2,2026-03-22,Flipkart,1,2799,PL2-2601-2
VR882472,C102625,VA-HP-ST3,2026-03-22,vireo.in,1,6999,ST3-2601-2
VR882664,C106626,VA-EB-PL1,2026-03-22,vireo.in,1,2499,PL1-2512-3
VR883424,C108138,VA-SW-NX2,2026-03-22,Flipkart,1,6499,NX2-2602-2
VR885119,C106850,VA-AC-CH65,2026-03-22,Amazon,1,1274,CH65-2601-4
VR886020,C102976,VA-EB-PL2,2026-03-22,Flipkart,1,2974,PL2-2602-2
VR886352,C106972,VA-EB-PL2,2026-03-22,vireo.in,1,2974,PL2-2602-4
VR886592,C101539,VA-EB-PL2,2026-03-22,vireo.in,1,3499,PL2-2512-1
VR887368,C106795,VA-HP-ST2,2026-03-22,Amazon,1,4499,ST2-2602-1
VR887516,C105894,VA-HP-ST2,2026-03-22,Amazon,1,4249,ST2-2512-4
VR888300,C100387,VA-SW-NX1,2026-03-22,Amazon,1,4999,NX1-2602-2
VR889086,C100201,VA-EB-PL2,2026-03-22,vireo.in,1,2799,PL2-2601-2
VR889636,C105804,VA-HP-ST2,2026-03-22,vireo.in,1,4749,ST2-2601-1
VR890136,C102642,VA-EB-PL2,2026-03-22,Flipkart,1,3149,PL2-2602-2
VR893628,C106345,VA-SW-NX2,2026-03-22,vireo.in,1,6499,NX2-2601-1
VR894110,C109010,VA-SW-NX2,2026-03-22,vireo.in,1,6499,NX2-2601-3
VR895266,C103775,VA-SW-NX2,2026-03-22,vireo.in,1,6174,NX2-2602-1
VR895843,C105981,VA-EB-PL2,2026-03-22,Amazon,1,3499,PL2-2601-4
VR895967,C100752,VA-EB-PL2,2026-03-22,vireo.in,1,3499,PL2-2602-2
VR896879,C105475,VA-EB-PL1,2026-03-22,vireo.in,1,2499,PL1-2601-3
VR897103,C101897,VA-SP-MINI,2026-03-22,vireo.in,1,2499,MINI-2601-4
VR897505,C102989,VA-SW-FIT,2026-03-22,vireo.in,1,1899,FIT-2602-2
VR902506,C107144,VA-SW-NX2,2026-03-22,Amazon,1,6174,NX2-2602-4
VR905191,C103887,VA-EB-PL2,2026-03-22,vireo.in,1,2799,PL2-2602-3
VR906948,C107014,VA-SP-ORB,2026-03-22,Amazon,1,5999,ORB-2601-4
VR908757,C109097,VA-SP-MINI,2026-03-22,Flipkart,1,2374,MINI-2602-1
VR908957,C107840,VA-HP-ST3,2026-03-22,vireo.in,1,5949,ST3-2512-2
VR909111,C107155,VA-EB-PL2,2026-03-22,Flipkart,1,3499,PL2-2601-2
VR909193,C106274,VA-SW-FIT,2026-03-22,Amazon,1,1699,FIT-2512-2
VR909199,C106417,VA-EB-PL2,2026-03-22,vireo.in,1,3149,PL2-2601-3
VR880105,C107802,VA-EB-PL2,2026-03-23,vireo.in,1,3149,PL2-2601-2
VR880668,C108259,VA-SP-ORB,2026-03-23,Amazon,1,5699,ORB-2512-2
VR881239,C105220,VA-SP-ORB,2026-03-23,vireo.in,1,5999,ORB-2512-2
VR881246,C107474,VA-EB-PL2,2026-03-23,vireo.in,1,3499,PL2-2601-4
VR881880,C105171,VA-EB-PL1,2026-03-23,Amazon,1,1999,PL1-2512-1
VR882373,C102756,VA-EB-PL2,2026-03-23,vireo.in,1,3149,PL2-2512-1
VR883476,C101182,VA-EB-AIR,2026-03-23,vireo.in,1,1619,AIR-2602-1
VR883581,C103859,VA-EB-PL2,2026-03-23,Amazon,1,3499,PL2-2602-4
VR885268,C107790,VA-EB-PL2,2026-03-23,vireo.in,1,3149,PL2-2602-2
VR885342,C103747,VA-SW-FIT,2026-03-23,Flipkart,1,1799,FIT-2512-2
VR885920,C100310,VA-EB-PL2,2026-03-23,Amazon,1,3499,PL2-2602-4
VR887476,C105911,VA-EB-AIR,2026-03-23,vireo.in,1,1799,AIR-2602-2
VR887955,C103685,VA-EB-PL2,2026-03-23,vireo.in,1,3499,PL2-2602-1
VR887956,C100160,VA-SP-ORB,2026-03-23,vireo.in,1,5999,ORB-2512-1
VR888987,C107474,VA-EB-PL2,2026-03-23,vireo.in,1,3499,PL2-2601-4
VR889361,C100669,VA-SW-FIT,2026-03-23,vireo.in,1,1999,FIT-2602-1
VR889392,C108562,VA-EB-AIR,2026-03-23,vireo.in,1,1799,AIR-2602-2
VR889565,C106099,VA-AC-CASE,2026-03-23,vireo.in,1,1299,CASE-2602-4
VR889962,C107048,VA-EB-PL2,2026-03-23,Flipkart,1,2974,PL2-2601-2
VR890970,C106663,VA-EB-PL2,2026-03-23,Amazon,1,3499,PL2-2602-4
VR892907,C104317,VA-EB-AIR,2026-03-23,Amazon,1,1439,AIR-2512-2
VR894153,C106648,VA-SP-ORB,2026-03-23,vireo.in,1,5999,ORB-2512-3
VR894491,C102831,VA-HP-ST3,2026-03-23,Flipkart,1,6649,ST3-2601-2
VR899218,C106663,VA-EB-AIR,2026-03-23,Amazon,1,1529,AIR-2602-2
VR901783,C109337,VA-EB-PL1,2026-03-23,Amazon,1,2374,PL1-2602-1
VR902523,C105621,VA-NB-ARC,2026-03-23,Amazon,1,1299,ARC-2512-1
VR902750,C107105,VA-EB-PL2,2026-03-23,Amazon,1,3499,PL2-2601-3
VR902772,C101711,VA-EB-PL2,2026-03-23,vireo.in,1,2974,PL2-2601-3
VR904931,C105560,VA-SP-MINI,2026-03-23,Amazon,1,2499,MINI-2601-2
VR905039,C102575,VA-AC-CH65,2026-03-23,Amazon,1,1199,CH65-2601-4
VR906018,C101359,VA-AC-CBL,2026-03-23,vireo.in,1,399,CBL-2601-2
VR906595,C101642,VA-SP-MINI,2026-03-23,Flipkart,1,2499,MINI-2512-4
VR907287,C100166,VA-SW-NX2,2026-03-23,Amazon,2,12998,NX2-2602-2
VR907371,C103764,VA-EB-PL1,2026-03-23,vireo.in,1,2499,PL1-2602-1
VR908066,C101166,VA-SP-MINI,2026-03-23,vireo.in,1,2374,MINI-2512-4
VR908265,C103964,VA-EB-PL2,2026-03-23,Amazon,1,3499,PL2-2601-2
VR908814,C105182,VA-EB-PL2,2026-03-23,vireo.in,1,2799,PL2-2512-3
VR881614,C106274,VA-EB-PL1,2026-03-24,vireo.in,1,2374,PL1-2601-4
VR881961,C109278,VA-AC-CASE,2026-03-24,vireo.in,1,1169,CASE-2601-2
VR882828,C109257,VA-EB-PL2,2026-03-24,Amazon,1,2799,PL2-2601-2
VR882923,C104637,VA-SP-MINI,2026-03-24,vireo.in,1,2499,MINI-2602-1
VR883394,C107146,VA-EB-PL2,2026-03-24,vireo.in,1,2799,PL2-2512-4
VR883537,C104198,VA-SP-MINI,2026-03-24,Amazon,2,4998,MINI-2512-2
VR884654,C101758,VA-HP-ST3,2026-03-24,vireo.in,1,6649,ST3-2601-1
VR884960,C108076,VA-SP-ORB,2026-03-24,Amazon,1,5699,ORB-2512-3
VR886268,C100244,VA-SP-ORB,2026-03-24,vireo.in,1,5399,ORB-2602-3
VR886870,C100873,VA-SW-NX2,2026-03-24,Amazon,1,6499,NX2-2602-3
VR888100,C107793,VA-EB-PL2,2026-03-24,Amazon,1,3499,PL2-2512-4
VR888352,C101683,VA-EB-PL2,2026-03-24,vireo.in,1,3149,PL2-2512-4
VR888983,C109376,VA-EB-PL1,2026-03-24,Amazon,1,2499,PL1-2512-2
VR890998,C107580,VA-SW-NX2,2026-03-24,Flipkart,1,5524,NX2-2602-2
VR892499,C101606,VA-SP-MINI,2026-03-24,vireo.in,1,2249,MINI-2512-1
VR893067,C103771,VA-EB-AIR,2026-03-24,vireo.in,1,1439,AIR-2603-1
VR894907,C104439,VA-SP-MINI,2026-03-24,vireo.in,1,2249,MINI-2602-1
VR895300,C100196,VA-HP-ST3,2026-03-24,Amazon,1,6999,ST3-2601-1
VR895743,C101945,VA-EB-PL2,2026-03-24,Amazon,1,3499,PL2-2601-3
VR895921,C101264,VA-EB-PL1,2026-03-24,Amazon,2,4998,PL1-2601-4
VR896696,C109181,VA-HP-ST3,2026-03-24,vireo.in,1,5599,ST3-2512-4
VR898344,C103705,VA-EB-PL2,2026-03-24,Amazon,1,2799,PL2-2512-2
VR901830,C106213,VA-EB-PL2,2026-03-24,vireo.in,1,3149,PL2-2512-1
VR902163,C100752,VA-SP-MINI,2026-03-24,vireo.in,1,2374,MINI-2603-2
VR902809,C106182,VA-EB-AIR,2026-03-24,vireo.in,1,1799,AIR-2512-2
VR903783,C101265,VA-EB-PL2,2026-03-24,Flipkart,1,2799,PL2-2602-1
VR903854,C108226,VA-EB-PL2,2026-03-24,Amazon,1,3499,PL2-2512-4
VR904162,C108607,VA-HP-ST2,2026-03-24,Amazon,1,4999,ST2-2602-4
VR904787,C106395,VA-EB-PL2,2026-03-24,vireo.in,1,3149,PL2-2602-1
VR905592,C107897,VA-EB-PL2,2026-03-24,Flipkart,1,2799,PL2-2601-3
VR906338,C107290,VA-NB-ARC,2026-03-24,vireo.in,1,1104,ARC-2602-1
VR906843,C107021,VA-EB-PL2,2026-03-24,vireo.in,1,2974,PL2-2602-1
VR907416,C101258,VA-EB-PL2,2026-03-24,Amazon,1,2799,PL2-2602-1
VR907561,C107886,VA-EB-PL2,2026-03-24,Flipkart,1,2799,PL2-2601-2
VR908262,C104110,VA-HP-ST3,2026-03-24,Flipkart,1,6999,ST3-2601-4
VR908788,C109388,VA-EB-PL2,2026-03-24,Amazon,1,3499,PL2-2602-1
VR908989,C101259,VA-HP-ST3,2026-03-24,Amazon,2,13998,ST3-2512-2
VR909220,C103877,VA-SW-NX2,2026-03-24,vireo.in,1,5524,NX2-2602-4
VR910160,C107002,VA-SW-FIT,2026-03-24,vireo.in,1,1899,FIT-2601-4
VR881460,C108090,VA-HP-ST2,2026-03-25,Amazon,1,4499,ST2-2601-3
VR881719,C105529,VA-HP-ST2,2026-03-25,Flipkart,1,4499,ST2-2602-1
VR881958,C107431,VA-EB-PL2,2026-03-25,vireo.in,1,3324,PL2-2602-2
VR882357,C108651,VA-EB-PL2,2026-03-25,vireo.in,1,3499,PL2-2512-4
VR886445,C104868,VA-EB-PL2,2026-03-25,vireo.in,2,6298,PL2-2602-4
VR887853,C101529,VA-EB-PL2,2026-03-25,vireo.in,1,3499,PL2-2601-2
VR889281,C109289,VA-SP-ORB,2026-03-25,vireo.in,1,5699,ORB-2602-1
VR894534,C102372,VA-SW-FIT,2026-03-25,Amazon,1,1999,FIT-2603-3
VR895779,C104212,VA-EB-PL2,2026-03-25,vireo.in,1,2974,PL2-2512-3
VR899197,C107632,VA-EB-PL2,2026-03-25,Amazon,1,3324,PL2-2601-4
VR899643,C108301,VA-EB-PL2,2026-03-25,vireo.in,1,3324,PL2-2602-3
VR901078,C104932,VA-HP-ST3,2026-03-25,Amazon,1,6999,ST3-2601-3
VR901310,C106723,VA-SW-NX2,2026-03-25,vireo.in,1,6499,NX2-2602-4
VR901911,C104822,VA-EB-PL2,2026-03-25,vireo.in,1,3499,PL2-2601-1
VR902395,C106132,VA-EB-PL2,2026-03-25,Amazon,1,3499,PL2-2512-4
VR902660,C102049,VA-EB-PL2,2026-03-25,vireo.in,1,3499,PL2-2512-1
VR903002,C106527,VA-EB-PL1,2026-03-25,Amazon,1,2124,PL1-2602-4
VR903964,C106140,VA-EB-PL1,2026-03-25,vireo.in,1,2499,PL1-2512-4
VR904004,C100548,VA-EB-AIR,2026-03-25,vireo.in,1,1529,AIR-2601-4
VR905946,C107038,VA-NB-ARC,2026-03-25,vireo.in,1,1169,ARC-2601-2
VR906761,C106820,VA-EB-AIR,2026-03-25,vireo.in,1,1439,AIR-2603-4
VR907008,C107764,VA-SP-ORB,2026-03-25,vireo.in,1,4799,ORB-2601-2
VR907155,C104356,VA-AC-CASE,2026-03-25,Flipkart,1,1299,CASE-2512-2
VR907699,C107674,VA-NB-ARC,2026-03-25,vireo.in,1,1169,ARC-2512-1
VR907871,C103805,VA-EB-PL2,2026-03-25,vireo.in,1,3149,PL2-2603-3
VR909190,C105446,VA-EB-PL1,2026-03-25,vireo.in,1,2499,PL1-2512-3
VR909839,C108034,VA-SP-MINI,2026-03-25,vireo.in,1,1999,MINI-2601-2
VR882431,C102473,VA-EB-AIR,2026-03-26,Amazon,1,1799,AIR-2601-2
VR883053,C100910,VA-SW-NX1,2026-03-26,vireo.in,1,4249,NX1-2602-1
VR884117,C103737,VA-EB-PL2,2026-03-26,Amazon,1,2974,PL2-2512-3
VR885217,C106090,VA-EB-PL2,2026-03-26,vireo.in,1,3499,PL2-2601-1
VR886363,C100722,VA-SP-ORB,2026-03-26,vireo.in,1,5999,ORB-2602-2
VR886798,C106904,VA-SP-ORB,2026-03-26,Amazon,1,5699,ORB-2602-3
VR887728,C107830,VA-EB-PL1,2026-03-26,Flipkart,1,1999,PL1-2512-3
VR889360,C104210,VA-SW-FIT,2026-03-26,Amazon,1,1799,FIT-2602-4
VR889368,C101794,VA-EB-PL1,2026-03-26,Flipkart,1,2374,PL1-2512-3
VR890372,C102167,VA-SP-ORB,2026-03-26,Amazon,1,5999,ORB-2512-2
VR890835,C100891,VA-SW-NX2,2026-03-26,vireo.in,1,6174,NX2-2512-3
VR893198,C108432,VA-EB-AIR,2026-03-26,vireo.in,1,1799,AIR-2601-2
VR893561,C102349,VA-EB-PL2,2026-03-26,Amazon,1,3499,PL2-2602-1
VR894282,C106239,VA-EB-PL2,2026-03-26,Amazon,1,2799,PL2-2601-1
VR895521,C102998,VA-EB-PL1,2026-03-26,vireo.in,1,2499,PL1-2512-4
VR896225,C101217,VA-EB-PL2,2026-03-26,vireo.in,1,3499,PL2-2602-4
VR897957,C107627,VA-HP-ST3,2026-03-26,vireo.in,1,6999,ST3-2603-4
VR900383,C102095,VA-SP-MINI,2026-03-26,vireo.in,1,2124,MINI-2512-3
VR900585,C105912,VA-EB-PL2,2026-03-26,vireo.in,1,3149,PL2-2601-3
VR900855,C106007,VA-SW-NX2,2026-03-26,vireo.in,1,6174,NX2-2512-2
VR901554,C104894,VA-EB-PL2,2026-03-26,Amazon,1,2799,PL2-2601-4
VR902997,C100188,VA-EB-PL2,2026-03-26,vireo.in,1,3149,PL2-2512-4
VR903149,C102671,VA-SP-ORB,2026-03-26,Flipkart,1,4799,ORB-2601-4
VR903275,C101923,VA-SP-ORB,2026-03-26,Amazon,1,5999,ORB-2601-1
VR904170,C103508,VA-AC-CASE,2026-03-26,vireo.in,1,1234,CASE-2512-4
VR905516,C104091,VA-EB-PL2,2026-03-26,vireo.in,1,3499,PL2-2601-1
VR906104,C103211,VA-EB-PL2,2026-03-26,vireo.in,1,3149,PL2-2603-3
VR907553,C102834,VA-HP-ST3,2026-03-26,Flipkart,2,12598,ST3-2601-3
VR907888,C109178,VA-SW-FIT,2026-03-26,vireo.in,1,1599,FIT-2512-3
VR881369,C102659,VA-EB-PL2,2026-03-27,Amazon,1,3499,PL2-2512-3
VR882012,C100933,VA-EB-PL2,2026-03-27,Amazon,1,3149,PL2-2602-3
VR885061,C107160,VA-SW-FIT,2026-03-27,Amazon,1,1999,FIT-2512-2
VR887233,C102668,VA-SW-NX2,2026-03-27,vireo.in,1,6499,NX2-2602-4
VR887640,C102507,VA-EB-PL2,2026-03-27,Amazon,1,3499,PL2-2512-1
VR888566,C102159,VA-AC-CASE,2026-03-27,Amazon,1,1104,CASE-2512-4
VR888685,C109302,VA-EB-PL2,2026-03-27,vireo.in,1,3324,PL2-2601-4
VR888874,C101559,VA-SP-ORB,2026-03-27,vireo.in,1,4799,ORB-2603-2
VR889427,C108318,VA-EB-PL2,2026-03-27,vireo.in,1,3149,PL2-2602-1
VR890367,C100206,VA-EB-PL2,2026-03-27,vireo.in,1,3499,PL2-2512-1
VR890633,C107509,VA-EB-PL2,2026-03-27,vireo.in,2,6298,PL2-2512-2
VR892065,C109360,VA-NB-ARC,2026-03-27,vireo.in,1,1039,ARC-2512-4
VR892184,C108133,VA-NB-ARC,2026-03-27,vireo.in,1,1299,ARC-2603-4
VR896045,C102385,VA-EB-PL2,2026-03-27,Flipkart,1,3149,PL2-2603-1
VR896968,C105100,VA-EB-PL2,2026-03-27,Flipkart,1,3499,PL2-2602-2
VR897908,C100224,VA-EB-PL1,2026-03-27,Amazon,1,2124,PL1-2601-4
VR898812,C107331,VA-EB-PL2,2026-03-27,vireo.in,1,3499,PL2-2601-4
VR899213,C101674,VA-EB-PL2,2026-03-27,vireo.in,1,2974,PL2-2601-3
VR899660,C102814,VA-EB-PL2,2026-03-27,vireo.in,1,2974,PL2-2602-1
VR899673,C109237,VA-EB-PL2,2026-03-27,vireo.in,1,2799,PL2-2602-3
VR899919,C102518,VA-EB-PL1,2026-03-27,Amazon,1,2499,PL1-2602-4
VR900894,C106385,VA-EB-PL2,2026-03-27,vireo.in,1,3324,PL2-2512-3
VR901424,C102420,VA-SW-NX1,2026-03-27,vireo.in,1,4999,NX1-2602-2
VR904121,C106506,VA-EB-PL2,2026-03-27,Flipkart,2,6648,PL2-2601-1
VR905258,C104538,VA-HP-ST3,2026-03-27,vireo.in,1,6299,ST3-2602-2
VR905826,C105197,VA-EB-PL2,2026-03-27,vireo.in,1,3499,PL2-2601-3
VR907191,C103325,VA-EB-PL2,2026-03-27,vireo.in,2,6298,PL2-2601-1
VR907338,C108117,VA-SP-ORB,2026-03-27,vireo.in,1,5699,ORB-2603-4
VR907950,C109241,VA-EB-PL1,2026-03-27,vireo.in,1,2499,PL1-2602-4
VR908078,C101966,VA-EB-PL2,2026-03-27,vireo.in,1,2974,PL2-2602-2
VR908267,C106248,VA-SW-FIT,2026-03-27,vireo.in,1,1599,FIT-2603-4
VR909311,C105353,VA-HP-ST3,2026-03-27,vireo.in,1,5599,ST3-2602-4
VR882045,C107503,VA-SP-ORB,2026-03-28,vireo.in,1,5999,ORB-2601-2
VR883445,C107325,VA-EB-PL2,2026-03-28,Amazon,2,6648,PL2-2602-1
VR885581,C108757,VA-EB-PL2,2026-03-28,vireo.in,1,3499,PL2-2603-4
VR887664,C107383,VA-EB-PL2,2026-03-28,vireo.in,1,3149,PL2-2601-1
VR887772,C100748,VA-SW-FIT,2026-03-28,Amazon,1,1699,FIT-2602-2
VR888210,C100790,VA-EB-PL2,2026-03-28,vireo.in,1,3149,PL2-2602-3
VR888490,C105189,VA-SW-NX1,2026-03-28,Flipkart,1,4999,NX1-2601-4
VR888499,C103337,VA-HP-ST3,2026-03-28,Amazon,1,6649,ST3-2602-2
VR889423,C105577,VA-EB-PL2,2026-03-28,vireo.in,1,3499,PL2-2602-1
VR892741,C108038,VA-EB-AIR,2026-03-28,Flipkart,1,1709,AIR-2603-3
VR892793,C103298,VA-EB-PL2,2026-03-28,vireo.in,1,2799,PL2-2602-4
VR896897,C107724,VA-SW-FIT,2026-03-28,vireo.in,1,1699,FIT-2601-1
VR896908,C107190,VA-HP-ST3,2026-03-28,Amazon,1,6999,ST3-2602-1
VR897755,C108458,VA-SW-FIT,2026-03-28,vireo.in,1,1699,FIT-2602-2
VR898169,C106926,VA-SP-MINI,2026-03-28,vireo.in,1,2499,MINI-2602-1
VR898934,C107241,VA-EB-PL2,2026-03-28,Amazon,2,6998,PL2-2602-1
VR899054,C101717,VA-EB-AIR,2026-03-28,vireo.in,1,1529,AIR-2601-1
VR899819,C108641,VA-EB-PL2,2026-03-28,Amazon,1,3499,PL2-2602-3
VR899901,C109188,VA-EB-PL2,2026-03-28,Flipkart,1,3499,PL2-2601-4
VR901531,C104779,VA-HP-ST2,2026-03-28,vireo.in,1,4999,ST2-2602-4
VR903937,C100111,VA-EB-PL2,2026-03-28,Flipkart,1,3499,PL2-2602-2
VR906340,C100514,VA-AC-CASE,2026-03-28,Flipkart,1,1299,CASE-2602-1
VR907904,C100961,VA-AC-CASE,2026-03-28,Flipkart,1,1234,CASE-2602-2
VR908042,C105763,VA-EB-PL2,2026-03-28,vireo.in,1,2974,PL2-2512-2
VR910142,C107887,VA-SP-MINI,2026-03-28,Flipkart,1,1999,MINI-2601-3
VR881896,C100456,VA-EB-PL1,2026-03-29,Amazon,1,2499,PL1-2512-3
VR881911,C105289,VA-EB-PL2,2026-03-29,vireo.in,1,3499,PL2-2601-3
VR882221,C102068,VA-SW-NX2,2026-03-29,vireo.in,1,5524,NX2-2603-3
VR883181,C109017,VA-EB-PL2,2026-03-29,vireo.in,1,3499,PL2-2602-4
VR883582,C108978,VA-EB-PL2,2026-03-29,vireo.in,1,3499,PL2-2512-2
VR883637,C106049,VA-SW-FIT,2026-03-29,vireo.in,1,1999,FIT-2602-3
VR884868,C105256,VA-EB-PL2,2026-03-29,vireo.in,1,3324,PL2-2603-3
VR886454,C101449,VA-SP-MINI,2026-03-29,vireo.in,1,1999,MINI-2602-4
VR886875,C109391,VA-HP-ST3,2026-03-29,vireo.in,1,6649,ST3-2601-3
VR888130,C108556,VA-EB-PL2,2026-03-29,vireo.in,1,2799,PL2-2601-2
VR888785,C107221,VA-EB-PL2,2026-03-29,Amazon,1,3149,PL2-2603-1
VR891137,C106511,VA-SW-FIT,2026-03-29,Amazon,1,1799,FIT-2602-1
VR891308,C107417,VA-SP-ORB,2026-03-29,Amazon,1,5999,ORB-2602-2
VR891484,C102980,VA-EB-PL2,2026-03-29,Amazon,1,3499,PL2-2602-2
VR892285,C105382,VA-HP-ST3,2026-03-29,vireo.in,1,6999,ST3-2602-4
VR892684,C102046,VA-EB-PL2,2026-03-29,vireo.in,1,3149,PL2-2603-2
VR892895,C101312,VA-SW-NX2,2026-03-29,Amazon,1,6499,NX2-2512-2
VR894215,C104683,VA-SP-MINI,2026-03-29,vireo.in,1,2374,MINI-2601-2
VR896075,C103015,VA-EB-PL2,2026-03-29,Amazon,1,3324,PL2-2512-4
VR896125,C101953,VA-HP-ST2,2026-03-29,vireo.in,1,4249,ST2-2601-2
VR896150,C102960,VA-EB-PL2,2026-03-29,vireo.in,1,2974,PL2-2601-1
VR896773,C108605,VA-HP-ST3,2026-03-29,vireo.in,1,5949,ST3-2602-2
VR897300,C103036,VA-EB-PL2,2026-03-29,vireo.in,1,2974,PL2-2601-4
VR897812,C106178,VA-EB-PL2,2026-03-29,Flipkart,1,3149,PL2-2602-2
VR897993,C101612,VA-EB-PL2,2026-03-29,vireo.in,1,3149,PL2-2602-2
VR898510,C106795,VA-EB-AIR,2026-03-29,vireo.in,1,1709,AIR-2602-2
VR900872,C101746,VA-EB-PL2,2026-03-29,vireo.in,1,3499,PL2-2602-2
VR900949,C105910,VA-EB-PL2,2026-03-29,vireo.in,1,2974,PL2-2602-3
VR903194,C105642,VA-EB-AIR,2026-03-29,vireo.in,2,3598,AIR-2602-4
VR904873,C104718,VA-SP-MINI,2026-03-29,vireo.in,1,2374,MINI-2602-1
VR905445,C102956,VA-SW-NX2,2026-03-29,vireo.in,1,5849,NX2-2512-3
VR905999,C109299,VA-HP-ST2,2026-03-29,Flipkart,1,3999,ST2-2602-3
VR906833,C100451,VA-EB-PL2,2026-03-29,Amazon,1,3149,PL2-2602-1
VR909203,C104239,VA-SP-MINI,2026-03-29,Amazon,1,2499,MINI-2512-2
VR909644,C102420,VA-EB-PL2,2026-03-29,Flipkart,1,3324,PL2-2602-1
VR881654,C108903,VA-EB-PL2,2026-03-30,vireo.in,1,3149,PL2-2512-3
VR882639,C102301,VA-SW-NX2,2026-03-30,Flipkart,1,6499,NX2-2601-1
VR884320,C106427,VA-EB-PL2,2026-03-30,vireo.in,1,3499,PL2-2601-1
VR885257,C107309,VA-EB-PL2,2026-03-30,vireo.in,2,6648,PL2-2601-2
VR888565,C101657,VA-EB-PL2,2026-03-30,vireo.in,1,3499,PL2-2602-2
VR889829,C106622,VA-EB-AIR,2026-03-30,vireo.in,1,1799,AIR-2602-3
VR892726,C105234,VA-SP-MINI,2026-03-30,vireo.in,2,3998,MINI-2512-2
VR895407,C102909,VA-SW-FIT,2026-03-30,vireo.in,1,1999,FIT-2601-3
VR898606,C104345,VA-EB-PL2,2026-03-30,vireo.in,1,3149,PL2-2601-3
VR898980,C107795,VA-SW-NX2,2026-03-30,vireo.in,1,5199,NX2-2603-2
VR899142,C102137,VA-SW-NX1,2026-03-30,vireo.in,1,4999,NX1-2512-1
VR899325,C107738,VA-EB-PL2,2026-03-30,vireo.in,2,6998,PL2-2602-4
VR899987,C109163,VA-EB-PL2,2026-03-30,Amazon,1,2799,PL2-2512-4
VR900437,C101918,VA-EB-PL2,2026-03-30,vireo.in,2,5948,PL2-2601-1
VR902735,C105903,VA-HP-ST3,2026-03-30,vireo.in,1,5599,ST3-2603-2
VR903536,C102390,VA-SW-NX2,2026-03-30,vireo.in,1,6499,NX2-2601-3
VR906477,C100727,VA-EB-PL2,2026-03-30,Amazon,1,3499,PL2-2601-4
VR906840,C106711,VA-SP-ORB,2026-03-30,vireo.in,1,5999,ORB-2603-1
VR909324,C107693,VA-EB-PL2,2026-03-30,Flipkart,1,2799,PL2-2512-3
VR909362,C100128,VA-HP-ST3,2026-03-30,Flipkart,1,6299,ST3-2601-1
VR910045,C104637,VA-EB-PL2,2026-03-30,Amazon,1,2799,PL2-2602-2
VR880423,C108503,VA-SP-MINI,2026-03-31,vireo.in,1,2249,MINI-2512-4
VR880478,C106112,VA-EB-PL2,2026-03-31,Amazon,1,3149,PL2-2603-4
VR882080,C102148,VA-EB-AIR,2026-03-31,vireo.in,2,3598,AIR-2602-1
VR883434,C106558,VA-AC-CASE,2026-03-31,Amazon,1,1169,CASE-2602-3
VR884745,C101585,VA-EB-PL2,2026-03-31,vireo.in,1,3499,PL2-2512-3
VR885858,C100514,VA-HP-ST3,2026-03-31,vireo.in,1,5599,ST3-2602-2
VR886069,C107034,VA-EB-AIR,2026-03-31,Amazon,1,1799,AIR-2602-4
VR886278,C104013,VA-NB-ARC,2026-03-31,Flipkart,1,1039,ARC-2601-2
VR888175,C100276,VA-AC-CH65,2026-03-31,vireo.in,1,1499,CH65-2601-4
VR888688,C105243,VA-EB-PL1,2026-03-31,vireo.in,1,1999,PL1-2603-1
VR890571,C106074,VA-EB-PL2,2026-03-31,vireo.in,1,2799,PL2-2512-1
VR890610,C103084,VA-EB-PL2,2026-03-31,vireo.in,1,3499,PL2-2601-1
VR891423,C107256,VA-EB-PL2,2026-03-31,Amazon,1,3149,PL2-2512-4
VR891985,C106267,VA-HP-ST3,2026-03-31,vireo.in,1,5599,ST3-2601-3
VR892532,C102346,VA-EB-AIR,2026-03-31,vireo.in,1,1799,AIR-2602-1
VR893077,C101707,VA-NB-ARC,2026-03-31,vireo.in,1,1299,ARC-2601-4
VR893777,C103438,VA-SW-NX2,2026-03-31,vireo.in,1,6499,NX2-2602-1
VR898722,C106419,VA-HP-ST3,2026-03-31,Amazon,1,6299,ST3-2601-2
VR899355,C102162,VA-EB-PL2,2026-03-31,Amazon,1,3499,PL2-2601-3
VR899433,C105131,VA-EB-PL2,2026-03-31,vireo.in,1,2799,PL2-2603-3
VR900570,C107158,VA-EB-PL2,2026-03-31,vireo.in,1,2799,PL2-2603-1
VR900788,C105574,VA-EB-PL2,2026-03-31,Amazon,1,3499,PL2-2602-4
VR900868,C107372,VA-EB-PL2,2026-03-31,vireo.in,1,3324,PL2-2602-3
VR901813,C100385,VA-SW-NX2,2026-03-31,vireo.in,1,6499,NX2-2601-4
VR902286,C103218,VA-EB-PL2,2026-03-31,vireo.in,1,3499,PL2-2601-2
VR902414,C108731,VA-EB-PL2,2026-03-31,vireo.in,1,2974,PL2-2601-3
VR903247,C108863,VA-EB-PL1,2026-03-31,Amazon,1,2374,PL1-2512-3
VR906414,C100673,VA-EB-PL2,2026-03-31,Amazon,2,5948,PL2-2602-2
VR880204,C108726,VA-SW-NX2,2026-04-01,Amazon,1,6174,NX2-2602-3
VR884029,C105352,VA-SP-MINI,2026-04-01,Amazon,1,2499,MINI-2601-2
VR884679,C104648,VA-HP-ST3,2026-04-01,Flipkart,1,5949,ST3-2602-1
VR886959,C107012,VA-SW-FIT,2026-04-01,vireo.in,1,1799,FIT-2512-1
VR887229,C103403,VA-EB-PL2,2026-04-01,Flipkart,1,3499,PL2-2601-4
VR888071,C102752,VA-EB-AIR,2026-04-01,vireo.in,1,1529,AIR-2601-4
VR890385,C109158,VA-EB-PL2,2026-04-01,vireo.in,1,3499,PL2-2512-4
VR894688,C101873,VA-HP-ST3,2026-04-01,vireo.in,1,6649,ST3-2512-2
VR895196,C104326,VA-EB-AIR,2026-04-01,Flipkart,1,1709,AIR-2602-4
VR896616,C100268,VA-EB-PL2,2026-04-01,Amazon,1,3149,PL2-2601-3
VR898982,C106749,VA-SP-ORB,2026-04-01,vireo.in,1,5999,ORB-2512-2
VR899089,C108379,VA-HP-ST2,2026-04-01,Amazon,1,4999,ST2-2602-3
VR900045,C100146,VA-EB-PL2,2026-04-01,vireo.in,1,3499,PL2-2512-1
VR901504,C106019,VA-EB-PL2,2026-04-01,Flipkart,1,2799,PL2-2601-1
VR902358,C101772,VA-SP-MINI,2026-04-01,vireo.in,1,2374,MINI-2512-2
VR902865,C104536,VA-HP-ST3,2026-04-01,vireo.in,1,5949,ST3-2512-3
VR903254,C105874,VA-EB-PL2,2026-04-01,Flipkart,1,2974,PL2-2602-4
VR903746,C104972,VA-EB-PL2,2026-04-01,Amazon,1,3324,PL2-2602-2
VR905639,C109283,VA-EB-PL2,2026-04-01,Amazon,1,3149,PL2-2601-4
VR906082,C106971,VA-EB-PL2,2026-04-01,vireo.in,1,3149,PL2-2601-4
VR908441,C100344,VA-SP-MINI,2026-04-01,vireo.in,1,2499,MINI-2602-4
VR908450,C104076,VA-EB-PL1,2026-04-01,Amazon,1,2374,PL1-2602-3
VR880150,C107995,VA-EB-PL2,2026-04-02,Amazon,1,3499,PL2-2602-3
VR881214,C106410,VA-SW-NX2,2026-04-02,vireo.in,1,5524,NX2-2512-2
VR886018,C108573,VA-EB-PL2,2026-04-02,Flipkart,1,3324,PL2-2601-4
VR887841,C105952,VA-EB-PL2,2026-04-02,Amazon,1,3324,PL2-2601-3
VR888693,C105622,VA-EB-AIR,2026-04-02,vireo.in,1,1439,AIR-2602-2
VR890908,C101508,VA-EB-PL2,2026-04-02,vireo.in,1,3499,PL2-2602-3
VR891323,C106379,VA-SP-MINI,2026-04-02,vireo.in,1,2124,MINI-2601-2
VR894595,C101841,VA-EB-AIR,2026-04-02,vireo.in,1,1799,AIR-2602-2
VR894859,C106155,VA-SP-MINI,2026-04-02,vireo.in,1,2124,MINI-2601-1
VR895923,C103862,VA-SW-NX2,2026-04-02,vireo.in,1,6499,NX2-2603-2
VR897274,C105233,VA-EB-PL2,2026-04-02,vireo.in,2,6998,PL2-2601-1
VR897927,C105506,VA-HP-ST3,2026-04-02,Amazon,1,5949,ST3-2601-2
VR899397,C100361,VA-EB-PL1,2026-04-02,vireo.in,1,2499,PL1-2602-3
VR899451,C100611,VA-EB-PL2,2026-04-02,vireo.in,1,2974,PL2-2601-3
VR902768,C105647,VA-SP-MINI,2026-04-02,vireo.in,1,2374,MINI-2601-2
VR905470,C103428,VA-EB-PL2,2026-04-02,vireo.in,1,3149,PL2-2601-2
VR906346,C103503,VA-SW-NX2,2026-04-02,vireo.in,1,6174,NX2-2602-1
VR907196,C106026,VA-EB-PL2,2026-04-02,vireo.in,1,3499,PL2-2602-4
VR908731,C104670,VA-EB-PL1,2026-04-02,Amazon,1,1999,PL1-2601-3
VR909469,C108575,VA-EB-PL1,2026-04-02,vireo.in,1,2374,PL1-2601-4
VR909600,C109065,VA-EB-PL2,2026-04-02,vireo.in,1,3324,PL2-2602-3
VR881159,C102049,VA-SW-NX2,2026-04-03,Flipkart,1,5199,NX2-2603-4
VR882794,C104703,VA-SP-MINI,2026-04-03,vireo.in,1,2374,MINI-2603-3
VR884149,C106663,VA-EB-PL2,2026-04-03,vireo.in,1,3499,PL2-2512-2
VR885419,C107706,VA-HP-ST3,2026-04-03,Flipkart,1,5949,ST3-2603-1
VR886229,C106699,VA-EB-PL2,2026-04-03,Amazon,1,3149,PL2-2602-1
VR886852,C104738,VA-EB-PL2,2026-04-03,Amazon,1,2799,PL2-2603-3
VR886929,C100369,VA-EB-PL2,2026-04-03,vireo.in,1,2799,PL2-2602-3
VR889042,C104018,VA-SW-NX2,2026-04-03,vireo.in,1,6174,NX2-2512-2
VR889326,C106767,VA-NB-ARC,2026-04-03,vireo.in,1,1299,ARC-2601-3
VR890672,C106831,VA-SP-MINI,2026-04-03,Amazon,1,2499,MINI-2512-4
VR890810,C102492,VA-EB-AIR,2026-04-03,vireo.in,1,1799,AIR-2601-4
VR892755,C107191,VA-SP-MINI,2026-04-03,Amazon,1,2499,MINI-2601-2
VR892953,C108757,VA-HP-ST2,2026-04-03,Amazon,1,4999,ST2-2602-1
VR894133,C108516,VA-EB-PL2,2026-04-03,Amazon,1,3499,PL2-2602-3
VR895652,C105429,VA-EB-AIR,2026-04-03,vireo.in,1,1439,AIR-2512-4
VR895902,C103237,VA-EB-PL2,2026-04-03,vireo.in,1,3499,PL2-2601-1
VR898338,C104506,VA-EB-AIR,2026-04-03,vireo.in,1,1619,AIR-2602-4
VR898524,C103105,VA-EB-PL2,2026-04-03,Amazon,1,3149,PL2-2602-3
VR900058,C107601,VA-EB-AIR,2026-04-03,vireo.in,1,1709,AIR-2601-3
VR900572,C103815,VA-EB-PL2,2026-04-03,Flipkart,1,3499,PL2-2512-2
VR900866,C104333,VA-AC-CBL,2026-04-03,vireo.in,1,399,CBL-2601-4
VR901097,C104300,VA-HP-ST3,2026-04-03,Amazon,1,6299,ST3-2602-1
VR901425,C105856,VA-EB-PL2,2026-04-03,vireo.in,1,3499,PL2-2602-3
VR902102,C102945,VA-EB-PL2,2026-04-03,vireo.in,1,2974,PL2-2602-4
VR902691,C106950,VA-NB-ARC,2026-04-03,vireo.in,1,1104,ARC-2603-2
VR905819,C109187,VA-HP-ST2,2026-04-03,vireo.in,1,4749,ST2-2512-2
VR906406,C100961,VA-EB-PL2,2026-04-03,Amazon,1,3499,PL2-2512-4
VR907642,C101651,VA-EB-PL2,2026-04-03,vireo.in,2,5948,PL2-2602-2
VR880681,C103380,VA-EB-PL2,2026-04-04,Amazon,1,3499,PL2-2601-1
VR880921,C103231,VA-SW-NX2,2026-04-04,Amazon,1,5524,NX2-2602-1
VR882482,C100196,VA-EB-PL2,2026-04-04,Amazon,1,3499,PL2-2602-4
VR885176,C105309,VA-SP-MINI,2026-04-04,Amazon,1,2499,MINI-2601-4
VR885576,C105325,VA-EB-PL2,2026-04-04,vireo.in,1,3324,PL2-2602-1
VR887487,C105154,VA-EB-PL2,2026-04-04,vireo.in,2,6998,PL2-2601-1
VR888899,C102852,VA-EB-AIR,2026-04-04,Amazon,1,1799,AIR-2603-3
VR890978,C108337,VA-EB-PL2,2026-04-04,Flipkart,1,3499,PL2-2601-2
VR891972,C104339,VA-EB-PL1,2026-04-04,Flipkart,1,2374,PL1-2601-2
VR893293,C100018,VA-EB-PL2,2026-04-04,vireo.in,1,2974,PL2-2601-1
VR894634,C105921,VA-EB-PL2,2026-04-04,vireo.in,1,3324,PL2-2601-4
VR895591,C104257,VA-NB-ARC,2026-04-04,Flipkart,1,1104,ARC-2602-3
VR895948,C106979,VA-EB-PL2,2026-04-04,vireo.in,1,3499,PL2-2603-4
VR898007,C107006,VA-EB-PL2,2026-04-04,vireo.in,1,3324,PL2-2601-3
VR898168,C105017,VA-EB-PL2,2026-04-04,Flipkart,1,3324,PL2-2512-3
VR900767,C101037,VA-EB-PL2,2026-04-04,vireo.in,1,3499,PL2-2601-3
VR900791,C107610,VA-SP-MINI,2026-04-04,Flipkart,1,2499,MINI-2602-3
VR901075,C106321,VA-EB-PL2,2026-04-04,Amazon,1,3499,PL2-2602-2
VR901305,C107481,VA-EB-AIR,2026-04-04,Amazon,1,1529,AIR-2603-3
VR901690,C102866,VA-EB-PL2,2026-04-04,Amazon,1,2974,PL2-2603-1
VR903824,C108706,VA-EB-PL2,2026-04-04,Amazon,1,3324,PL2-2602-3
VR903945,C103556,VA-EB-PL2,2026-04-04,vireo.in,1,3324,PL2-2601-3
VR904800,C102473,VA-SW-FIT,2026-04-04,Amazon,1,1999,FIT-2601-4
VR904851,C104965,VA-SW-FIT,2026-04-04,Amazon,1,1699,FIT-2602-4
VR904911,C108507,VA-EB-PL2,2026-04-04,Amazon,1,3499,PL2-2512-2
VR905254,C100155,VA-EB-PL2,2026-04-04,vireo.in,1,2974,PL2-2602-4
VR906271,C100829,VA-EB-PL2,2026-04-04,Flipkart,1,3499,PL2-2512-1
VR906802,C100999,VA-EB-PL2,2026-04-04,vireo.in,1,2974,PL2-2602-4
VR909004,C101332,VA-AC-CASE,2026-04-04,Flipkart,1,1169,CASE-2601-3
VR909243,C105619,VA-EB-PL2,2026-04-04,Amazon,1,3499,PL2-2601-4
VR910060,C103990,VA-HP-ST3,2026-04-04,Flipkart,1,5949,ST3-2601-3
VR881749,C104399,VA-AC-CBL,2026-04-05,vireo.in,1,399,CBL-2603-2
VR883413,C103726,VA-EB-PL1,2026-04-05,vireo.in,1,2499,PL1-2601-2
VR883715,C103872,VA-HP-ST3,2026-04-05,Amazon,1,5949,ST3-2601-3
VR884825,C107346,VA-EB-PL2,2026-04-05,vireo.in,1,3499,PL2-2601-4
VR884925,C102948,VA-EB-AIR,2026-04-05,vireo.in,1,1439,AIR-2602-2
VR886897,C105645,VA-EB-AIR,2026-04-05,vireo.in,1,1619,AIR-2602-3
VR887559,C100714,VA-SP-MINI,2026-04-05,Amazon,1,1999,MINI-2602-4
VR887904,C105195,VA-SW-NX1,2026-04-05,Amazon,2,8498,NX1-2512-2
VR889195,C107666,VA-EB-PL2,2026-04-05,Flipkart,1,3499,PL2-2603-4
VR889795,C106887,VA-EB-PL2,2026-04-05,vireo.in,2,6298,PL2-2601-2
VR892729,C107841,VA-EB-PL2,2026-04-05,vireo.in,1,3499,PL2-2602-1
VR892875,C101091,VA-SW-NX2,2026-04-05,Amazon,1,6499,NX2-2602-4
VR895607,C102518,VA-EB-AIR,2026-04-05,vireo.in,1,1709,AIR-2603-4
VR895890,C101476,VA-SP-ORB,2026-04-05,Amazon,1,5999,ORB-2602-2
VR897118,C108938,VA-SP-MINI,2026-04-05,vireo.in,1,2499,MINI-2601-4
VR897377,C101628,VA-EB-PL1,2026-04-05,Amazon,1,2124,PL1-2603-4
VR897795,C101321,VA-AC-CBL,2026-04-05,Amazon,1,399,CBL-2602-1
VR897922,C104194,VA-EB-PL1,2026-04-05,vireo.in,1,2499,PL1-2601-2
VR898081,C109442,VA-EB-PL2,2026-04-05,Amazon,2,6998,PL2-2602-4
VR898254,C101846,VA-EB-PL2,2026-04-05,vireo.in,1,3499,PL2-2602-2
VR899437,C100673,VA-EB-PL1,2026-04-05,vireo.in,1,2499,PL1-2602-4
VR899894,C105144,VA-HP-ST3,2026-04-05,Amazon,1,6649,ST3-2603-4
VR901754,C104635,VA-EB-PL2,2026-04-05,Flipkart,1,3499,PL2-2512-4
VR905110,C100084,VA-EB-PL2,2026-04-05,Amazon,1,2799,PL2-2602-3
VR906767,C109259,VA-EB-PL2,2026-04-05,Flipkart,1,3499,PL2-2602-2
VR907822,C102463,VA-EB-PL2,2026-04-05,vireo.in,1,3149,PL2-2601-4
VR908064,C100291,VA-SW-NX2,2026-04-05,vireo.in,1,5524,NX2-2601-4
VR908525,C103447,VA-SP-MINI,2026-04-05,vireo.in,1,2499,MINI-2601-4
VR909865,C106870,VA-EB-PL2,2026-04-05,Amazon,1,3499,PL2-2603-1
VR880050,C104684,VA-EB-PL1,2026-04-06,vireo.in,1,2499,PL1-2512-4
VR880324,C108070,VA-SP-ORB,2026-04-06,Amazon,1,5399,ORB-2601-1
VR880358,C108877,VA-EB-PL1,2026-04-06,vireo.in,2,4998,PL1-2602-4
VR881326,C104411,VA-EB-PL2,2026-04-06,Flipkart,1,2799,PL2-2603-1
VR883398,C109016,VA-AC-CASE,2026-04-06,vireo.in,1,1234,CASE-2601-1
VR885758,C101191,VA-EB-AIR,2026-04-06,vireo.in,1,1529,AIR-2603-2
VR886599,C109254,VA-EB-PL2,2026-04-06,Amazon,1,3499,PL2-2603-4
VR886965,C105484,VA-EB-PL2,2026-04-06,Amazon,1,3324,PL2-2601-4
VR889446,C104418,VA-SW-NX1,2026-04-06,vireo.in,1,4999,NX1-2601-2
VR891211,C103354,VA-EB-PL1,2026-04-06,vireo.in,1,2249,PL1-2602-4
VR891628,C107028,VA-EB-PL2,2026-04-06,Amazon,1,3499,PL2-2602-1
VR892001,C106532,VA-SW-FIT,2026-04-06,Flipkart,1,1599,FIT-2601-1
VR892138,C109405,VA-AC-CASE,2026-04-06,Amazon,1,1299,CASE-2601-2
VR892872,C107467,VA-EB-PL2,2026-04-06,vireo.in,1,3499,PL2-2512-1
VR894855,C107163,VA-EB-PL2,2026-04-06,Flipkart,1,3499,PL2-2601-4
VR896359,C100871,VA-EB-PL1,2026-04-06,Amazon,1,2499,PL1-2512-2
VR896980,C109361,VA-SW-NX1,2026-04-06,vireo.in,1,4499,NX1-2603-4
VR897070,C105336,VA-AC-CASE,2026-04-06,Amazon,1,1234,CASE-2512-1
VR897951,C103589,VA-SP-MINI,2026-04-06,vireo.in,1,1999,MINI-2601-1
VR898079,C105813,VA-HP-ST3,2026-04-06,Flipkart,1,6999,ST3-2602-2
VR901068,C107417,VA-HP-ST3,2026-04-06,Amazon,1,6999,ST3-2602-2
VR901292,C108393,VA-EB-PL2,2026-04-06,Amazon,1,2974,PL2-2603-1
VR905791,C108420,VA-EB-PL2,2026-04-06,vireo.in,1,3499,PL2-2603-2
VR906820,C100515,VA-EB-PL2,2026-04-06,Amazon,1,3149,PL2-2601-3
VR907284,C107654,VA-SW-NX2,2026-04-06,vireo.in,1,6499,NX2-2601-2
VR908854,C109225,VA-EB-PL1,2026-04-06,vireo.in,1,2249,PL1-2602-4
VR909344,C107886,VA-EB-PL1,2026-04-06,vireo.in,1,2124,PL1-2603-3
VR909641,C101739,VA-EB-PL2,2026-04-06,vireo.in,1,3499,PL2-2602-1
VR909740,C105323,VA-EB-PL2,2026-04-06,Flipkart,1,3149,PL2-2603-3
VR882803,C100147,VA-EB-PL1,2026-04-07,Amazon,2,3998,PL1-2602-2
VR883001,C108827,VA-SW-FIT,2026-04-07,Amazon,1,1799,FIT-2602-1
VR885252,C104499,VA-HP-ST2,2026-04-07,vireo.in,1,3999,ST2-2601-2
VR885875,C101228,VA-EB-PL2,2026-04-07,Amazon,1,3324,PL2-2601-2
VR887429,C100724,VA-EB-PL2,2026-04-07,vireo.in,1,3499,PL2-2601-3
VR889437,C103165,VA-EB-PL2,2026-04-07,vireo.in,1,3499,PL2-2603-2
VR889561,C106756,VA-EB-PL2,2026-04-07,vireo.in,1,3499,PL2-2601-3
VR889814,C103563,VA-EB-PL2,2026-04-07,Amazon,1,2799,PL2-2603-2
VR889948,C107744,VA-NB-ARC,2026-04-07,vireo.in,2,2598,ARC-2512-3
VR892030,C108294,VA-SW-NX2,2026-04-07,vireo.in,1,6499,NX2-2603-4
VR892931,C105591,VA-EB-PL1,2026-04-07,Amazon,1,2124,PL1-2601-2
VR894157,C102376,VA-SP-MINI,2026-04-07,Flipkart,1,2499,MINI-2512-3
VR894404,C106161,VA-HP-ST3,2026-04-07,vireo.in,2,11898,ST3-2601-4
VR894456,C105369,VA-SW-NX2,2026-04-07,vireo.in,1,5199,NX2-2602-2
VR894729,C108231,VA-SW-FIT,2026-04-07,vireo.in,1,1699,FIT-2601-3
VR895668,C107091,VA-HP-ST3,2026-04-07,vireo.in,1,6649,ST3-2602-1
VR896830,C108031,VA-EB-PL2,2026-04-07,vireo.in,1,3499,PL2-2603-2
VR899041,C101660,VA-HP-ST2,2026-04-07,vireo.in,1,4999,ST2-2601-4
VR899178,C100835,VA-SW-FIT,2026-04-07,vireo.in,1,1899,FIT-2512-3
VR899229,C103165,VA-SP-MINI,2026-04-07,Amazon,1,2499,MINI-2601-4
VR900745,C107613,VA-HP-ST3,2026-04-07,vireo.in,1,6999,ST3-2602-4
VR901033,C101477,VA-EB-PL2,2026-04-07,vireo.in,2,5948,PL2-2602-2
VR901306,C101026,VA-SP-ORB,2026-04-07,vireo.in,1,5699,ORB-2512-3
VR902170,C105972,VA-NB-ARC,2026-04-07,Amazon,1,1169,ARC-2601-4
VR902327,C105739,VA-EB-PL2,2026-04-07,vireo.in,1,3499,PL2-2601-2
VR902589,C101410,VA-HP-ST2,2026-04-07,Flipkart,1,3999,ST2-2601-1
VR904429,C104025,VA-EB-PL1,2026-04-07,Flipkart,2,4248,PL1-2601-3
VR905260,C102199,VA-EB-PL2,2026-04-07,Amazon,1,3499,PL2-2601-4
VR905456,C105000,VA-EB-PL2,2026-04-07,vireo.in,1,2974,PL2-2601-4
VR907788,C107584,VA-EB-PL1,2026-04-07,vireo.in,1,2124,PL1-2601-1
VR908312,C105319,VA-EB-PL1,2026-04-07,vireo.in,1,2374,PL1-2512-3
VR880031,C106062,VA-EB-PL1,2026-04-08,vireo.in,1,2499,PL1-2602-4
VR882619,C108621,VA-EB-PL2,2026-04-08,vireo.in,1,2799,PL2-2602-4
VR882902,C100372,VA-EB-PL2,2026-04-08,vireo.in,1,2974,PL2-2512-2
VR882983,C101545,VA-EB-PL2,2026-04-08,vireo.in,1,2974,PL2-2603-1
VR886421,C103947,VA-SW-NX1,2026-04-08,Amazon,1,4999,NX1-2602-2
VR887708,C108620,VA-EB-AIR,2026-04-08,vireo.in,1,1619,AIR-2603-2
VR888591,C106510,VA-SP-ORB,2026-04-08,vireo.in,1,5999,ORB-2512-4
VR890647,C107940,VA-EB-PL2,2026-04-08,vireo.in,1,2974,PL2-2602-4
VR891273,C106626,VA-EB-PL2,2026-04-08,Amazon,1,3324,PL2-2603-2
VR893731,C107717,VA-EB-AIR,2026-04-08,vireo.in,1,1439,AIR-2603-3
VR893736,C103554,VA-EB-PL2,2026-04-08,vireo.in,1,3149,PL2-2601-2
VR894515,C103020,VA-EB-AIR,2026-04-08,vireo.in,1,1439,AIR-2512-3
VR894765,C102643,VA-EB-PL2,2026-04-08,vireo.in,1,3324,PL2-2601-4
VR895897,C103499,VA-NB-ARC,2026-04-08,Flipkart,1,1234,ARC-2601-4
VR897826,C109232,VA-EB-PL2,2026-04-08,vireo.in,1,3149,PL2-2602-1
VR899344,C100288,VA-HP-ST3,2026-04-08,Amazon,1,5599,ST3-2601-2
VR900598,C106727,VA-AC-CH65,2026-04-08,vireo.in,1,1424,CH65-2602-4
VR900815,C102064,VA-EB-PL2,2026-04-08,vireo.in,1,3499,PL2-2601-1
VR906153,C103569,VA-SW-NX2,2026-04-08,Flipkart,1,5849,NX2-2512-4
VR906618,C104896,VA-SP-MINI,2026-04-08,Amazon,1,1999,MINI-2601-4
VR908330,C101928,VA-HP-ST3,2026-04-08,vireo.in,1,6999,ST3-2603-4
VR909754,C102727,VA-AC-CASE,2026-04-08,vireo.in,1,1234,CASE-2601-2
VR882597,C108465,VA-AC-CASE,2026-04-09,vireo.in,1,1299,CASE-2603-4
VR886652,C100271,VA-EB-AIR,2026-04-09,vireo.in,1,1799,AIR-2602-3
VR888228,C104267,VA-SP-MINI,2026-04-09,vireo.in,1,1999,MINI-2512-3
VR888348,C104879,VA-SP-MINI,2026-04-09,vireo.in,1,1999,MINI-2603-2
VR888448,C103625,VA-HP-ST3,2026-04-09,vireo.in,1,5949,ST3-2603-4
VR888633,C106853,VA-EB-PL2,2026-04-09,Amazon,2,5948,PL2-2601-2
VR888792,C104171,VA-EB-PL1,2026-04-09,Amazon,1,2374,PL1-2602-3
VR888958,C100759,VA-SW-NX2,2026-04-09,Amazon,1,6174,NX2-2603-4
VR888972,C103929,VA-HP-ST3,2026-04-09,Amazon,1,5949,ST3-2603-2
VR891443,C107647,VA-EB-PL2,2026-04-09,vireo.in,1,3499,PL2-2603-4
VR893083,C105369,VA-HP-ST2,2026-04-09,Amazon,1,4999,ST2-2602-3
VR893521,C104273,VA-NB-ARC,2026-04-09,Amazon,1,1169,ARC-2602-4
VR893789,C107383,VA-EB-PL2,2026-04-09,Amazon,1,3324,PL2-2603-1
VR894506,C103724,VA-EB-PL1,2026-04-09,vireo.in,1,2499,PL1-2603-1
VR896226,C109427,VA-SP-ORB,2026-04-09,vireo.in,1,4799,ORB-2602-1
VR896320,C104215,VA-EB-PL2,2026-04-09,vireo.in,2,6648,PL2-2602-1
VR896923,C105467,VA-AC-CBL,2026-04-09,vireo.in,1,379,CBL-2603-3
VR899082,C107440,VA-EB-AIR,2026-04-09,Amazon,1,1529,AIR-2603-4
VR901223,C104914,VA-EB-PL2,2026-04-09,vireo.in,2,6998,PL2-2603-4
VR901308,C107649,VA-AC-CASE,2026-04-09,vireo.in,1,1234,CASE-2512-4
VR901594,C108010,VA-EB-PL2,2026-04-09,Amazon,2,6648,PL2-2603-3
VR901816,C107863,VA-SP-ORB,2026-04-09,vireo.in,1,5999,ORB-2602-3
VR902915,C108853,VA-EB-PL2,2026-04-09,vireo.in,1,2974,PL2-2603-4
VR904433,C107112,VA-EB-PL2,2026-04-09,vireo.in,1,3324,PL2-2603-1
VR904568,C103595,VA-HP-ST2,2026-04-09,Amazon,1,3999,ST2-2603-2
VR905298,C106585,VA-EB-PL2,2026-04-09,vireo.in,1,3499,PL2-2603-2
VR907527,C107016,VA-SP-MINI,2026-04-09,Flipkart,1,2249,MINI-2601-3
VR909079,C107291,VA-NB-ARC,2026-04-09,vireo.in,1,1299,ARC-2601-3
VR880065,C102117,VA-EB-PL2,2026-04-10,vireo.in,1,2974,PL2-2601-3
VR880375,C103178,VA-EB-PL2,2026-04-10,vireo.in,1,3499,PL2-2601-3
VR881634,C108578,VA-AC-CBL,2026-04-10,Amazon,1,399,CBL-2601-3
VR883861,C106693,VA-EB-PL2,2026-04-10,vireo.in,2,5948,PL2-2512-4
VR886643,C101931,VA-HP-ST2,2026-04-10,vireo.in,1,4999,ST2-2601-3
VR887103,C102430,VA-EB-PL2,2026-04-10,vireo.in,2,6998,PL2-2602-4
VR887549,C101926,VA-SW-FIT,2026-04-10,vireo.in,1,1699,FIT-2602-2
VR890764,C100706,VA-SW-NX2,2026-04-10,vireo.in,1,6499,NX2-2601-3
VR890988,C108757,VA-EB-PL1,2026-04-10,Amazon,2,4998,PL1-2602-3
VR891487,C106905,VA-EB-PL2,2026-04-10,vireo.in,1,3499,PL2-2602-1
VR892068,C100068,VA-AC-CASE,2026-04-10,vireo.in,1,1299,CASE-2512-3
VR893116,C108817,VA-EB-PL2,2026-04-10,vireo.in,1,3324,PL2-2601-2
VR893361,C101353,VA-SW-NX2,2026-04-10,vireo.in,1,6174,NX2-2603-2
VR893469,C109334,VA-EB-PL2,2026-04-10,Flipkart,1,3499,PL2-2601-3
VR894823,C107295,VA-EB-PL2,2026-04-10,vireo.in,1,3324,PL2-2603-3
VR895999,C100662,VA-SW-NX2,2026-04-10,vireo.in,1,5849,NX2-2512-4
VR896090,C107122,VA-EB-PL2,2026-04-10,vireo.in,1,3499,PL2-2603-2
VR896800,C101804,VA-EB-PL2,2026-04-10,vireo.in,1,2974,PL2-2601-1
VR898015,C106039,VA-EB-PL2,2026-04-10,vireo.in,1,3499,PL2-2602-2
VR898439,C103641,VA-EB-PL2,2026-04-10,Amazon,1,2974,PL2-2603-4
VR902345,C103959,VA-EB-PL1,2026-04-10,Amazon,2,4998,PL1-2602-4
VR904870,C106905,VA-SP-MINI,2026-04-10,vireo.in,1,2499,MINI-2601-1
VR905127,C107012,VA-EB-PL2,2026-04-10,Flipkart,1,2974,PL2-2603-3
VR905161,C106695,VA-EB-PL1,2026-04-10,Amazon,1,2499,PL1-2601-1
VR905343,C101411,VA-SW-NX2,2026-04-10,vireo.in,1,5849,NX2-2601-3
VR905827,C107870,VA-EB-PL2,2026-04-10,Flipkart,1,2974,PL2-2603-3
VR906535,C107903,VA-EB-PL2,2026-04-10,vireo.in,1,2799,PL2-2512-3
VR907749,C102087,VA-SW-NX2,2026-04-10,vireo.in,2,10398,NX2-2601-1
VR909237,C105060,VA-EB-PL2,2026-04-10,Amazon,1,3499,PL2-2603-2
VR909666,C101873,VA-EB-PL1,2026-04-10,vireo.in,1,2249,PL1-2603-3
VR909953,C103831,VA-SP-ORB,2026-04-10,vireo.in,1,5699,ORB-2602-3
VR881757,C105732,VA-HP-ST2,2026-04-11,Amazon,1,4749,ST2-2603-4
VR882935,C108645,VA-SP-ORB,2026-04-11,vireo.in,1,5099,ORB-2602-3
VR883830,C107966,VA-EB-PL1,2026-04-11,Flipkart,1,2124,PL1-2601-4
VR884027,C101642,VA-EB-PL2,2026-04-11,Flipkart,2,5948,PL2-2603-1
VR884755,C108916,VA-EB-AIR,2026-04-11,vireo.in,1,1529,AIR-2602-2
VR884844,C101781,VA-EB-PL2,2026-04-11,vireo.in,1,3499,PL2-2602-2
VR889476,C107167,VA-AC-CASE,2026-04-11,Amazon,1,1299,CASE-2602-3
VR890113,C107635,VA-EB-PL2,2026-04-11,Flipkart,2,6998,PL2-2603-2
VR890935,C109198,VA-SP-ORB,2026-04-11,Amazon,1,5999,ORB-2601-2
VR891577,C108758,VA-EB-PL2,2026-04-11,Amazon,1,3499,PL2-2602-3
VR891932,C102116,VA-EB-PL2,2026-04-11,Amazon,1,2799,PL2-2603-1
VR892121,C103398,VA-SW-NX2,2026-04-11,Flipkart,1,5199,NX2-2602-2
VR892210,C103145,VA-SW-NX2,2026-04-11,Amazon,1,6499,NX2-2601-4
VR894395,C106875,VA-EB-PL2,2026-04-11,vireo.in,1,2799,PL2-2602-4
VR894900,C102647,VA-EB-PL2,2026-04-11,vireo.in,1,3499,PL2-2601-4
VR895367,C103237,VA-SP-ORB,2026-04-11,vireo.in,1,5399,ORB-2601-3
VR895428,C105751,VA-EB-PL2,2026-04-11,vireo.in,1,3499,PL2-2601-2
VR897671,C103665,VA-SW-NX1,2026-04-11,vireo.in,1,4999,NX1-2602-4
VR898938,C100158,VA-SW-NX2,2026-04-11,vireo.in,1,6174,NX2-2602-3
VR904159,C106798,VA-EB-PL2,2026-04-11,vireo.in,1,3499,PL2-2602-3
VR904625,C103649,VA-EB-PL2,2026-04-11,vireo.in,1,2974,PL2-2512-1
VR906332,C103877,VA-EB-PL2,2026-04-11,Amazon,1,3324,PL2-2603-3
VR907199,C108053,VA-SW-NX2,2026-04-11,vireo.in,1,6174,NX2-2601-2
VR907482,C101963,VA-EB-PL2,2026-04-11,Flipkart,1,3499,PL2-2602-1
VR909831,C103740,VA-EB-PL2,2026-04-11,vireo.in,1,3499,PL2-2601-1
VR881047,C105274,VA-EB-PL2,2026-04-12,Amazon,1,3324,PL2-2601-1
VR882340,C103952,VA-SW-NX2,2026-04-12,Amazon,1,5849,NX2-2602-3
VR882592,C103655,VA-SW-FIT,2026-04-12,vireo.in,1,1799,FIT-2601-1
VR886231,C108230,VA-EB-AIR,2026-04-12,Amazon,1,1799,AIR-2603-3
VR886568,C103287,VA-NB-ARC,2026-04-12,vireo.in,1,1169,ARC-2603-3
VR888559,C104558,VA-AC-CASE,2026-04-12,vireo.in,1,1169,CASE-2603-4
VR889079,C104980,VA-SW-FIT,2026-04-12,vireo.in,2,3998,FIT-2601-1
VR890742,C105163,VA-EB-PL2,2026-04-12,Amazon,1,3499,PL2-2603-3
VR891569,C108709,VA-EB-PL2,2026-04-12,Amazon,1,3149,PL2-2602-4
VR896869,C100487,VA-SP-MINI,2026-04-12,vireo.in,1,2124,MINI-2602-3
VR896937,C101853,VA-EB-PL2,2026-04-12,vireo.in,1,3149,PL2-2601-2
VR897214,C109067,VA-SP-MINI,2026-04-12,Flipkart,1,2249,MINI-2603-3
VR898547,C102583,VA-EB-AIR,2026-04-12,Amazon,1,1709,AIR-2602-1
VR898828,C107871,VA-SP-MINI,2026-04-12,Amazon,1,2499,MINI-2601-1
VR899211,C101692,VA-SW-NX2,2026-04-12,vireo.in,1,5849,NX2-2603-4
VR899407,C109040,VA-HP-ST2,2026-04-12,Amazon,1,3999,ST2-2512-2
VR899596,C105612,VA-NB-ARC,2026-04-12,vireo.in,1,1039,ARC-2512-1
VR899764,C104395,VA-SW-FIT,2026-04-12,Amazon,1,1899,FIT-2601-1
VR901433,C106468,VA-SW-NX2,2026-04-12,Amazon,1,6174,NX2-2603-4
VR901651,C101496,VA-AC-CH65,2026-04-12,Flipkart,1,1199,CH65-2603-2
VR901870,C104377,VA-SW-NX1,2026-04-12,vireo.in,1,4749,NX1-2601-3
VR902404,C106678,VA-SW-NX2,2026-04-12,Flipkart,1,6174,NX2-2603-4
VR903332,C103015,VA-HP-ST3,2026-04-12,vireo.in,1,6999,ST3-2602-3
VR903484,C104852,VA-SW-NX2,2026-04-12,vireo.in,1,6174,NX2-2602-2
VR903648,C107587,VA-EB-PL2,2026-04-12,Flipkart,1,3149,PL2-2602-3
VR905803,C100272,VA-AC-CASE,2026-04-12,vireo.in,1,1039,CASE-2602-4
VR906458,C102063,VA-HP-ST3,2026-04-12,vireo.in,1,6649,ST3-2601-2
VR907459,C100030,VA-EB-PL2,2026-04-12,vireo.in,1,3499,PL2-2603-3
VR908453,C100327,VA-EB-AIR,2026-04-12,Amazon,2,3418,AIR-2601-2
VR908866,C106232,VA-EB-PL2,2026-04-12,vireo.in,1,2974,PL2-2512-2
VR909036,C103608,VA-HP-ST3,2026-04-12,Amazon,1,6999,ST3-2512-4
VR881353,C101550,VA-SW-NX2,2026-04-13,vireo.in,1,6499,NX2-2603-3
VR883079,C106608,VA-SP-ORB,2026-04-13,Amazon,1,4799,ORB-2601-2
VR884371,C101639,VA-NB-ARC,2026-04-13,vireo.in,1,1039,ARC-2601-1
VR885954,C100185,VA-EB-PL2,2026-04-13,vireo.in,2,6998,PL2-2603-3
VR888755,C109345,VA-EB-PL2,2026-04-13,Amazon,1,3499,PL2-2602-1
VR889953,C101518,VA-HP-ST3,2026-04-13,Amazon,1,6999,ST3-2603-1
VR890439,C102561,VA-EB-PL1,2026-04-13,vireo.in,1,2499,PL1-2602-1
VR892217,C105933,VA-EB-PL1,2026-04-13,vireo.in,1,2124,PL1-2602-2
VR893554,C101686,VA-EB-PL2,2026-04-13,Amazon,1,3499,PL2-2603-1
VR896933,C108852,VA-EB-PL2,2026-04-13,vireo.in,1,3499,PL2-2601-1
VR898077,C104997,VA-HP-ST3,2026-04-13,Flipkart,1,6999,ST3-2512-3
VR902659,C109496,VA-EB-PL2,2026-04-13,Flipkart,1,3499,PL2-2602-2
VR902670,C103267,VA-EB-PL2,2026-04-13,Amazon,1,2799,PL2-2602-1
VR903608,C104276,VA-SW-NX2,2026-04-13,Amazon,1,6499,NX2-2512-4
VR903923,C105623,VA-EB-PL2,2026-04-13,vireo.in,1,2799,PL2-2601-4
VR906899,C106939,VA-HP-ST3,2026-04-13,vireo.in,1,5949,ST3-2512-1
VR907908,C107106,VA-EB-PL2,2026-04-13,vireo.in,2,5598,PL2-2601-1
VR908810,C102249,VA-HP-ST3,2026-04-13,Amazon,2,13998,ST3-2512-3
VR909629,C102997,VA-SP-MINI,2026-04-13,vireo.in,1,2124,MINI-2601-3
VR881077,C100110,VA-AC-CASE,2026-04-14,vireo.in,1,1039,CASE-2601-4
VR882171,C100526,VA-EB-PL1,2026-04-14,vireo.in,1,2374,PL1-2601-4
VR886234,C101756,VA-EB-PL2,2026-04-14,vireo.in,1,3149,PL2-2601-4
VR886541,C104372,VA-SP-MINI,2026-04-14,vireo.in,1,2499,MINI-2602-3
VR886618,C103887,VA-EB-PL1,2026-04-14,Flipkart,1,2499,PL1-2601-2
VR886903,C100932,VA-EB-PL2,2026-04-14,vireo.in,1,2799,PL2-2601-2
VR887550,C103297,VA-EB-PL2,2026-04-14,vireo.in,1,3499,PL2-2602-3
VR891579,C100916,VA-EB-PL1,2026-04-14,vireo.in,1,1999,PL1-2601-3
VR892715,C107813,VA-EB-PL2,2026-04-14,vireo.in,1,3499,PL2-2602-2
VR894173,C105824,VA-EB-PL1,2026-04-14,Amazon,1,2499,PL1-2602-3
VR894518,C104706,VA-AC-CASE,2026-04-14,Amazon,1,1299,CASE-2602-2
VR895256,C103034,VA-EB-PL2,2026-04-14,vireo.in,1,3149,PL2-2603-4
VR896030,C101945,VA-EB-PL1,2026-04-14,vireo.in,1,2374,PL1-2603-2
VR896398,C103965,VA-EB-PL1,2026-04-14,Amazon,1,2499,PL1-2603-2
VR897975,C101364,VA-EB-PL2,2026-04-14,Amazon,1,3324,PL2-2603-4
VR898023,C106778,VA-EB-PL2,2026-04-14,vireo.in,1,3324,PL2-2602-4
VR900114,C105345,VA-EB-PL2,2026-04-14,Amazon,1,3499,PL2-2601-3
VR900617,C101654,VA-EB-PL2,2026-04-14,vireo.in,1,3149,PL2-2603-2
VR900695,C106317,VA-EB-PL2,2026-04-14,vireo.in,1,3499,PL2-2602-4
VR901666,C103763,VA-EB-PL2,2026-04-14,Flipkart,1,3499,PL2-2601-1
VR903232,C106114,VA-EB-PL2,2026-04-14,vireo.in,1,3324,PL2-2601-1
VR904861,C101450,VA-EB-PL1,2026-04-14,Amazon,1,2499,PL1-2603-1
VR907347,C102640,VA-AC-CH65,2026-04-14,vireo.in,1,1499,CH65-2601-4
VR908596,C103353,VA-EB-PL2,2026-04-14,Amazon,1,2974,PL2-2602-1
VR909846,C109490,VA-SW-NX2,2026-04-14,Amazon,1,6499,NX2-2601-3
VR880906,C106365,VA-EB-PL2,2026-04-15,Amazon,1,2799,PL2-2603-3
VR881659,C108962,VA-SW-FIT,2026-04-15,vireo.in,1,1799,FIT-2601-2
VR885110,C100283,VA-SP-ORB,2026-04-15,Flipkart,1,5699,ORB-2603-3
VR886436,C101652,VA-SP-ORB,2026-04-15,vireo.in,1,5099,ORB-2602-4
VR886966,C102560,VA-EB-AIR,2026-04-15,Amazon,1,1799,AIR-2601-1
VR887262,C100397,VA-EB-PL2,2026-04-15,vireo.in,1,3499,PL2-2601-4
VR887906,C104313,VA-SW-FIT,2026-04-15,vireo.in,1,1999,FIT-2603-3
VR890688,C101783,VA-EB-AIR,2026-04-15,vireo.in,1,1799,AIR-2602-1
VR890728,C108911,VA-EB-PL2,2026-04-15,Flipkart,1,3149,PL2-2602-3
VR890801,C107345,VA-SP-MINI,2026-04-15,vireo.in,1,2499,MINI-2601-2
VR893405,C100925,VA-SW-NX2,2026-04-15,vireo.in,1,6499,NX2-2603-1
VR894932,C105236,VA-EB-PL2,2026-04-15,vireo.in,1,3324,PL2-2603-2
VR894995,C105625,VA-EB-PL2,2026-04-15,Amazon,1,3149,PL2-2602-1
VR896452,C104905,VA-SW-FIT,2026-04-15,vireo.in,1,1999,FIT-2603-3
VR897467,C107093,VA-SW-NX2,2026-04-15,vireo.in,1,5849,NX2-2601-2
VR900558,C108777,VA-EB-PL2,2026-04-15,Flipkart,1,3499,PL2-2601-1
VR901179,C101858,VA-EB-AIR,2026-04-15,Flipkart,2,3058,AIR-2512-4
VR902133,C106838,VA-EB-PL2,2026-04-15,Amazon,1,3499,PL2-2602-3
VR902511,C105269,VA-HP-ST3,2026-04-15,vireo.in,1,6999,ST3-2601-2
VR904356,C100868,VA-HP-ST3,2026-04-15,Flipkart,1,6999,ST3-2603-3
VR904485,C105551,VA-EB-PL2,2026-04-15,Amazon,1,3324,PL2-2602-2
VR909289,C106714,VA-EB-PL2,2026-04-15,vireo.in,1,3149,PL2-2603-4
VR909883,C108443,VA-SP-MINI,2026-04-15,Flipkart,1,2499,MINI-2603-3
VR880576,C108155,VA-AC-CASE,2026-04-16,Amazon,1,1234,CASE-2602-3
VR880825,C107894,VA-EB-PL2,2026-04-16,vireo.in,1,3499,PL2-2601-2
VR881017,C100714,VA-EB-PL2,2026-04-16,Flipkart,2,5598,PL2-2602-1
VR881681,C106900,VA-EB-PL2,2026-04-16,Amazon,1,2974,PL2-2601-3
VR885731,C101396,VA-HP-ST3,2026-04-16,Flipkart,1,6999,ST3-2603-1
VR885969,C102229,VA-SP-ORB,2026-04-16,vireo.in,1,5999,ORB-2602-3
VR890178,C100324,VA-EB-PL2,2026-04-16,vireo.in,1,3324,PL2-2601-3
VR891355,C101098,VA-EB-PL2,2026-04-16,vireo.in,1,2974,PL2-2603-1
VR892135,C104741,VA-HP-ST2,2026-04-16,vireo.in,1,4249,ST2-2603-2
VR895719,C108368,VA-EB-PL2,2026-04-16,Amazon,1,3499,PL2-2601-2
VR895986,C102700,VA-SP-ORB,2026-04-16,Amazon,1,5999,ORB-2603-4
VR897424,C101568,VA-EB-PL2,2026-04-16,vireo.in,1,3499,PL2-2601-2
VR898915,C104622,VA-SW-FIT,2026-04-16,vireo.in,1,1799,FIT-2601-1
VR900847,C106961,VA-EB-PL2,2026-04-16,vireo.in,1,2974,PL2-2601-1
VR900939,C105845,VA-EB-PL1,2026-04-16,vireo.in,1,2124,PL1-2602-2
VR901792,C108146,VA-EB-PL2,2026-04-16,Amazon,1,2974,PL2-2603-1
VR903843,C100216,VA-SW-FIT,2026-04-16,Flipkart,1,1999,FIT-2601-2
VR903867,C109039,VA-EB-PL1,2026-04-16,Flipkart,1,2249,PL1-2603-3
VR904377,C108092,VA-SW-NX2,2026-04-16,Amazon,1,5524,NX2-2601-4
VR906741,C105553,VA-EB-PL2,2026-04-16,Amazon,1,3499,PL2-2601-3
VR907109,C101957,VA-EB-PL2,2026-04-16,vireo.in,1,3499,PL2-2601-3
VR908207,C108143,VA-SW-FIT,2026-04-16,Amazon,2,3398,FIT-2601-3
VR908228,C106421,VA-HP-ST3,2026-04-16,vireo.in,1,5599,ST3-2601-2
VR909525,C105059,VA-SW-FIT,2026-04-16,vireo.in,1,1999,FIT-2601-4
VR909557,C107275,VA-SW-FIT,2026-04-16,Amazon,1,1799,FIT-2601-2
VR910038,C109041,VA-EB-PL2,2026-04-16,Amazon,1,3324,PL2-2602-3
VR881061,C101445,VA-SW-NX2,2026-04-17,Amazon,1,5524,NX2-2603-3
VR881806,C104078,VA-HP-ST3,2026-04-17,vireo.in,1,6299,ST3-2602-2
VR882514,C107072,VA-EB-PL2,2026-04-17,Amazon,2,5948,PL2-2603-4
VR883069,C106201,VA-EB-PL2,2026-04-17,vireo.in,1,3149,PL2-2602-4
VR884634,C108479,VA-EB-AIR,2026-04-17,vireo.in,2,3058,AIR-2512-2
VR886213,C100865,VA-SP-MINI,2026-04-17,Amazon,1,2374,MINI-2603-4
VR887947,C104661,VA-SP-ORB,2026-04-17,vireo.in,1,5999,ORB-2601-1
VR889625,C105224,VA-SW-NX2,2026-04-17,vireo.in,1,5524,NX2-2601-1
VR890018,C101122,VA-EB-PL2,2026-04-17,vireo.in,1,3499,PL2-2603-2
VR891428,C105283,VA-EB-PL2,2026-04-17,vireo.in,1,3149,PL2-2603-3
VR893831,C108863,VA-EB-PL2,2026-04-17,Amazon,1,3499,PL2-2603-4
VR895707,C104232,VA-EB-PL2,2026-04-17,Amazon,1,3499,PL2-2601-3
VR897234,C103189,VA-EB-PL1,2026-04-17,vireo.in,1,2499,PL1-2601-3
VR900779,C102275,VA-EB-AIR,2026-04-17,vireo.in,1,1529,AIR-2601-2
VR901377,C104485,VA-EB-PL2,2026-04-17,Amazon,1,3499,PL2-2601-2
VR903336,C104033,VA-SW-FIT,2026-04-17,vireo.in,1,1999,FIT-2603-2
VR903354,C108370,VA-EB-PL1,2026-04-17,Amazon,1,2499,PL1-2601-3
VR904526,C100246,VA-AC-CH65,2026-04-17,Flipkart,1,1349,CH65-2601-4
VR905544,C105377,VA-EB-PL1,2026-04-17,Amazon,1,2249,PL1-2601-1
VR905668,C101408,VA-EB-PL2,2026-04-17,vireo.in,1,3499,PL2-2601-2
VR906219,C106897,VA-EB-PL2,2026-04-17,Amazon,1,3324,PL2-2601-1
VR907421,C100691,VA-EB-PL2,2026-04-17,Amazon,1,3499,PL2-2602-2
VR907772,C101608,VA-EB-PL2,2026-04-17,Amazon,1,3499,PL2-2602-4
VR909447,C103043,VA-SW-NX2,2026-04-17,Amazon,1,6174,NX2-2603-2
VR880449,C105117,VA-SP-ORB,2026-04-18,Amazon,1,5399,ORB-2603-1
VR881011,C101236,VA-EB-PL1,2026-04-18,vireo.in,1,2499,PL1-2601-3
VR883530,C102977,VA-SW-NX2,2026-04-18,vireo.in,1,5199,NX2-2603-4
VR883878,C101585,VA-EB-AIR,2026-04-18,vireo.in,1,1619,AIR-2603-2
VR884009,C101116,VA-EB-PL2,2026-04-18,Amazon,2,5598,PL2-2603-1
VR886063,C107348,VA-SW-NX1,2026-04-18,vireo.in,1,3999,NX1-2602-1
VR892443,C104460,VA-AC-CASE,2026-04-18,Amazon,1,1299,CASE-2602-1
VR892515,C109225,VA-EB-PL2,2026-04-18,vireo.in,1,3149,PL2-2601-2
VR893586,C101521,VA-EB-PL2,2026-04-18,vireo.in,1,3149,PL2-2603-3
VR893785,C103699,VA-EB-PL2,2026-04-18,Amazon,1,3324,PL2-2601-3
VR895070,C100357,VA-EB-PL1,2026-04-18,vireo.in,1,2374,PL1-2603-3
VR895075,C103760,VA-SW-NX2,2026-04-18,vireo.in,1,5524,NX2-2602-4
VR895936,C107718,VA-AC-CASE,2026-04-18,Amazon,1,1039,CASE-2601-2
VR896370,C100486,VA-EB-AIR,2026-04-18,Amazon,1,1619,AIR-2601-2
VR896466,C102147,VA-HP-ST2,2026-04-18,Flipkart,1,4249,ST2-2603-4
VR896475,C105267,VA-SP-MINI,2026-04-18,vireo.in,1,2499,MINI-2602-3
VR897113,C108809,VA-EB-AIR,2026-04-18,vireo.in,1,1799,AIR-2603-1
VR898763,C107823,VA-EB-AIR,2026-04-18,vireo.in,1,1799,AIR-2603-1
VR899215,C104179,VA-EB-PL2,2026-04-18,vireo.in,2,6998,PL2-2601-2
VR900588,C101043,VA-EB-PL2,2026-04-18,vireo.in,1,2974,PL2-2601-2
VR901707,C107218,VA-SW-NX2,2026-04-18,Flipkart,1,5199,NX2-2601-3
VR903147,C103019,VA-AC-CASE,2026-04-18,Amazon,1,1234,CASE-2601-4
VR904929,C105240,VA-EB-PL2,2026-04-18,vireo.in,1,3499,PL2-2603-4
VR905945,C101894,VA-EB-AIR,2026-04-18,Amazon,1,1799,AIR-2601-1
VR906201,C105063,VA-SW-NX2,2026-04-18,Amazon,1,6499,NX2-2602-4
VR906500,C106673,VA-EB-PL1,2026-04-18,vireo.in,1,2499,PL1-2601-3
VR907431,C100660,VA-EB-PL1,2026-04-18,vireo.in,1,2499,PL1-2602-3
VR909592,C100595,VA-EB-PL2,2026-04-18,vireo.in,1,3149,PL2-2603-3
VR880638,C105417,VA-HP-ST3,2026-04-19,vireo.in,1,6299,ST3-2602-2
VR881400,C109395,VA-EB-PL1,2026-04-19,vireo.in,1,2249,PL1-2603-3
VR884453,C104493,VA-EB-PL1,2026-04-19,vireo.in,1,2374,PL1-2602-4
VR886648,C102716,VA-SW-FIT,2026-04-19,Amazon,1,1999,FIT-2603-2
VR888160,C106450,VA-SW-NX2,2026-04-19,vireo.in,1,5524,NX2-2601-2
VR888405,C108530,VA-EB-PL2,2026-04-19,vireo.in,1,2974,PL2-2601-4
VR890193,C106867,VA-SW-NX1,2026-04-19,Amazon,1,3999,NX1-2601-1
VR893704,C100689,VA-SW-NX2,2026-04-19,vireo.in,1,6499,NX2-2602-4
VR894939,C106113,VA-EB-PL2,2026-04-19,vireo.in,1,3324,PL2-2603-4
VR895526,C106701,VA-SW-FIT,2026-04-19,vireo.in,2,3598,FIT-2603-2
VR895953,C105169,VA-SP-MINI,2026-04-19,vireo.in,1,1999,MINI-2601-1
VR895965,C108135,VA-EB-PL2,2026-04-19,vireo.in,1,2974,PL2-2602-3
VR899872,C103355,VA-EB-PL2,2026-04-19,vireo.in,1,3149,PL2-2601-1
VR901201,C107524,VA-EB-PL2,2026-04-19,Amazon,1,3499,PL2-2602-2
VR901320,C108507,VA-EB-PL2,2026-04-19,vireo.in,1,3499,PL2-2603-1
VR903174,C107094,VA-EB-PL1,2026-04-19,Amazon,1,2499,PL1-2602-3
VR903186,C108671,VA-EB-PL2,2026-04-19,vireo.in,1,3499,PL2-2603-3
VR906124,C106580,VA-EB-PL2,2026-04-19,vireo.in,1,3499,PL2-2602-2
VR906652,C109155,VA-EB-PL2,2026-04-19,vireo.in,1,3149,PL2-2602-2
VR906684,C109430,VA-SW-NX2,2026-04-19,Amazon,1,5524,NX2-2603-2
VR908146,C108114,VA-EB-PL2,2026-04-19,Flipkart,1,2799,PL2-2603-2
VR908210,C108863,VA-EB-PL1,2026-04-19,vireo.in,1,2124,PL1-2603-4
VR880696,C102279,VA-EB-PL2,2026-04-20,vireo.in,1,3499,PL2-2602-3
VR882428,C107265,VA-EB-PL1,2026-04-20,vireo.in,2,3998,PL1-2601-2
VR884342,C105953,VA-EB-PL2,2026-04-20,vireo.in,1,2974,PL2-2601-1
VR885382,C109375,VA-SP-ORB,2026-04-20,Amazon,1,4799,ORB-2603-2
VR887687,C108404,VA-EB-AIR,2026-04-20,vireo.in,1,1799,AIR-2602-3
VR889309,C108058,VA-EB-PL2,2026-04-20,vireo.in,1,2974,PL2-2603-1
VR890950,C105064,VA-SP-MINI,2026-04-20,vireo.in,2,4998,MINI-2603-3
VR893333,C103698,VA-SW-FIT,2026-04-20,Amazon,1,1999,FIT-2601-3
VR893617,C101255,VA-EB-PL2,2026-04-20,Amazon,1,3324,PL2-2601-1
VR895214,C105965,VA-EB-PL2,2026-04-20,vireo.in,2,6648,PL2-2603-1
VR895869,C101728,VA-SW-NX2,2026-04-20,vireo.in,2,10398,NX2-2603-3
VR896033,C105724,VA-EB-PL2,2026-04-20,Amazon,2,6998,PL2-2601-4
VR896327,C105128,VA-EB-PL2,2026-04-20,Amazon,1,3324,PL2-2601-4
VR896802,C100798,VA-SW-NX2,2026-04-20,Amazon,1,6499,NX2-2602-4
VR899038,C107320,VA-EB-PL2,2026-04-20,vireo.in,1,3499,PL2-2601-2
VR900297,C104399,VA-SW-FIT,2026-04-20,vireo.in,1,1999,FIT-2602-3
VR900618,C107650,VA-SP-MINI,2026-04-20,vireo.in,1,2499,MINI-2603-1
VR900642,C104653,VA-EB-PL2,2026-04-20,vireo.in,1,3149,PL2-2601-2
VR902032,C103170,VA-EB-PL1,2026-04-20,vireo.in,1,1999,PL1-2603-2
VR902483,C106587,VA-EB-PL2,2026-04-20,Flipkart,1,3499,PL2-2603-4
VR903011,C105650,VA-HP-ST2,2026-04-20,vireo.in,1,4499,ST2-2603-2
VR903686,C109412,VA-EB-AIR,2026-04-20,Amazon,1,1529,AIR-2601-4
VR904367,C106739,VA-EB-PL2,2026-04-20,vireo.in,1,3324,PL2-2603-3
VR905397,C106925,VA-EB-PL2,2026-04-20,vireo.in,1,3149,PL2-2603-1
VR907658,C101573,VA-EB-PL1,2026-04-20,Flipkart,1,2499,PL1-2602-1
VR908827,C105286,VA-SW-NX2,2026-04-20,Amazon,1,5849,NX2-2602-4
VR909033,C102338,VA-EB-PL2,2026-04-20,vireo.in,1,3149,PL2-2602-3
VR882178,C108906,VA-EB-PL2,2026-04-21,Amazon,1,3149,PL2-2603-1
VR882401,C101878,VA-AC-CH65,2026-04-21,vireo.in,1,1424,CH65-2603-2
VR882724,C108243,VA-SW-NX2,2026-04-21,Amazon,1,5849,NX2-2601-2
VR883489,C104354,VA-EB-PL1,2026-04-21,Amazon,1,2499,PL1-2602-4
VR886337,C105641,VA-SP-MINI,2026-04-21,Amazon,1,2499,MINI-2603-1
VR888162,C107602,VA-EB-AIR,2026-04-21,Amazon,1,1799,AIR-2603-4
VR889462,C101793,VA-SP-ORB,2026-04-21,vireo.in,1,5999,ORB-2601-1
VR890253,C100788,VA-EB-AIR,2026-04-21,vireo.in,1,1799,AIR-2602-3
VR892664,C107844,VA-EB-PL2,2026-04-21,vireo.in,1,3324,PL2-2601-1
VR893312,C102965,VA-EB-PL2,2026-04-21,vireo.in,1,3324,PL2-2602-3
VR894583,C102194,VA-EB-PL2,2026-04-21,Amazon,1,3149,PL2-2603-2
VR894779,C102473,VA-EB-AIR,2026-04-21,vireo.in,2,3058,AIR-2602-1
VR895874,C104308,VA-HP-ST3,2026-04-21,Amazon,1,6999,ST3-2601-1
VR896598,C103064,VA-EB-PL2,2026-04-21,Amazon,1,3499,PL2-2603-4
VR896762,C106401,VA-EB-PL2,2026-04-21,vireo.in,1,3324,PL2-2603-3
VR897707,C108961,VA-HP-ST3,2026-04-21,vireo.in,1,6299,ST3-2601-3
VR897892,C104440,VA-NB-ARC,2026-04-21,Flipkart,1,1039,ARC-2603-2
VR899328,C101953,VA-EB-PL1,2026-04-21,Amazon,1,2124,PL1-2602-1
VR900708,C105570,VA-NB-ARC,2026-04-21,Amazon,1,1104,ARC-2601-4
VR901353,C108104,VA-AC-CASE,2026-04-21,vireo.in,1,1299,CASE-2603-2
VR903308,C106756,VA-AC-CASE,2026-04-21,vireo.in,1,1299,CASE-2602-4
VR903345,C106095,VA-EB-PL2,2026-04-21,Amazon,1,3149,PL2-2601-1
VR905405,C106051,VA-EB-PL2,2026-04-21,vireo.in,1,3499,PL2-2601-2
VR905478,C102819,VA-EB-PL2,2026-04-21,vireo.in,1,3499,PL2-2602-4
VR908398,C107861,VA-EB-PL1,2026-04-21,Flipkart,1,2124,PL1-2603-4
VR908400,C107039,VA-AC-CH65,2026-04-21,Flipkart,1,1499,CH65-2603-3
VR908939,C104236,VA-NB-ARC,2026-04-21,vireo.in,1,1299,ARC-2603-4
VR909980,C105626,VA-EB-PL2,2026-04-21,Flipkart,1,3499,PL2-2602-2
VR881616,C106786,VA-EB-PL2,2026-04-22,vireo.in,1,2974,PL2-2603-4
VR881630,C100753,VA-EB-PL2,2026-04-22,vireo.in,1,3324,PL2-2601-2
VR882285,C105071,VA-SW-NX1,2026-04-22,vireo.in,1,4999,NX1-2602-2
VR882562,C108894,VA-HP-ST3,2026-04-22,vireo.in,1,5949,ST3-2601-2
VR883362,C106968,VA-HP-ST3,2026-04-22,Flipkart,1,6999,ST3-2601-2
VR884227,C102578,VA-SW-NX2,2026-04-22,Amazon,1,6499,NX2-2601-3
VR884667,C106196,VA-EB-PL2,2026-04-22,vireo.in,1,3499,PL2-2602-1
VR886475,C109030,VA-EB-PL2,2026-04-22,Amazon,1,3149,PL2-2602-4
VR886713,C108299,VA-EB-PL2,2026-04-22,vireo.in,1,3499,PL2-2602-4
VR887221,C106512,VA-EB-PL2,2026-04-22,vireo.in,1,3499,PL2-2602-4
VR888233,C102339,VA-EB-AIR,2026-04-22,vireo.in,1,1619,AIR-2603-2
VR888611,C107210,VA-EB-PL1,2026-04-22,vireo.in,1,2499,PL1-2601-4
VR889400,C106472,VA-EB-AIR,2026-04-22,vireo.in,1,1799,AIR-2601-1
VR891101,C106323,VA-SP-ORB,2026-04-22,vireo.in,1,5999,ORB-2602-3
VR893439,C109257,VA-EB-PL2,2026-04-22,Flipkart,1,3499,PL2-2603-4
VR893770,C108900,VA-EB-AIR,2026-04-22,vireo.in,1,1619,AIR-2601-2
VR894057,C102565,VA-HP-ST3,2026-04-22,Flipkart,1,6299,ST3-2601-2
VR899260,C104335,VA-EB-PL2,2026-04-22,vireo.in,1,2974,PL2-2603-3
VR899854,C105871,VA-EB-PL2,2026-04-22,vireo.in,1,3499,PL2-2603-2
VR899924,C100089,VA-SW-NX2,2026-04-22,vireo.in,1,6174,NX2-2602-1
VR900260,C100011,VA-EB-PL2,2026-04-22,vireo.in,1,3324,PL2-2602-2
VR900396,C101838,VA-SP-MINI,2026-04-22,vireo.in,1,1999,MINI-2603-4
VR900607,C107198,VA-EB-PL2,2026-04-22,Amazon,1,3499,PL2-2601-4
VR901041,C106843,VA-SW-NX1,2026-04-22,vireo.in,1,3999,NX1-2603-4
VR902196,C107434,VA-SW-NX2,2026-04-22,Flipkart,1,6499,NX2-2603-2
VR903759,C104242,VA-AC-CASE,2026-04-22,vireo.in,1,1299,CASE-2602-3
VR903881,C100687,VA-EB-AIR,2026-04-22,vireo.in,1,1709,AIR-2604-4
VR904025,C104513,VA-HP-ST3,2026-04-22,Amazon,1,6999,ST3-2601-1
VR908387,C100611,VA-EB-PL1,2026-04-22,Flipkart,1,2124,PL1-2603-4
VR908735,C102038,VA-EB-PL2,2026-04-22,Flipkart,1,2799,PL2-2601-3
VR909140,C102337,VA-EB-PL2,2026-04-22,Amazon,1,2974,PL2-2602-3
VR881922,C109102,VA-EB-PL2,2026-04-23,vireo.in,1,3499,PL2-2602-2
VR881986,C103796,VA-EB-AIR,2026-04-23,vireo.in,1,1799,AIR-2603-2
VR883559,C100065,VA-EB-PL2,2026-04-23,vireo.in,1,3324,PL2-2602-4
VR883779,C108179,VA-EB-PL1,2026-04-23,Flipkart,1,2499,PL1-2602-4
VR884199,C106466,VA-SP-MINI,2026-04-23,vireo.in,1,2124,MINI-2603-3
VR885994,C102517,VA-SW-NX2,2026-04-23,vireo.in,1,5849,NX2-2602-2
VR887693,C106506,VA-SP-MINI,2026-04-23,vireo.in,1,2499,MINI-2602-1
VR888025,C107791,VA-EB-PL2,2026-04-23,Amazon,1,3149,PL2-2601-3
VR888596,C104488,VA-NB-ARC,2026-04-23,Amazon,1,1039,ARC-2602-1
VR889207,C104189,VA-EB-PL2,2026-04-23,vireo.in,1,2974,PL2-2604-2
VR890221,C103931,VA-EB-PL2,2026-04-23,vireo.in,1,3499,PL2-2601-1
VR890824,C109032,VA-EB-AIR,2026-04-23,vireo.in,1,1709,AIR-2603-4
VR891213,C101904,VA-HP-ST2,2026-04-23,Amazon,1,4999,ST2-2603-4
VR892740,C101439,VA-EB-PL2,2026-04-23,vireo.in,1,3499,PL2-2601-3
VR894723,C106390,VA-EB-PL2,2026-04-23,vireo.in,1,2799,PL2-2604-1
VR895882,C105676,VA-EB-PL2,2026-04-23,vireo.in,1,3324,PL2-2602-1
VR896415,C103211,VA-EB-PL1,2026-04-23,vireo.in,1,2374,PL1-2602-2
VR898055,C105861,VA-EB-PL2,2026-04-23,vireo.in,1,2974,PL2-2602-4
VR899698,C106777,VA-SW-FIT,2026-04-23,vireo.in,1,1699,FIT-2603-2
VR900969,C105552,VA-EB-AIR,2026-04-23,vireo.in,1,1709,AIR-2601-1
VR905679,C100782,VA-SW-NX1,2026-04-23,vireo.in,2,9998,NX1-2602-4
VR906956,C105420,VA-EB-PL2,2026-04-23,vireo.in,1,3149,PL2-2602-1
VR907603,C109210,VA-HP-ST2,2026-04-23,vireo.in,1,4749,ST2-2601-3
VR908550,C106273,VA-EB-PL2,2026-04-23,vireo.in,1,3324,PL2-2601-4
VR909800,C106382,VA-EB-PL1,2026-04-23,Flipkart,1,1999,PL1-2601-1
VR910134,C100638,VA-EB-PL2,2026-04-23,vireo.in,1,2799,PL2-2601-4
VR881079,C100520,VA-EB-PL2,2026-04-24,Amazon,1,3149,PL2-2601-4
VR882707,C104098,VA-EB-PL2,2026-04-24,Flipkart,1,3499,PL2-2603-2
VR884588,C100910,VA-EB-PL2,2026-04-24,vireo.in,1,3499,PL2-2602-2
VR885231,C102330,VA-AC-CASE,2026-04-24,Flipkart,1,1234,CASE-2603-2
VR885298,C100339,VA-EB-PL2,2026-04-24,Amazon,1,3499,PL2-2603-4
VR885436,C102898,VA-SW-NX1,2026-04-24,Amazon,1,4499,NX1-2603-3
VR886160,C107540,VA-HP-ST3,2026-04-24,Amazon,1,6999,ST3-2601-2
VR889163,C103088,VA-EB-PL2,2026-04-24,Amazon,1,3499,PL2-2602-1
VR889928,C107258,VA-EB-PL2,2026-04-24,vireo.in,1,3499,PL2-2602-2
VR890114,C108576,VA-HP-ST3,2026-04-24,Amazon,1,6649,ST3-2601-2
VR892019,C107489,VA-EB-PL2,2026-04-24,Flipkart,1,3499,PL2-2601-1
VR892841,C102342,VA-SP-MINI,2026-04-24,vireo.in,2,3998,MINI-2601-3
VR893324,C105700,VA-AC-CASE,2026-04-24,vireo.in,1,1104,CASE-2604-4
VR894921,C106164,VA-SW-FIT,2026-04-24,Amazon,1,1899,FIT-2602-4
VR895552,C105194,VA-EB-PL1,2026-04-24,Amazon,1,1999,PL1-2602-3
VR896025,C102900,VA-SW-NX2,2026-04-24,Flipkart,1,5199,NX2-2602-4
VR898328,C102451,VA-SW-FIT,2026-04-24,vireo.in,1,1999,FIT-2604-1
VR898610,C106596,VA-EB-AIR,2026-04-24,vireo.in,1,1799,AIR-2603-1
VR899734,C108826,VA-SW-FIT,2026-04-24,vireo.in,2,3198,FIT-2602-1
VR901055,C108909,VA-EB-PL2,2026-04-24,Amazon,1,3499,PL2-2602-1
VR901172,C100775,VA-EB-PL2,2026-04-24,vireo.in,1,3324,PL2-2602-3
VR901785,C106795,VA-EB-PL2,2026-04-24,vireo.in,1,2974,PL2-2603-4
VR903501,C101798,VA-HP-ST3,2026-04-24,vireo.in,1,5599,ST3-2602-4
VR904215,C101860,VA-SP-MINI,2026-04-24,vireo.in,1,2124,MINI-2602-2
VR904235,C103950,VA-SP-MINI,2026-04-24,Flipkart,1,2499,MINI-2601-1
VR904320,C104281,VA-EB-PL2,2026-04-24,vireo.in,1,3499,PL2-2601-1
VR904591,C105695,VA-HP-ST3,2026-04-24,vireo.in,1,5599,ST3-2601-1
VR908888,C100083,VA-EB-PL2,2026-04-24,Amazon,1,3149,PL2-2602-2
VR909065,C101238,VA-HP-ST2,2026-04-24,Amazon,1,4999,ST2-2601-2
VR881178,C101159,VA-AC-CASE,2026-04-25,vireo.in,1,1169,CASE-2603-3
VR887346,C106138,VA-EB-PL2,2026-04-25,Flipkart,1,3324,PL2-2602-4
VR887458,C106638,VA-EB-PL1,2026-04-25,vireo.in,1,2499,PL1-2601-2
VR890505,C103894,VA-NB-ARC,2026-04-25,Amazon,1,1234,ARC-2603-4
VR891921,C106301,VA-EB-PL2,2026-04-25,Flipkart,1,3499,PL2-2601-1
VR893639,C100835,VA-SW-NX1,2026-04-25,Amazon,1,4999,NX1-2603-1
VR893716,C105237,VA-SW-FIT,2026-04-25,Flipkart,1,1899,FIT-2601-2
VR895493,C105362,VA-SW-NX2,2026-04-25,Flipkart,1,6499,NX2-2603-3
VR896494,C105320,VA-EB-PL2,2026-04-25,vireo.in,1,3499,PL2-2601-1
VR900287,C106121,VA-HP-ST3,2026-04-25,Flipkart,1,6999,ST3-2602-3
VR901159,C106583,VA-AC-CBL,2026-04-25,Amazon,1,359,CBL-2602-1
VR903851,C107921,VA-SW-NX2,2026-04-25,Flipkart,1,6174,NX2-2601-2
VR905660,C104342,VA-SW-FIT,2026-04-25,vireo.in,1,1799,FIT-2601-1
VR905794,C100132,VA-EB-PL2,2026-04-25,Amazon,1,3499,PL2-2603-2
VR906641,C101935,VA-NB-ARC,2026-04-25,Amazon,1,1039,ARC-2601-4
VR907164,C104712,VA-EB-PL1,2026-04-25,vireo.in,1,2249,PL1-2602-1
VR907373,C104043,VA-EB-PL1,2026-04-25,Amazon,1,2499,PL1-2603-2
VR909590,C103830,VA-EB-PL1,2026-04-25,vireo.in,1,2124,PL1-2601-1
VR909708,C108603,VA-EB-PL2,2026-04-25,vireo.in,1,3149,PL2-2603-4
VR909723,C102804,VA-EB-PL1,2026-04-25,Amazon,1,2499,PL1-2604-2
VR881769,C107492,VA-EB-PL2,2026-04-26,Amazon,1,3499,PL2-2603-1
VR883324,C107377,VA-SW-NX2,2026-04-26,Amazon,1,5199,NX2-2602-1
VR883734,C102558,VA-EB-PL2,2026-04-26,vireo.in,1,2799,PL2-2601-2
VR885158,C107601,VA-EB-PL2,2026-04-26,Amazon,1,3324,PL2-2602-2
VR886002,C101714,VA-EB-PL2,2026-04-26,vireo.in,1,3324,PL2-2603-1
VR887069,C109162,VA-SP-MINI,2026-04-26,vireo.in,1,2124,MINI-2601-3
VR887164,C100927,VA-EB-AIR,2026-04-26,vireo.in,1,1619,AIR-2602-4
VR887588,C102978,VA-EB-PL2,2026-04-26,vireo.in,1,2799,PL2-2604-3
VR888606,C103274,VA-SW-NX2,2026-04-26,vireo.in,2,11048,NX2-2603-3
VR889358,C105576,VA-EB-PL1,2026-04-26,Flipkart,1,2249,PL1-2603-4
VR889847,C107241,VA-EB-PL2,2026-04-26,Flipkart,1,3149,PL2-2604-4
VR890106,C100300,VA-EB-PL2,2026-04-26,Amazon,1,2974,PL2-2603-4
VR890138,C108438,VA-SP-ORB,2026-04-26,vireo.in,1,4799,ORB-2602-3
VR890926,C104332,VA-EB-PL2,2026-04-26,Amazon,1,3499,PL2-2602-3
VR891281,C100947,VA-SW-NX2,2026-04-26,vireo.in,1,5199,NX2-2601-4
VR891416,C103323,VA-EB-PL2,2026-04-26,vireo.in,1,3499,PL2-2601-3
VR891893,C101405,VA-EB-AIR,2026-04-26,Amazon,1,1709,AIR-2602-2
VR892144,C103076,VA-EB-PL2,2026-04-26,Flipkart,1,3499,PL2-2601-4
VR892174,C105972,VA-SW-NX2,2026-04-26,vireo.in,1,5199,NX2-2601-3
VR892796,C105936,VA-EB-PL2,2026-04-26,vireo.in,1,3324,PL2-2601-3
VR893631,C105028,VA-EB-PL2,2026-04-26,Amazon,1,3499,PL2-2602-2
VR895309,C100644,VA-SW-FIT,2026-04-26,vireo.in,2,3598,FIT-2601-2
VR895557,C109126,VA-AC-CASE,2026-04-26,vireo.in,1,1299,CASE-2603-3
VR900231,C108485,VA-SW-FIT,2026-04-26,vireo.in,1,1799,FIT-2602-4
VR903406,C103626,VA-HP-ST3,2026-04-26,Flipkart,1,6999,ST3-2602-2
VR903425,C104384,VA-EB-PL2,2026-04-26,vireo.in,1,3499,PL2-2603-4
VR904588,C109105,VA-EB-PL2,2026-04-26,Amazon,1,3499,PL2-2603-4
VR905821,C108160,VA-EB-PL1,2026-04-26,Flipkart,1,2499,PL1-2602-2
VR905898,C100439,VA-AC-CH65,2026-04-26,vireo.in,1,1424,CH65-2603-3
VR906284,C108390,VA-EB-PL2,2026-04-26,vireo.in,1,3499,PL2-2603-1
VR907378,C104036,VA-SP-ORB,2026-04-26,Amazon,1,5999,ORB-2601-2
VR880607,C107877,VA-EB-PL2,2026-04-27,vireo.in,1,3149,PL2-2602-3
VR880633,C106443,VA-SW-FIT,2026-04-27,Flipkart,1,1699,FIT-2603-4
VR880697,C101748,VA-SP-MINI,2026-04-27,Amazon,1,2499,MINI-2602-1
VR881516,C100262,VA-SP-MINI,2026-04-27,Amazon,1,2124,MINI-2603-3
VR884131,C103338,VA-EB-AIR,2026-04-27,vireo.in,1,1439,AIR-2601-3
VR884701,C102449,VA-SW-NX2,2026-04-27,vireo.in,1,6499,NX2-2603-2
VR884779,C105813,VA-HP-ST3,2026-04-27,Amazon,1,6999,ST3-2602-2
VR884992,C101903,VA-EB-PL2,2026-04-27,vireo.in,1,3149,PL2-2603-4
VR886091,C102031,VA-EB-PL1,2026-04-27,vireo.in,1,1999,PL1-2602-3
VR886608,C101689,VA-EB-PL2,2026-04-27,Amazon,1,3149,PL2-2604-1
VR887373,C100241,VA-EB-PL2,2026-04-27,Flipkart,1,2799,PL2-2604-4
VR889352,C105699,VA-SP-ORB,2026-04-27,Amazon,1,5099,ORB-2604-1
VR889596,C109243,VA-EB-PL2,2026-04-27,vireo.in,1,3499,PL2-2603-2
VR890486,C108687,VA-EB-PL1,2026-04-27,Flipkart,1,2374,PL1-2601-3
VR891887,C108922,VA-SW-NX2,2026-04-27,Flipkart,1,5199,NX2-2603-3
VR892093,C102817,VA-EB-PL2,2026-04-27,vireo.in,1,2974,PL2-2602-3
VR896704,C107006,VA-EB-AIR,2026-04-27,Amazon,1,1439,AIR-2601-2
VR898565,C107875,VA-EB-PL1,2026-04-27,Amazon,1,2124,PL1-2603-3
VR900490,C100996,VA-HP-ST3,2026-04-27,vireo.in,1,6999,ST3-2602-1
VR901124,C107601,VA-SW-NX2,2026-04-27,vireo.in,1,5849,NX2-2603-4
VR901327,C102306,VA-EB-PL1,2026-04-27,vireo.in,2,4498,PL1-2601-1
VR901484,C101603,VA-EB-PL1,2026-04-27,vireo.in,1,2249,PL1-2602-2
VR902918,C109269,VA-AC-CASE,2026-04-27,vireo.in,1,1234,CASE-2604-1
VR904432,C100243,VA-EB-PL2,2026-04-27,vireo.in,1,3499,PL2-2602-1
VR906250,C106932,VA-EB-PL2,2026-04-27,vireo.in,1,2799,PL2-2604-3
VR908705,C103263,VA-EB-PL2,2026-04-27,Flipkart,1,2974,PL2-2602-2
VR908796,C104471,VA-EB-AIR,2026-04-27,vireo.in,1,1439,AIR-2602-1
VR909052,C104402,VA-SP-MINI,2026-04-27,Flipkart,1,2374,MINI-2603-1
VR909658,C101531,VA-SP-MINI,2026-04-27,vireo.in,1,2124,MINI-2603-2
VR909978,C102872,VA-EB-PL2,2026-04-27,vireo.in,1,2974,PL2-2601-4
VR880097,C106727,VA-EB-PL2,2026-04-28,vireo.in,1,3149,PL2-2603-4
VR880234,C109383,VA-EB-PL1,2026-04-28,vireo.in,1,2499,PL1-2602-3
VR880441,C101406,VA-EB-PL2,2026-04-28,Flipkart,1,3324,PL2-2602-1
VR881488,C107429,VA-HP-ST2,2026-04-28,vireo.in,1,4999,ST2-2603-3
VR881874,C104392,VA-SP-MINI,2026-04-28,vireo.in,1,2499,MINI-2602-4
VR884222,C109123,VA-EB-PL2,2026-04-28,Amazon,1,2799,PL2-2602-1
VR884730,C102165,VA-AC-CH65,2026-04-28,vireo.in,1,1499,CH65-2603-4
VR886759,C106972,VA-HP-ST3,2026-04-28,Amazon,1,6649,ST3-2602-2
VR888253,C105999,VA-HP-ST3,2026-04-28,Amazon,1,6649,ST3-2603-3
VR890719,C103138,VA-SW-NX2,2026-04-28,vireo.in,1,5524,NX2-2603-1
VR891799,C105039,VA-SP-ORB,2026-04-28,vireo.in,1,5999,ORB-2602-4
VR892436,C109041,VA-SP-MINI,2026-04-28,vireo.in,1,2249,MINI-2601-4
VR892669,C109399,VA-SW-NX2,2026-04-28,Amazon,1,6174,NX2-2602-4
VR892974,C104503,VA-EB-PL2,2026-04-28,vireo.in,1,3499,PL2-2602-4
VR893076,C100988,VA-HP-ST2,2026-04-28,vireo.in,1,3999,ST2-2601-4
VR893223,C104577,VA-NB-ARC,2026-04-28,Amazon,1,1104,ARC-2603-4
VR893908,C101146,VA-EB-PL2,2026-04-28,Amazon,1,2799,PL2-2602-3
VR894379,C100226,VA-SP-MINI,2026-04-28,Flipkart,1,2499,MINI-2601-3
VR894630,C101938,VA-EB-PL2,2026-04-28,vireo.in,1,3499,PL2-2603-1
VR895974,C105608,VA-AC-CASE,2026-04-28,vireo.in,1,1039,CASE-2601-2
VR898301,C101810,VA-AC-CASE,2026-04-28,vireo.in,1,1299,CASE-2601-3
VR898342,C106458,VA-EB-PL2,2026-04-28,vireo.in,1,2799,PL2-2601-4
VR898453,C104601,VA-EB-PL1,2026-04-28,vireo.in,1,2124,PL1-2603-4
VR903876,C101648,VA-EB-PL2,2026-04-28,Amazon,1,2799,PL2-2602-2
VR904423,C105554,VA-EB-PL2,2026-04-28,vireo.in,1,3149,PL2-2601-2
VR904555,C105615,VA-SW-NX1,2026-04-28,Amazon,1,4999,NX1-2603-4
VR904810,C104558,VA-HP-ST3,2026-04-28,Flipkart,1,6999,ST3-2603-3
VR906100,C105361,VA-SW-NX2,2026-04-28,Flipkart,1,6499,NX2-2601-1
VR907472,C104409,VA-EB-PL2,2026-04-28,Amazon,1,3499,PL2-2602-4
VR907583,C108202,VA-EB-PL2,2026-04-28,vireo.in,1,2799,PL2-2602-4
VR907733,C100936,VA-EB-PL2,2026-04-28,Flipkart,1,3499,PL2-2602-3
VR907831,C100122,VA-EB-PL2,2026-04-28,Amazon,1,3149,PL2-2603-2
VR909205,C102565,VA-EB-PL2,2026-04-28,Amazon,1,3499,PL2-2603-4
VR909877,C107626,VA-EB-PL2,2026-04-28,vireo.in,1,2974,PL2-2603-1
VR880659,C105919,VA-EB-PL2,2026-04-29,vireo.in,1,2799,PL2-2602-2
VR880767,C103526,VA-SW-NX2,2026-04-29,vireo.in,1,5199,NX2-2601-4
VR881736,C104793,VA-HP-ST3,2026-04-29,vireo.in,1,6999,ST3-2602-1
VR882408,C108737,VA-EB-PL2,2026-04-29,Flipkart,1,2799,PL2-2601-1
VR883175,C105873,VA-HP-ST3,2026-04-29,vireo.in,1,6999,ST3-2603-3
VR884112,C107800,VA-EB-PL2,2026-04-29,vireo.in,1,2974,PL2-2603-2
VR886009,C108333,VA-HP-ST3,2026-04-29,vireo.in,1,6999,ST3-2604-2
VR887179,C106239,VA-EB-PL2,2026-04-29,Flipkart,1,3149,PL2-2604-3
VR887743,C106023,VA-EB-PL2,2026-04-29,Flipkart,2,5948,PL2-2602-3
VR888319,C103975,VA-AC-CASE,2026-04-29,Amazon,1,1234,CASE-2602-1
VR889367,C107504,VA-EB-PL2,2026-04-29,vireo.in,1,2974,PL2-2601-2
VR891539,C103042,VA-SW-NX1,2026-04-29,Amazon,2,9998,NX1-2602-3
VR891626,C100075,VA-EB-PL1,2026-04-29,Amazon,1,1999,PL1-2601-2
VR892406,C104026,VA-EB-PL2,2026-04-29,vireo.in,1,3324,PL2-2602-2
VR893535,C102076,VA-EB-PL2,2026-04-29,Amazon,1,3324,PL2-2602-1
VR893702,C103001,VA-EB-PL2,2026-04-29,vireo.in,1,3149,PL2-2601-3
VR893826,C106313,VA-EB-PL2,2026-04-29,Amazon,1,2799,PL2-2603-3
VR894307,C107501,VA-SW-FIT,2026-04-29,Amazon,1,1699,FIT-2602-4
VR895605,C104846,VA-EB-PL1,2026-04-29,vireo.in,1,2249,PL1-2603-4
VR897659,C102202,VA-HP-ST3,2026-04-29,vireo.in,1,6299,ST3-2601-1
VR898264,C109196,VA-SW-NX2,2026-04-29,Flipkart,2,12998,NX2-2603-3
VR898482,C105664,VA-SW-NX1,2026-04-29,vireo.in,1,4249,NX1-2603-2
VR900000,C100067,VA-SW-NX2,2026-04-29,Flipkart,1,5199,NX2-2602-2
VR902122,C102470,VA-EB-PL2,2026-04-29,vireo.in,1,3499,PL2-2602-2
VR902514,C106034,VA-NB-ARC,2026-04-29,Flipkart,1,1234,ARC-2603-1
VR902681,C102587,VA-EB-PL2,2026-04-29,Amazon,1,3499,PL2-2601-4
VR903040,C105678,VA-EB-AIR,2026-04-29,vireo.in,1,1799,AIR-2601-4
VR903041,C100252,VA-AC-CH65,2026-04-29,vireo.in,1,1499,CH65-2601-4
VR903089,C101591,VA-EB-PL2,2026-04-29,vireo.in,1,2799,PL2-2601-3
VR904190,C108523,VA-EB-AIR,2026-04-29,vireo.in,1,1799,AIR-2601-1
VR905729,C100130,VA-SP-ORB,2026-04-29,Amazon,1,4799,ORB-2603-4
VR905799,C104693,VA-EB-PL2,2026-04-29,Amazon,1,3499,PL2-2603-4
VR906317,C107501,VA-AC-CASE,2026-04-29,Amazon,1,1104,CASE-2601-4
VR906858,C108094,VA-EB-PL2,2026-04-29,vireo.in,1,3499,PL2-2602-3
VR910098,C100832,VA-HP-ST3,2026-04-29,Amazon,1,6299,ST3-2603-4
VR880255,C108789,VA-EB-PL2,2026-04-30,Amazon,1,2799,PL2-2604-4
VR880961,C103067,VA-SW-NX2,2026-04-30,Amazon,1,6499,NX2-2602-1
VR885133,C101214,VA-EB-PL2,2026-04-30,vireo.in,1,3499,PL2-2602-4
VR885152,C108770,VA-SW-NX2,2026-04-30,vireo.in,1,5524,NX2-2604-1
VR885336,C103061,VA-EB-PL1,2026-04-30,vireo.in,1,1999,PL1-2601-2
VR886948,C106818,VA-EB-PL2,2026-04-30,vireo.in,1,2974,PL2-2601-2
VR888444,C108126,VA-EB-PL2,2026-04-30,Amazon,1,2799,PL2-2603-3
VR889205,C107314,VA-EB-PL2,2026-04-30,vireo.in,1,3499,PL2-2602-2
VR890492,C100993,VA-SP-MINI,2026-04-30,Flipkart,1,2499,MINI-2601-3
VR892471,C108442,VA-HP-ST3,2026-04-30,Flipkart,1,6999,ST3-2602-1
VR893389,C105688,VA-HP-ST3,2026-04-30,vireo.in,1,5599,ST3-2601-4
VR893695,C103874,VA-EB-PL2,2026-04-30,vireo.in,1,3324,PL2-2603-1
VR894274,C100961,VA-SW-NX2,2026-04-30,vireo.in,1,6499,NX2-2602-2
VR894736,C106697,VA-NB-ARC,2026-04-30,vireo.in,1,1104,ARC-2601-1
VR895774,C101562,VA-NB-ARC,2026-04-30,vireo.in,2,2598,ARC-2602-1
VR897851,C107762,VA-EB-PL2,2026-04-30,Amazon,1,2974,PL2-2603-2
VR899602,C103115,VA-HP-ST3,2026-04-30,vireo.in,1,6299,ST3-2603-4
VR899952,C101795,VA-HP-ST2,2026-04-30,vireo.in,1,4999,ST2-2603-4
VR900530,C102691,VA-EB-PL2,2026-04-30,vireo.in,1,3149,PL2-2604-2
VR900640,C103541,VA-EB-PL2,2026-04-30,vireo.in,1,3324,PL2-2604-3
VR901207,C101820,VA-EB-PL1,2026-04-30,vireo.in,1,2249,PL1-2602-3
VR902030,C102953,VA-SW-NX1,2026-04-30,Amazon,1,3999,NX1-2601-4
VR902264,C107743,VA-HP-ST2,2026-04-30,vireo.in,1,4499,ST2-2602-2
VR903138,C108402,VA-EB-PL1,2026-04-30,Amazon,1,2499,PL1-2603-1
VR903403,C107622,VA-EB-PL2,2026-04-30,vireo.in,2,6998,PL2-2602-4
VR903717,C107853,VA-EB-PL1,2026-04-30,Flipkart,1,2124,PL1-2602-4
VR904468,C100115,VA-SW-NX2,2026-04-30,vireo.in,2,10398,NX2-2604-1
VR906000,C107105,VA-SP-MINI,2026-04-30,vireo.in,1,2499,MINI-2603-2
VR907342,C101401,VA-HP-ST3,2026-04-30,Amazon,2,13998,ST3-2603-1
VR909997,C104400,VA-EB-AIR,2026-04-30,vireo.in,1,1439,AIR-2604-2
VR881421,C101443,VA-EB-PL2,2026-05-01,vireo.in,1,3499,PL2-2602-4
VR881814,C102986,VA-EB-PL2,2026-05-01,vireo.in,1,3499,PL2-2604-4
VR882852,C104706,VA-SP-ORB,2026-05-01,Amazon,1,5399,ORB-2603-2
VR885199,C103553,VA-EB-PL2,2026-05-01,vireo.in,1,3149,PL2-2603-3
VR885974,C108625,VA-SW-NX2,2026-05-01,Amazon,1,5524,NX2-2604-2
VR886226,C103004,VA-EB-PL1,2026-05-01,vireo.in,1,1999,PL1-2601-2
VR887534,C100770,VA-HP-ST3,2026-05-01,vireo.in,1,6999,ST3-2601-4
VR887613,C101741,VA-EB-AIR,2026-05-01,vireo.in,1,1439,AIR-2603-1
VR887678,C100240,VA-EB-PL2,2026-05-01,Flipkart,1,3149,PL2-2603-3
VR888470,C101872,VA-EB-AIR,2026-05-01,vireo.in,1,1709,AIR-2601-1
VR889320,C105896,VA-EB-PL2,2026-05-01,vireo.in,1,3149,PL2-2603-1
VR889478,C105365,VA-SW-NX2,2026-05-01,vireo.in,1,5849,NX2-2602-4
VR890889,C105643,VA-EB-PL2,2026-05-01,Amazon,2,5948,PL2-2602-3
VR891380,C106340,VA-EB-PL1,2026-05-01,Flipkart,1,1999,PL1-2601-3
VR892116,C103722,VA-EB-PL1,2026-05-01,Amazon,1,1999,PL1-2601-3
VR893023,C103719,VA-EB-PL1,2026-05-01,vireo.in,1,2499,PL1-2601-1
VR893697,C108938,VA-SW-NX2,2026-05-01,Amazon,2,12998,NX2-2603-1
VR893860,C102853,VA-EB-PL2,2026-05-01,Flipkart,1,3499,PL2-2601-3
VR894410,C101937,VA-EB-AIR,2026-05-01,vireo.in,1,1799,AIR-2603-2
VR895800,C104646,VA-EB-PL2,2026-05-01,vireo.in,1,2799,PL2-2602-1
VR895849,C109493,VA-AC-CASE,2026-05-01,Flipkart,1,1039,CASE-2603-3
VR897712,C105752,VA-SP-MINI,2026-05-01,vireo.in,1,2374,MINI-2602-4
VR897864,C107799,VA-EB-AIR,2026-05-01,vireo.in,1,1439,AIR-2604-4
VR898164,C109305,VA-EB-PL2,2026-05-01,vireo.in,1,2974,PL2-2602-3
VR899567,C109280,VA-EB-PL2,2026-05-01,Amazon,1,2799,PL2-2601-2
VR902876,C103661,VA-EB-AIR,2026-05-01,vireo.in,1,1799,AIR-2601-1
VR906119,C105442,VA-SW-NX1,2026-05-01,Flipkart,1,4749,NX1-2603-1
VR906510,C102668,VA-SP-ORB,2026-05-01,vireo.in,1,5099,ORB-2603-2
VR906518,C102267,VA-HP-ST3,2026-05-01,vireo.in,1,6649,ST3-2602-1
VR906621,C109068,VA-EB-PL2,2026-05-01,Flipkart,1,3324,PL2-2602-1
VR907031,C103799,VA-SW-FIT,2026-05-01,Flipkart,2,3198,FIT-2604-3
VR908568,C104415,VA-EB-PL1,2026-05-01,vireo.in,1,1999,PL1-2603-4
VR882192,C107398,VA-EB-PL1,2026-05-02,vireo.in,1,1999,PL1-2602-4
VR883816,C102405,VA-SW-NX2,2026-05-02,vireo.in,1,6174,NX2-2603-2
VR884165,C107070,VA-EB-AIR,2026-05-02,Amazon,1,1799,AIR-2604-2
VR885906,C106449,VA-EB-PL2,2026-05-02,vireo.in,1,3324,PL2-2601-2
VR886239,C101040,VA-EB-AIR,2026-05-02,vireo.in,1,1799,AIR-2602-3
VR886989,C107610,VA-EB-PL2,2026-05-02,vireo.in,1,3499,PL2-2602-1
VR887363,C103118,VA-SP-ORB,2026-05-02,Amazon,1,5099,ORB-2602-2
VR887493,C104400,VA-EB-PL2,2026-05-02,vireo.in,1,3499,PL2-2602-2
VR889506,C107269,VA-SW-NX1,2026-05-02,Amazon,1,4999,NX1-2604-1
VR890887,C104088,VA-SW-FIT,2026-05-02,Amazon,1,1799,FIT-2602-4
VR891312,C100250,VA-EB-PL2,2026-05-02,vireo.in,1,3149,PL2-2603-2
VR891868,C108004,VA-EB-PL2,2026-05-02,Amazon,1,2974,PL2-2601-1
VR895383,C103772,VA-EB-AIR,2026-05-02,Flipkart,1,1799,AIR-2602-2
VR895865,C105008,VA-EB-PL2,2026-05-02,vireo.in,1,2799,PL2-2602-1
VR898788,C102615,VA-EB-PL2,2026-05-02,vireo.in,1,3499,PL2-2603-4
VR900216,C102877,VA-EB-PL1,2026-05-02,Flipkart,1,2249,PL1-2602-3
VR900861,C107998,VA-EB-PL2,2026-05-02,Amazon,1,3499,PL2-2602-1
VR902110,C104805,VA-SW-NX2,2026-05-02,vireo.in,1,6174,NX2-2603-3
VR902963,C101731,VA-EB-PL2,2026-05-02,Amazon,1,2799,PL2-2603-1
VR903598,C109293,VA-EB-PL2,2026-05-02,Amazon,1,2974,PL2-2602-1
VR904109,C104993,VA-EB-AIR,2026-05-02,Amazon,1,1799,AIR-2603-4
VR904334,C104886,VA-EB-PL2,2026-05-02,Flipkart,1,3149,PL2-2601-4
VR905087,C105640,VA-EB-PL2,2026-05-02,Amazon,1,2974,PL2-2603-2
VR905527,C101082,VA-SP-MINI,2026-05-02,Amazon,1,2499,MINI-2603-2
VR907775,C106108,VA-SP-ORB,2026-05-02,vireo.in,1,5699,ORB-2603-3
VR907856,C102520,VA-HP-ST3,2026-05-02,vireo.in,1,6649,ST3-2603-3
VR908538,C101972,VA-EB-PL2,2026-05-02,Amazon,1,2799,PL2-2603-4
VR909238,C100980,VA-EB-PL1,2026-05-02,vireo.in,1,1999,PL1-2603-1
VR909446,C102467,VA-EB-PL2,2026-05-02,vireo.in,1,2799,PL2-2601-1
VR880439,C104449,VA-SW-NX2,2026-05-03,vireo.in,1,6499,NX2-2602-1
VR881309,C106487,VA-EB-PL2,2026-05-03,Amazon,1,3324,PL2-2602-1
VR882366,C107695,VA-EB-PL2,2026-05-03,vireo.in,1,2974,PL2-2604-2
VR882506,C106828,VA-SW-FIT,2026-05-03,vireo.in,1,1999,FIT-2602-3
VR883101,C106022,VA-EB-PL1,2026-05-03,Amazon,1,2499,PL1-2603-3
VR884250,C104818,VA-EB-PL2,2026-05-03,Amazon,1,3324,PL2-2603-3
VR885003,C107968,VA-EB-PL1,2026-05-03,vireo.in,1,2499,PL1-2603-4
VR885788,C105202,VA-SP-ORB,2026-05-03,vireo.in,1,5999,ORB-2602-4
VR886128,C106709,VA-EB-PL2,2026-05-03,Amazon,1,3499,PL2-2602-1
VR886783,C101303,VA-EB-PL2,2026-05-03,vireo.in,1,3324,PL2-2602-1
VR887134,C103265,VA-EB-PL2,2026-05-03,vireo.in,1,3324,PL2-2603-2
VR890141,C100239,VA-SW-NX2,2026-05-03,vireo.in,1,5849,NX2-2603-4
VR890965,C100504,VA-EB-PL2,2026-05-03,Amazon,1,3499,PL2-2602-4
VR892652,C101537,VA-SP-MINI,2026-05-03,Amazon,1,2249,MINI-2602-1
VR894612,C100759,VA-EB-PL1,2026-05-03,vireo.in,1,2124,PL1-2603-1
VR895133,C109369,VA-AC-CH65,2026-05-03,vireo.in,1,1499,CH65-2603-3
VR896684,C104833,VA-AC-CASE,2026-05-03,Amazon,1,1299,CASE-2601-3
VR896983,C101790,VA-SP-MINI,2026-05-03,vireo.in,1,2499,MINI-2604-4
VR900958,C102417,VA-EB-PL2,2026-05-03,Flipkart,1,3499,PL2-2604-4
VR902481,C103815,VA-EB-PL2,2026-05-03,Amazon,1,3149,PL2-2602-2
VR903695,C101025,VA-SP-MINI,2026-05-03,vireo.in,1,2124,MINI-2603-2
VR903790,C101844,VA-SW-NX2,2026-05-03,Amazon,2,11048,NX2-2602-4
VR904410,C104678,VA-EB-AIR,2026-05-03,vireo.in,1,1799,AIR-2603-1
VR904967,C106372,VA-AC-CASE,2026-05-03,Amazon,1,1234,CASE-2604-2
VR905230,C109067,VA-EB-PL2,2026-05-03,Flipkart,1,3499,PL2-2602-3
VR905838,C102049,VA-EB-PL2,2026-05-03,vireo.in,1,3324,PL2-2602-2
VR907731,C109190,VA-EB-PL1,2026-05-03,Amazon,1,2499,PL1-2603-4
VR880970,C100742,VA-EB-PL2,2026-05-04,Amazon,1,3324,PL2-2602-1
VR881710,C101641,VA-SW-NX1,2026-05-04,vireo.in,1,4499,NX1-2601-3
VR882523,C108766,VA-SW-NX2,2026-05-04,vireo.in,2,11048,NX2-2603-2
VR883652,C107479,VA-SP-MINI,2026-05-04,vireo.in,1,2249,MINI-2603-4
VR883711,C101737,VA-SW-NX1,2026-05-04,vireo.in,1,4499,NX1-2603-2
VR884287,C105742,VA-HP-ST3,2026-05-04,Amazon,1,6649,ST3-2603-3
VR884738,C108457,VA-NB-ARC,2026-05-04,Amazon,1,1299,ARC-2603-2
VR886036,C109118,VA-EB-PL2,2026-05-04,vireo.in,1,3324,PL2-2603-3
VR887431,C108565,VA-HP-ST2,2026-05-04,Amazon,1,4249,ST2-2603-1
VR889840,C107403,VA-SP-ORB,2026-05-04,vireo.in,1,5999,ORB-2601-2
VR890007,C102675,VA-NB-ARC,2026-05-04,vireo.in,1,1299,ARC-2604-4
VR890734,C100304,VA-SW-NX2,2026-05-04,vireo.in,1,6499,NX2-2602-2
VR892223,C109428,VA-SW-NX1,2026-05-04,vireo.in,1,4999,NX1-2603-4
VR892699,C106535,VA-EB-PL1,2026-05-04,vireo.in,1,2499,PL1-2602-4
VR897166,C105612,VA-SW-FIT,2026-05-04,Flipkart,1,1999,FIT-2603-4
VR898172,C106240,VA-SW-NX2,2026-05-04,vireo.in,1,6174,NX2-2602-3
VR898297,C102083,VA-SW-NX2,2026-05-04,vireo.in,1,6499,NX2-2602-2
VR901217,C104697,VA-EB-PL2,2026-05-04,vireo.in,2,6998,PL2-2603-1
VR901746,C109168,VA-EB-PL2,2026-05-04,vireo.in,1,2974,PL2-2603-4
VR905675,C105793,VA-EB-PL2,2026-05-04,Amazon,2,6298,PL2-2602-3
VR905700,C100998,VA-EB-PL1,2026-05-04,Amazon,1,1999,PL1-2603-3
VR905955,C105571,VA-SP-MINI,2026-05-04,vireo.in,2,3998,MINI-2602-2
VR906906,C106292,VA-AC-CASE,2026-05-04,Amazon,1,1299,CASE-2602-3
VR907639,C105555,VA-EB-AIR,2026-05-04,vireo.in,1,1799,AIR-2602-4
VR907722,C108799,VA-EB-PL1,2026-05-04,vireo.in,1,2499,PL1-2603-2
VR907846,C105300,VA-HP-ST2,2026-05-04,Flipkart,1,4999,ST2-2603-3
VR881988,C100402,VA-EB-PL2,2026-05-05,Flipkart,1,2799,PL2-2603-3
VR883048,C102450,VA-EB-PL2,2026-05-05,vireo.in,2,6298,PL2-2604-4
VR883076,C103093,VA-HP-ST3,2026-05-05,vireo.in,1,6999,ST3-2603-1
VR885691,C105109,VA-EB-PL2,2026-05-05,vireo.in,1,3499,PL2-2603-2
VR888268,C106347,VA-EB-PL1,2026-05-05,Flipkart,1,2499,PL1-2604-4
VR888547,C102658,VA-EB-PL2,2026-05-05,vireo.in,1,3499,PL2-2602-2
VR889017,C107480,VA-EB-AIR,2026-05-05,Amazon,1,1799,AIR-2601-2
VR889255,C102495,VA-SW-FIT,2026-05-05,vireo.in,1,1599,FIT-2603-1
VR891319,C104243,VA-EB-AIR,2026-05-05,vireo.in,1,1529,AIR-2604-3
VR893029,C103961,VA-NB-ARC,2026-05-05,vireo.in,2,2598,ARC-2603-2
VR893585,C104290,VA-SP-MINI,2026-05-05,Amazon,1,2499,MINI-2603-4
VR893901,C100756,VA-EB-PL2,2026-05-05,Flipkart,1,2974,PL2-2603-2
VR894233,C103705,VA-EB-PL2,2026-05-05,vireo.in,1,3499,PL2-2603-2
VR895334,C106351,VA-EB-PL2,2026-05-05,vireo.in,1,2974,PL2-2603-4
VR895405,C106447,VA-SW-NX2,2026-05-05,vireo.in,1,5199,NX2-2602-3
VR897380,C103426,VA-EB-PL2,2026-05-05,Flipkart,1,3149,PL2-2601-2
VR898516,C107587,VA-EB-AIR,2026-05-05,vireo.in,1,1799,AIR-2602-1
VR898527,C105902,VA-EB-PL2,2026-05-05,vireo.in,1,2974,PL2-2604-2
VR900942,C109455,VA-HP-ST3,2026-05-05,vireo.in,1,6999,ST3-2602-4
VR901335,C103107,VA-EB-PL2,2026-05-05,vireo.in,1,3499,PL2-2603-4
VR901772,C105367,VA-AC-CH65,2026-05-05,vireo.in,2,2398,CH65-2603-2
VR902330,C101215,VA-SW-NX1,2026-05-05,vireo.in,1,4249,NX1-2603-4
VR903531,C103337,VA-SP-MINI,2026-05-05,vireo.in,1,2499,MINI-2603-2
VR904435,C105338,VA-EB-PL2,2026-05-05,Amazon,1,2974,PL2-2603-3
VR904753,C106172,VA-EB-PL1,2026-05-05,Flipkart,1,2499,PL1-2604-4
VR905295,C100906,VA-EB-PL1,2026-05-05,vireo.in,1,2124,PL1-2602-3
VR906496,C105334,VA-SP-MINI,2026-05-05,Amazon,1,2499,MINI-2604-4
VR907136,C104804,VA-SP-MINI,2026-05-05,vireo.in,1,2249,MINI-2602-2
VR907580,C105667,VA-EB-PL1,2026-05-05,vireo.in,1,2499,PL1-2601-4
VR881867,C100971,VA-EB-PL2,2026-05-06,Amazon,1,3149,PL2-2603-3
VR882108,C102688,VA-SP-ORB,2026-05-06,Amazon,1,4799,ORB-2603-2
VR883044,C103433,VA-AC-CBL,2026-05-06,vireo.in,1,399,CBL-2604-2
VR883971,C101891,VA-NB-ARC,2026-05-06,vireo.in,1,1104,ARC-2602-2
VR886100,C101256,VA-SW-NX2,2026-05-06,vireo.in,1,5199,NX2-2603-4
VR886634,C103886,VA-HP-ST3,2026-05-06,vireo.in,2,12598,ST3-2601-2
VR887960,C104488,VA-EB-AIR,2026-05-06,Flipkart,1,1799,AIR-2602-4
VR889222,C108073,VA-EB-PL1,2026-05-06,Amazon,1,2124,PL1-2601-3
VR889568,C101972,VA-EB-PL1,2026-05-06,vireo.in,1,2249,PL1-2604-1
VR892482,C105307,VA-SW-FIT,2026-05-06,Amazon,1,1999,FIT-2603-1
VR892858,C100382,VA-EB-PL2,2026-05-06,Amazon,1,3324,PL2-2601-1
VR892898,C102470,VA-SW-NX2,2026-05-06,vireo.in,1,6499,NX2-2602-2
VR893491,C107054,VA-EB-PL2,2026-05-06,Amazon,1,2799,PL2-2601-2
VR893603,C103225,VA-NB-ARC,2026-05-06,Amazon,1,1299,ARC-2601-4
VR894822,C107679,VA-EB-PL2,2026-05-06,vireo.in,1,3324,PL2-2603-4
VR896286,C107483,VA-EB-PL1,2026-05-06,vireo.in,1,2124,PL1-2603-3
VR897355,C105788,VA-AC-CASE,2026-05-06,vireo.in,2,2598,CASE-2603-4
VR898617,C106887,VA-HP-ST2,2026-05-06,Amazon,1,3999,ST2-2602-1
VR899194,C103158,VA-EB-PL1,2026-05-06,Flipkart,1,2249,PL1-2603-1
VR899822,C108395,VA-EB-PL1,2026-05-06,Amazon,2,4998,PL1-2604-4
VR900299,C106007,VA-SW-NX2,2026-05-06,vireo.in,1,6499,NX2-2603-3
VR900575,C106983,VA-HP-ST2,2026-05-06,vireo.in,1,4499,ST2-2603-4
VR900976,C103232,VA-SW-FIT,2026-05-06,Amazon,1,1899,FIT-2603-1
VR901927,C107108,VA-AC-CASE,2026-05-06,Flipkart,1,1039,CASE-2602-4
VR905088,C109259,VA-EB-PL1,2026-05-06,vireo.in,1,2499,PL1-2603-1
VR905403,C107095,VA-EB-AIR,2026-05-06,vireo.in,1,1799,AIR-2602-3
VR905499,C102651,VA-SW-NX1,2026-05-06,vireo.in,1,4499,NX1-2603-2
VR906460,C101094,VA-AC-CASE,2026-05-06,vireo.in,1,1039,CASE-2602-4
VR906757,C104409,VA-SW-FIT,2026-05-06,Amazon,2,3998,FIT-2602-1
VR908602,C105020,VA-HP-ST3,2026-05-06,Flipkart,1,6649,ST3-2601-4
VR908809,C108937,VA-EB-PL2,2026-05-06,Amazon,2,6298,PL2-2603-3
VR909195,C108105,VA-EB-PL2,2026-05-06,Flipkart,1,3149,PL2-2604-2
VR880189,C106084,VA-HP-ST3,2026-05-07,Amazon,1,6299,ST3-2601-3
VR882229,C105575,VA-SW-FIT,2026-05-07,Flipkart,1,1999,FIT-2604-3
VR882352,C108042,VA-SW-NX2,2026-05-07,Flipkart,1,5199,NX2-2603-2
VR883571,C105055,VA-EB-PL2,2026-05-07,vireo.in,1,2974,PL2-2604-3
VR884001,C101861,VA-EB-PL2,2026-05-07,Amazon,1,3324,PL2-2603-4
VR884053,C108173,VA-EB-PL2,2026-05-07,vireo.in,2,5598,PL2-2602-4
VR884859,C108372,VA-SP-MINI,2026-05-07,vireo.in,1,2499,MINI-2603-2
VR887861,C107537,VA-EB-PL2,2026-05-07,vireo.in,1,2799,PL2-2603-2
VR888721,C100255,VA-SP-MINI,2026-05-07,Amazon,1,2499,MINI-2602-3
VR891623,C101767,VA-NB-ARC,2026-05-07,Amazon,1,1039,ARC-2603-1
VR894788,C106755,VA-SW-FIT,2026-05-07,Amazon,1,1599,FIT-2601-3
VR896390,C102386,VA-EB-PL2,2026-05-07,Flipkart,1,3324,PL2-2603-1
VR896963,C104274,VA-HP-ST3,2026-05-07,Amazon,1,5599,ST3-2602-4
VR897869,C102869,VA-SW-NX2,2026-05-07,vireo.in,1,6174,NX2-2604-3
VR898917,C107486,VA-EB-PL2,2026-05-07,vireo.in,1,3499,PL2-2601-2
VR899167,C108209,VA-SP-MINI,2026-05-07,vireo.in,1,2249,MINI-2604-4
VR905001,C105283,VA-SW-NX2,2026-05-07,Amazon,1,6499,NX2-2603-3
VR906168,C108759,VA-EB-PL2,2026-05-07,vireo.in,1,3324,PL2-2601-3
VR907142,C104644,VA-EB-PL2,2026-05-07,vireo.in,1,3324,PL2-2602-4
VR907989,C105992,VA-SP-MINI,2026-05-07,vireo.in,1,2499,MINI-2602-3
VR908372,C102842,VA-EB-AIR,2026-05-07,vireo.in,1,1799,AIR-2602-4
VR909304,C105926,VA-EB-PL2,2026-05-07,vireo.in,1,3499,PL2-2602-2
VR909376,C103943,VA-EB-PL2,2026-05-07,Amazon,1,2799,PL2-2602-4
VR910014,C104859,VA-EB-PL2,2026-05-07,vireo.in,1,3499,PL2-2601-1
VR882770,C104284,VA-EB-PL2,2026-05-08,Amazon,1,3499,PL2-2601-4
VR885326,C107791,VA-EB-PL1,2026-05-08,Flipkart,1,1999,PL1-2604-1
VR885838,C106435,VA-SP-ORB,2026-05-08,vireo.in,1,5099,ORB-2602-4
VR886032,C103901,VA-SP-MINI,2026-05-08,vireo.in,1,2249,MINI-2602-3
VR886794,C104985,VA-EB-PL2,2026-05-08,Flipkart,1,3499,PL2-2603-2
VR888998,C101845,VA-EB-PL2,2026-05-08,Flipkart,1,3499,PL2-2603-4
VR889766,C107407,VA-EB-PL2,2026-05-08,vireo.in,1,2799,PL2-2603-4
VR890741,C101391,VA-EB-PL2,2026-05-08,vireo.in,1,3499,PL2-2604-2
VR891597,C105832,VA-EB-PL1,2026-05-08,Amazon,1,2499,PL1-2601-3
VR891773,C103650,VA-EB-PL2,2026-05-08,vireo.in,1,3499,PL2-2602-3
VR893240,C103046,VA-SP-ORB,2026-05-08,Amazon,1,5999,ORB-2601-4
VR893891,C100809,VA-EB-PL2,2026-05-08,vireo.in,1,2974,PL2-2604-2
VR895319,C107215,VA-SP-MINI,2026-05-08,Amazon,1,2499,MINI-2602-2
VR895325,C104634,VA-EB-PL2,2026-05-08,Amazon,1,3324,PL2-2604-2
VR896453,C103549,VA-EB-PL2,2026-05-08,vireo.in,2,6998,PL2-2603-3
VR897944,C108005,VA-EB-PL2,2026-05-08,Amazon,1,2799,PL2-2601-1
VR898456,C102920,VA-SW-NX2,2026-05-08,vireo.in,1,6499,NX2-2604-3
VR898563,C100144,VA-EB-PL2,2026-05-08,vireo.in,1,3324,PL2-2603-4
VR899283,C106863,VA-EB-PL2,2026-05-08,Flipkart,1,2799,PL2-2604-2
VR902996,C107628,VA-SW-FIT,2026-05-08,Amazon,1,1999,FIT-2602-1
VR906714,C105818,VA-AC-CASE,2026-05-08,Amazon,1,1039,CASE-2601-3
VR907384,C106506,VA-EB-PL2,2026-05-08,Flipkart,1,3149,PL2-2604-2
VR907443,C108269,VA-EB-PL2,2026-05-08,vireo.in,1,3499,PL2-2601-1
VR909816,C103574,VA-EB-AIR,2026-05-08,Amazon,2,3418,AIR-2603-3
VR910111,C109366,VA-AC-CASE,2026-05-08,Amazon,1,1299,CASE-2603-1
VR880008,C105870,VA-EB-PL2,2026-05-09,Amazon,1,2974,PL2-2603-1
VR880406,C105053,VA-SW-NX2,2026-05-09,vireo.in,1,6499,NX2-2601-2
VR880530,C109172,VA-SW-FIT,2026-05-09,Flipkart,1,1999,FIT-2603-1
VR881788,C106432,VA-SP-MINI,2026-05-09,vireo.in,1,2499,MINI-2603-4
VR883214,C101637,VA-EB-AIR,2026-05-09,Flipkart,1,1529,AIR-2602-2
VR883459,C108456,VA-EB-PL2,2026-05-09,Amazon,1,3149,PL2-2603-2
VR884553,C103835,VA-SP-ORB,2026-05-09,Flipkart,1,5999,ORB-2604-4
VR885271,C103876,VA-HP-ST3,2026-05-09,Amazon,1,6999,ST3-2602-1
VR887082,C100770,VA-HP-ST3,2026-05-09,vireo.in,1,5599,ST3-2604-4
VR888104,C107602,VA-SW-NX1,2026-05-09,vireo.in,1,4999,NX1-2602-3
VR889823,C105836,VA-EB-PL1,2026-05-09,vireo.in,1,1999,PL1-2603-4
VR889989,C107688,VA-EB-PL2,2026-05-09,vireo.in,1,3499,PL2-2603-3
VR891317,C105156,VA-HP-ST3,2026-05-09,vireo.in,2,12598,ST3-2602-3
VR893047,C102397,VA-SP-ORB,2026-05-09,vireo.in,2,11998,ORB-2603-1
VR893104,C106536,VA-EB-PL2,2026-05-09,vireo.in,1,3499,PL2-2603-2
VR893354,C106438,VA-SW-NX1,2026-05-09,vireo.in,1,4999,NX1-2602-1
VR893509,C101350,VA-SP-MINI,2026-05-09,vireo.in,1,2499,MINI-2604-4
VR893558,C103175,VA-EB-PL2,2026-05-09,vireo.in,1,2974,PL2-2604-4
VR893599,C100795,VA-EB-PL2,2026-05-09,vireo.in,1,2974,PL2-2604-3
VR894058,C108350,VA-SP-ORB,2026-05-09,vireo.in,1,5399,ORB-2603-1
VR894768,C101870,VA-SW-NX1,2026-05-09,Flipkart,1,4499,NX1-2604-2
VR897615,C105436,VA-AC-CASE,2026-05-09,vireo.in,1,1299,CASE-2602-1
VR897852,C107738,VA-EB-PL2,2026-05-09,Amazon,1,3499,PL2-2603-2
VR899721,C105442,VA-SW-FIT,2026-05-09,Amazon,1,1799,FIT-2602-3
VR900292,C100524,VA-EB-PL2,2026-05-09,Amazon,1,3499,PL2-2602-1
VR900669,C101464,VA-HP-ST3,2026-05-09,Amazon,1,6299,ST3-2602-2
VR901235,C106988,VA-SP-MINI,2026-05-09,Flipkart,1,2124,MINI-2601-3
VR903140,C103215,VA-EB-PL2,2026-05-09,Amazon,2,5948,PL2-2604-2
VR904708,C100034,VA-HP-ST3,2026-05-09,Amazon,1,6999,ST3-2603-1
VR908240,C107675,VA-EB-PL1,2026-05-09,vireo.in,1,2499,PL1-2603-1
VR880382,C102377,VA-EB-PL2,2026-05-10,vireo.in,1,3499,PL2-2603-3
VR881980,C108516,VA-EB-AIR,2026-05-10,vireo.in,1,1709,AIR-2604-4
VR882168,C108412,VA-EB-PL1,2026-05-10,vireo.in,1,2499,PL1-2602-4
VR883681,C103087,VA-EB-PL1,2026-05-10,Amazon,1,2374,PL1-2604-4
VR883835,C105943,VA-SP-MINI,2026-05-10,Flipkart,1,2499,MINI-2601-3
VR887264,C100111,VA-SW-NX2,2026-05-10,vireo.in,1,6499,NX2-2602-4
VR887830,C108081,VA-SW-NX1,2026-05-10,Flipkart,1,4499,NX1-2604-2
VR889212,C100875,VA-EB-AIR,2026-05-10,vireo.in,1,1439,AIR-2602-1
VR889893,C100899,VA-EB-PL2,2026-05-10,Flipkart,1,3499,PL2-2603-4
VR890107,C100156,VA-EB-PL2,2026-05-10,Amazon,1,3499,PL2-2604-4
VR890911,C102349,VA-EB-PL2,2026-05-10,Amazon,1,3499,PL2-2601-1
VR890973,C100926,VA-EB-PL1,2026-05-10,vireo.in,1,1999,PL1-2603-4
VR893156,C104031,VA-EB-PL2,2026-05-10,Amazon,1,2974,PL2-2602-2
VR893574,C107488,VA-EB-PL2,2026-05-10,vireo.in,1,3324,PL2-2604-1
VR895108,C105217,VA-EB-PL2,2026-05-10,Amazon,1,3499,PL2-2602-1
VR896273,C107236,VA-SW-FIT,2026-05-10,vireo.in,1,1899,FIT-2604-3
VR897204,C108402,VA-EB-PL2,2026-05-10,vireo.in,1,3499,PL2-2602-4
VR899485,C102543,VA-EB-PL2,2026-05-10,Flipkart,1,3499,PL2-2602-1
VR899684,C106316,VA-SP-ORB,2026-05-10,vireo.in,1,5999,ORB-2602-3
VR899961,C100720,VA-SW-NX2,2026-05-10,Amazon,1,5849,NX2-2602-2
VR900007,C104979,VA-SW-NX2,2026-05-10,vireo.in,1,5849,NX2-2602-2
VR901442,C103406,VA-SW-FIT,2026-05-10,Flipkart,1,1799,FIT-2603-2
VR902868,C101549,VA-EB-PL2,2026-05-10,Flipkart,1,3499,PL2-2603-4
VR903285,C103209,VA-HP-ST2,2026-05-10,Amazon,1,4499,ST2-2601-4
VR903993,C100589,VA-SP-ORB,2026-05-10,vireo.in,1,5699,ORB-2603-2
VR905163,C102925,VA-EB-PL2,2026-05-10,vireo.in,1,2799,PL2-2603-4
VR906021,C101354,VA-EB-PL2,2026-05-10,Amazon,1,3499,PL2-2603-4
VR907163,C104910,VA-EB-PL2,2026-05-10,vireo.in,1,3149,PL2-2604-2
VR907171,C101024,VA-HP-ST2,2026-05-10,Amazon,1,4249,ST2-2602-2
VR908271,C106662,VA-SW-NX2,2026-05-10,Amazon,1,6174,NX2-2603-3
VR880856,C101584,VA-AC-CH65,2026-05-11,vireo.in,1,1499,CH65-2603-2
VR880898,C102911,VA-NB-ARC,2026-05-11,vireo.in,2,2338,ARC-2602-1
VR881112,C106687,VA-EB-PL2,2026-05-11,Amazon,1,3324,PL2-2602-1
VR881183,C104822,VA-SW-NX1,2026-05-11,Amazon,1,4999,NX1-2604-3
VR882375,C103902,VA-EB-PL2,2026-05-11,vireo.in,1,2974,PL2-2604-1
VR882411,C106395,VA-EB-PL2,2026-05-11,Amazon,1,2974,PL2-2602-4
VR883539,C107970,VA-SW-NX2,2026-05-11,Flipkart,1,6499,NX2-2602-2
VR884784,C106496,VA-EB-PL2,2026-05-11,vireo.in,2,6298,PL2-2603-4
VR885173,C104057,VA-EB-PL2,2026-05-11,vireo.in,1,3324,PL2-2602-2
VR887627,C109210,VA-NB-ARC,2026-05-11,Flipkart,1,1299,ARC-2602-3
VR889942,C106555,VA-EB-AIR,2026-05-11,vireo.in,1,1799,AIR-2602-4
VR889986,C100083,VA-EB-PL1,2026-05-11,vireo.in,2,4498,PL1-2603-1
VR890277,C106296,VA-EB-PL2,2026-05-11,Amazon,1,2974,PL2-2603-4
VR891343,C106937,VA-SP-MINI,2026-05-11,Flipkart,1,2499,MINI-2604-2
VR891390,C105942,VA-EB-PL2,2026-05-11,vireo.in,1,3149,PL2-2602-3
VR893183,C106228,VA-SW-FIT,2026-05-11,Amazon,1,1799,FIT-2601-2
VR893367,C103947,VA-HP-ST3,2026-05-11,vireo.in,1,6999,ST3-2601-3
VR895540,C104225,VA-HP-ST2,2026-05-11,Amazon,1,4999,ST2-2602-4
VR895695,C101460,VA-EB-PL1,2026-05-11,vireo.in,1,2124,PL1-2603-3
VR896418,C103808,VA-EB-PL2,2026-05-11,vireo.in,1,3499,PL2-2603-2
VR896443,C105820,VA-EB-PL2,2026-05-11,vireo.in,1,3499,PL2-2601-3
VR896966,C106278,VA-NB-ARC,2026-05-11,vireo.in,1,1299,ARC-2603-1
VR898401,C107498,VA-EB-PL1,2026-05-11,vireo.in,1,2499,PL1-2602-4
VR900514,C103552,VA-EB-PL2,2026-05-11,Amazon,1,3149,PL2-2603-3
VR902856,C106011,VA-EB-PL1,2026-05-11,Flipkart,1,2124,PL1-2603-2
VR903930,C103568,VA-HP-ST3,2026-05-11,vireo.in,2,13298,ST3-2602-2
VR904253,C101619,VA-EB-PL2,2026-05-11,vireo.in,1,2799,PL2-2602-3
VR905239,C103352,VA-EB-PL2,2026-05-11,Amazon,1,3324,PL2-2602-1
VR906278,C104019,VA-EB-PL2,2026-05-11,Amazon,1,2799,PL2-2603-4
VR906971,C104215,VA-SW-NX2,2026-05-11,Amazon,1,6499,NX2-2603-3
VR907069,C105812,VA-EB-PL2,2026-05-11,Amazon,1,2974,PL2-2602-2
VR908360,C106309,VA-EB-PL1,2026-05-11,vireo.in,1,2374,PL1-2602-1
VR909255,C103491,VA-EB-PL1,2026-05-11,vireo.in,1,2249,PL1-2604-2
VR910102,C100662,VA-EB-PL2,2026-05-11,Amazon,1,3499,PL2-2603-3
VR910145,C104709,VA-EB-PL2,2026-05-11,vireo.in,1,2974,PL2-2601-4
VR881165,C100088,VA-SP-MINI,2026-05-12,vireo.in,1,2499,MINI-2603-1
VR881294,C109081,VA-SP-MINI,2026-05-12,vireo.in,1,2499,MINI-2604-2
VR881551,C104560,VA-SW-FIT,2026-05-12,Amazon,1,1799,FIT-2602-3
VR881882,C101812,VA-EB-PL2,2026-05-12,vireo.in,1,3499,PL2-2604-3
VR883089,C102527,VA-EB-PL2,2026-05-12,Amazon,1,2974,PL2-2603-2
VR885383,C107522,VA-EB-PL2,2026-05-12,Flipkart,1,3149,PL2-2602-4
VR885386,C106287,VA-SP-MINI,2026-05-12,vireo.in,1,2124,MINI-2602-1
VR887014,C108601,VA-EB-AIR,2026-05-12,Amazon,1,1709,AIR-2602-1
VR888513,C101787,VA-EB-PL2,2026-05-12,vireo.in,1,3499,PL2-2602-3
VR888650,C104124,VA-EB-AIR,2026-05-12,Amazon,1,1709,AIR-2602-1
VR889484,C104192,VA-EB-PL2,2026-05-12,vireo.in,1,2799,PL2-2602-2
VR891764,C106148,VA-SP-ORB,2026-05-12,vireo.in,1,5999,ORB-2602-2
VR894643,C103163,VA-AC-CBL,2026-05-12,Amazon,1,399,CBL-2603-2
VR898559,C107698,VA-EB-PL2,2026-05-12,Amazon,1,3499,PL2-2603-3
VR899076,C103200,VA-EB-PL2,2026-05-12,Amazon,1,3499,PL2-2603-4
VR902880,C107408,VA-EB-PL1,2026-05-12,vireo.in,1,2124,PL1-2603-2
VR906877,C107238,VA-EB-AIR,2026-05-12,Flipkart,1,1619,AIR-2602-4
VR907238,C109119,VA-NB-ARC,2026-05-12,vireo.in,1,1234,ARC-2604-2
VR908921,C106196,VA-EB-PL1,2026-05-12,Amazon,1,2124,PL1-2603-2
VR909102,C102823,VA-EB-PL1,2026-05-12,Amazon,1,2499,PL1-2601-4
VR909895,C106910,VA-SW-FIT,2026-05-12,Amazon,1,1799,FIT-2603-2
VR910158,C107873,VA-AC-CH65,2026-05-12,Amazon,1,1499,CH65-2603-4
VR880429,C104257,VA-SW-NX1,2026-05-13,vireo.in,1,4999,NX1-2601-4
VR881580,C104773,VA-EB-PL1,2026-05-13,vireo.in,1,2499,PL1-2603-4
VR883092,C104366,VA-EB-PL1,2026-05-13,vireo.in,1,2124,PL1-2602-3
VR883744,C109156,VA-SW-FIT,2026-05-13,vireo.in,1,1999,FIT-2602-3
VR884768,C101080,VA-SW-NX2,2026-05-13,vireo.in,1,6499,NX2-2602-4
VR885480,C100497,VA-SP-ORB,2026-05-13,vireo.in,1,5399,ORB-2602-2
VR885583,C103345,VA-SW-NX2,2026-05-13,Amazon,1,5199,NX2-2603-2
VR887705,C103151,VA-SW-NX2,2026-05-13,vireo.in,1,6174,NX2-2603-1
VR887835,C108685,VA-EB-PL1,2026-05-13,Flipkart,1,2124,PL1-2603-4
VR888392,C100017,VA-EB-PL2,2026-05-13,vireo.in,1,3499,PL2-2601-4
VR889623,C107297,VA-HP-ST3,2026-05-13,vireo.in,1,5599,ST3-2604-3
VR890021,C108982,VA-NB-ARC,2026-05-13,Flipkart,1,1234,ARC-2604-3
VR890172,C100494,VA-SP-MINI,2026-05-13,vireo.in,1,2499,MINI-2604-2
VR891121,C101028,VA-EB-PL2,2026-05-13,vireo.in,1,3149,PL2-2604-1
VR891287,C109148,VA-EB-PL2,2026-05-13,Flipkart,1,3499,PL2-2603-4
VR891404,C107138,VA-EB-PL2,2026-05-13,vireo.in,1,3499,PL2-2601-4
VR892384,C107787,VA-EB-PL2,2026-05-13,Amazon,1,3499,PL2-2602-4
VR894439,C102958,VA-EB-PL2,2026-05-13,Flipkart,1,3324,PL2-2601-3
VR894665,C100367,VA-SW-NX2,2026-05-13,vireo.in,1,5849,NX2-2602-2
VR896632,C101104,VA-EB-PL1,2026-05-13,vireo.in,2,4998,PL1-2603-1
VR897963,C106681,VA-HP-ST3,2026-05-13,vireo.in,1,6649,ST3-2604-1
VR898091,C106324,VA-SW-FIT,2026-05-13,Amazon,1,1999,FIT-2603-3
VR898239,C108439,VA-SP-MINI,2026-05-13,vireo.in,1,2499,MINI-2603-1
VR898618,C107396,VA-EB-PL2,2026-05-13,vireo.in,1,3499,PL2-2602-3
VR899535,C105556,VA-EB-PL2,2026-05-13,Amazon,1,2799,PL2-2603-4
VR902166,C100836,VA-EB-PL2,2026-05-13,Amazon,1,2799,PL2-2602-3
VR902640,C100885,VA-EB-AIR,2026-05-13,Amazon,1,1799,AIR-2602-1
VR904754,C105529,VA-EB-PL1,2026-05-13,vireo.in,1,2499,PL1-2603-4
VR905379,C106655,VA-EB-PL2,2026-05-13,Amazon,1,3324,PL2-2602-2
VR907174,C108998,VA-EB-PL2,2026-05-13,vireo.in,1,3499,PL2-2601-2
VR908419,C103203,VA-HP-ST3,2026-05-13,Amazon,1,5949,ST3-2604-3
VR880067,C108151,VA-SW-NX1,2026-05-14,Flipkart,1,3999,NX1-2603-4
VR881447,C109332,VA-EB-PL1,2026-05-14,Amazon,1,2499,PL1-2603-3
VR883336,C106733,VA-HP-ST2,2026-05-14,Amazon,1,4999,ST2-2602-2
VR883832,C101237,VA-EB-PL2,2026-05-14,vireo.in,1,3149,PL2-2603-3
VR884628,C104347,VA-EB-PL2,2026-05-14,vireo.in,1,3499,PL2-2604-4
VR885941,C102153,VA-EB-PL1,2026-05-14,Amazon,1,2499,PL1-2604-1
VR888667,C107986,VA-SW-NX1,2026-05-14,vireo.in,1,3999,NX1-2601-1
VR888955,C100286,VA-EB-PL2,2026-05-14,vireo.in,2,6998,PL2-2602-3
VR889225,C103965,VA-SW-NX2,2026-05-14,Amazon,1,6174,NX2-2602-4
VR889807,C106197,VA-SW-FIT,2026-05-14,vireo.in,1,1999,FIT-2602-1
VR890220,C109357,VA-AC-CH65,2026-05-14,Amazon,2,2848,CH65-2604-2
VR892558,C109289,VA-EB-PL2,2026-05-14,Amazon,1,3499,PL2-2601-3
VR894641,C102486,VA-SW-NX2,2026-05-14,vireo.in,1,6499,NX2-2601-4
VR895123,C102258,VA-HP-ST3,2026-05-14,Amazon,1,6999,ST3-2602-2
VR895840,C106305,VA-EB-PL1,2026-05-14,vireo.in,1,1999,PL1-2604-3
VR896152,C100666,VA-AC-CASE,2026-05-14,vireo.in,1,1039,CASE-2602-1
VR898878,C107650,VA-SW-NX1,2026-05-14,vireo.in,1,4249,NX1-2604-4
VR899028,C107223,VA-EB-PL2,2026-05-14,Amazon,1,3499,PL2-2604-4
VR899867,C101976,VA-SP-MINI,2026-05-14,vireo.in,2,4748,MINI-2604-4
VR899948,C106528,VA-EB-PL2,2026-05-14,Flipkart,1,3324,PL2-2604-1
VR902103,C104973,VA-NB-ARC,2026-05-14,vireo.in,1,1039,ARC-2604-2
VR902313,C103156,VA-SW-FIT,2026-05-14,Amazon,1,1999,FIT-2602-1
VR904907,C107341,VA-SW-NX2,2026-05-14,vireo.in,1,5849,NX2-2603-3
VR906159,C108452,VA-EB-PL2,2026-05-14,vireo.in,1,3499,PL2-2603-4
VR906450,C105599,VA-EB-AIR,2026-05-14,Amazon,1,1619,AIR-2602-1
VR906965,C109270,VA-SW-NX2,2026-05-14,Amazon,1,5849,NX2-2603-2
VR907933,C100547,VA-SW-NX2,2026-05-14,Flipkart,1,6499,NX2-2604-2
VR907947,C106475,VA-SW-FIT,2026-05-14,vireo.in,1,1899,FIT-2604-2
VR909460,C105163,VA-HP-ST3,2026-05-14,vireo.in,1,6649,ST3-2603-2
VR880666,C104077,VA-EB-PL2,2026-05-15,vireo.in,1,3149,PL2-2602-3
VR881019,C109243,VA-HP-ST3,2026-05-15,vireo.in,1,6999,ST3-2602-2
VR881033,C104356,VA-SW-NX2,2026-05-15,vireo.in,1,5199,NX2-2604-4
VR881354,C100738,VA-EB-PL2,2026-05-15,Flipkart,1,3499,PL2-2603-4
VR881972,C106673,VA-EB-PL2,2026-05-15,Amazon,1,3499,PL2-2602-3
VR882716,C107842,VA-EB-PL2,2026-05-15,Amazon,1,3149,PL2-2603-3
VR884100,C101300,VA-EB-PL2,2026-05-15,Amazon,1,3324,PL2-2603-3
VR885444,C105460,VA-EB-PL2,2026-05-15,vireo.in,2,5598,PL2-2602-2
VR886873,C107910,VA-SW-FIT,2026-05-15,vireo.in,1,1899,FIT-2603-4
VR886978,C109218,VA-EB-PL2,2026-05-15,vireo.in,1,3499,PL2-2604-2
VR888384,C103764,VA-EB-AIR,2026-05-15,vireo.in,1,1619,AIR-2603-4
VR889640,C100503,VA-EB-PL2,2026-05-15,Amazon,1,2974,PL2-2602-1
VR893043,C100418,VA-HP-ST3,2026-05-15,Amazon,1,6999,ST3-2603-4
VR894049,C106214,VA-HP-ST3,2026-05-15,vireo.in,1,5949,ST3-2601-1
VR895089,C102391,VA-HP-ST2,2026-05-15,Flipkart,1,4999,ST2-2603-2
VR895389,C108356,VA-SW-NX2,2026-05-15,vireo.in,2,12998,NX2-2603-4
VR895987,C102567,VA-EB-AIR,2026-05-15,Amazon,1,1619,AIR-2602-4
VR896600,C106613,VA-AC-CBL,2026-05-15,vireo.in,1,399,CBL-2604-4
VR897201,C107391,VA-SW-FIT,2026-05-15,Amazon,2,3198,FIT-2602-1
VR897743,C108420,VA-EB-PL1,2026-05-15,vireo.in,1,2499,PL1-2601-1
VR898095,C107908,VA-EB-PL2,2026-05-15,Amazon,1,3499,PL2-2602-2
VR900781,C102643,VA-HP-ST3,2026-05-15,Flipkart,1,6999,ST3-2603-4
VR902185,C109024,VA-AC-CASE,2026-05-15,vireo.in,1,1299,CASE-2602-2
VR904665,C104106,VA-AC-CH65,2026-05-15,Amazon,1,1499,CH65-2604-3
VR905107,C102878,VA-EB-PL2,2026-05-15,vireo.in,1,3499,PL2-2602-4
VR906194,C107566,VA-EB-PL2,2026-05-15,vireo.in,1,3324,PL2-2602-3
VR907419,C109064,VA-SP-MINI,2026-05-15,vireo.in,1,1999,MINI-2603-1
VR908736,C108636,VA-EB-PL2,2026-05-15,vireo.in,1,3149,PL2-2604-2
VR908772,C105770,VA-EB-PL2,2026-05-15,vireo.in,1,2974,PL2-2604-1
VR880320,C104885,VA-EB-PL2,2026-05-16,Amazon,1,3324,PL2-2603-4
VR880687,C107296,VA-SW-NX2,2026-05-16,vireo.in,1,5199,NX2-2603-1
VR880807,C102517,VA-SW-FIT,2026-05-16,Amazon,1,1799,FIT-2603-1
VR882817,C107750,VA-EB-PL2,2026-05-16,Flipkart,1,2799,PL2-2602-2
VR883271,C108463,VA-EB-PL2,2026-05-16,Amazon,1,3499,PL2-2603-1
VR884424,C107976,VA-EB-PL2,2026-05-16,vireo.in,1,3324,PL2-2603-1
VR886218,C104183,VA-SW-NX2,2026-05-16,vireo.in,1,6174,NX2-2603-1
VR890703,C101420,VA-EB-PL2,2026-05-16,vireo.in,1,3499,PL2-2602-2
VR891190,C103544,VA-SW-NX1,2026-05-16,Flipkart,1,4999,NX1-2602-4
VR891441,C101961,VA-AC-CH65,2026-05-16,Amazon,1,1274,CH65-2602-1
VR892324,C107591,VA-EB-PL2,2026-05-16,vireo.in,1,3499,PL2-2604-1
VR895410,C108277,VA-EB-AIR,2026-05-16,vireo.in,2,3418,AIR-2604-2
VR895926,C107629,VA-SW-NX2,2026-05-16,vireo.in,1,6499,NX2-2603-2
VR898394,C101026,VA-EB-PL1,2026-05-16,Flipkart,1,2374,PL1-2603-3
VR898729,C102758,VA-SW-NX2,2026-05-16,Amazon,1,5849,NX2-2604-4
VR900209,C100523,VA-AC-CASE,2026-05-16,vireo.in,2,2598,CASE-2603-1
VR901115,C104595,VA-SW-NX2,2026-05-16,Amazon,1,6499,NX2-2604-1
VR901395,C105131,VA-EB-PL2,2026-05-16,vireo.in,1,3499,PL2-2604-3
VR901488,C103487,VA-EB-PL2,2026-05-16,vireo.in,1,2974,PL2-2602-2
VR901857,C102557,VA-EB-PL2,2026-05-16,Flipkart,1,3499,PL2-2604-2
VR901992,C103856,VA-EB-AIR,2026-05-16,vireo.in,1,1439,AIR-2603-2
VR902633,C107558,VA-SP-MINI,2026-05-16,Flipkart,1,2499,MINI-2604-1
VR902731,C108182,VA-EB-PL2,2026-05-16,vireo.in,1,3149,PL2-2602-4
VR903068,C101928,VA-EB-PL2,2026-05-16,Amazon,1,3324,PL2-2602-4
VR903114,C107794,VA-HP-ST2,2026-05-16,Flipkart,1,3999,ST2-2602-1
VR903947,C100320,VA-SP-ORB,2026-05-16,vireo.in,2,11998,ORB-2604-3
VR904634,C105858,VA-SP-ORB,2026-05-16,Amazon,1,5699,ORB-2603-1
VR908062,C104001,VA-SW-NX2,2026-05-16,Amazon,1,5849,NX2-2603-1
VR908517,C108976,VA-EB-PL2,2026-05-16,Amazon,1,3149,PL2-2601-1
VR909165,C100981,VA-SW-FIT,2026-05-16,Flipkart,1,1799,FIT-2604-2
VR880499,C106336,VA-HP-ST2,2026-05-17,vireo.in,1,4999,ST2-2603-3
VR880529,C108716,VA-EB-PL1,2026-05-17,Amazon,1,2249,PL1-2602-4
VR881226,C105263,VA-EB-PL2,2026-05-17,Flipkart,1,3324,PL2-2603-3
VR881970,C103328,VA-AC-CBL,2026-05-17,vireo.in,1,379,CBL-2603-4
VR884134,C104811,VA-SW-NX1,2026-05-17,Amazon,1,4499,NX1-2602-2
VR886530,C107766,VA-SW-NX2,2026-05-17,vireo.in,1,6499,NX2-2603-4
VR887322,C100843,VA-EB-PL1,2026-05-17,Flipkart,1,2249,PL1-2604-3
VR889425,C103312,VA-AC-CASE,2026-05-17,Amazon,1,1104,CASE-2604-1
VR889761,C101491,VA-SW-NX2,2026-05-17,vireo.in,1,5199,NX2-2602-3
VR892476,C104536,VA-EB-PL2,2026-05-17,vireo.in,1,3499,PL2-2603-3
VR892765,C100540,VA-EB-PL2,2026-05-17,vireo.in,1,3499,PL2-2602-3
VR892887,C107196,VA-SP-ORB,2026-05-17,vireo.in,1,5999,ORB-2604-2
VR893849,C106560,VA-EB-PL2,2026-05-17,vireo.in,1,3149,PL2-2602-3
VR894522,C105980,VA-SP-MINI,2026-05-17,vireo.in,1,2499,MINI-2603-1
VR894549,C101812,VA-NB-ARC,2026-05-17,vireo.in,1,1299,ARC-2602-3
VR895047,C105417,VA-SP-ORB,2026-05-17,vireo.in,1,4799,ORB-2602-2
VR896493,C106018,VA-EB-PL2,2026-05-17,vireo.in,2,5948,PL2-2603-1
VR899554,C101824,VA-EB-PL2,2026-05-17,Amazon,1,3499,PL2-2602-4
VR899761,C108364,VA-SP-MINI,2026-05-17,Amazon,1,2499,MINI-2602-3
VR900931,C103624,VA-EB-PL2,2026-05-17,Flipkart,1,2799,PL2-2601-3
VR901551,C106197,VA-EB-PL2,2026-05-17,Amazon,1,2974,PL2-2603-1
VR903572,C100310,VA-EB-PL2,2026-05-17,vireo.in,1,2974,PL2-2602-3
VR904082,C107343,VA-EB-PL2,2026-05-17,vireo.in,1,3499,PL2-2604-1
VR881206,C102165,VA-HP-ST3,2026-05-18,vireo.in,1,6999,ST3-2603-4
VR882551,C104715,VA-HP-ST2,2026-05-18,Amazon,1,3999,ST2-2604-2
VR884299,C107380,VA-AC-CASE,2026-05-18,Amazon,1,1039,CASE-2601-2
VR886440,C102404,VA-HP-ST2,2026-05-18,vireo.in,1,4999,ST2-2604-2
VR887676,C108300,VA-NB-ARC,2026-05-18,Amazon,1,1299,ARC-2604-2
VR888173,C108195,VA-HP-ST2,2026-05-18,vireo.in,1,4249,ST2-2603-1
VR889778,C106019,VA-EB-PL1,2026-05-18,Flipkart,1,2124,PL1-2601-1
VR893316,C102435,VA-EB-PL2,2026-05-18,vireo.in,1,3324,PL2-2603-2
VR894310,C107917,VA-SW-NX2,2026-05-18,vireo.in,1,6499,NX2-2602-1
VR898662,C104417,VA-HP-ST3,2026-05-18,Flipkart,1,5599,ST3-2603-2
VR900339,C100019,VA-SW-NX2,2026-05-18,vireo.in,1,5199,NX2-2604-1
VR900601,C102275,VA-HP-ST3,2026-05-18,vireo.in,1,5949,ST3-2604-4
VR901797,C103834,VA-EB-AIR,2026-05-18,vireo.in,2,3238,AIR-2603-1
VR902587,C106657,VA-SW-NX2,2026-05-18,vireo.in,1,6499,NX2-2602-1
VR902814,C100765,VA-SW-NX2,2026-05-18,Amazon,1,6174,NX2-2603-2
VR903018,C104788,VA-EB-PL1,2026-05-18,vireo.in,1,2499,PL1-2602-3
VR903031,C106096,VA-HP-ST2,2026-05-18,vireo.in,1,4999,ST2-2602-3
VR904149,C106899,VA-SW-NX1,2026-05-18,Flipkart,1,4999,NX1-2603-1
VR904317,C103322,VA-EB-PL2,2026-05-18,vireo.in,1,3499,PL2-2603-1
VR905013,C104561,VA-EB-AIR,2026-05-18,Amazon,1,1529,AIR-2603-1
VR905682,C100051,VA-EB-PL2,2026-05-18,vireo.in,1,3499,PL2-2604-1
VR906790,C106577,VA-EB-PL2,2026-05-18,vireo.in,1,3149,PL2-2602-3
VR907921,C103783,VA-EB-PL2,2026-05-18,vireo.in,2,6998,PL2-2602-1
VR909798,C104198,VA-EB-PL2,2026-05-18,vireo.in,1,3499,PL2-2604-4
VR883004,C102685,VA-SP-MINI,2026-05-19,vireo.in,1,2249,MINI-2603-4
VR883390,C108783,VA-HP-ST3,2026-05-19,vireo.in,1,6299,ST3-2603-4
VR883561,C106271,VA-SP-MINI,2026-05-19,Amazon,1,2499,MINI-2604-3
VR883650,C103008,VA-HP-ST2,2026-05-19,Amazon,1,4999,ST2-2602-4
VR884041,C108030,VA-EB-PL2,2026-05-19,vireo.in,1,2799,PL2-2603-4
VR884897,C109290,VA-EB-PL2,2026-05-19,vireo.in,1,3499,PL2-2604-1
VR885401,C105109,VA-EB-AIR,2026-05-19,Amazon,1,1439,AIR-2604-3
VR886543,C100077,VA-EB-PL1,2026-05-19,vireo.in,1,2374,PL1-2603-1
VR888759,C103641,VA-HP-ST2,2026-05-19,Flipkart,1,4999,ST2-2604-1
VR890406,C105357,VA-EB-PL2,2026-05-19,Amazon,1,2974,PL2-2603-4
VR890466,C100166,VA-HP-ST2,2026-05-19,vireo.in,1,4749,ST2-2602-1
VR890654,C106973,VA-EB-PL2,2026-05-19,vireo.in,1,3499,PL2-2602-1
VR891311,C101098,VA-EB-PL1,2026-05-19,vireo.in,1,2374,PL1-2604-2
VR891496,C100379,VA-EB-PL2,2026-05-19,vireo.in,1,3149,PL2-2603-1
VR892137,C103368,VA-EB-PL2,2026-05-19,vireo.in,1,3149,PL2-2604-2
VR893634,C104800,VA-EB-PL2,2026-05-19,vireo.in,1,2799,PL2-2602-1
VR897279,C107525,VA-EB-PL2,2026-05-19,Flipkart,1,3499,PL2-2603-2
VR897547,C104336,VA-AC-CASE,2026-05-19,vireo.in,1,1299,CASE-2604-3
VR898437,C109299,VA-EB-PL2,2026-05-19,Amazon,1,3499,PL2-2601-4
VR900224,C106759,VA-EB-PL2,2026-05-19,Amazon,1,3499,PL2-2603-2
VR900637,C104416,VA-NB-ARC,2026-05-19,Amazon,2,2598,ARC-2602-2
VR901624,C103363,VA-EB-AIR,2026-05-19,vireo.in,1,1529,AIR-2602-2
VR902139,C106303,VA-EB-PL2,2026-05-19,vireo.in,1,2974,PL2-2603-1
VR903212,C102611,VA-SW-NX2,2026-05-19,vireo.in,1,5199,NX2-2602-4
VR906549,C106161,VA-EB-PL2,2026-05-19,vireo.in,1,3499,PL2-2603-1
VR906819,C103922,VA-EB-PL2,2026-05-19,vireo.in,1,3324,PL2-2603-4
VR909125,C103660,VA-EB-PL1,2026-05-19,vireo.in,1,2499,PL1-2603-3
VR909523,C104472,VA-EB-PL2,2026-05-19,vireo.in,1,3149,PL2-2603-2
VR880472,C107810,VA-AC-CH65,2026-05-20,vireo.in,1,1499,CH65-2604-3
VR881172,C100249,VA-HP-ST3,2026-05-20,vireo.in,1,6299,ST3-2603-1
VR882281,C105850,VA-SW-NX2,2026-05-20,vireo.in,1,6499,NX2-2604-3
VR883893,C105748,VA-EB-PL2,2026-05-20,Flipkart,1,3499,PL2-2602-1
VR885192,C106893,VA-EB-PL2,2026-05-20,vireo.in,1,2974,PL2-2603-3
VR885866,C100061,VA-NB-ARC,2026-05-20,vireo.in,1,1039,ARC-2604-4
VR888730,C108020,VA-EB-PL1,2026-05-20,vireo.in,1,2499,PL1-2604-1
VR890267,C105192,VA-NB-ARC,2026-05-20,vireo.in,2,2078,ARC-2603-2
VR891595,C100918,VA-NB-ARC,2026-05-20,vireo.in,1,1169,ARC-2604-2
VR891917,C104747,VA-EB-PL2,2026-05-20,Flipkart,1,2799,PL2-2602-3
VR893035,C108081,VA-SW-FIT,2026-05-20,vireo.in,1,1999,FIT-2602-4
VR893165,C105201,VA-SP-MINI,2026-05-20,vireo.in,1,2499,MINI-2603-3
VR895091,C105137,VA-SP-ORB,2026-05-20,vireo.in,1,5999,ORB-2603-1
VR897361,C101249,VA-EB-PL2,2026-05-20,vireo.in,1,2974,PL2-2604-4
VR897885,C106999,VA-EB-PL1,2026-05-20,vireo.in,1,2499,PL1-2604-1
VR898179,C102032,VA-AC-CASE,2026-05-20,Flipkart,1,1169,CASE-2602-2
VR898717,C107979,VA-SP-ORB,2026-05-20,Amazon,1,5999,ORB-2604-2
VR901790,C108810,VA-NB-ARC,2026-05-20,vireo.in,1,1039,ARC-2602-2
VR903264,C104704,VA-EB-PL2,2026-05-20,vireo.in,1,3499,PL2-2603-1
VR905385,C104194,VA-EB-AIR,2026-05-20,vireo.in,2,3598,AIR-2604-3
VR906074,C106494,VA-SW-NX2,2026-05-20,Flipkart,1,5524,NX2-2602-1
VR907829,C104738,VA-EB-PL1,2026-05-20,vireo.in,1,2499,PL1-2603-2
VR907998,C108782,VA-EB-PL2,2026-05-20,Flipkart,1,3499,PL2-2601-4
VR908479,C101298,VA-SW-NX2,2026-05-20,vireo.in,1,6499,NX2-2604-3
VR908804,C109073,VA-EB-PL2,2026-05-20,vireo.in,2,6998,PL2-2602-2
VR909256,C102802,VA-EB-PL2,2026-05-20,vireo.in,1,2799,PL2-2603-3
VR880457,C106046,VA-HP-ST3,2026-05-21,Amazon,1,6999,ST3-2604-3
VR880973,C101833,VA-NB-ARC,2026-05-21,vireo.in,1,1104,ARC-2602-1
VR881700,C101093,VA-EB-PL2,2026-05-21,vireo.in,1,3499,PL2-2604-2
VR882538,C106412,VA-AC-CASE,2026-05-21,vireo.in,1,1234,CASE-2602-3
VR882913,C109149,VA-AC-CASE,2026-05-21,Flipkart,1,1299,CASE-2603-2
VR883857,C106178,VA-EB-PL2,2026-05-21,vireo.in,1,2974,PL2-2602-3
VR885108,C103824,VA-NB-ARC,2026-05-21,Amazon,1,1299,ARC-2604-4
VR886035,C104286,VA-HP-ST3,2026-05-21,Amazon,1,6999,ST3-2602-1
VR887615,C107516,VA-HP-ST3,2026-05-21,vireo.in,1,6999,ST3-2604-1
VR888910,C102657,VA-NB-ARC,2026-05-21,Flipkart,1,1299,ARC-2604-2
VR889707,C105441,VA-SW-NX2,2026-05-21,vireo.in,1,6499,NX2-2602-4
VR890503,C105529,VA-EB-AIR,2026-05-21,Flipkart,1,1799,AIR-2602-2
VR891855,C107293,VA-EB-PL1,2026-05-21,vireo.in,1,2124,PL1-2603-4
VR892152,C105820,VA-EB-PL1,2026-05-21,vireo.in,1,2374,PL1-2603-3
VR892327,C100074,VA-SW-NX2,2026-05-21,Amazon,1,5199,NX2-2602-4
VR892636,C102714,VA-EB-PL2,2026-05-21,Amazon,1,3499,PL2-2603-3
VR893577,C100067,VA-SP-MINI,2026-05-21,Amazon,1,2499,MINI-2602-2
VR894794,C100295,VA-EB-AIR,2026-05-21,Amazon,1,1799,AIR-2602-4
VR896190,C101642,VA-EB-PL2,2026-05-21,vireo.in,1,3499,PL2-2604-3
VR896292,C108279,VA-HP-ST2,2026-05-21,vireo.in,1,4999,ST2-2602-4
VR896321,C101109,VA-EB-PL1,2026-05-21,vireo.in,1,2124,PL1-2604-3
VR897739,C107766,VA-HP-ST3,2026-05-21,Amazon,2,11198,ST3-2604-4
VR899897,C107105,VA-NB-ARC,2026-05-21,Amazon,1,1299,ARC-2603-4
VR902852,C106710,VA-NB-ARC,2026-05-21,Flipkart,1,1299,ARC-2603-4
VR904593,C100193,VA-NB-ARC,2026-05-21,Amazon,1,1299,ARC-2603-3
VR905576,C103960,VA-HP-ST3,2026-05-21,Amazon,1,6999,ST3-2604-2
VR906556,C105518,VA-EB-AIR,2026-05-21,vireo.in,1,1439,AIR-2602-3
VR907380,C102381,VA-SW-NX2,2026-05-21,vireo.in,1,6499,NX2-2603-3
VR908719,C101267,VA-SW-NX1,2026-05-21,Amazon,1,3999,NX1-2602-3
VR909382,C105952,VA-EB-PL1,2026-05-21,Flipkart,1,1999,PL1-2602-4
VR909779,C108623,VA-HP-ST2,2026-05-21,vireo.in,1,4749,ST2-2604-3
VR880516,C106883,VA-EB-PL2,2026-05-22,vireo.in,1,3499,PL2-2603-4
VR881098,C100552,VA-SW-FIT,2026-05-22,Flipkart,1,1599,FIT-2602-3
VR881626,C101489,VA-SP-MINI,2026-05-22,vireo.in,1,1999,MINI-2602-2
VR881840,C104817,VA-EB-PL2,2026-05-22,Flipkart,1,2974,PL2-2602-1
VR885826,C101985,VA-SP-MINI,2026-05-22,vireo.in,1,2249,MINI-2603-3
VR888782,C108810,VA-EB-PL1,2026-05-22,Flipkart,1,2499,PL1-2604-2
VR888837,C105399,VA-EB-AIR,2026-05-22,vireo.in,1,1619,AIR-2602-3
VR888913,C104225,VA-AC-CH65,2026-05-22,vireo.in,1,1499,CH65-2604-1
VR891271,C100432,VA-EB-PL2,2026-05-22,vireo.in,1,3499,PL2-2604-3
VR892555,C104587,VA-EB-PL2,2026-05-22,vireo.in,1,3499,PL2-2604-3
VR892663,C100903,VA-EB-PL2,2026-05-22,Flipkart,1,2799,PL2-2604-1
VR892705,C109177,VA-HP-ST2,2026-05-22,vireo.in,1,4999,ST2-2603-2
VR893384,C109493,VA-EB-PL2,2026-05-22,Flipkart,1,3499,PL2-2604-2
VR893662,C109423,VA-EB-PL2,2026-05-22,Amazon,1,3499,PL2-2604-3
VR894782,C106501,VA-EB-PL1,2026-05-22,vireo.in,2,4998,PL1-2604-2
VR895025,C108554,VA-EB-PL2,2026-05-22,vireo.in,1,3149,PL2-2602-1
VR895938,C107316,VA-EB-PL2,2026-05-22,vireo.in,1,3499,PL2-2604-4
VR896135,C104870,VA-HP-ST3,2026-05-22,Flipkart,1,5599,ST3-2604-1
VR898271,C109279,VA-EB-PL2,2026-05-22,vireo.in,1,3499,PL2-2602-3
VR900892,C109106,VA-SW-NX2,2026-05-22,vireo.in,1,6499,NX2-2602-2
VR902200,C103235,VA-SW-FIT,2026-05-22,Amazon,1,1699,FIT-2602-3
VR903413,C104338,VA-SP-MINI,2026-05-22,vireo.in,1,2124,MINI-2602-2
VR905391,C103713,VA-HP-ST3,2026-05-22,vireo.in,1,5599,ST3-2604-4
VR907953,C101381,VA-SW-NX1,2026-05-22,vireo.in,1,4499,NX1-2602-3
VR909687,C101206,VA-EB-PL2,2026-05-22,vireo.in,1,2974,PL2-2604-1
VR909918,C105428,VA-EB-PL2,2026-05-22,vireo.in,1,3499,PL2-2603-3
VR880268,C108601,VA-EB-PL2,2026-05-23,Amazon,1,2974,PL2-2604-4
VR881146,C103090,VA-EB-PL2,2026-05-23,vireo.in,1,3324,PL2-2604-3
VR881637,C108206,VA-EB-PL2,2026-05-23,Amazon,1,3499,PL2-2603-2
VR884975,C100266,VA-AC-CASE,2026-05-23,Amazon,1,1299,CASE-2602-3
VR885146,C108723,VA-EB-PL1,2026-05-23,Amazon,1,2124,PL1-2602-2
VR887310,C104361,VA-NB-ARC,2026-05-23,Amazon,1,1299,ARC-2603-2
VR887367,C108893,VA-SW-NX2,2026-05-23,Amazon,1,5849,NX2-2603-2
VR888106,C105983,VA-EB-PL1,2026-05-23,Amazon,1,2124,PL1-2604-2
VR892227,C102855,VA-EB-PL1,2026-05-23,Amazon,2,3998,PL1-2603-2
VR893853,C103259,VA-EB-AIR,2026-05-23,Amazon,2,3598,AIR-2602-4
VR893864,C105987,VA-EB-PL2,2026-05-23,vireo.in,1,3324,PL2-2602-3
VR895015,C102447,VA-EB-PL2,2026-05-23,Amazon,1,3499,PL2-2603-3
VR895887,C101901,VA-EB-PL2,2026-05-23,vireo.in,1,2974,PL2-2603-3
VR896123,C107605,VA-SW-NX2,2026-05-23,Amazon,1,5524,NX2-2604-1
VR896669,C107927,VA-HP-ST3,2026-05-23,Amazon,1,6649,ST3-2604-3
VR896731,C101226,VA-EB-PL2,2026-05-23,Amazon,1,2799,PL2-2603-2
VR899640,C103993,VA-EB-PL2,2026-05-23,Amazon,1,3499,PL2-2603-4
VR899880,C100117,VA-SP-MINI,2026-05-23,vireo.in,1,2499,MINI-2604-2
VR900485,C101932,VA-EB-PL2,2026-05-23,Flipkart,1,3149,PL2-2603-1
VR902049,C103403,VA-SW-NX1,2026-05-23,Amazon,1,4999,NX1-2603-2
VR903651,C107988,VA-EB-PL2,2026-05-23,vireo.in,1,3324,PL2-2604-2
VR903736,C103420,VA-HP-ST2,2026-05-23,vireo.in,1,3999,ST2-2604-2
VR905831,C106098,VA-EB-PL2,2026-05-23,Amazon,1,2799,PL2-2602-1
VR905940,C102418,VA-EB-PL2,2026-05-23,Amazon,1,3149,PL2-2602-2
VR906762,C101360,VA-HP-ST2,2026-05-23,vireo.in,1,4749,ST2-2602-4
VR907016,C107686,VA-AC-CASE,2026-05-23,Flipkart,1,1039,CASE-2604-3
VR908336,C103057,VA-EB-AIR,2026-05-23,vireo.in,1,1799,AIR-2603-4
VR909534,C102238,VA-AC-CASE,2026-05-23,vireo.in,1,1039,CASE-2602-3
VR881781,C102503,VA-EB-PL1,2026-05-24,Flipkart,1,2499,PL1-2604-3
VR884504,C108074,VA-EB-PL2,2026-05-24,vireo.in,1,2974,PL2-2603-4
VR884528,C106353,VA-SW-NX2,2026-05-24,vireo.in,1,6499,NX2-2605-1
VR885546,C104107,VA-EB-PL2,2026-05-24,Amazon,1,3499,PL2-2602-3
VR886298,C105831,VA-SW-NX1,2026-05-24,Amazon,1,4999,NX1-2602-3
VR889430,C109488,VA-EB-PL1,2026-05-24,vireo.in,1,2499,PL1-2604-1
VR890328,C101834,VA-EB-PL2,2026-05-24,vireo.in,1,3499,PL2-2604-4
VR891062,C105136,VA-EB-PL1,2026-05-24,Flipkart,1,2499,PL1-2603-4
VR896184,C101901,VA-EB-PL2,2026-05-24,Flipkart,1,3499,PL2-2604-1
VR897940,C101563,VA-EB-PL2,2026-05-24,Amazon,1,3149,PL2-2603-2
VR898821,C106962,VA-AC-CASE,2026-05-24,vireo.in,1,1039,CASE-2604-2
VR899389,C105531,VA-SW-NX1,2026-05-24,vireo.in,1,4749,NX1-2602-4
VR899620,C107112,VA-SW-FIT,2026-05-24,vireo.in,1,1899,FIT-2605-4
VR900421,C106867,VA-SP-MINI,2026-05-24,Flipkart,2,4998,MINI-2604-4
VR901481,C106339,VA-EB-PL1,2026-05-24,Flipkart,1,2249,PL1-2605-4
VR903428,C102067,VA-SW-FIT,2026-05-24,vireo.in,1,1699,FIT-2603-4
VR906309,C104864,VA-EB-PL2,2026-05-24,Flipkart,1,3149,PL2-2602-2
VR907193,C107254,VA-AC-CH65,2026-05-24,vireo.in,2,2998,CH65-2603-1
VR908148,C107625,VA-SP-ORB,2026-05-24,vireo.in,1,5399,ORB-2602-4
VR908310,C108994,VA-HP-ST2,2026-05-24,vireo.in,1,4999,ST2-2605-3
VR880445,C102669,VA-EB-PL2,2026-05-25,vireo.in,1,2974,PL2-2604-4
VR880795,C108176,VA-SP-MINI,2026-05-25,Amazon,1,2499,MINI-2602-2
VR880816,C107622,VA-SW-FIT,2026-05-25,vireo.in,1,1999,FIT-2602-4
VR881585,C102892,VA-EB-PL2,2026-05-25,vireo.in,1,2974,PL2-2602-4
VR881647,C108962,VA-EB-PL2,2026-05-25,vireo.in,1,3324,PL2-2604-2
VR882920,C106665,VA-AC-CASE,2026-05-25,vireo.in,1,1299,CASE-2604-1
VR885260,C106812,VA-SW-FIT,2026-05-25,Amazon,1,1599,FIT-2602-2
VR885672,C103561,VA-EB-AIR,2026-05-25,vireo.in,2,3598,AIR-2602-4
VR886558,C100513,VA-EB-PL2,2026-05-25,Amazon,1,2799,PL2-2603-2
VR887901,C108781,VA-SW-FIT,2026-05-25,Amazon,1,1999,FIT-2603-2
VR890085,C101114,VA-SW-FIT,2026-05-25,Amazon,1,1799,FIT-2604-1
VR891075,C101283,VA-EB-PL1,2026-05-25,vireo.in,1,2124,PL1-2604-4
VR892736,C100426,VA-SP-MINI,2026-05-25,vireo.in,1,2374,MINI-2602-1
VR895255,C101835,VA-EB-PL2,2026-05-25,vireo.in,1,2974,PL2-2602-3
VR895630,C104972,VA-EB-PL1,2026-05-25,vireo.in,1,2499,PL1-2604-4
VR895693,C109123,VA-EB-PL2,2026-05-25,Amazon,1,2974,PL2-2603-3
VR897004,C108438,VA-AC-CH65,2026-05-25,vireo.in,1,1274,CH65-2603-2
VR898672,C104387,VA-EB-PL1,2026-05-25,vireo.in,1,2499,PL1-2602-1
VR902725,C107180,VA-EB-PL2,2026-05-25,Flipkart,1,3324,PL2-2604-2
VR903920,C102319,VA-EB-PL2,2026-05-25,Amazon,1,2974,PL2-2603-2
VR904345,C100560,VA-SP-ORB,2026-05-25,Flipkart,1,4799,ORB-2604-2
VR905309,C102982,VA-SP-ORB,2026-05-25,Amazon,1,5999,ORB-2604-1
VR906680,C108580,VA-NB-ARC,2026-05-25,Amazon,1,1169,ARC-2604-1
VR907422,C100533,VA-EB-AIR,2026-05-25,vireo.in,1,1799,AIR-2603-2
VR907454,C109421,VA-EB-AIR,2026-05-25,Amazon,1,1709,AIR-2603-4
VR908258,C102604,VA-EB-PL2,2026-05-25,vireo.in,1,3149,PL2-2604-4
VR909484,C106777,VA-HP-ST3,2026-05-25,vireo.in,1,5599,ST3-2602-1
VR910110,C105979,VA-EB-PL2,2026-05-25,Amazon,1,2799,PL2-2602-4
VR883219,C100169,VA-SW-NX1,2026-05-26,Flipkart,1,4749,NX1-2602-2
VR883882,C102305,VA-EB-PL2,2026-05-26,Flipkart,1,3149,PL2-2604-1
VR884973,C103024,VA-EB-PL2,2026-05-26,vireo.in,1,3499,PL2-2602-2
VR885321,C103722,VA-EB-PL2,2026-05-26,vireo.in,1,3149,PL2-2604-3
VR885661,C102195,VA-SP-MINI,2026-05-26,vireo.in,1,2124,MINI-2602-4
VR889286,C100088,VA-SW-FIT,2026-05-26,Flipkart,2,3198,FIT-2604-3
VR889826,C107342,VA-EB-AIR,2026-05-26,vireo.in,1,1709,AIR-2604-1
VR893385,C108427,VA-EB-PL2,2026-05-26,Amazon,1,3499,PL2-2603-4
VR893457,C108984,VA-EB-PL2,2026-05-26,Flipkart,1,3499,PL2-2602-2
VR895429,C104828,VA-SP-ORB,2026-05-26,Amazon,1,5999,ORB-2603-1
VR896215,C106182,VA-SW-NX2,2026-05-26,vireo.in,1,5199,NX2-2603-1
VR897027,C107441,VA-AC-CASE,2026-05-26,vireo.in,1,1234,CASE-2603-1
VR900341,C101819,VA-SW-FIT,2026-05-26,Amazon,1,1999,FIT-2603-1
VR901345,C102351,VA-EB-PL2,2026-05-26,vireo.in,1,3324,PL2-2604-1
VR902270,C100354,VA-EB-PL2,2026-05-26,vireo.in,2,6648,PL2-2602-3
VR902550,C101210,VA-EB-PL2,2026-05-26,vireo.in,1,3499,PL2-2603-3
VR903903,C101419,VA-EB-PL2,2026-05-26,vireo.in,1,3324,PL2-2602-1
VR908498,C100829,VA-AC-CH65,2026-05-26,Amazon,1,1349,CH65-2603-4
VR909316,C100149,VA-EB-PL2,2026-05-26,Amazon,1,2974,PL2-2603-3
VR909424,C102812,VA-HP-ST3,2026-05-26,vireo.in,1,5599,ST3-2602-2
VR909449,C102548,VA-EB-PL2,2026-05-26,Amazon,1,2799,PL2-2603-2
VR880326,C100875,VA-EB-PL2,2026-05-27,Amazon,1,3499,PL2-2603-3
VR881594,C107309,VA-EB-PL1,2026-05-27,Amazon,1,2499,PL1-2605-2
VR881679,C102257,VA-EB-PL2,2026-05-27,Flipkart,1,3499,PL2-2603-4
VR882869,C102409,VA-EB-PL1,2026-05-27,vireo.in,1,2499,PL1-2604-2
VR883293,C107199,VA-HP-ST2,2026-05-27,vireo.in,1,4999,ST2-2605-3
VR884272,C104916,VA-EB-PL2,2026-05-27,vireo.in,1,3324,PL2-2602-3
VR884356,C106784,VA-SW-NX2,2026-05-27,Amazon,1,5849,NX2-2604-2
VR885222,C107357,VA-SW-FIT,2026-05-27,Flipkart,1,1799,FIT-2604-2
VR885848,C105366,VA-EB-PL1,2026-05-27,Amazon,1,2499,PL1-2604-1
VR886424,C100975,VA-EB-AIR,2026-05-27,vireo.in,1,1799,AIR-2603-2
VR886931,C106192,VA-EB-PL2,2026-05-27,vireo.in,1,2799,PL2-2602-3
VR888143,C104760,VA-NB-ARC,2026-05-27,Flipkart,1,1039,ARC-2605-4
VR889666,C107110,VA-SW-NX2,2026-05-27,Flipkart,1,6499,NX2-2602-1
VR890700,C102945,VA-AC-CH65,2026-05-27,vireo.in,1,1499,CH65-2604-3
VR890760,C109251,VA-SP-MINI,2026-05-27,Amazon,1,2249,MINI-2604-3
VR893748,C105793,VA-EB-PL2,2026-05-27,vireo.in,1,3499,PL2-2603-4
VR893893,C108915,VA-EB-PL2,2026-05-27,vireo.in,1,3499,PL2-2604-3
VR894168,C103563,VA-EB-PL1,2026-05-27,vireo.in,1,2124,PL1-2604-1
VR894205,C103566,VA-HP-ST2,2026-05-27,Amazon,1,4999,ST2-2603-3
VR895763,C102916,VA-EB-AIR,2026-05-27,Flipkart,1,1799,AIR-2602-4
VR896165,C100817,VA-EB-PL2,2026-05-27,vireo.in,2,5598,PL2-2604-2
VR896894,C107546,VA-EB-PL1,2026-05-27,Amazon,1,2374,PL1-2602-3
VR896932,C109332,VA-EB-AIR,2026-05-27,vireo.in,1,1709,AIR-2604-2
VR900298,C106921,VA-SW-NX2,2026-05-27,vireo.in,1,5199,NX2-2603-1
VR900683,C105742,VA-EB-PL1,2026-05-27,vireo.in,1,2499,PL1-2604-4
VR902992,C100694,VA-SP-ORB,2026-05-27,Amazon,1,4799,ORB-2604-4
VR903897,C106157,VA-EB-PL2,2026-05-27,vireo.in,1,3149,PL2-2603-1
VR905024,C109357,VA-EB-PL2,2026-05-27,vireo.in,1,3499,PL2-2602-1
VR905057,C106470,VA-EB-PL2,2026-05-27,vireo.in,1,3499,PL2-2603-3
VR905566,C100089,VA-EB-PL2,2026-05-27,vireo.in,1,3499,PL2-2602-2
VR905621,C103139,VA-EB-PL2,2026-05-27,vireo.in,1,3499,PL2-2603-4
VR906223,C101693,VA-EB-PL1,2026-05-27,vireo.in,1,2499,PL1-2605-1
VR906814,C105741,VA-EB-PL2,2026-05-27,Flipkart,1,3149,PL2-2602-1
VR907096,C103105,VA-SP-ORB,2026-05-27,Flipkart,1,5099,ORB-2603-1
VR907626,C101732,VA-SW-FIT,2026-05-27,vireo.in,1,1999,FIT-2605-3
VR909302,C101264,VA-EB-PL2,2026-05-27,Amazon,1,2974,PL2-2604-4
VR909458,C104011,VA-SP-MINI,2026-05-27,Flipkart,1,2374,MINI-2602-4
VR909818,C102295,VA-EB-PL1,2026-05-27,vireo.in,1,2374,PL1-2603-4
VR880153,C105587,VA-HP-ST3,2026-05-28,vireo.in,1,5599,ST3-2603-1
VR880520,C105798,VA-EB-PL1,2026-05-28,vireo.in,1,2499,PL1-2602-2
VR880645,C108221,VA-EB-PL2,2026-05-28,vireo.in,1,3149,PL2-2603-3
VR887092,C106630,VA-EB-PL2,2026-05-28,vireo.in,1,2974,PL2-2603-4
VR887900,C101525,VA-SP-ORB,2026-05-28,Amazon,1,4799,ORB-2604-2
VR890134,C103050,VA-EB-PL2,2026-05-28,vireo.in,1,2799,PL2-2604-2
VR890210,C105906,VA-EB-PL1,2026-05-28,vireo.in,1,2124,PL1-2604-1
VR890580,C108587,VA-EB-PL2,2026-05-28,Flipkart,1,3499,PL2-2603-1
VR891134,C101999,VA-SW-NX2,2026-05-28,Amazon,1,6499,NX2-2604-1
VR892158,C107291,VA-HP-ST3,2026-05-28,Amazon,1,6999,ST3-2604-3
VR892222,C102058,VA-SP-MINI,2026-05-28,vireo.in,1,2374,MINI-2603-1
VR894810,C103173,VA-SW-NX2,2026-05-28,vireo.in,1,5849,NX2-2604-1
VR896590,C107582,VA-EB-PL1,2026-05-28,vireo.in,1,2499,PL1-2604-3
VR898350,C103925,VA-EB-PL2,2026-05-28,vireo.in,1,3324,PL2-2603-2
VR898418,C107900,VA-EB-PL2,2026-05-28,vireo.in,1,3499,PL2-2604-1
VR899965,C104701,VA-SP-MINI,2026-05-28,vireo.in,1,2124,MINI-2602-2
VR900422,C107462,VA-EB-PL2,2026-05-28,Amazon,1,2974,PL2-2604-1
VR902125,C103854,VA-EB-AIR,2026-05-28,Amazon,1,1799,AIR-2603-3
VR904627,C108661,VA-NB-ARC,2026-05-28,vireo.in,1,1039,ARC-2605-1
VR904959,C100111,VA-EB-PL2,2026-05-28,Amazon,1,3499,PL2-2605-1
VR905485,C102015,VA-EB-AIR,2026-05-28,vireo.in,1,1799,AIR-2604-4
VR880213,C102202,VA-SW-NX2,2026-05-29,Amazon,1,6499,NX2-2603-2
VR881485,C106158,VA-EB-PL1,2026-05-29,vireo.in,1,1999,PL1-2605-3
VR881712,C105470,VA-SW-FIT,2026-05-29,Amazon,1,1599,FIT-2603-1
VR885616,C103150,VA-SW-NX1,2026-05-29,Amazon,1,3999,NX1-2604-1
VR886083,C103170,VA-HP-ST3,2026-05-29,vireo.in,1,6999,ST3-2603-3
VR886486,C100169,VA-EB-PL2,2026-05-29,vireo.in,1,3324,PL2-2602-1
VR889046,C100677,VA-HP-ST3,2026-05-29,Amazon,1,6999,ST3-2603-2
VR890565,C107585,VA-EB-PL2,2026-05-29,vireo.in,1,3499,PL2-2604-1
VR890751,C106053,VA-SP-MINI,2026-05-29,Flipkart,2,4998,MINI-2603-3
VR891833,C100614,VA-EB-PL2,2026-05-29,vireo.in,1,2799,PL2-2603-3
VR892553,C109209,VA-EB-AIR,2026-05-29,Amazon,2,3598,AIR-2602-4
VR893095,C108692,VA-EB-AIR,2026-05-29,vireo.in,1,1439,AIR-2605-3
VR896743,C108451,VA-EB-PL2,2026-05-29,vireo.in,1,3499,PL2-2603-4
VR896843,C106775,VA-EB-PL2,2026-05-29,Amazon,1,3499,PL2-2602-1
VR898487,C103804,VA-SW-NX2,2026-05-29,vireo.in,1,5849,NX2-2602-4
VR898929,C103458,VA-EB-PL2,2026-05-29,vireo.in,1,3324,PL2-2602-4
VR900568,C105901,VA-HP-ST2,2026-05-29,Amazon,1,4999,ST2-2605-3
VR901409,C104544,VA-SW-NX1,2026-05-29,vireo.in,1,4999,NX1-2603-4
VR902844,C105003,VA-EB-PL1,2026-05-29,vireo.in,1,1999,PL1-2604-4
VR903101,C104759,VA-SP-MINI,2026-05-29,vireo.in,1,2499,MINI-2603-1
VR905179,C107444,VA-EB-AIR,2026-05-29,vireo.in,1,1799,AIR-2602-2
VR905490,C108341,VA-EB-PL1,2026-05-29,vireo.in,1,2124,PL1-2604-4
VR906553,C101256,VA-EB-PL2,2026-05-29,vireo.in,1,2799,PL2-2602-2
VR907265,C102369,VA-SW-NX2,2026-05-29,vireo.in,1,6499,NX2-2602-1
VR908411,C101130,VA-EB-PL2,2026-05-29,vireo.in,1,3499,PL2-2602-4
VR881310,C104204,VA-HP-ST2,2026-05-30,vireo.in,2,8498,ST2-2604-4
VR881597,C106578,VA-EB-PL2,2026-05-30,vireo.in,1,3324,PL2-2604-1
VR882405,C106034,VA-EB-PL2,2026-05-30,vireo.in,1,3499,PL2-2602-1
VR884214,C105730,VA-SP-MINI,2026-05-30,Flipkart,1,2124,MINI-2603-3
VR884915,C106755,VA-EB-PL2,2026-05-30,Flipkart,1,3324,PL2-2602-3
VR885645,C105956,VA-EB-PL2,2026-05-30,Amazon,1,3324,PL2-2602-3
VR888466,C107306,VA-SP-MINI,2026-05-30,vireo.in,1,2499,MINI-2604-3
VR889723,C102601,VA-EB-PL2,2026-05-30,Flipkart,1,3499,PL2-2604-2
VR892922,C106567,VA-EB-PL2,2026-05-30,Amazon,1,3499,PL2-2602-3
VR895263,C106216,VA-HP-ST3,2026-05-30,vireo.in,1,6649,ST3-2605-1
VR895811,C101612,VA-EB-PL2,2026-05-30,vireo.in,1,2799,PL2-2604-4
VR897767,C106007,VA-EB-PL2,2026-05-30,vireo.in,1,3149,PL2-2604-2
VR898807,C105046,VA-HP-ST3,2026-05-30,Flipkart,1,6999,ST3-2605-4
VR901955,C101987,VA-SW-FIT,2026-05-30,Flipkart,1,1899,FIT-2604-2
VR908502,C108670,VA-EB-PL2,2026-05-30,vireo.in,2,6998,PL2-2603-1
VR908745,C109208,VA-EB-PL2,2026-05-30,Flipkart,1,2974,PL2-2604-4
VR910033,C106777,VA-EB-PL1,2026-05-30,vireo.in,1,2499,PL1-2604-4
VR881917,C102373,VA-AC-CBL,2026-05-31,Amazon,1,399,CBL-2604-4
VR887211,C106555,VA-EB-PL2,2026-05-31,vireo.in,1,3499,PL2-2604-2
VR888666,C103678,VA-EB-PL1,2026-05-31,vireo.in,1,2499,PL1-2603-1
VR888850,C106725,VA-EB-PL1,2026-05-31,vireo.in,1,2499,PL1-2604-3
VR888928,C102830,VA-HP-ST2,2026-05-31,Amazon,1,4499,ST2-2603-4
VR892980,C105292,VA-HP-ST2,2026-05-31,Flipkart,1,4999,ST2-2602-2
VR893054,C104328,VA-EB-PL2,2026-05-31,vireo.in,1,3499,PL2-2604-2
VR893364,C108294,VA-SP-MINI,2026-05-31,Flipkart,1,2249,MINI-2603-3
VR893511,C100555,VA-SW-NX1,2026-05-31,Amazon,1,3999,NX1-2603-2
VR893512,C102977,VA-EB-PL1,2026-05-31,Amazon,1,2499,PL1-2602-3
VR895098,C109364,VA-EB-PL2,2026-05-31,vireo.in,1,3149,PL2-2602-4
VR897287,C106772,VA-AC-CBL,2026-05-31,Amazon,1,359,CBL-2602-1
VR898196,C105021,VA-SW-FIT,2026-05-31,Amazon,1,1999,FIT-2603-3
VR898492,C103266,VA-EB-PL2,2026-05-31,vireo.in,1,3499,PL2-2603-1
VR899907,C104572,VA-EB-PL2,2026-05-31,vireo.in,1,3499,PL2-2603-1
VR902413,C108650,VA-EB-AIR,2026-05-31,vireo.in,1,1439,AIR-2603-1
VR904446,C107788,VA-SP-MINI,2026-05-31,Amazon,1,2499,MINI-2604-1
VR905255,C109130,VA-EB-PL2,2026-05-31,Amazon,2,5598,PL2-2603-2
VR906045,C107314,VA-SW-NX1,2026-05-31,Amazon,1,4999,NX1-2604-3
VR908661,C108988,VA-SP-MINI,2026-05-31,vireo.in,1,2499,MINI-2604-3
VR880896,C100461,VA-EB-PL2,2026-06-01,Amazon,1,3499,PL2-2602-4
VR881841,C105067,VA-EB-PL1,2026-06-01,vireo.in,1,2499,PL1-2603-1
VR882096,C101594,VA-EB-AIR,2026-06-01,vireo.in,1,1799,AIR-2604-3
VR886653,C106515,VA-HP-ST3,2026-06-01,vireo.in,1,6649,ST3-2603-1
VR886813,C104767,VA-EB-PL2,2026-06-01,Flipkart,1,3499,PL2-2604-3
VR889238,C103239,VA-AC-CH65,2026-06-01,Amazon,1,1424,CH65-2602-4
VR890334,C100442,VA-EB-PL2,2026-06-01,Flipkart,1,2974,PL2-2604-1
VR890820,C107852,VA-HP-ST2,2026-06-01,vireo.in,1,4999,ST2-2604-2
VR892261,C104020,VA-EB-PL2,2026-06-01,vireo.in,1,3149,PL2-2604-4
VR892654,C107331,VA-EB-AIR,2026-06-01,vireo.in,1,1799,AIR-2602-1
VR895805,C106453,VA-AC-CASE,2026-06-01,Flipkart,1,1169,CASE-2603-4
VR895853,C107508,VA-EB-PL2,2026-06-01,Amazon,1,3324,PL2-2605-4
VR896141,C103247,VA-HP-ST3,2026-06-01,vireo.in,1,6649,ST3-2604-2
VR897392,C103744,VA-SW-NX2,2026-06-01,vireo.in,1,5199,NX2-2603-2
VR898202,C105094,VA-EB-AIR,2026-06-01,Amazon,1,1799,AIR-2605-3
VR898396,C104737,VA-EB-PL2,2026-06-01,vireo.in,1,3149,PL2-2604-1
VR898751,C107920,VA-SP-ORB,2026-06-01,Flipkart,1,5099,ORB-2605-2
VR899266,C108215,VA-EB-PL1,2026-06-01,vireo.in,1,2499,PL1-2605-2
VR899606,C101015,VA-EB-PL2,2026-06-01,vireo.in,1,3499,PL2-2603-3
VR904331,C109168,VA-EB-PL2,2026-06-01,vireo.in,1,3499,PL2-2603-1
VR904901,C107647,VA-SW-NX1,2026-06-01,Amazon,1,4749,NX1-2603-3
VR906156,C105929,VA-HP-ST2,2026-06-01,Amazon,1,3999,ST2-2605-3
VR906191,C109090,VA-HP-ST3,2026-06-01,Flipkart,1,6999,ST3-2603-1
VR906537,C104093,VA-EB-PL2,2026-06-01,vireo.in,1,2799,PL2-2604-3
VR907192,C102400,VA-SP-MINI,2026-06-01,Amazon,1,1999,MINI-2605-3
VR908172,C105125,VA-SW-NX1,2026-06-01,vireo.in,2,9998,NX1-2602-2
VR880661,C106291,VA-EB-PL2,2026-06-02,vireo.in,1,3499,PL2-2603-3
VR881834,C105456,VA-AC-CH65,2026-06-02,vireo.in,1,1499,CH65-2602-4
VR882778,C106570,VA-SP-MINI,2026-06-02,Flipkart,1,2499,MINI-2602-4
VR882974,C105694,VA-EB-PL1,2026-06-02,vireo.in,1,2249,PL1-2602-2
VR883012,C100883,VA-EB-PL2,2026-06-02,Amazon,1,3324,PL2-2602-1
VR883288,C102011,VA-EB-PL2,2026-06-02,Flipkart,1,3324,PL2-2602-1
VR883785,C108699,VA-EB-PL1,2026-06-02,vireo.in,1,2374,PL1-2602-2
VR884225,C105111,VA-EB-PL2,2026-06-02,vireo.in,1,3324,PL2-2605-1
VR886393,C102226,VA-SP-ORB,2026-06-02,Flipkart,2,9598,ORB-2603-3
VR887779,C104814,VA-HP-ST3,2026-06-02,Amazon,1,5599,ST3-2603-1
VR889553,C109390,VA-EB-AIR,2026-06-02,vireo.in,1,1439,AIR-2604-3
VR889718,C105112,VA-EB-PL2,2026-06-02,vireo.in,1,2799,PL2-2604-1
VR890738,C107052,VA-EB-PL2,2026-06-02,vireo.in,1,3149,PL2-2603-1
VR890757,C105729,VA-EB-PL2,2026-06-02,Amazon,1,3499,PL2-2604-1
VR891952,C108527,VA-EB-PL1,2026-06-02,vireo.in,1,2124,PL1-2603-3
VR892526,C105002,VA-EB-AIR,2026-06-02,vireo.in,1,1709,AIR-2605-2
VR893411,C108795,VA-HP-ST3,2026-06-02,Amazon,1,6999,ST3-2602-1
VR893429,C108073,VA-EB-PL1,2026-06-02,vireo.in,2,4998,PL1-2605-3
VR893830,C109420,VA-EB-PL1,2026-06-02,vireo.in,1,2374,PL1-2603-4
VR894568,C105792,VA-EB-AIR,2026-06-02,Flipkart,1,1529,AIR-2603-3
VR895386,C107400,VA-NB-ARC,2026-06-02,vireo.in,1,1299,ARC-2604-4
VR896437,C105085,VA-EB-PL2,2026-06-02,vireo.in,1,3499,PL2-2603-1
VR896519,C105989,VA-EB-AIR,2026-06-02,vireo.in,1,1799,AIR-2603-2
VR898128,C107444,VA-NB-ARC,2026-06-02,vireo.in,1,1169,ARC-2604-4
VR898345,C104347,VA-EB-PL2,2026-06-02,vireo.in,1,3499,PL2-2604-4
VR898604,C101603,VA-EB-PL2,2026-06-02,Amazon,1,3499,PL2-2603-3
VR899454,C106571,VA-EB-PL1,2026-06-02,vireo.in,1,2124,PL1-2603-3
VR900181,C102428,VA-EB-PL2,2026-06-02,Flipkart,1,2799,PL2-2603-3
VR905574,C108466,VA-SW-NX1,2026-06-02,vireo.in,1,4999,NX1-2604-4
VR907293,C105040,VA-EB-PL1,2026-06-02,Amazon,1,2249,PL1-2603-3
VR908141,C103572,VA-EB-AIR,2026-06-02,Amazon,1,1799,AIR-2603-1
VR909650,C103181,VA-SP-ORB,2026-06-02,Flipkart,1,5999,ORB-2602-2
VR880025,C104217,VA-EB-PL2,2026-06-03,vireo.in,1,3499,PL2-2605-1
VR880305,C102181,VA-EB-PL2,2026-06-03,vireo.in,1,3149,PL2-2603-2
VR880953,C108247,VA-EB-PL2,2026-06-03,Flipkart,1,2974,PL2-2604-2
VR880997,C102560,VA-EB-PL1,2026-06-03,vireo.in,1,2374,PL1-2604-4
VR882068,C109475,VA-NB-ARC,2026-06-03,Amazon,1,1299,ARC-2604-3
VR883330,C107226,VA-SP-MINI,2026-06-03,vireo.in,1,2124,MINI-2603-4
VR884400,C101980,VA-EB-AIR,2026-06-03,Amazon,1,1799,AIR-2602-1
VR884909,C100359,VA-EB-PL1,2026-06-03,vireo.in,2,3998,PL1-2604-3
VR885056,C106159,VA-EB-PL2,2026-06-03,vireo.in,2,6998,PL2-2604-1
VR885832,C102391,VA-EB-PL2,2026-06-03,Amazon,1,3499,PL2-2605-1
VR886682,C102923,VA-EB-PL2,2026-06-03,vireo.in,1,3499,PL2-2604-3
VR886739,C109187,VA-SP-MINI,2026-06-03,vireo.in,1,1999,MINI-2604-1
VR887161,C105608,VA-EB-PL2,2026-06-03,Amazon,1,3499,PL2-2603-1
VR887899,C101528,VA-HP-ST3,2026-06-03,vireo.in,1,6999,ST3-2603-3
VR887921,C103517,VA-SW-NX2,2026-06-03,Amazon,2,12348,NX2-2603-4
VR888365,C100039,VA-EB-PL2,2026-06-03,vireo.in,1,2799,PL2-2604-4
VR888831,C107328,VA-EB-PL1,2026-06-03,Amazon,1,2249,PL1-2605-2
VR891503,C101787,VA-EB-PL2,2026-06-03,vireo.in,1,3324,PL2-2603-1
VR891946,C108963,VA-SW-NX2,2026-06-03,Amazon,1,6499,NX2-2605-3
VR892343,C104336,VA-SW-FIT,2026-06-03,vireo.in,1,1999,FIT-2605-3
VR892785,C107776,VA-EB-PL2,2026-06-03,Flipkart,1,3499,PL2-2605-1
VR894990,C103344,VA-NB-ARC,2026-06-03,Amazon,1,1234,ARC-2604-4
VR895608,C103101,VA-AC-CASE,2026-06-03,Amazon,1,1104,CASE-2605-3
VR898235,C104969,VA-EB-AIR,2026-06-03,vireo.in,2,3598,AIR-2605-3
VR899936,C107056,VA-EB-PL1,2026-06-03,vireo.in,1,2124,PL1-2605-2
VR904214,C105270,VA-EB-PL2,2026-06-03,vireo.in,1,3499,PL2-2602-1
VR905248,C109212,VA-EB-PL1,2026-06-03,vireo.in,1,1999,PL1-2602-2
VR906705,C101279,VA-SP-ORB,2026-06-03,Amazon,1,5999,ORB-2604-1
VR908008,C106337,VA-SW-NX1,2026-06-03,Flipkart,1,4999,NX1-2604-3
VR908022,C105781,VA-HP-ST2,2026-06-03,Amazon,1,4249,ST2-2603-2
VR908127,C106662,VA-EB-AIR,2026-06-03,Flipkart,1,1529,AIR-2605-3
VR909213,C101739,VA-EB-PL2,2026-06-03,vireo.in,1,3499,PL2-2603-2
VR909284,C105159,VA-AC-CASE,2026-06-03,vireo.in,1,1299,CASE-2604-3
VR909856,C105106,VA-EB-PL2,2026-06-03,Amazon,1,2799,PL2-2604-4
VR881193,C109441,VA-EB-AIR,2026-06-04,vireo.in,1,1799,AIR-2602-2
VR881801,C100254,VA-EB-PL1,2026-06-04,Flipkart,1,2499,PL1-2603-1
VR884291,C101866,VA-EB-PL1,2026-06-04,Amazon,1,2374,PL1-2603-1
VR885743,C106974,VA-SW-FIT,2026-06-04,vireo.in,1,1899,FIT-2603-3
VR886629,C106898,VA-SW-NX2,2026-06-04,vireo.in,1,5199,NX2-2603-1
VR887107,C104794,VA-EB-PL2,2026-06-04,vireo.in,2,6998,PL2-2604-1
VR888453,C104831,VA-HP-ST3,2026-06-04,Amazon,1,5949,ST3-2603-4
VR890294,C103816,VA-HP-ST3,2026-06-04,Flipkart,1,6999,ST3-2602-3
VR890586,C100184,VA-EB-PL1,2026-06-04,vireo.in,1,2124,PL1-2603-1
VR890872,C107790,VA-HP-ST2,2026-06-04,Flipkart,2,9998,ST2-2603-4
VR891940,C105567,VA-EB-AIR,2026-06-04,vireo.in,1,1709,AIR-2604-1
VR893159,C107783,VA-HP-ST2,2026-06-04,vireo.in,1,3999,ST2-2603-3
VR895768,C108002,VA-EB-PL2,2026-06-04,Flipkart,1,3324,PL2-2604-1
VR895820,C104903,VA-EB-PL2,2026-06-04,Amazon,1,3499,PL2-2602-2
VR896194,C104642,VA-SW-NX2,2026-06-04,Amazon,1,6499,NX2-2602-3
VR897457,C104091,VA-SP-ORB,2026-06-04,Amazon,1,5699,ORB-2604-1
VR897997,C105987,VA-HP-ST3,2026-06-04,vireo.in,1,6999,ST3-2603-4
VR898873,C106059,VA-EB-PL2,2026-06-04,vireo.in,2,6298,PL2-2605-3
VR898921,C105418,VA-HP-ST3,2026-06-04,Amazon,1,6999,ST3-2603-4
VR899281,C100022,VA-SW-NX2,2026-06-04,vireo.in,1,5199,NX2-2604-2
VR900549,C109304,VA-EB-PL1,2026-06-04,Amazon,1,2499,PL1-2603-3
VR900818,C106693,VA-EB-PL1,2026-06-04,vireo.in,1,2374,PL1-2603-2
VR900842,C100483,VA-EB-PL2,2026-06-04,vireo.in,1,3324,PL2-2603-3
VR901129,C104673,VA-EB-PL2,2026-06-04,vireo.in,1,2799,PL2-2604-1
VR901157,C105561,VA-HP-ST3,2026-06-04,vireo.in,1,5949,ST3-2603-2
VR901311,C107727,VA-EB-PL2,2026-06-04,vireo.in,1,3499,PL2-2603-3
VR905647,C108635,VA-EB-PL1,2026-06-04,Amazon,1,2499,PL1-2604-1
VR906631,C103745,VA-AC-CASE,2026-06-04,vireo.in,1,1299,CASE-2603-2
VR908430,C104136,VA-SW-NX2,2026-06-04,Flipkart,1,5524,NX2-2605-1
VR909288,C108259,VA-EB-AIR,2026-06-04,Amazon,1,1529,AIR-2605-1
VR880199,C108481,VA-SW-NX1,2026-06-05,vireo.in,1,4749,NX1-2603-2
VR880281,C107543,VA-EB-PL2,2026-06-05,Flipkart,1,2799,PL2-2604-2
VR880715,C102814,VA-SP-ORB,2026-06-05,Amazon,1,5099,ORB-2603-4
VR880905,C108895,VA-EB-PL2,2026-06-05,Amazon,1,2974,PL2-2603-3
VR882744,C100285,VA-SW-NX2,2026-06-05,vireo.in,1,5849,NX2-2602-2
VR883824,C101609,VA-EB-PL2,2026-06-05,vireo.in,1,3324,PL2-2605-1
VR885856,C100007,VA-HP-ST3,2026-06-05,vireo.in,1,6649,ST3-2605-2
VR885946,C107379,VA-EB-PL2,2026-06-05,Amazon,1,3499,PL2-2604-4
VR890229,C102879,VA-EB-PL2,2026-06-05,Flipkart,1,2974,PL2-2604-1
VR890533,C106430,VA-EB-PL2,2026-06-05,Amazon,1,2799,PL2-2604-1
VR891829,C102107,VA-EB-PL2,2026-06-05,Amazon,1,2799,PL2-2604-3
VR893644,C103670,VA-EB-PL2,2026-06-05,Amazon,1,2799,PL2-2605-1
VR894683,C109184,VA-SW-NX2,2026-06-05,Flipkart,1,6499,NX2-2605-2
VR894831,C108317,VA-SP-MINI,2026-06-05,vireo.in,1,1999,MINI-2605-4
VR895205,C104902,VA-SW-NX1,2026-06-05,Amazon,1,4249,NX1-2604-1
VR897617,C105429,VA-SP-MINI,2026-06-05,Amazon,1,2249,MINI-2604-2
VR898061,C103713,VA-EB-PL2,2026-06-05,vireo.in,1,3499,PL2-2604-2
VR899191,C102353,VA-EB-PL2,2026-06-05,Amazon,1,3149,PL2-2602-4
VR899657,C106305,VA-SP-ORB,2026-06-05,vireo.in,1,4799,ORB-2604-3
VR900531,C108514,VA-HP-ST3,2026-06-05,vireo.in,1,6649,ST3-2603-1
VR901121,C105540,VA-EB-PL2,2026-06-05,vireo.in,1,3499,PL2-2605-4
VR901702,C109192,VA-EB-AIR,2026-06-05,vireo.in,1,1799,AIR-2605-4
VR902215,C108199,VA-SW-NX2,2026-06-05,vireo.in,1,6174,NX2-2605-4
VR903312,C108148,VA-SW-NX2,2026-06-05,Flipkart,1,5849,NX2-2603-1
VR904483,C105538,VA-EB-PL2,2026-06-05,Amazon,1,3499,PL2-2603-2
VR904567,C107808,VA-SW-NX1,2026-06-05,Amazon,1,3999,NX1-2605-1
VR905208,C108911,VA-SP-MINI,2026-06-05,vireo.in,1,2499,MINI-2605-1
VR905263,C101120,VA-EB-PL2,2026-06-05,Amazon,1,3499,PL2-2605-3
VR908708,C108051,VA-EB-PL2,2026-06-05,Amazon,1,2974,PL2-2603-3
VR908982,C104384,VA-SP-ORB,2026-06-05,vireo.in,1,5399,ORB-2603-4
VR881956,C105493,VA-EB-PL1,2026-06-06,vireo.in,1,2124,PL1-2605-1
VR883737,C106889,VA-EB-AIR,2026-06-06,vireo.in,2,3238,AIR-2605-1
VR883841,C103825,VA-EB-AIR,2026-06-06,Flipkart,1,1529,AIR-2605-2
VR884414,C107872,VA-SW-NX2,2026-06-06,vireo.in,1,5524,NX2-2603-3
VR887425,C105934,VA-EB-PL1,2026-06-06,Amazon,1,2374,PL1-2603-3
VR888151,C100165,VA-HP-ST3,2026-06-06,vireo.in,1,5599,ST3-2603-1
VR891693,C102812,VA-EB-PL2,2026-06-06,Amazon,1,3499,PL2-2603-4
VR892989,C109484,VA-EB-AIR,2026-06-06,Flipkart,2,2878,AIR-2603-2
VR893661,C101607,VA-SW-NX1,2026-06-06,vireo.in,1,4749,NX1-2603-4
VR893685,C103966,VA-EB-PL1,2026-06-06,vireo.in,1,2249,PL1-2604-4
VR894714,C103652,VA-EB-PL2,2026-06-06,Amazon,1,3149,PL2-2603-1
VR896242,C101021,VA-SW-NX2,2026-06-06,vireo.in,1,5524,NX2-2602-3
VR897127,C104000,VA-SW-NX1,2026-06-06,Flipkart,2,9998,NX1-2602-4
VR898680,C100183,VA-EB-AIR,2026-06-06,vireo.in,1,1709,AIR-2604-2
VR899264,C108618,VA-SP-MINI,2026-06-06,Amazon,1,2499,MINI-2605-2
VR899312,C105580,VA-SW-FIT,2026-06-06,vireo.in,1,1599,FIT-2603-3
VR900336,C101051,VA-NB-ARC,2026-06-06,Amazon,1,1299,ARC-2604-4
VR900673,C101834,VA-SW-NX2,2026-06-06,vireo.in,2,12348,NX2-2602-4
VR901574,C103852,VA-SW-NX2,2026-06-06,vireo.in,1,6174,NX2-2603-2
VR902243,C108966,VA-EB-PL1,2026-06-06,Amazon,1,2499,PL1-2602-3
VR902943,C109157,VA-SW-NX2,2026-06-06,Flipkart,1,5849,NX2-2603-3
VR905801,C101544,VA-EB-AIR,2026-06-06,Amazon,1,1799,AIR-2603-2
VR908131,C106767,VA-SW-NX2,2026-06-06,Flipkart,1,6174,NX2-2603-2
VR881015,C102003,VA-SW-NX2,2026-06-07,vireo.in,1,5849,NX2-2605-4
VR883385,C108177,VA-EB-PL2,2026-06-07,vireo.in,1,2799,PL2-2603-4
VR883430,C101462,VA-EB-PL1,2026-06-07,Amazon,2,4998,PL1-2602-1
VR883827,C102776,VA-HP-ST3,2026-06-07,vireo.in,1,6649,ST3-2604-3
VR883865,C100397,VA-SW-NX2,2026-06-07,vireo.in,1,5849,NX2-2602-2
VR884626,C109459,VA-EB-PL1,2026-06-07,Amazon,2,3998,PL1-2603-2
VR886089,C108218,VA-EB-AIR,2026-06-07,Amazon,1,1709,AIR-2603-1
VR886395,C107437,VA-EB-PL1,2026-06-07,Flipkart,1,2374,PL1-2604-4
VR887189,C100846,VA-SW-NX1,2026-06-07,vireo.in,1,3999,NX1-2604-2
VR887785,C100757,VA-SW-NX2,2026-06-07,vireo.in,2,12348,NX2-2602-1
VR888404,C100806,VA-HP-ST3,2026-06-07,vireo.in,1,6999,ST3-2604-3
VR889403,C104922,VA-EB-PL2,2026-06-07,vireo.in,1,3324,PL2-2602-2
VR889682,C109012,VA-EB-AIR,2026-06-07,Flipkart,1,1709,AIR-2604-4
VR892147,C106885,VA-AC-CASE,2026-06-07,vireo.in,1,1299,CASE-2604-3
VR892320,C109043,VA-EB-PL2,2026-06-07,vireo.in,1,2974,PL2-2605-2
VR893839,C104382,VA-EB-AIR,2026-06-07,vireo.in,1,1439,AIR-2603-2
VR894947,C105915,VA-EB-PL2,2026-06-07,vireo.in,1,3499,PL2-2603-2
VR896347,C105891,VA-AC-CH65,2026-06-07,vireo.in,1,1199,CH65-2605-1
VR896784,C105546,VA-EB-PL2,2026-06-07,Flipkart,1,3499,PL2-2605-2
VR899361,C101505,VA-EB-PL2,2026-06-07,Flipkart,1,3324,PL2-2604-1
VR899624,C105246,VA-EB-PL2,2026-06-07,vireo.in,1,3499,PL2-2603-3
VR899785,C100154,VA-EB-PL2,2026-06-07,Amazon,2,5948,PL2-2604-1
VR900628,C105854,VA-SW-NX2,2026-06-07,Flipkart,1,6499,NX2-2604-2
VR900644,C107756,VA-EB-PL1,2026-06-07,vireo.in,1,2499,PL1-2604-1
VR901699,C101256,VA-SW-NX2,2026-06-07,Amazon,1,5199,NX2-2603-3
VR902058,C109275,VA-EB-PL2,2026-06-07,vireo.in,1,3499,PL2-2603-2
VR902858,C100076,VA-EB-PL2,2026-06-07,Amazon,1,3149,PL2-2605-2
VR904481,C101793,VA-SW-NX2,2026-06-07,Amazon,1,6174,NX2-2604-2
VR905420,C106702,VA-EB-PL2,2026-06-07,Amazon,1,3149,PL2-2604-4
VR905758,C100580,VA-EB-AIR,2026-06-07,Amazon,1,1709,AIR-2603-4
VR908905,C105919,VA-EB-AIR,2026-06-07,Amazon,1,1709,AIR-2604-3
VR909291,C104681,VA-EB-PL2,2026-06-07,vireo.in,1,2974,PL2-2603-3
VR880887,C105402,VA-SP-MINI,2026-06-08,Amazon,2,4998,MINI-2604-2
VR881733,C104188,VA-EB-PL2,2026-06-08,vireo.in,1,3499,PL2-2603-3
VR882105,C105323,VA-HP-ST3,2026-06-08,vireo.in,1,6649,ST3-2603-1
VR882329,C103441,VA-EB-PL2,2026-06-08,vireo.in,1,3499,PL2-2602-2
VR888537,C102173,VA-SW-FIT,2026-06-08,vireo.in,1,1999,FIT-2603-1
VR889482,C104911,VA-AC-CH65,2026-06-08,vireo.in,1,1424,CH65-2603-1
VR890091,C106991,VA-AC-CH65,2026-06-08,Amazon,1,1499,CH65-2603-3
VR894596,C105866,VA-AC-CBL,2026-06-08,vireo.in,1,319,CBL-2602-1
VR896514,C107434,VA-EB-PL2,2026-06-08,Amazon,1,2974,PL2-2603-2
VR896771,C104071,VA-AC-CASE,2026-06-08,Amazon,1,1299,CASE-2603-4
VR898119,C106414,VA-SP-ORB,2026-06-08,Amazon,1,5399,ORB-2604-1
VR898647,C108117,VA-HP-ST3,2026-06-08,vireo.in,1,5949,ST3-2602-1
VR898781,C102175,VA-EB-PL2,2026-06-08,vireo.in,1,3499,PL2-2605-3
VR899206,C100726,VA-EB-PL2,2026-06-08,vireo.in,1,3499,PL2-2603-2
VR901900,C109323,VA-SW-NX2,2026-06-08,Amazon,1,5199,NX2-2604-3
VR902734,C105520,VA-SW-NX2,2026-06-08,Amazon,2,12998,NX2-2604-2
VR903563,C102330,VA-SP-ORB,2026-06-08,vireo.in,1,5699,ORB-2602-2
VR903807,C105842,VA-EB-PL2,2026-06-08,vireo.in,1,3499,PL2-2605-4
VR904124,C106226,VA-EB-AIR,2026-06-08,vireo.in,1,1619,AIR-2604-3
VR904314,C104792,VA-EB-PL2,2026-06-08,Amazon,1,2974,PL2-2604-2
VR905044,C104845,VA-EB-PL2,2026-06-08,Flipkart,1,2799,PL2-2605-3
VR905434,C102217,VA-EB-PL2,2026-06-08,Amazon,1,3499,PL2-2605-1
VR907451,C103243,VA-EB-PL2,2026-06-08,Amazon,1,3324,PL2-2604-1
VR908471,C105335,VA-EB-PL2,2026-06-08,vireo.in,1,3499,PL2-2603-2
VR909133,C104149,VA-EB-PL1,2026-06-08,Amazon,1,2124,PL1-2604-1
VR881154,C105734,VA-SW-NX1,2026-06-09,vireo.in,1,4999,NX1-2603-2
VR881998,C107438,VA-EB-PL1,2026-06-09,vireo.in,1,2249,PL1-2602-4
VR885259,C100218,VA-SW-NX2,2026-06-09,vireo.in,1,6174,NX2-2603-4
VR886694,C108925,VA-EB-PL1,2026-06-09,vireo.in,1,2499,PL1-2604-1
VR888314,C105500,VA-AC-CASE,2026-06-09,vireo.in,1,1169,CASE-2603-3
VR889357,C109076,VA-SP-MINI,2026-06-09,Amazon,1,2374,MINI-2604-4
VR889885,C105602,VA-SP-MINI,2026-06-09,Flipkart,1,2499,MINI-2603-1
VR890774,C108585,VA-HP-ST2,2026-06-09,Flipkart,1,4249,ST2-2603-1
VR890940,C100218,VA-HP-ST2,2026-06-09,vireo.in,1,4999,ST2-2604-4
VR894070,C106348,VA-SW-FIT,2026-06-09,vireo.in,1,1599,FIT-2602-4
VR895178,C102984,VA-AC-CASE,2026-06-09,Flipkart,1,1039,CASE-2603-3
VR898990,C108939,VA-EB-PL2,2026-06-09,Amazon,1,2799,PL2-2603-3
VR900180,C107638,VA-HP-ST3,2026-06-09,Flipkart,1,6999,ST3-2604-1
VR900204,C106267,VA-EB-PL2,2026-06-09,vireo.in,1,2799,PL2-2603-2
VR900463,C105174,VA-EB-PL2,2026-06-09,vireo.in,1,3324,PL2-2603-1
VR901127,C108197,VA-EB-PL2,2026-06-09,vireo.in,1,3499,PL2-2602-1
VR902298,C100209,VA-NB-ARC,2026-06-09,Amazon,1,1169,ARC-2604-1
VR902832,C102117,VA-HP-ST3,2026-06-09,vireo.in,1,6999,ST3-2602-4
VR902944,C102515,VA-EB-PL2,2026-06-09,vireo.in,1,3499,PL2-2604-2
VR903028,C106451,VA-EB-PL2,2026-06-09,vireo.in,1,3499,PL2-2605-4
VR904104,C104169,VA-EB-PL2,2026-06-09,Amazon,1,3324,PL2-2605-1
VR904132,C100578,VA-EB-AIR,2026-06-09,vireo.in,1,1709,AIR-2604-1
VR905249,C107859,VA-EB-PL2,2026-06-09,vireo.in,1,3499,PL2-2605-2
VR905426,C104749,VA-EB-AIR,2026-06-09,Amazon,1,1799,AIR-2605-2
VR905980,C102857,VA-EB-PL2,2026-06-09,vireo.in,1,3499,PL2-2604-1
VR906817,C105556,VA-SP-ORB,2026-06-09,vireo.in,2,9598,ORB-2604-2
VR907363,C102714,VA-EB-PL2,2026-06-09,Amazon,1,3499,PL2-2604-2
VR907518,C100957,VA-SW-NX2,2026-06-09,vireo.in,1,5849,NX2-2603-1
VR907624,C105454,VA-EB-PL2,2026-06-09,Amazon,1,3324,PL2-2604-1
VR909208,C105852,VA-EB-PL2,2026-06-09,vireo.in,1,3499,PL2-2604-3
VR881338,C102837,VA-EB-PL2,2026-06-10,Amazon,1,3499,PL2-2603-1
VR881869,C105286,VA-EB-PL2,2026-06-10,vireo.in,1,3324,PL2-2603-4
VR882174,C103873,VA-EB-PL2,2026-06-10,vireo.in,1,3499,PL2-2604-3
VR883848,C106384,VA-EB-PL2,2026-06-10,vireo.in,1,3499,PL2-2604-4
VR884375,C104049,VA-EB-PL2,2026-06-10,vireo.in,1,3324,PL2-2602-2
VR886790,C108227,VA-SP-MINI,2026-06-10,vireo.in,1,2499,MINI-2604-3
VR888295,C100446,VA-SW-NX2,2026-06-10,Amazon,1,5199,NX2-2605-1
VR891553,C104012,VA-HP-ST2,2026-06-10,Amazon,1,3999,ST2-2604-1
VR893648,C101624,VA-SW-NX1,2026-06-10,vireo.in,1,4249,NX1-2603-1
VR893979,C102210,VA-EB-AIR,2026-06-10,vireo.in,2,3598,AIR-2603-2
VR895280,C106613,VA-EB-PL2,2026-06-10,vireo.in,1,2974,PL2-2605-1
VR898999,C106757,VA-HP-ST3,2026-06-10,vireo.in,1,5599,ST3-2605-1
VR901993,C101361,VA-AC-CASE,2026-06-10,vireo.in,1,1039,CASE-2604-1
VR905169,C108751,VA-SW-NX2,2026-06-10,vireo.in,1,6174,NX2-2605-4
VR906366,C107129,VA-EB-PL1,2026-06-10,Amazon,1,2499,PL1-2602-2
VR907383,C108771,VA-EB-PL2,2026-06-10,vireo.in,1,3149,PL2-2604-3
VR907634,C107041,VA-SW-FIT,2026-06-10,vireo.in,1,1899,FIT-2603-3
VR907901,C101707,VA-EB-PL2,2026-06-10,vireo.in,1,3149,PL2-2603-3
VR880704,C100197,VA-SW-FIT,2026-06-11,Amazon,1,1899,FIT-2604-4
VR880793,C107564,VA-HP-ST3,2026-06-11,vireo.in,1,6999,ST3-2604-1
VR881124,C106887,VA-HP-ST2,2026-06-11,Amazon,1,4999,ST2-2604-2
VR882940,C104276,VA-EB-PL2,2026-06-11,vireo.in,1,3499,PL2-2604-3
VR884860,C101192,VA-EB-PL2,2026-06-11,vireo.in,1,2799,PL2-2604-2
VR885341,C103038,VA-SW-FIT,2026-06-11,Amazon,1,1599,FIT-2603-3
VR885919,C102724,VA-SP-ORB,2026-06-11,Flipkart,1,5999,ORB-2604-3
VR887342,C102163,VA-EB-PL2,2026-06-11,Flipkart,1,2799,PL2-2604-4
VR888494,C107191,VA-SW-NX1,2026-06-11,Amazon,1,4999,NX1-2604-4
VR890360,C106354,VA-HP-ST2,2026-06-11,vireo.in,1,4999,ST2-2604-2
VR890747,C107270,VA-EB-PL1,2026-06-11,vireo.in,1,1999,PL1-2603-4
VR891215,C104908,VA-EB-PL2,2026-06-11,Amazon,1,2974,PL2-2605-3
VR891473,C108392,VA-EB-PL1,2026-06-11,vireo.in,1,2499,PL1-2603-1
VR891534,C109223,VA-EB-PL2,2026-06-11,vireo.in,1,3149,PL2-2604-2
VR892984,C104996,VA-EB-PL2,2026-06-11,vireo.in,1,3499,PL2-2605-2
VR893254,C105196,VA-EB-PL1,2026-06-11,Amazon,1,2124,PL1-2605-1
VR893335,C102099,VA-AC-CASE,2026-06-11,vireo.in,1,1299,CASE-2602-4
VR896160,C103995,VA-EB-PL2,2026-06-11,Flipkart,1,3499,PL2-2605-2
VR896363,C102537,VA-EB-PL2,2026-06-11,Flipkart,2,5598,PL2-2604-1
VR897219,C100502,VA-EB-PL2,2026-06-11,vireo.in,1,3499,PL2-2604-4
VR898011,C100919,VA-EB-PL2,2026-06-11,vireo.in,1,2974,PL2-2605-4
VR899463,C108637,VA-EB-PL2,2026-06-11,vireo.in,1,3324,PL2-2605-4
VR900721,C107755,VA-SW-FIT,2026-06-11,vireo.in,1,1999,FIT-2603-4
VR901155,C102218,VA-SW-NX2,2026-06-11,Amazon,1,6499,NX2-2603-4
VR901422,C107718,VA-SW-NX2,2026-06-11,vireo.in,1,6499,NX2-2604-4
VR905465,C108166,VA-EB-PL1,2026-06-11,Flipkart,1,2374,PL1-2605-3
VR906399,C107951,VA-SW-NX2,2026-06-11,vireo.in,1,5849,NX2-2602-1
VR881849,C106733,VA-EB-PL2,2026-06-12,vireo.in,1,2974,PL2-2604-1
VR884084,C104208,VA-EB-PL2,2026-06-12,vireo.in,1,2974,PL2-2604-2
VR886590,C103683,VA-EB-PL2,2026-06-12,vireo.in,2,6998,PL2-2605-4
VR886906,C100299,VA-EB-AIR,2026-06-12,Amazon,1,1439,AIR-2603-2
VR887667,C104316,VA-HP-ST3,2026-06-12,vireo.in,1,6999,ST3-2603-3
VR889516,C107439,VA-EB-PL2,2026-06-12,vireo.in,1,3324,PL2-2604-4
VR889542,C108748,VA-EB-AIR,2026-06-12,Amazon,2,2878,AIR-2604-2
VR894396,C101875,VA-EB-PL2,2026-06-12,vireo.in,1,2974,PL2-2604-4
VR896468,C101241,VA-AC-CBL,2026-06-12,vireo.in,1,399,CBL-2603-3
VR897044,C108898,VA-EB-PL1,2026-06-12,Flipkart,1,1999,PL1-2603-4
VR897131,C105034,VA-EB-PL1,2026-06-12,Flipkart,1,2499,PL1-2605-2
VR897817,C108977,VA-EB-PL2,2026-06-12,vireo.in,1,3324,PL2-2603-3
VR899348,C108981,VA-EB-PL2,2026-06-12,Flipkart,1,3499,PL2-2603-4
VR899600,C102637,VA-EB-PL2,2026-06-12,Amazon,1,2799,PL2-2603-3
VR899835,C102197,VA-EB-PL1,2026-06-12,Amazon,1,2374,PL1-2603-1
VR900566,C101980,VA-SW-FIT,2026-06-12,vireo.in,1,1999,FIT-2604-1
VR902726,C100417,VA-EB-PL1,2026-06-12,vireo.in,1,1999,PL1-2603-4
VR902825,C101363,VA-NB-ARC,2026-06-12,Flipkart,1,1234,ARC-2602-4
VR903159,C104320,VA-AC-CASE,2026-06-12,vireo.in,1,1169,CASE-2604-4
VR903466,C100542,VA-AC-CASE,2026-06-12,Amazon,1,1169,CASE-2602-2
VR904290,C100236,VA-HP-ST3,2026-06-12,vireo.in,1,6999,ST3-2604-2
VR905347,C104212,VA-EB-PL1,2026-06-12,Amazon,1,2374,PL1-2602-2
VR909880,C107330,VA-SW-NX2,2026-06-12,Amazon,1,5199,NX2-2604-3
VR882292,C108269,VA-SW-FIT,2026-06-13,Amazon,1,1699,FIT-2603-3
VR883294,C101867,VA-EB-PL2,2026-06-13,Flipkart,1,3499,PL2-2603-4
VR883472,C107920,VA-SW-NX2,2026-06-13,vireo.in,1,6174,NX2-2603-2
VR883908,C108709,VA-AC-CASE,2026-06-13,Amazon,1,1299,CASE-2603-1
VR884808,C106098,VA-HP-ST3,2026-06-13,Amazon,1,6999,ST3-2603-1
VR885572,C102033,VA-EB-PL2,2026-06-13,Amazon,1,3324,PL2-2605-2
VR887378,C108016,VA-EB-PL2,2026-06-13,Amazon,1,3324,PL2-2604-2
VR888815,C104612,VA-SW-NX2,2026-06-13,vireo.in,1,6174,NX2-2603-1
VR889544,C103598,VA-NB-ARC,2026-06-13,vireo.in,1,1234,ARC-2605-1
VR890893,C101819,VA-HP-ST3,2026-06-13,Flipkart,1,6999,ST3-2605-3
VR892505,C102437,VA-SP-MINI,2026-06-13,vireo.in,1,2499,MINI-2604-4
VR892671,C101787,VA-EB-PL2,2026-06-13,Flipkart,1,3499,PL2-2604-4
VR893052,C106400,VA-EB-PL1,2026-06-13,Amazon,1,2249,PL1-2605-1
VR895597,C101588,VA-EB-PL2,2026-06-13,vireo.in,1,2974,PL2-2603-1
VR897047,C109199,VA-EB-PL2,2026-06-13,Flipkart,1,3324,PL2-2604-4
VR897336,C108876,VA-EB-AIR,2026-06-13,vireo.in,1,1619,AIR-2605-3
VR899086,C105529,VA-EB-AIR,2026-06-13,vireo.in,1,1619,AIR-2604-2
VR903913,C109176,VA-SW-FIT,2026-06-13,Amazon,1,1799,FIT-2604-4
VR904094,C105869,VA-EB-PL2,2026-06-13,Amazon,1,2974,PL2-2603-1
VR904237,C105364,VA-HP-ST2,2026-06-13,Amazon,1,4499,ST2-2605-4
VR905785,C106290,VA-EB-PL2,2026-06-13,vireo.in,1,2799,PL2-2604-4
VR906171,C103450,VA-HP-ST3,2026-06-13,vireo.in,1,6299,ST3-2603-3
VR907800,C104694,VA-SP-MINI,2026-06-13,vireo.in,1,2499,MINI-2604-3
VR908251,C101868,VA-AC-CASE,2026-06-13,vireo.in,1,1299,CASE-2603-2
VR908640,C104046,VA-AC-CBL,2026-06-13,Amazon,1,399,CBL-2604-2
VR881428,C104518,VA-EB-PL1,2026-06-14,vireo.in,1,1999,PL1-2604-1
VR882061,C102873,VA-EB-PL2,2026-06-14,vireo.in,1,3499,PL2-2604-1
VR882798,C102761,VA-SW-FIT,2026-06-14,Amazon,1,1899,FIT-2603-2
VR883121,C104341,VA-EB-PL2,2026-06-14,Amazon,1,2799,PL2-2603-1
VR884591,C100440,VA-EB-PL1,2026-06-14,vireo.in,1,2499,PL1-2602-2
VR884763,C105232,VA-SW-NX2,2026-06-14,vireo.in,1,6499,NX2-2603-1
VR885716,C101913,VA-EB-PL2,2026-06-14,vireo.in,1,3499,PL2-2605-2
VR886768,C102460,VA-EB-AIR,2026-06-14,vireo.in,1,1799,AIR-2603-4
VR887288,C101575,VA-AC-CH65,2026-06-14,vireo.in,1,1424,CH65-2604-3
VR888395,C101838,VA-SP-ORB,2026-06-14,vireo.in,1,5999,ORB-2604-3
VR888445,C108383,VA-EB-PL2,2026-06-14,Flipkart,1,3324,PL2-2605-2
VR888674,C108864,VA-EB-AIR,2026-06-14,vireo.in,1,1529,AIR-2605-4
VR891249,C106921,VA-EB-PL2,2026-06-14,vireo.in,1,3149,PL2-2604-4
VR891250,C108225,VA-SW-NX2,2026-06-14,vireo.in,1,5849,NX2-2602-2
VR892800,C104800,VA-EB-PL2,2026-06-14,vireo.in,1,2974,PL2-2605-4
VR895836,C103606,VA-EB-PL2,2026-06-14,vireo.in,1,3149,PL2-2603-3
VR897240,C104053,VA-SP-MINI,2026-06-14,vireo.in,1,1999,MINI-2604-4
VR898189,C107363,VA-EB-AIR,2026-06-14,Flipkart,1,1799,AIR-2604-4
VR898836,C105597,VA-EB-AIR,2026-06-14,vireo.in,1,1799,AIR-2604-3
VR900685,C105441,VA-SW-NX2,2026-06-14,Amazon,2,12998,NX2-2604-2
VR901243,C103707,VA-EB-PL2,2026-06-14,Amazon,1,3324,PL2-2603-3
VR902304,C102923,VA-EB-PL2,2026-06-14,vireo.in,1,2974,PL2-2605-1
VR905165,C100282,VA-EB-PL2,2026-06-14,Amazon,1,3499,PL2-2603-2
VR905992,C103930,VA-EB-PL1,2026-06-14,vireo.in,1,2374,PL1-2604-4
VR906140,C106410,VA-SW-NX2,2026-06-14,Amazon,1,6499,NX2-2604-2
VR906207,C105636,VA-EB-PL2,2026-06-14,vireo.in,1,3499,PL2-2604-4
VR907525,C109324,VA-EB-PL2,2026-06-14,Amazon,1,2799,PL2-2604-2
VR908956,C106277,VA-EB-PL2,2026-06-14,Flipkart,1,3324,PL2-2604-2
VR880372,C102030,VA-EB-PL2,2026-06-15,vireo.in,1,3499,PL2-2605-4
VR881055,C107841,VA-SP-ORB,2026-06-15,vireo.in,1,5999,ORB-2604-3
VR884121,C102352,VA-SW-NX2,2026-06-15,vireo.in,1,6499,NX2-2605-2
VR884814,C105669,VA-EB-AIR,2026-06-15,Flipkart,1,1799,AIR-2604-2
VR886141,C108553,VA-SW-NX2,2026-06-15,vireo.in,1,5524,NX2-2604-4
VR887462,C104129,VA-EB-PL2,2026-06-15,vireo.in,1,3499,PL2-2604-1
VR890418,C108927,VA-AC-CASE,2026-06-15,vireo.in,1,1299,CASE-2605-2
VR890996,C108327,VA-SP-MINI,2026-06-15,Amazon,1,2499,MINI-2605-3
VR891664,C100807,VA-SW-NX1,2026-06-15,vireo.in,1,4749,NX1-2604-4
VR892456,C108119,VA-EB-PL2,2026-06-15,vireo.in,1,3499,PL2-2603-4
VR892917,C108121,VA-EB-PL1,2026-06-15,Flipkart,1,2499,PL1-2604-3
VR895086,C105444,VA-HP-ST3,2026-06-15,vireo.in,1,6999,ST3-2603-2
VR896228,C105222,VA-EB-AIR,2026-06-15,vireo.in,1,1439,AIR-2605-4
VR897152,C109351,VA-AC-CH65,2026-06-15,vireo.in,1,1274,CH65-2605-2
VR897508,C106129,VA-EB-PL1,2026-06-15,vireo.in,1,2499,PL1-2605-3
VR897848,C101914,VA-SW-NX2,2026-06-15,Amazon,1,6174,NX2-2603-1
VR898509,C106677,VA-EB-PL1,2026-06-15,Flipkart,1,1999,PL1-2604-3
VR898624,C106258,VA-EB-AIR,2026-06-15,Amazon,1,1799,AIR-2603-2
VR900394,C104736,VA-EB-PL2,2026-06-15,vireo.in,1,2799,PL2-2603-4
VR901304,C109135,VA-EB-PL2,2026-06-15,vireo.in,1,3499,PL2-2604-4
VR901563,C104727,VA-HP-ST3,2026-06-15,vireo.in,1,5949,ST3-2604-4
VR902317,C109132,VA-AC-CASE,2026-06-15,Amazon,2,2338,CASE-2604-2
VR902622,C103503,VA-HP-ST3,2026-06-15,Amazon,1,6299,ST3-2603-3
VR903094,C105835,VA-EB-AIR,2026-06-15,Amazon,1,1709,AIR-2603-2
VR904096,C101754,VA-EB-PL2,2026-06-15,vireo.in,1,2974,PL2-2603-1
VR904831,C106827,VA-SP-ORB,2026-06-15,Amazon,1,5999,ORB-2602-3
VR905076,C107059,VA-EB-PL2,2026-06-15,vireo.in,1,3499,PL2-2604-1
VR905721,C104407,VA-EB-PL2,2026-06-15,Amazon,1,3499,PL2-2602-4
VR906376,C105527,VA-EB-PL2,2026-06-15,Amazon,1,2799,PL2-2603-4
VR907892,C102985,VA-EB-PL2,2026-06-15,Flipkart,1,2799,PL2-2605-1
VR907927,C103142,VA-EB-PL2,2026-06-15,Amazon,1,2799,PL2-2603-4
VR908844,C106944,VA-EB-PL2,2026-06-15,Amazon,1,2974,PL2-2604-1
VR909265,C108363,VA-EB-PL1,2026-06-15,Flipkart,1,2124,PL1-2605-1
VR881329,C108702,VA-SW-FIT,2026-06-16,Amazon,1,1599,FIT-2604-1
VR881652,C103328,VA-EB-PL2,2026-06-16,Amazon,1,3324,PL2-2604-4
VR882773,C108706,VA-EB-PL2,2026-06-16,vireo.in,1,3149,PL2-2605-2
VR882829,C103146,VA-SP-MINI,2026-06-16,Amazon,1,2499,MINI-2604-2
VR884076,C102945,VA-SW-NX2,2026-06-16,Amazon,1,6499,NX2-2605-2
VR885899,C106656,VA-EB-PL2,2026-06-16,vireo.in,1,3149,PL2-2604-3
VR886490,C108273,VA-EB-PL2,2026-06-16,Amazon,2,6298,PL2-2604-1
VR887417,C103540,VA-EB-AIR,2026-06-16,vireo.in,1,1619,AIR-2605-1
VR888842,C106200,VA-EB-PL2,2026-06-16,Flipkart,1,2799,PL2-2604-3
VR889336,C101546,VA-EB-PL2,2026-06-16,vireo.in,1,3324,PL2-2605-4
VR890390,C103820,VA-EB-AIR,2026-06-16,vireo.in,1,1799,AIR-2605-2
VR891418,C102666,VA-SP-ORB,2026-06-16,Amazon,1,5099,ORB-2604-4
VR895397,C102516,VA-HP-ST3,2026-06-16,Flipkart,1,6649,ST3-2605-2
VR897132,C101765,VA-EB-PL2,2026-06-16,vireo.in,1,2799,PL2-2603-2
VR899097,C102478,VA-SW-NX2,2026-06-16,Amazon,1,5524,NX2-2605-2
VR902897,C101303,VA-EB-PL1,2026-06-16,Amazon,1,2249,PL1-2603-1
VR905704,C104589,VA-SW-NX2,2026-06-16,vireo.in,1,5199,NX2-2605-3
VR906547,C103251,VA-EB-PL2,2026-06-16,Flipkart,1,2799,PL2-2603-3
VR906690,C103998,VA-SP-ORB,2026-06-16,vireo.in,1,4799,ORB-2604-3
VR907465,C101208,VA-SW-FIT,2026-06-16,vireo.in,1,1599,FIT-2604-2
VR883624,C106976,VA-EB-PL2,2026-06-17,vireo.in,2,6648,PL2-2603-2
VR885747,C104093,VA-EB-PL1,2026-06-17,Amazon,1,2249,PL1-2603-3
VR886072,C105675,VA-EB-PL1,2026-06-17,vireo.in,1,2499,PL1-2603-3
VR889180,C100273,VA-EB-AIR,2026-06-17,Flipkart,1,1799,AIR-2604-2
VR890793,C105598,VA-EB-PL1,2026-06-17,vireo.in,1,1999,PL1-2605-1
VR891015,C106627,VA-SP-MINI,2026-06-17,Amazon,1,2499,MINI-2603-2
VR893415,C100466,VA-EB-PL1,2026-06-17,Flipkart,1,2124,PL1-2604-2
VR894237,C102942,VA-EB-AIR,2026-06-17,vireo.in,1,1619,AIR-2604-1
VR894336,C108648,VA-EB-AIR,2026-06-17,Flipkart,1,1529,AIR-2604-4
VR895183,C104538,VA-EB-PL2,2026-06-17,vireo.in,1,3324,PL2-2605-2
VR895752,C107055,VA-EB-PL2,2026-06-17,Amazon,1,3149,PL2-2605-4
VR898034,C100958,VA-EB-PL1,2026-06-17,Flipkart,1,2374,PL1-2604-2
VR899251,C106699,VA-EB-PL1,2026-06-17,vireo.in,1,2124,PL1-2603-4
VR902347,C106625,VA-EB-PL2,2026-06-17,vireo.in,1,3324,PL2-2605-1
VR902653,C100471,VA-EB-PL2,2026-06-17,vireo.in,1,2974,PL2-2603-3
VR903764,C106553,VA-EB-PL2,2026-06-17,Amazon,1,3324,PL2-2603-3
VR903985,C101033,VA-EB-PL2,2026-06-17,vireo.in,1,3149,PL2-2603-4
VR904178,C107855,VA-EB-AIR,2026-06-17,vireo.in,1,1799,AIR-2605-3
VR904437,C105202,VA-EB-PL2,2026-06-17,Amazon,1,3499,PL2-2604-3
VR906411,C105241,VA-EB-AIR,2026-06-17,vireo.in,1,1799,AIR-2604-1
VR906708,C107349,VA-EB-PL2,2026-06-17,vireo.in,1,3499,PL2-2603-3
VR906927,C101285,VA-EB-PL2,2026-06-17,vireo.in,1,3324,PL2-2605-1
VR907101,C102411,VA-EB-AIR,2026-06-17,vireo.in,1,1799,AIR-2604-4
VR908080,C101826,VA-HP-ST3,2026-06-17,vireo.in,1,5599,ST3-2605-2
VR882509,C104684,VA-EB-PL2,2026-06-18,Flipkart,1,3499,PL2-2603-4
VR884212,C109121,VA-EB-PL2,2026-06-18,vireo.in,1,3324,PL2-2605-3
VR886123,C104926,VA-EB-PL2,2026-06-18,Amazon,1,3499,PL2-2605-2
VR887623,C100352,VA-EB-PL2,2026-06-18,Flipkart,1,3149,PL2-2604-3
VR889819,C106304,VA-SW-NX2,2026-06-18,vireo.in,1,6499,NX2-2604-3
VR894086,C102242,VA-EB-PL2,2026-06-18,Amazon,1,2974,PL2-2605-1
VR894998,C100610,VA-EB-PL2,2026-06-18,vireo.in,1,3149,PL2-2603-3
VR895499,C104470,VA-NB-ARC,2026-06-18,vireo.in,1,1299,ARC-2604-1
VR896930,C106484,VA-EB-PL2,2026-06-18,vireo.in,1,3149,PL2-2603-2
VR897638,C107237,VA-SW-NX2,2026-06-18,Flipkart,1,6174,NX2-2605-3
VR897860,C108213,VA-EB-PL2,2026-06-18,Flipkart,1,2974,PL2-2602-4
VR898339,C102846,VA-EB-PL2,2026-06-18,vireo.in,1,3499,PL2-2604-1
VR899019,C103638,VA-EB-PL2,2026-06-18,vireo.in,1,2974,PL2-2604-1
VR900663,C106124,VA-SP-MINI,2026-06-18,vireo.in,1,1999,MINI-2603-3
VR901381,C103044,VA-EB-PL2,2026-06-18,vireo.in,2,5598,PL2-2603-1
VR903201,C105935,VA-HP-ST3,2026-06-18,vireo.in,1,5599,ST3-2604-3
VR905233,C105444,VA-EB-PL2,2026-06-18,Amazon,1,3499,PL2-2605-3
VR907055,C105219,VA-EB-PL2,2026-06-18,vireo.in,1,3499,PL2-2603-4
VR907934,C103282,VA-EB-PL2,2026-06-18,Amazon,1,3499,PL2-2605-2
VR908255,C104256,VA-EB-AIR,2026-06-18,vireo.in,1,1529,AIR-2605-4
VR881562,C107237,VA-HP-ST3,2026-06-19,vireo.in,1,5599,ST3-2605-2
VR882984,C107579,VA-EB-PL2,2026-06-19,vireo.in,1,2799,PL2-2603-2
VR884514,C106518,VA-EB-PL2,2026-06-19,vireo.in,1,3499,PL2-2604-2
VR885841,C103723,VA-EB-PL2,2026-06-19,vireo.in,2,6998,PL2-2605-1
VR886812,C107964,VA-SP-ORB,2026-06-19,Flipkart,1,5699,ORB-2604-4
VR886974,C103769,VA-EB-PL2,2026-06-19,Amazon,1,3149,PL2-2604-2
VR887910,C107831,VA-SP-MINI,2026-06-19,vireo.in,2,4248,MINI-2604-4
VR888115,C102411,VA-SP-ORB,2026-06-19,Amazon,1,5399,ORB-2604-2
VR889181,C106802,VA-SW-FIT,2026-06-19,vireo.in,1,1599,FIT-2605-4
VR889700,C101003,VA-HP-ST3,2026-06-19,Amazon,1,5599,ST3-2603-3
VR892474,C105616,VA-SP-MINI,2026-06-19,Flipkart,1,2499,MINI-2604-1
VR893225,C104211,VA-SW-NX1,2026-06-19,Flipkart,1,3999,NX1-2603-2
VR893486,C109172,VA-EB-PL2,2026-06-19,Flipkart,1,3499,PL2-2605-2
VR893885,C103798,VA-EB-PL2,2026-06-19,Flipkart,1,3499,PL2-2603-4
VR896008,C101368,VA-EB-PL2,2026-06-19,vireo.in,1,3499,PL2-2604-3
VR898113,C105842,VA-SP-MINI,2026-06-19,Flipkart,1,2249,MINI-2605-3
VR900442,C102853,VA-SW-NX2,2026-06-19,Amazon,1,6174,NX2-2605-2
VR900811,C101523,VA-EB-PL2,2026-06-19,Flipkart,1,3499,PL2-2603-3
VR904464,C107494,VA-HP-ST3,2026-06-19,vireo.in,1,6299,ST3-2604-3
VR904497,C102553,VA-EB-PL2,2026-06-19,Flipkart,1,3499,PL2-2605-3
VR904799,C100386,VA-EB-PL2,2026-06-19,Amazon,1,3499,PL2-2604-4
VR906677,C107889,VA-EB-AIR,2026-06-19,Amazon,1,1799,AIR-2605-2
VR906865,C101433,VA-SW-NX2,2026-06-19,vireo.in,1,5524,NX2-2605-4
VR908323,C103180,VA-SW-FIT,2026-06-19,vireo.in,1,1899,FIT-2605-3
VR909550,C107955,VA-SW-NX1,2026-06-19,vireo.in,1,4499,NX1-2603-3
VR909647,C101128,VA-SW-FIT,2026-06-19,Flipkart,1,1999,FIT-2603-3
VR909837,C105698,VA-SW-NX1,2026-06-19,vireo.in,1,3999,NX1-2604-2
VR909935,C107857,VA-EB-PL1,2026-06-19,vireo.in,1,2499,PL1-2604-2
VR880454,C104749,VA-EB-PL2,2026-06-20,vireo.in,1,2974,PL2-2604-4
VR880662,C104664,VA-SW-NX2,2026-06-20,vireo.in,2,11698,NX2-2603-3
VR882515,C107667,VA-EB-PL2,2026-06-20,Flipkart,1,3499,PL2-2603-1
VR883461,C103076,VA-EB-AIR,2026-06-20,vireo.in,1,1439,AIR-2605-1
VR884306,C100367,VA-EB-PL2,2026-06-20,vireo.in,1,3324,PL2-2603-4
VR886501,C106447,VA-EB-PL2,2026-06-20,vireo.in,1,3499,PL2-2603-2
VR887515,C100866,VA-NB-ARC,2026-06-20,Amazon,1,1039,ARC-2604-4
VR888188,C107483,VA-SW-FIT,2026-06-20,Flipkart,1,1699,FIT-2605-2
VR888353,C105611,VA-EB-PL2,2026-06-20,vireo.in,1,3499,PL2-2603-1
VR888570,C103238,VA-EB-PL2,2026-06-20,vireo.in,1,3499,PL2-2604-3
VR889097,C100703,VA-EB-AIR,2026-06-20,Flipkart,1,1799,AIR-2603-4
VR889274,C102205,VA-EB-PL1,2026-06-20,Amazon,1,1999,PL1-2605-2
VR889586,C108218,VA-EB-PL2,2026-06-20,vireo.in,1,2974,PL2-2603-1
VR890519,C105918,VA-EB-PL1,2026-06-20,vireo.in,1,2499,PL1-2603-4
VR892467,C109174,VA-SP-ORB,2026-06-20,vireo.in,1,5999,ORB-2605-1
VR894753,C105426,VA-EB-PL2,2026-06-20,vireo.in,1,3324,PL2-2603-3
VR894979,C105192,VA-EB-PL1,2026-06-20,Amazon,1,1999,PL1-2603-4
VR895321,C102885,VA-EB-PL1,2026-06-20,vireo.in,1,2124,PL1-2603-2
VR896018,C101740,VA-NB-ARC,2026-06-20,vireo.in,1,1299,ARC-2604-3
VR896486,C108495,VA-SW-NX2,2026-06-20,vireo.in,1,6174,NX2-2605-1
VR897753,C106251,VA-EB-PL2,2026-06-20,vireo.in,1,2974,PL2-2604-4
VR900138,C105143,VA-SW-NX2,2026-06-20,Amazon,1,5199,NX2-2603-3
VR901763,C105204,VA-HP-ST3,2026-06-20,vireo.in,1,6299,ST3-2603-3
VR904633,C109435,VA-SW-NX2,2026-06-20,vireo.in,1,5524,NX2-2604-2
VR906922,C104581,VA-EB-PL2,2026-06-20,vireo.in,2,6998,PL2-2605-2
VR907186,C108866,VA-HP-ST2,2026-06-20,vireo.in,1,3999,ST2-2603-1
VR908133,C104848,VA-EB-PL2,2026-06-20,vireo.in,1,3149,PL2-2605-2
VR909361,C104777,VA-NB-ARC,2026-06-20,Amazon,1,1299,ARC-2604-3
VR909974,C107121,VA-EB-PL2,2026-06-20,vireo.in,1,2799,PL2-2603-1
VR880236,C109395,VA-EB-PL2,2026-06-21,Amazon,1,3149,PL2-2604-1
VR881985,C108788,VA-HP-ST3,2026-06-21,vireo.in,1,5949,ST3-2604-1
VR882146,C105034,VA-EB-PL2,2026-06-21,vireo.in,1,3499,PL2-2604-1
VR885246,C106465,VA-SW-FIT,2026-06-21,vireo.in,1,1999,FIT-2604-1
VR885519,C100297,VA-SW-FIT,2026-06-21,vireo.in,1,1999,FIT-2605-3
VR885596,C103828,VA-EB-PL2,2026-06-21,vireo.in,1,2974,PL2-2605-3
VR886957,C103709,VA-EB-PL2,2026-06-21,vireo.in,2,6998,PL2-2605-4
VR887528,C108976,VA-HP-ST2,2026-06-21,Amazon,1,4749,ST2-2603-3
VR889432,C107178,VA-SW-FIT,2026-06-21,vireo.in,1,1899,FIT-2604-4
VR889440,C102804,VA-EB-PL2,2026-06-21,vireo.in,1,3499,PL2-2605-3
VR889573,C107489,VA-EB-PL2,2026-06-21,vireo.in,1,2974,PL2-2605-4
VR891550,C105247,VA-EB-PL2,2026-06-21,Flipkart,1,2974,PL2-2604-1
VR895029,C108226,VA-EB-PL2,2026-06-21,vireo.in,1,2799,PL2-2603-2
VR896709,C106429,VA-SP-MINI,2026-06-21,vireo.in,2,4998,MINI-2603-1
VR899444,C109389,VA-EB-AIR,2026-06-21,Flipkart,1,1439,AIR-2605-4
VR900503,C100145,VA-EB-PL1,2026-06-21,Amazon,1,1999,PL1-2603-2
VR901239,C108382,VA-SW-NX2,2026-06-21,Flipkart,1,5199,NX2-2603-1
VR901644,C104513,VA-EB-PL2,2026-06-21,Amazon,1,2799,PL2-2605-2
VR902780,C103241,VA-EB-PL1,2026-06-21,vireo.in,1,2499,PL1-2605-2
VR903612,C105289,VA-EB-PL2,2026-06-21,Amazon,1,2974,PL2-2604-2
VR904936,C109337,VA-EB-PL2,2026-06-21,vireo.in,1,2974,PL2-2603-1
VR905051,C106548,VA-EB-PL2,2026-06-21,Amazon,1,2974,PL2-2604-4
VR905937,C100450,VA-SW-NX2,2026-06-21,vireo.in,2,12348,NX2-2605-3
VR908416,C106483,VA-AC-CH65,2026-06-21,Flipkart,1,1274,CH65-2603-2
VR908634,C102513,VA-HP-ST2,2026-06-21,Amazon,1,4999,ST2-2605-1
VR909814,C105130,VA-EB-AIR,2026-06-21,vireo.in,1,1709,AIR-2605-4
VR882788,C102579,VA-EB-PL2,2026-06-22,vireo.in,1,3324,PL2-2605-3
VR883024,C105063,VA-EB-PL2,2026-06-22,vireo.in,1,3499,PL2-2605-4
VR884830,C108982,VA-EB-PL2,2026-06-22,vireo.in,1,3499,PL2-2604-3
VR887456,C103666,VA-EB-PL2,2026-06-22,Amazon,1,3149,PL2-2604-3
VR887582,C100626,VA-EB-AIR,2026-06-22,Amazon,1,1619,AIR-2604-1
VR888442,C100635,VA-SP-MINI,2026-06-22,vireo.in,1,2499,MINI-2604-4
VR888709,C102440,VA-EB-AIR,2026-06-22,vireo.in,1,1799,AIR-2605-4
VR888858,C108794,VA-EB-PL2,2026-06-22,vireo.in,1,3499,PL2-2603-3
VR889219,C108207,VA-EB-PL2,2026-06-22,vireo.in,1,3324,PL2-2603-2
VR891041,C100942,VA-EB-PL2,2026-06-22,Amazon,1,3499,PL2-2603-3
VR891728,C107257,VA-EB-PL2,2026-06-22,Flipkart,1,3499,PL2-2603-4
VR892778,C101429,VA-HP-ST2,2026-06-22,vireo.in,1,4749,ST2-2605-1
VR893303,C102672,VA-EB-PL2,2026-06-22,vireo.in,1,3499,PL2-2605-3
VR893378,C105462,VA-EB-PL2,2026-06-22,Amazon,1,3499,PL2-2604-2
VR894866,C105820,VA-EB-PL2,2026-06-22,Flipkart,1,2974,PL2-2604-1
VR895219,C100185,VA-SP-ORB,2026-06-22,Flipkart,1,5999,ORB-2605-2
VR895247,C105220,VA-EB-PL2,2026-06-22,vireo.in,1,3149,PL2-2605-4
VR896548,C101793,VA-EB-PL2,2026-06-22,vireo.in,1,2974,PL2-2603-2
VR896859,C101331,VA-EB-AIR,2026-06-22,Flipkart,1,1709,AIR-2605-1
VR897587,C100956,VA-EB-PL2,2026-06-22,Flipkart,1,2974,PL2-2605-4
VR898634,C103946,VA-HP-ST3,2026-06-22,Amazon,1,6999,ST3-2604-4
VR901918,C106934,VA-EB-PL2,2026-06-22,Amazon,1,3499,PL2-2604-2
VR901921,C109112,VA-SW-NX2,2026-06-22,vireo.in,1,6499,NX2-2604-4
VR902909,C108818,VA-EB-PL2,2026-06-22,vireo.in,1,2974,PL2-2604-1
VR904033,C109265,VA-SW-NX1,2026-06-22,vireo.in,2,9998,NX1-2606-3
VR904582,C105443,VA-EB-PL2,2026-06-22,Flipkart,1,3149,PL2-2604-2
VR905875,C104684,VA-NB-ARC,2026-06-22,Amazon,1,1234,ARC-2605-4
VR907141,C106561,VA-SW-NX2,2026-06-22,vireo.in,1,6499,NX2-2603-1
VR908286,C101221,VA-EB-PL2,2026-06-22,Amazon,1,3324,PL2-2605-1
VR909137,C103677,VA-EB-AIR,2026-06-22,vireo.in,1,1619,AIR-2604-4
VR909155,C106554,VA-AC-CASE,2026-06-22,vireo.in,1,1299,CASE-2604-3
VR880091,C107035,VA-SW-NX2,2026-06-23,vireo.in,1,6499,NX2-2603-1
VR880265,C108737,VA-EB-PL2,2026-06-23,vireo.in,1,3499,PL2-2603-1
VR880843,C105347,VA-EB-AIR,2026-06-23,vireo.in,1,1799,AIR-2605-1
VR881201,C104318,VA-EB-PL2,2026-06-23,vireo.in,1,3324,PL2-2603-1
VR883410,C101526,VA-EB-PL2,2026-06-23,vireo.in,1,3499,PL2-2604-3
VR883613,C106483,VA-EB-PL2,2026-06-23,Amazon,1,3324,PL2-2604-1
VR883783,C102890,VA-EB-PL2,2026-06-23,Amazon,1,3324,PL2-2603-2
VR887033,C103459,VA-EB-AIR,2026-06-23,Amazon,1,1799,AIR-2604-3
VR887631,C107822,VA-EB-AIR,2026-06-23,Amazon,1,1619,AIR-2603-1
VR889494,C100101,VA-EB-PL2,2026-06-23,Amazon,1,3499,PL2-2604-1
VR890042,C107793,VA-AC-CBL,2026-06-23,Amazon,1,339,CBL-2604-2
VR890827,C108882,VA-EB-PL2,2026-06-23,Amazon,1,2799,PL2-2603-1
VR891079,C104456,VA-HP-ST3,2026-06-23,Flipkart,1,5949,ST3-2604-2
VR892009,C100120,VA-AC-CASE,2026-06-23,vireo.in,1,1039,CASE-2603-4
VR893220,C103809,VA-EB-PL1,2026-06-23,Amazon,1,2374,PL1-2603-1
VR893753,C100250,VA-EB-PL1,2026-06-23,vireo.in,1,1999,PL1-2604-1
VR894229,C100034,VA-SW-NX1,2026-06-23,Amazon,1,4999,NX1-2605-1
VR894319,C103338,VA-EB-PL2,2026-06-23,vireo.in,1,3149,PL2-2604-4
VR896239,C104877,VA-EB-PL2,2026-06-23,vireo.in,1,3149,PL2-2605-4
VR897916,C108578,VA-EB-PL1,2026-06-23,vireo.in,1,2499,PL1-2604-1
VR897945,C106829,VA-EB-PL2,2026-06-23,vireo.in,2,5948,PL2-2604-3
VR901892,C106606,VA-EB-PL2,2026-06-23,vireo.in,1,3499,PL2-2604-2
VR903574,C103705,VA-SW-FIT,2026-06-23,vireo.in,1,1999,FIT-2603-1
VR904979,C105126,VA-NB-ARC,2026-06-23,Amazon,1,1299,ARC-2603-2
VR905331,C108817,VA-EB-PL2,2026-06-23,vireo.in,1,3149,PL2-2603-1
VR906394,C100207,VA-HP-ST3,2026-06-23,vireo.in,1,6999,ST3-2605-3
VR907153,C107951,VA-EB-AIR,2026-06-23,vireo.in,1,1799,AIR-2605-3
VR909530,C103205,VA-EB-PL2,2026-06-23,vireo.in,1,3149,PL2-2603-1
VR909796,C102601,VA-EB-PL2,2026-06-23,Flipkart,1,3499,PL2-2604-2
VR880010,C100099,VA-SW-NX1,2026-06-24,Amazon,1,4499,NX1-2603-4
VR882055,C103831,VA-AC-CASE,2026-06-24,Flipkart,1,1039,CASE-2603-2
VR883094,C104179,VA-EB-PL2,2026-06-24,Amazon,1,2974,PL2-2603-4
VR883850,C103817,VA-EB-PL2,2026-06-24,vireo.in,1,3499,PL2-2603-1
VR884296,C102812,VA-EB-PL2,2026-06-24,vireo.in,1,3149,PL2-2605-2
VR885140,C103854,VA-SW-NX2,2026-06-24,Amazon,1,5199,NX2-2605-2
VR885446,C103389,VA-NB-ARC,2026-06-24,Amazon,1,1299,ARC-2603-1
VR886228,C108279,VA-NB-ARC,2026-06-24,vireo.in,1,1104,ARC-2603-4
VR886384,C104663,VA-SW-NX1,2026-06-24,Amazon,1,4999,NX1-2603-2
VR886390,C103596,VA-EB-PL2,2026-06-24,vireo.in,1,3499,PL2-2605-1
VR886758,C101399,VA-EB-PL2,2026-06-24,vireo.in,1,3324,PL2-2604-4
VR890036,C101795,VA-AC-CH65,2026-06-24,Amazon,1,1499,CH65-2603-1
VR890080,C104872,VA-EB-PL2,2026-06-24,vireo.in,1,3499,PL2-2604-3
VR891278,C102815,VA-SP-ORB,2026-06-24,vireo.in,1,5399,ORB-2605-4
VR894149,C108592,VA-SP-MINI,2026-06-24,Amazon,1,2499,MINI-2604-3
VR894364,C106858,VA-EB-AIR,2026-06-24,Amazon,1,1529,AIR-2603-2
VR895010,C109136,VA-SW-NX1,2026-06-24,vireo.in,1,4999,NX1-2603-1
VR897459,C108844,VA-EB-PL2,2026-06-24,Amazon,2,6298,PL2-2603-3
VR897709,C104246,VA-EB-PL2,2026-06-24,Amazon,1,2974,PL2-2603-4
VR897894,C103237,VA-SP-ORB,2026-06-24,Amazon,1,5999,ORB-2604-3
VR898642,C103633,VA-EB-PL2,2026-06-24,vireo.in,1,2799,PL2-2604-3
VR898809,C107245,VA-EB-PL2,2026-06-24,vireo.in,1,3499,PL2-2605-1
VR900129,C104654,VA-EB-PL2,2026-06-24,Flipkart,1,2974,PL2-2605-4
VR900392,C100274,VA-HP-ST3,2026-06-24,Amazon,1,6999,ST3-2604-1
VR901341,C108624,VA-EB-PL2,2026-06-24,vireo.in,1,3149,PL2-2604-1
VR906349,C100013,VA-EB-PL1,2026-06-24,Flipkart,1,2499,PL1-2603-4
VR909684,C102499,VA-HP-ST2,2026-06-24,vireo.in,1,3999,ST2-2604-3
VR910024,C108866,VA-SP-ORB,2026-06-24,vireo.in,2,11998,ORB-2605-4
VR910059,C100069,VA-EB-PL2,2026-06-24,Amazon,1,2799,PL2-2605-1
VR880074,C102047,VA-SP-MINI,2026-06-25,Flipkart,2,4998,MINI-2603-1
VR881031,C105763,VA-EB-PL2,2026-06-25,Flipkart,1,3149,PL2-2603-2
VR882120,C102601,VA-EB-AIR,2026-06-25,Flipkart,1,1799,AIR-2603-3
VR882589,C105934,VA-EB-PL1,2026-06-25,vireo.in,2,4998,PL1-2606-1
VR884761,C100290,VA-SW-NX2,2026-06-25,Flipkart,1,5849,NX2-2604-2
VR885228,C103401,VA-HP-ST3,2026-06-25,vireo.in,1,5949,ST3-2605-4
VR888146,C105443,VA-EB-PL2,2026-06-25,vireo.in,1,2974,PL2-2603-2
VR888269,C109342,VA-EB-PL2,2026-06-25,Amazon,1,3499,PL2-2603-1
VR888920,C103499,VA-EB-AIR,2026-06-25,Flipkart,1,1799,AIR-2603-3
VR888961,C104328,VA-EB-PL2,2026-06-25,vireo.in,1,2799,PL2-2603-3
VR888974,C101400,VA-EB-AIR,2026-06-25,vireo.in,1,1439,AIR-2605-2
VR889381,C107740,VA-SP-MINI,2026-06-25,vireo.in,1,2124,MINI-2604-4
VR889601,C102665,VA-SW-NX2,2026-06-25,Flipkart,1,5849,NX2-2603-1
VR892078,C108629,VA-HP-ST3,2026-06-25,vireo.in,1,5949,ST3-2604-1
VR892190,C105616,VA-SP-MINI,2026-06-25,Amazon,1,2499,MINI-2604-3
VR892212,C102093,VA-EB-PL1,2026-06-25,Amazon,1,1999,PL1-2605-4
VR893336,C106463,VA-SW-NX2,2026-06-25,vireo.in,1,6499,NX2-2605-2
VR894698,C100113,VA-EB-PL1,2026-06-25,Amazon,1,2499,PL1-2603-3
VR895492,C105972,VA-HP-ST3,2026-06-25,Flipkart,1,6649,ST3-2604-1
VR896920,C103940,VA-EB-PL1,2026-06-25,Amazon,1,2374,PL1-2605-1
VR897175,C101099,VA-HP-ST3,2026-06-25,Amazon,1,6999,ST3-2604-2
VR899490,C105678,VA-EB-PL2,2026-06-25,Amazon,1,3149,PL2-2605-2
VR900040,C103836,VA-SW-NX2,2026-06-25,Flipkart,1,6499,NX2-2605-4
VR903719,C108190,VA-SP-ORB,2026-06-25,vireo.in,1,5999,ORB-2604-3
VR904973,C106802,VA-SP-ORB,2026-06-25,vireo.in,1,5999,ORB-2604-3
VR906106,C101806,VA-SP-MINI,2026-06-25,vireo.in,1,1999,MINI-2603-3
VR906322,C101220,VA-EB-PL2,2026-06-25,Amazon,1,3499,PL2-2605-1
VR907247,C106029,VA-SP-ORB,2026-06-25,vireo.in,1,5999,ORB-2603-3
VR909224,C105272,VA-AC-CH65,2026-06-25,Amazon,1,1499,CH65-2604-1
VR909762,C102912,VA-SP-ORB,2026-06-25,vireo.in,1,5999,ORB-2604-4
VR880271,C106843,VA-SP-MINI,2026-06-26,Amazon,1,2499,MINI-2605-2
VR881407,C108997,VA-EB-PL2,2026-06-26,vireo.in,1,3499,PL2-2605-3
VR881423,C103892,VA-EB-PL2,2026-06-26,vireo.in,1,3499,PL2-2604-1
VR882062,C102222,VA-EB-PL1,2026-06-26,Amazon,1,1999,PL1-2603-2
VR884152,C102680,VA-AC-CASE,2026-06-26,Amazon,1,1039,CASE-2603-2
VR884547,C109292,VA-SP-MINI,2026-06-26,vireo.in,1,2124,MINI-2605-4
VR885166,C103720,VA-SP-ORB,2026-06-26,Amazon,1,5699,ORB-2604-1
VR885266,C109057,VA-EB-PL2,2026-06-26,Amazon,1,2974,PL2-2605-1
VR889105,C100252,VA-SP-MINI,2026-06-26,Flipkart,1,2499,MINI-2604-1
VR890617,C108659,VA-EB-PL2,2026-06-26,Amazon,1,3499,PL2-2604-4
VR891160,C106159,VA-EB-PL1,2026-06-26,vireo.in,1,2374,PL1-2605-3
VR891238,C107574,VA-EB-AIR,2026-06-26,Amazon,1,1799,AIR-2605-2
VR891398,C100456,VA-EB-PL2,2026-06-26,Flipkart,1,2799,PL2-2603-4
VR893090,C101873,VA-EB-AIR,2026-06-26,vireo.in,1,1799,AIR-2603-2
VR893113,C100922,VA-EB-PL2,2026-06-26,Amazon,1,2799,PL2-2603-3
VR899762,C100970,VA-EB-PL2,2026-06-26,vireo.in,2,5948,PL2-2605-3
VR900852,C100695,VA-EB-PL2,2026-06-26,vireo.in,1,3499,PL2-2604-1
VR900895,C105040,VA-SW-NX2,2026-06-26,Amazon,1,5199,NX2-2603-4
VR902776,C104966,VA-EB-PL2,2026-06-26,vireo.in,1,3499,PL2-2605-4
VR903478,C108336,VA-SW-NX1,2026-06-26,Amazon,1,3999,NX1-2604-2
VR905359,C108151,VA-EB-PL2,2026-06-26,vireo.in,2,6998,PL2-2604-3
VR905375,C100274,VA-EB-PL1,2026-06-26,vireo.in,1,2249,PL1-2604-4
VR905501,C109463,VA-EB-PL2,2026-06-26,vireo.in,1,2974,PL2-2606-4
VR905517,C106786,VA-SW-NX2,2026-06-26,vireo.in,1,6499,NX2-2604-2
VR906002,C106236,VA-SP-MINI,2026-06-26,Amazon,1,2499,MINI-2605-3
VR907426,C103830,VA-EB-PL2,2026-06-26,Amazon,1,3499,PL2-2603-2
VR880867,C106890,VA-EB-PL2,2026-06-27,vireo.in,1,3149,PL2-2603-3
VR884510,C107687,VA-HP-ST2,2026-06-27,vireo.in,1,4249,ST2-2605-1
VR891461,C108257,VA-EB-PL2,2026-06-27,vireo.in,1,3499,PL2-2604-4
VR893636,C105714,VA-EB-PL2,2026-06-27,vireo.in,1,3149,PL2-2604-2
VR896093,C104509,VA-EB-AIR,2026-06-27,vireo.in,1,1529,AIR-2605-1
VR896940,C103363,VA-SW-NX2,2026-06-27,Amazon,1,6499,NX2-2605-4
VR897397,C109176,VA-EB-PL2,2026-06-27,vireo.in,1,3499,PL2-2604-4
VR897850,C108459,VA-AC-CH65,2026-06-27,vireo.in,1,1499,CH65-2603-4
VR903521,C109132,VA-AC-CASE,2026-06-27,Amazon,1,1104,CASE-2605-2
VR903677,C105824,VA-SW-NX1,2026-06-27,vireo.in,1,4249,NX1-2604-1
VR904843,C102655,VA-SW-NX2,2026-06-27,vireo.in,1,5524,NX2-2606-4
VR907401,C103223,VA-EB-PL2,2026-06-27,Flipkart,1,3499,PL2-2604-1
VR907707,C103037,VA-SW-NX2,2026-06-27,vireo.in,1,5199,NX2-2605-1
VR908054,C100026,VA-SW-NX2,2026-06-27,vireo.in,1,5524,NX2-2604-1
VR881827,C105488,VA-SP-ORB,2026-06-28,vireo.in,2,10198,ORB-2603-2
VR884563,C103377,VA-AC-CASE,2026-06-28,vireo.in,1,1104,CASE-2604-1
VR885820,C100940,VA-EB-AIR,2026-06-28,vireo.in,1,1799,AIR-2605-4
VR886996,C106146,VA-EB-PL2,2026-06-28,Amazon,1,3324,PL2-2605-1
VR887971,C105420,VA-EB-PL2,2026-06-28,Flipkart,1,3324,PL2-2604-4
VR889669,C100148,VA-SW-NX1,2026-06-28,vireo.in,1,4249,NX1-2604-1
VR891032,C103737,VA-HP-ST3,2026-06-28,Flipkart,1,6999,ST3-2606-3
VR891204,C107692,VA-HP-ST3,2026-06-28,Amazon,1,6999,ST3-2603-4
VR892552,C107014,VA-SW-NX2,2026-06-28,vireo.in,1,6499,NX2-2604-4
VR893120,C109493,VA-EB-PL2,2026-06-28,vireo.in,1,2799,PL2-2605-3
VR893322,C107029,VA-EB-PL2,2026-06-28,vireo.in,1,2974,PL2-2603-4
VR893933,C107487,VA-SW-NX2,2026-06-28,vireo.in,1,5849,NX2-2605-3
VR894095,C107155,VA-EB-PL2,2026-06-28,vireo.in,1,3499,PL2-2603-4
VR894567,C107890,VA-EB-AIR,2026-06-28,Flipkart,1,1799,AIR-2604-1
VR898348,C108039,VA-EB-AIR,2026-06-28,vireo.in,1,1799,AIR-2603-2
VR901396,C102747,VA-EB-PL2,2026-06-28,Amazon,1,3149,PL2-2603-4
VR901780,C104277,VA-SW-FIT,2026-06-28,vireo.in,1,1899,FIT-2606-1
VR902657,C108491,VA-EB-PL1,2026-06-28,Amazon,1,2124,PL1-2604-4
VR907157,C100923,VA-SW-FIT,2026-06-28,vireo.in,1,1899,FIT-2603-3
VR909007,C107275,VA-EB-AIR,2026-06-28,vireo.in,1,1799,AIR-2604-2
VR909480,C106567,VA-EB-PL2,2026-06-28,vireo.in,1,3324,PL2-2604-2
VR881008,C103021,VA-EB-PL1,2026-06-29,vireo.in,1,2374,PL1-2603-1
VR881315,C101827,VA-EB-PL1,2026-06-29,vireo.in,1,2499,PL1-2604-2
VR881821,C106714,VA-EB-PL2,2026-06-29,Amazon,1,2974,PL2-2604-4
VR883484,C108093,VA-NB-ARC,2026-06-29,Flipkart,1,1299,ARC-2605-3
VR883675,C107505,VA-SW-NX2,2026-06-29,vireo.in,2,10398,NX2-2605-2
VR885035,C107260,VA-SP-ORB,2026-06-29,vireo.in,1,5699,ORB-2605-1
VR885423,C108360,VA-EB-PL2,2026-06-29,Amazon,1,3499,PL2-2604-3
VR886945,C107197,VA-EB-PL2,2026-06-29,Amazon,1,3324,PL2-2604-4
VR887474,C104918,VA-SW-NX2,2026-06-29,vireo.in,1,6499,NX2-2604-2
VR888627,C103502,VA-HP-ST2,2026-06-29,Amazon,1,4999,ST2-2604-1
VR888863,C107399,VA-HP-ST3,2026-06-29,vireo.in,1,6999,ST3-2603-3
VR890415,C108252,VA-EB-PL2,2026-06-29,vireo.in,1,3499,PL2-2603-4
VR890721,C101258,VA-SP-MINI,2026-06-29,Flipkart,1,2249,MINI-2604-3
VR892413,C106155,VA-AC-CASE,2026-06-29,Flipkart,1,1299,CASE-2605-3
VR892962,C101955,VA-EB-PL2,2026-06-29,Amazon,1,3499,PL2-2605-4
VR893783,C102019,VA-EB-PL2,2026-06-29,vireo.in,1,3499,PL2-2605-1
VR893999,C104997,VA-EB-PL2,2026-06-29,Flipkart,1,3324,PL2-2604-2
VR894071,C102334,VA-EB-PL2,2026-06-29,vireo.in,1,3499,PL2-2603-4
VR895063,C104938,VA-EB-PL1,2026-06-29,Amazon,1,2499,PL1-2605-4
VR895916,C108343,VA-SP-MINI,2026-06-29,Flipkart,1,2124,MINI-2605-2
VR898215,C101677,VA-SP-MINI,2026-06-29,Amazon,1,2374,MINI-2603-2
VR898592,C100306,VA-EB-PL1,2026-06-29,Flipkart,1,2499,PL1-2604-1
VR898975,C106653,VA-HP-ST3,2026-06-29,vireo.in,1,5599,ST3-2604-2
VR901380,C104406,VA-EB-PL2,2026-06-29,Amazon,1,3499,PL2-2605-1
VR901386,C105391,VA-EB-PL2,2026-06-29,Amazon,1,3149,PL2-2606-3
VR905632,C105181,VA-NB-ARC,2026-06-29,Amazon,1,1299,ARC-2604-1
VR907813,C104861,VA-EB-PL2,2026-06-29,Flipkart,1,3149,PL2-2604-3
VR907969,C107292,VA-EB-PL2,2026-06-29,Amazon,1,3324,PL2-2606-3
VR909276,C100600,VA-EB-PL2,2026-06-29,Flipkart,1,3499,PL2-2605-3
VR880226,C105930,VA-SP-ORB,2026-06-30,Flipkart,1,5999,ORB-2603-2
VR880484,C103237,VA-EB-PL2,2026-06-30,vireo.in,1,3149,PL2-2604-2
VR882277,C107876,VA-EB-PL2,2026-06-30,vireo.in,1,2974,PL2-2605-2
VR885021,C105674,VA-EB-PL2,2026-06-30,vireo.in,1,3499,PL2-2603-1
VR885272,C107987,VA-SW-NX2,2026-06-30,Amazon,1,6174,NX2-2603-1
VR889135,C100586,VA-SP-MINI,2026-06-30,vireo.in,1,2499,MINI-2604-4
VR889715,C106093,VA-EB-PL2,2026-06-30,vireo.in,1,3324,PL2-2606-2
VR889727,C103832,VA-SW-NX2,2026-06-30,vireo.in,1,5524,NX2-2604-3
VR890181,C108892,VA-SW-NX2,2026-06-30,vireo.in,1,5524,NX2-2604-2
VR891823,C100314,VA-EB-PL2,2026-06-30,vireo.in,1,2799,PL2-2604-2
VR892233,C105209,VA-SW-FIT,2026-06-30,vireo.in,1,1999,FIT-2605-1
VR895579,C106062,VA-EB-PL2,2026-06-30,vireo.in,1,2974,PL2-2604-3
VR896067,C107618,VA-EB-PL2,2026-06-30,vireo.in,1,3149,PL2-2604-1
VR896888,C106335,VA-EB-PL1,2026-06-30,Flipkart,1,2499,PL1-2605-1
VR897317,C103505,VA-EB-PL2,2026-06-30,Amazon,1,3324,PL2-2604-4
VR898864,C100335,VA-EB-PL2,2026-06-30,Amazon,1,3149,PL2-2605-1
VR899112,C104100,VA-HP-ST3,2026-06-30,Amazon,1,6649,ST3-2606-4
VR900676,C100253,VA-EB-PL2,2026-06-30,vireo.in,1,3499,PL2-2605-3
VR902984,C106993,VA-EB-PL2,2026-06-30,Amazon,1,3324,PL2-2606-4
VR903429,C104959,VA-EB-PL2,2026-06-30,Amazon,1,3499,PL2-2605-1
VR908607,C100953,VA-SP-ORB,2026-06-30,vireo.in,1,5999,ORB-2604-2
VR910148,C107733,VA-HP-ST2,2026-06-30,vireo.in,1,4749,ST2-2604-3
